{"Time":"2026-09-10T09:18:22.0370354-04:00","Action":"start","Package":"github.com/QuantumNous/new-api/model"}
{"Time":"2026-09-10T09:18:22.6617521-04:00","Action":"run","Package":"github.com/QuantumNous/new-api/model","Test":"TestMigrateConsoleSettingAnnouncementsToBannersIsIdempotentAndPreservesSource"}
{"Time":"2026-09-10T09:18:22.6622727-04:00","Action":"output","Package":"github.com/QuantumNous/new-api/model","Test":"TestMigrateConsoleSettingAnnouncementsToBannersIsIdempotentAndPreservesSource","Output":"=== RUN   TestMigrateConsoleSettingAnnouncementsToBannersIsIdempotentAndPreservesSource\n"}
{"Time":"2026-09-10T09:18:22.6813614-04:00","Action":"output","Package":"github.com/QuantumNous/new-api/model","Test":"TestMigrateConsoleSettingAnnouncementsToBannersIsIdempotentAndPreservesSource","Output":"\r\n"}
{"Time":"2026-09-10T09:18:22.6813614-04:00","Action":"output","Package":"github.com/QuantumNous/new-api/model","Test":"TestMigrateConsoleSettingAnnouncementsToBannersIsIdempotentAndPreservesSource","Output":"2026/09/10 09:18:22 \u001b[31;1mD:/10178/Projects/new-api-upstream-sync/model/banner_migration.go:30 \u001b[35;1mrecord not found\n"}
{"Time":"2026-09-10T09:18:22.6813614-04:00","Action":"output","Package":"github.com/QuantumNous/new-api/model","Test":"TestMigrateConsoleSettingAnnouncementsToBannersIsIdempotentAndPreservesSource","Output":"\u001b[0m\u001b[33m[0.000ms] \u001b[34;1m[rows:0]\u001b[0m SELECT * FROM `options` WHERE `options`.`key` = \"migration.banners_from_console_setting.announcements.v1\" ORDER BY `options`.`key` LIMIT 1\n"}
{"Time":"2026-09-10T09:18:22.6813614-04:00","Action":"output","Package":"github.com/QuantumNous/new-api/model","Test":"TestMigrateConsoleSettingAnnouncementsToBannersIsIdempotentAndPreservesSource","Output":"\r\n"}
{"Time":"2026-09-10T09:18:22.6813614-04:00","Action":"output","Package":"github.com/QuantumNous/new-api/model","Test":"TestMigrateConsoleSettingAnnouncementsToBannersIsIdempotentAndPreservesSource","Output":"2026/09/10 09:18:22 \u001b[31;1mD:/10178/Projects/new-api-upstream-sync/model/banner_migration.go:67 \u001b[35;1mrecord not found\n"}
{"Time":"2026-09-10T09:18:22.6813614-04:00","Action":"output","Package":"github.com/QuantumNous/new-api/model","Test":"TestMigrateConsoleSettingAnnouncementsToBannersIsIdempotentAndPreservesSource","Output":"\u001b[0m\u001b[33m[0.000ms] \u001b[34;1m[rows:0]\u001b[0m SELECT * FROM `banners` WHERE `banners`.`id` = 42 ORDER BY `banners`.`id` LIMIT 1\n"}
{"Time":"2026-09-10T09:18:22.6818644-04:00","Action":"output","Package":"github.com/QuantumNous/new-api/model","Test":"TestMigrateConsoleSettingAnnouncementsToBannersIsIdempotentAndPreservesSource","Output":"--- PASS: TestMigrateConsoleSettingAnnouncementsToBannersIsIdempotentAndPreservesSource (0.02s)\n"}
{"Time":"2026-09-10T09:18:22.6818644-04:00","Action":"pass","Package":"github.com/QuantumNous/new-api/model","Test":"TestMigrateConsoleSettingAnnouncementsToBannersIsIdempotentAndPreservesSource","Elapsed":0.02}
{"Time":"2026-09-10T09:18:22.6823793-04:00","Action":"run","Package":"github.com/QuantumNous/new-api/model","Test":"TestMigrateRetiredFrontendOptionsMigratesValidValuesIdempotently"}
{"Time":"2026-09-10T09:18:22.6823793-04:00","Action":"output","Package":"github.com/QuantumNous/new-api/model","Test":"TestMigrateRetiredFrontendOptionsMigratesValidValuesIdempotently","Output":"=== RUN   TestMigrateRetiredFrontendOptionsMigratesValidValuesIdempotently\n"}
{"Time":"2026-09-10T09:18:22.6823793-04:00","Action":"output","Package":"github.com/QuantumNous/new-api/model","Test":"TestMigrateRetiredFrontendOptionsMigratesValidValuesIdempotently","Output":"\r\n"}
{"Time":"2026-09-10T09:18:22.6823793-04:00","Action":"output","Package":"github.com/QuantumNous/new-api/model","Test":"TestMigrateRetiredFrontendOptionsMigratesValidValuesIdempotently","Output":"2026/09/10 09:18:22 \u001b[31;1mD:/10178/Projects/new-api-upstream-sync/model/frontend_option_migration.go:78 \u001b[35;1mrecord not found\n"}
{"Time":"2026-09-10T09:18:22.6823793-04:00","Action":"output","Package":"github.com/QuantumNous/new-api/model","Test":"TestMigrateRetiredFrontendOptionsMigratesValidValuesIdempotently","Output":"\u001b[0m\u001b[33m[0.000ms] \u001b[34;1m[rows:0]\u001b[0m SELECT * FROM `options` WHERE `options`.`key` = \"console_setting.api_info\" ORDER BY `options`.`key` LIMIT 1\n"}
{"Time":"2026-09-10T09:18:22.6823793-04:00","Action":"output","Package":"github.com/QuantumNous/new-api/model","Test":"TestMigrateRetiredFrontendOptionsMigratesValidValuesIdempotently","Output":"\r\n"}
{"Time":"2026-09-10T09:18:22.6829063-04:00","Action":"output","Package":"github.com/QuantumNous/new-api/model","Test":"TestMigrateRetiredFrontendOptionsMigratesValidValuesIdempotently","Output":"2026/09/10 09:18:22 \u001b[31;1mD:/10178/Projects/new-api-upstream-sync/model/frontend_option_migration.go:78 \u001b[35;1mrecord not found\n"}
{"Time":"2026-09-10T09:18:22.6829063-04:00","Action":"output","Package":"github.com/QuantumNous/new-api/model","Test":"TestMigrateRetiredFrontendOptionsMigratesValidValuesIdempotently","Output":"\u001b[0m\u001b[33m[0.000ms] \u001b[34;1m[rows:0]\u001b[0m SELECT * FROM `options` WHERE `options`.`key` = \"console_setting.announcements\" ORDER BY `options`.`key` LIMIT 1\n"}
{"Time":"2026-09-10T09:18:22.6829063-04:00","Action":"output","Package":"github.com/QuantumNous/new-api/model","Test":"TestMigrateRetiredFrontendOptionsMigratesValidValuesIdempotently","Output":"\r\n"}
{"Time":"2026-09-10T09:18:22.6829063-04:00","Action":"output","Package":"github.com/QuantumNous/new-api/model","Test":"TestMigrateRetiredFrontendOptionsMigratesValidValuesIdempotently","Output":"2026/09/10 09:18:22 \u001b[31;1mD:/10178/Projects/new-api-upstream-sync/model/frontend_option_migration.go:78 \u001b[35;1mrecord not found\n"}
{"Time":"2026-09-10T09:18:22.6829063-04:00","Action":"output","Package":"github.com/QuantumNous/new-api/model","Test":"TestMigrateRetiredFrontendOptionsMigratesValidValuesIdempotently","Output":"\u001b[0m\u001b[33m[0.000ms] \u001b[34;1m[rows:0]\u001b[0m SELECT * FROM `options` WHERE `options`.`key` = \"console_setting.faq\" ORDER BY `options`.`key` LIMIT 1\n"}
{"Time":"2026-09-10T09:18:22.6829063-04:00","Action":"output","Package":"github.com/QuantumNous/new-api/model","Test":"TestMigrateRetiredFrontendOptionsMigratesValidValuesIdempotently","Output":"\r\n"}
{"Time":"2026-09-10T09:18:22.6829063-04:00","Action":"output","Package":"github.com/QuantumNous/new-api/model","Test":"TestMigrateRetiredFrontendOptionsMigratesValidValuesIdempotently","Output":"2026/09/10 09:18:22 \u001b[31;1mD:/10178/Projects/new-api-upstream-sync/model/frontend_option_migration.go:191 \u001b[35;1mrecord not found\n"}
{"Time":"2026-09-10T09:18:22.6829063-04:00","Action":"output","Package":"github.com/QuantumNous/new-api/model","Test":"TestMigrateRetiredFrontendOptionsMigratesValidValuesIdempotently","Output":"\u001b[0m\u001b[33m[0.000ms] \u001b[34;1m[rows:0]\u001b[0m SELECT * FROM `options` WHERE `options`.`key` = \"console_setting.uptime_kuma_groups\" ORDER BY `options`.`key` LIMIT 1\n"}
{"Time":"2026-09-10T09:18:22.6829063-04:00","Action":"output","Package":"github.com/QuantumNous/new-api/model","Test":"TestMigrateRetiredFrontendOptionsMigratesValidValuesIdempotently","Output":"\r\n"}
{"Time":"2026-09-10T09:18:22.6829063-04:00","Action":"output","Package":"github.com/QuantumNous/new-api/model","Test":"TestMigrateRetiredFrontendOptionsMigratesValidValuesIdempotently","Output":"2026/09/10 09:18:22 \u001b[31;1mD:/10178/Projects/new-api-upstream-sync/model/frontend_option_migration_test.go:40 \u001b[35;1mrecord not found\n"}
{"Time":"2026-09-10T09:18:22.6829063-04:00","Action":"output","Package":"github.com/QuantumNous/new-api/model","Test":"TestMigrateRetiredFrontendOptionsMigratesValidValuesIdempotently","Output":"\u001b[0m\u001b[33m[0.000ms] \u001b[34;1m[rows:0]\u001b[0m SELECT * FROM `options` WHERE `options`.`key` = \"ApiInfo\" ORDER BY `options`.`key` LIMIT 1\n"}
{"Time":"2026-09-10T09:18:22.6829063-04:00","Action":"output","Package":"github.com/QuantumNous/new-api/model","Test":"TestMigrateRetiredFrontendOptionsMigratesValidValuesIdempotently","Output":"\r\n"}
{"Time":"2026-09-10T09:18:22.6829063-04:00","Action":"output","Package":"github.com/QuantumNous/new-api/model","Test":"TestMigrateRetiredFrontendOptionsMigratesValidValuesIdempotently","Output":"2026/09/10 09:18:22 \u001b[31;1mD:/10178/Projects/new-api-upstream-sync/model/frontend_option_migration_test.go:40 \u001b[35;1mrecord not found\n"}
{"Time":"2026-09-10T09:18:22.6829063-04:00","Action":"output","Package":"github.com/QuantumNous/new-api/model","Test":"TestMigrateRetiredFrontendOptionsMigratesValidValuesIdempotently","Output":"\u001b[0m\u001b[33m[0.000ms] \u001b[34;1m[rows:0]\u001b[0m SELECT * FROM `options` WHERE `options`.`key` = \"Announcements\" ORDER BY `options`.`key` LIMIT 1\n"}
{"Time":"2026-09-10T09:18:22.6829063-04:00","Action":"output","Package":"github.com/QuantumNous/new-api/model","Test":"TestMigrateRetiredFrontendOptionsMigratesValidValuesIdempotently","Output":"\r\n"}
{"Time":"2026-09-10T09:18:22.6829063-04:00","Action":"output","Package":"github.com/QuantumNous/new-api/model","Test":"TestMigrateRetiredFrontendOptionsMigratesValidValuesIdempotently","Output":"2026/09/10 09:18:22 \u001b[31;1mD:/10178/Projects/new-api-upstream-sync/model/frontend_option_migration_test.go:40 \u001b[35;1mrecord not found\n"}
{"Time":"2026-09-10T09:18:22.6829063-04:00","Action":"output","Package":"github.com/QuantumNous/new-api/model","Test":"TestMigrateRetiredFrontendOptionsMigratesValidValuesIdempotently","Output":"\u001b[0m\u001b[33m[0.000ms] \u001b[34;1m[rows:0]\u001b[0m SELECT * FROM `options` WHERE `options`.`key` = \"FAQ\" ORDER BY `options`.`key` LIMIT 1\n"}
{"Time":"2026-09-10T09:18:22.6829063-04:00","Action":"output","Package":"github.com/QuantumNous/new-api/model","Test":"TestMigrateRetiredFrontendOptionsMigratesValidValuesIdempotently","Output":"\r\n"}
{"Time":"2026-09-10T09:18:22.6829063-04:00","Action":"output","Package":"github.com/QuantumNous/new-api/model","Test":"TestMigrateRetiredFrontendOptionsMigratesValidValuesIdempotently","Output":"2026/09/10 09:18:22 \u001b[31;1mD:/10178/Projects/new-api-upstream-sync/model/frontend_option_migration_test.go:40 \u001b[35;1mrecord not found\n"}
{"Time":"2026-09-10T09:18:22.6829063-04:00","Action":"output","Package":"github.com/QuantumNous/new-api/model","Test":"TestMigrateRetiredFrontendOptionsMigratesValidValuesIdempotently","Output":"\u001b[0m\u001b[33m[0.000ms] \u001b[34;1m[rows:0]\u001b[0m SELECT * FROM `options` WHERE `options`.`key` = \"UptimeKumaUrl\" ORDER BY `options`.`key` LIMIT 1\n"}
{"Time":"2026-09-10T09:18:22.6829063-04:00","Action":"output","Package":"github.com/QuantumNous/new-api/model","Test":"TestMigrateRetiredFrontendOptionsMigratesValidValuesIdempotently","Output":"\r\n"}
{"Time":"2026-09-10T09:18:22.6829063-04:00","Action":"output","Package":"github.com/QuantumNous/new-api/model","Test":"TestMigrateRetiredFrontendOptionsMigratesValidValuesIdempotently","Output":"2026/09/10 09:18:22 \u001b[31;1mD:/10178/Projects/new-api-upstream-sync/model/frontend_option_migration_test.go:40 \u001b[35;1mrecord not found\n"}
{"Time":"2026-09-10T09:18:22.6829063-04:00","Action":"output","Package":"github.com/QuantumNous/new-api/model","Test":"TestMigrateRetiredFrontendOptionsMigratesValidValuesIdempotently","Output":"\u001b[0m\u001b[33m[0.000ms] \u001b[34;1m[rows:0]\u001b[0m SELECT * FROM `options` WHERE `options`.`key` = \"UptimeKumaSlug\" ORDER BY `options`.`key` LIMIT 1\n"}
{"Time":"2026-09-10T09:18:22.6834259-04:00","Action":"output","Package":"github.com/QuantumNous/new-api/model","Test":"TestMigrateRetiredFrontendOptionsMigratesValidValuesIdempotently","Output":"\r\n"}
{"Time":"2026-09-10T09:18:22.6834259-04:00","Action":"output","Package":"github.com/QuantumNous/new-api/model","Test":"TestMigrateRetiredFrontendOptionsMigratesValidValuesIdempotently","Output":"2026/09/10 09:18:22 \u001b[31;1mD:/10178/Projects/new-api-upstream-sync/model/frontend_option_migration.go:70 \u001b[35;1mrecord not found\n"}
{"Time":"2026-09-10T09:18:22.6834259-04:00","Action":"output","Package":"github.com/QuantumNous/new-api/model","Test":"TestMigrateRetiredFrontendOptionsMigratesValidValuesIdempotently","Output":"\u001b[0m\u001b[33m[0.000ms] \u001b[34;1m[rows:0]\u001b[0m SELECT * FROM `options` WHERE `options`.`key` = \"ApiInfo\" ORDER BY `options`.`key` LIMIT 1\n"}
{"Time":"2026-09-10T09:18:22.6834259-04:00","Action":"output","Package":"github.com/QuantumNous/new-api/model","Test":"TestMigrateRetiredFrontendOptionsMigratesValidValuesIdempotently","Output":"\r\n"}
{"Time":"2026-09-10T09:18:22.6834259-04:00","Action":"output","Package":"github.com/QuantumNous/new-api/model","Test":"TestMigrateRetiredFrontendOptionsMigratesValidValuesIdempotently","Output":"2026/09/10 09:18:22 \u001b[31;1mD:/10178/Projects/new-api-upstream-sync/model/frontend_option_migration.go:70 \u001b[35;1mrecord not found\n"}
{"Time":"2026-09-10T09:18:22.6834259-04:00","Action":"output","Package":"github.com/QuantumNous/new-api/model","Test":"TestMigrateRetiredFrontendOptionsMigratesValidValuesIdempotently","Output":"\u001b[0m\u001b[33m[0.520ms] \u001b[34;1m[rows:0]\u001b[0m SELECT * FROM `options` WHERE `options`.`key` = \"Announcements\" ORDER BY `options`.`key` LIMIT 1\n"}
{"Time":"2026-09-10T09:18:22.6834259-04:00","Action":"output","Package":"github.com/QuantumNous/new-api/model","Test":"TestMigrateRetiredFrontendOptionsMigratesValidValuesIdempotently","Output":"\r\n"}
{"Time":"2026-09-10T09:18:22.6834259-04:00","Action":"output","Package":"github.com/QuantumNous/new-api/model","Test":"TestMigrateRetiredFrontendOptionsMigratesValidValuesIdempotently","Output":"2026/09/10 09:18:22 \u001b[31;1mD:/10178/Projects/new-api-upstream-sync/model/frontend_option_migration.go:70 \u001b[35;1mrecord not found\n"}
{"Time":"2026-09-10T09:18:22.6834259-04:00","Action":"output","Package":"github.com/QuantumNous/new-api/model","Test":"TestMigrateRetiredFrontendOptionsMigratesValidValuesIdempotently","Output":"\u001b[0m\u001b[33m[0.000ms] \u001b[34;1m[rows:0]\u001b[0m SELECT * FROM `options` WHERE `options`.`key` = \"FAQ\" ORDER BY `options`.`key` LIMIT 1\n"}
{"Time":"2026-09-10T09:18:22.6834259-04:00","Action":"output","Package":"github.com/QuantumNous/new-api/model","Test":"TestMigrateRetiredFrontendOptionsMigratesValidValuesIdempotently","Output":"\r\n"}
{"Time":"2026-09-10T09:18:22.6834259-04:00","Action":"output","Package":"github.com/QuantumNous/new-api/model","Test":"TestMigrateRetiredFrontendOptionsMigratesValidValuesIdempotently","Output":"2026/09/10 09:18:22 \u001b[31;1mD:/10178/Projects/new-api-upstream-sync/model/frontend_option_migration.go:177 \u001b[35;1mrecord not found\n"}
{"Time":"2026-09-10T09:18:22.6834259-04:00","Action":"output","Package":"github.com/QuantumNous/new-api/model","Test":"TestMigrateRetiredFrontendOptionsMigratesValidValuesIdempotently","Output":"\u001b[0m\u001b[33m[0.000ms] \u001b[34;1m[rows:0]\u001b[0m SELECT * FROM `options` WHERE `options`.`key` = \"UptimeKumaUrl\" ORDER BY `options`.`key` LIMIT 1\n"}
{"Time":"2026-09-10T09:18:22.6834259-04:00","Action":"output","Package":"github.com/QuantumNous/new-api/model","Test":"TestMigrateRetiredFrontendOptionsMigratesValidValuesIdempotently","Output":"\r\n"}
{"Time":"2026-09-10T09:18:22.6834259-04:00","Action":"output","Package":"github.com/QuantumNous/new-api/model","Test":"TestMigrateRetiredFrontendOptionsMigratesValidValuesIdempotently","Output":"2026/09/10 09:18:22 \u001b[31;1mD:/10178/Projects/new-api-upstream-sync/model/frontend_option_migration.go:182 \u001b[35;1mrecord not found\n"}
{"Time":"2026-09-10T09:18:22.6834259-04:00","Action":"output","Package":"github.com/QuantumNous/new-api/model","Test":"TestMigrateRetiredFrontendOptionsMigratesValidValuesIdempotently","Output":"\u001b[0m\u001b[33m[0.000ms] \u001b[34;1m[rows:0]\u001b[0m SELECT * FROM `options` WHERE `options`.`key` = \"UptimeKumaSlug\" ORDER BY `options`.`key` LIMIT 1\n"}
{"Time":"2026-09-10T09:18:22.6834259-04:00","Action":"output","Package":"github.com/QuantumNous/new-api/model","Test":"TestMigrateRetiredFrontendOptionsMigratesValidValuesIdempotently","Output":"--- PASS: TestMigrateRetiredFrontendOptionsMigratesValidValuesIdempotently (0.00s)\n"}
{"Time":"2026-09-10T09:18:22.6834259-04:00","Action":"pass","Package":"github.com/QuantumNous/new-api/model","Test":"TestMigrateRetiredFrontendOptionsMigratesValidValuesIdempotently","Elapsed":0}
{"Time":"2026-09-10T09:18:22.6834259-04:00","Action":"run","Package":"github.com/QuantumNous/new-api/model","Test":"TestLegacyConsoleListMigrationCapsAPIInfoAndFAQ"}
{"Time":"2026-09-10T09:18:22.6834259-04:00","Action":"output","Package":"github.com/QuantumNous/new-api/model","Test":"TestLegacyConsoleListMigrationCapsAPIInfoAndFAQ","Output":"=== RUN   TestLegacyConsoleListMigrationCapsAPIInfoAndFAQ\n"}
{"Time":"2026-09-10T09:18:22.6839485-04:00","Action":"output","Package":"github.com/QuantumNous/new-api/model","Test":"TestLegacyConsoleListMigrationCapsAPIInfoAndFAQ","Output":"--- PASS: TestLegacyConsoleListMigrationCapsAPIInfoAndFAQ (0.00s)\n"}
{"Time":"2026-09-10T09:18:22.6844642-04:00","Action":"pass","Package":"github.com/QuantumNous/new-api/model","Test":"TestLegacyConsoleListMigrationCapsAPIInfoAndFAQ","Elapsed":0}
{"Time":"2026-09-10T09:18:22.6844642-04:00","Action":"run","Package":"github.com/QuantumNous/new-api/model","Test":"TestMigrateRetiredFrontendOptionsPreservesMalformedValuesAndContinues"}
{"Time":"2026-09-10T09:18:22.6844642-04:00","Action":"output","Package":"github.com/QuantumNous/new-api/model","Test":"TestMigrateRetiredFrontendOptionsPreservesMalformedValuesAndContinues","Output":"=== RUN   TestMigrateRetiredFrontendOptionsPreservesMalformedValuesAndContinues\n"}
{"Time":"2026-09-10T09:18:22.6844642-04:00","Action":"output","Package":"github.com/QuantumNous/new-api/model","Test":"TestMigrateRetiredFrontendOptionsPreservesMalformedValuesAndContinues","Output":"\r\n"}
{"Time":"2026-09-10T09:18:22.6844642-04:00","Action":"output","Package":"github.com/QuantumNous/new-api/model","Test":"TestMigrateRetiredFrontendOptionsPreservesMalformedValuesAndContinues","Output":"2026/09/10 09:18:22 \u001b[31;1mD:/10178/Projects/new-api-upstream-sync/model/frontend_option_migration.go:53 \u001b[35;1mrecord not found\n"}
{"Time":"2026-09-10T09:18:22.6844642-04:00","Action":"output","Package":"github.com/QuantumNous/new-api/model","Test":"TestMigrateRetiredFrontendOptionsPreservesMalformedValuesAndContinues","Output":"\u001b[0m\u001b[33m[0.000ms] \u001b[34;1m[rows:0]\u001b[0m SELECT * FROM `options` WHERE `options`.`key` = \"theme.frontend\" ORDER BY `options`.`key` LIMIT 1\n"}
{"Time":"2026-09-10T09:18:22.6844642-04:00","Action":"output","Package":"github.com/QuantumNous/new-api/model","Test":"TestMigrateRetiredFrontendOptionsPreservesMalformedValuesAndContinues","Output":"\r\n"}
{"Time":"2026-09-10T09:18:22.6844642-04:00","Action":"output","Package":"github.com/QuantumNous/new-api/model","Test":"TestMigrateRetiredFrontendOptionsPreservesMalformedValuesAndContinues","Output":"2026/09/10 09:18:22 \u001b[31;1mD:/10178/Projects/new-api-upstream-sync/model/frontend_option_migration.go:78 \u001b[35;1mrecord not found\n"}
{"Time":"2026-09-10T09:18:22.6844642-04:00","Action":"output","Package":"github.com/QuantumNous/new-api/model","Test":"TestMigrateRetiredFrontendOptionsPreservesMalformedValuesAndContinues","Output":"\u001b[0m\u001b[33m[0.000ms] \u001b[34;1m[rows:0]\u001b[0m SELECT * FROM `options` WHERE `options`.`key` = \"console_setting.api_info\" ORDER BY `options`.`key` LIMIT 1\n"}
{"Time":"2026-09-10T09:18:22.6844642-04:00","Action":"output","Package":"github.com/QuantumNous/new-api/model","Test":"TestMigrateRetiredFrontendOptionsPreservesMalformedValuesAndContinues","Output":"[SYS] 2026/09/10 - 09:18:22 | legacy option ApiInfo was not migrated: invalid character 'i' looking for beginning of object key string \n"}
{"Time":"2026-09-10T09:18:22.6844642-04:00","Action":"output","Package":"github.com/QuantumNous/new-api/model","Test":"TestMigrateRetiredFrontendOptionsPreservesMalformedValuesAndContinues","Output":"\r\n"}
{"Time":"2026-09-10T09:18:22.6844642-04:00","Action":"output","Package":"github.com/QuantumNous/new-api/model","Test":"TestMigrateRetiredFrontendOptionsPreservesMalformedValuesAndContinues","Output":"2026/09/10 09:18:22 \u001b[31;1mD:/10178/Projects/new-api-upstream-sync/model/frontend_option_migration.go:70 \u001b[35;1mrecord not found\n"}
{"Time":"2026-09-10T09:18:22.6844642-04:00","Action":"output","Package":"github.com/QuantumNous/new-api/model","Test":"TestMigrateRetiredFrontendOptionsPreservesMalformedValuesAndContinues","Output":"\u001b[0m\u001b[33m[0.000ms] \u001b[34;1m[rows:0]\u001b[0m SELECT * FROM `options` WHERE `options`.`key` = \"Announcements\" ORDER BY `options`.`key` LIMIT 1\n"}
{"Time":"2026-09-10T09:18:22.6844642-04:00","Action":"output","Package":"github.com/QuantumNous/new-api/model","Test":"TestMigrateRetiredFrontendOptionsPreservesMalformedValuesAndContinues","Output":"\r\n"}
{"Time":"2026-09-10T09:18:22.6844642-04:00","Action":"output","Package":"github.com/QuantumNous/new-api/model","Test":"TestMigrateRetiredFrontendOptionsPreservesMalformedValuesAndContinues","Output":"2026/09/10 09:18:22 \u001b[31;1mD:/10178/Projects/new-api-upstream-sync/model/frontend_option_migration.go:78 \u001b[35;1mrecord not found\n"}
{"Time":"2026-09-10T09:18:22.6844642-04:00","Action":"output","Package":"github.com/QuantumNous/new-api/model","Test":"TestMigrateRetiredFrontendOptionsPreservesMalformedValuesAndContinues","Output":"\u001b[0m\u001b[33m[0.000ms] \u001b[34;1m[rows:0]\u001b[0m SELECT * FROM `options` WHERE `options`.`key` = \"console_setting.faq\" ORDER BY `options`.`key` LIMIT 1\n"}
{"Time":"2026-09-10T09:18:22.6844642-04:00","Action":"output","Package":"github.com/QuantumNous/new-api/model","Test":"TestMigrateRetiredFrontendOptionsPreservesMalformedValuesAndContinues","Output":"\r\n"}
{"Time":"2026-09-10T09:18:22.6844642-04:00","Action":"output","Package":"github.com/QuantumNous/new-api/model","Test":"TestMigrateRetiredFrontendOptionsPreservesMalformedValuesAndContinues","Output":"2026/09/10 09:18:22 \u001b[31;1mD:/10178/Projects/new-api-upstream-sync/model/frontend_option_migration.go:182 \u001b[35;1mrecord not found\n"}
{"Time":"2026-09-10T09:18:22.6844642-04:00","Action":"output","Package":"github.com/QuantumNous/new-api/model","Test":"TestMigrateRetiredFrontendOptionsPreservesMalformedValuesAndContinues","Output":"\u001b[0m\u001b[33m[0.000ms] \u001b[34;1m[rows:0]\u001b[0m SELECT * FROM `options` WHERE `options`.`key` = \"UptimeKumaSlug\" ORDER BY `options`.`key` LIMIT 1\n"}
{"Time":"2026-09-10T09:18:22.6844642-04:00","Action":"output","Package":"github.com/QuantumNous/new-api/model","Test":"TestMigrateRetiredFrontendOptionsPreservesMalformedValuesAndContinues","Output":"\r\n"}
{"Time":"2026-09-10T09:18:22.6844642-04:00","Action":"output","Package":"github.com/QuantumNous/new-api/model","Test":"TestMigrateRetiredFrontendOptionsPreservesMalformedValuesAndContinues","Output":"2026/09/10 09:18:22 \u001b[31;1mD:/10178/Projects/new-api-upstream-sync/model/frontend_option_migration.go:191 \u001b[35;1mrecord not found\n"}
{"Time":"2026-09-10T09:18:22.6844642-04:00","Action":"output","Package":"github.com/QuantumNous/new-api/model","Test":"TestMigrateRetiredFrontendOptionsPreservesMalformedValuesAndContinues","Output":"\u001b[0m\u001b[33m[0.000ms] \u001b[34;1m[rows:0]\u001b[0m SELECT * FROM `options` WHERE `options`.`key` = \"console_setting.uptime_kuma_groups\" ORDER BY `options`.`key` LIMIT 1\n"}
{"Time":"2026-09-10T09:18:22.6844642-04:00","Action":"output","Package":"github.com/QuantumNous/new-api/model","Test":"TestMigrateRetiredFrontendOptionsPreservesMalformedValuesAndContinues","Output":"[SYS] 2026/09/10 - 09:18:22 | legacy Uptime Kuma options were not migrated: both URL and slug are required \n"}
{"Time":"2026-09-10T09:18:22.6844642-04:00","Action":"output","Package":"github.com/QuantumNous/new-api/model","Test":"TestMigrateRetiredFrontendOptionsPreservesMalformedValuesAndContinues","Output":"\r\n"}
{"Time":"2026-09-10T09:18:22.6844642-04:00","Action":"output","Package":"github.com/QuantumNous/new-api/model","Test":"TestMigrateRetiredFrontendOptionsPreservesMalformedValuesAndContinues","Output":"2026/09/10 09:18:22 \u001b[31;1mD:/10178/Projects/new-api-upstream-sync/model/frontend_option_migration_test.go:40 \u001b[35;1mrecord not found\n"}
{"Time":"2026-09-10T09:18:22.6844642-04:00","Action":"output","Package":"github.com/QuantumNous/new-api/model","Test":"TestMigrateRetiredFrontendOptionsPreservesMalformedValuesAndContinues","Output":"\u001b[0m\u001b[33m[0.000ms] \u001b[34;1m[rows:0]\u001b[0m SELECT * FROM `options` WHERE `options`.`key` = \"console_setting.api_info\" ORDER BY `options`.`key` LIMIT 1\n"}
{"Time":"2026-09-10T09:18:22.6844642-04:00","Action":"output","Package":"github.com/QuantumNous/new-api/model","Test":"TestMigrateRetiredFrontendOptionsPreservesMalformedValuesAndContinues","Output":"\r\n"}
{"Time":"2026-09-10T09:18:22.6844642-04:00","Action":"output","Package":"github.com/QuantumNous/new-api/model","Test":"TestMigrateRetiredFrontendOptionsPreservesMalformedValuesAndContinues","Output":"2026/09/10 09:18:22 \u001b[31;1mD:/10178/Projects/new-api-upstream-sync/model/frontend_option_migration_test.go:40 \u001b[35;1mrecord not found\n"}
{"Time":"2026-09-10T09:18:22.6849801-04:00","Action":"output","Package":"github.com/QuantumNous/new-api/model","Test":"TestMigrateRetiredFrontendOptionsPreservesMalformedValuesAndContinues","Output":"\u001b[0m\u001b[33m[0.000ms] \u001b[34;1m[rows:0]\u001b[0m SELECT * FROM `options` WHERE `options`.`key` = \"FAQ\" ORDER BY `options`.`key` LIMIT 1\n"}
{"Time":"2026-09-10T09:18:22.6849801-04:00","Action":"output","Package":"github.com/QuantumNous/new-api/model","Test":"TestMigrateRetiredFrontendOptionsPreservesMalformedValuesAndContinues","Output":"\r\n"}
{"Time":"2026-09-10T09:18:22.6849801-04:00","Action":"output","Package":"github.com/QuantumNous/new-api/model","Test":"TestMigrateRetiredFrontendOptionsPreservesMalformedValuesAndContinues","Output":"2026/09/10 09:18:22 \u001b[31;1mD:/10178/Projects/new-api-upstream-sync/model/frontend_option_migration_test.go:40 \u001b[35;1mrecord not found\n"}
{"Time":"2026-09-10T09:18:22.6849801-04:00","Action":"output","Package":"github.com/QuantumNous/new-api/model","Test":"TestMigrateRetiredFrontendOptionsPreservesMalformedValuesAndContinues","Output":"\u001b[0m\u001b[33m[0.000ms] \u001b[34;1m[rows:0]\u001b[0m SELECT * FROM `options` WHERE `options`.`key` = \"console_setting.uptime_kuma_groups\" ORDER BY `options`.`key` LIMIT 1\n"}
{"Time":"2026-09-10T09:18:22.6849801-04:00","Action":"output","Package":"github.com/QuantumNous/new-api/model","Test":"TestMigrateRetiredFrontendOptionsPreservesMalformedValuesAndContinues","Output":"--- PASS: TestMigrateRetiredFrontendOptionsPreservesMalformedValuesAndContinues (0.00s)\n"}
{"Time":"2026-09-10T09:18:22.6849801-04:00","Action":"pass","Package":"github.com/QuantumNous/new-api/model","Test":"TestMigrateRetiredFrontendOptionsPreservesMalformedValuesAndContinues","Elapsed":0}
{"Time":"2026-09-10T09:18:22.6849801-04:00","Action":"run","Package":"github.com/QuantumNous/new-api/model","Test":"TestMigrateRetiredFrontendOptionsPreservesMixedInvalidFAQ"}
{"Time":"2026-09-10T09:18:22.6849801-04:00","Action":"output","Package":"github.com/QuantumNous/new-api/model","Test":"TestMigrateRetiredFrontendOptionsPreservesMixedInvalidFAQ","Output":"=== RUN   TestMigrateRetiredFrontendOptionsPreservesMixedInvalidFAQ\n"}
{"Time":"2026-09-10T09:18:22.6849801-04:00","Action":"output","Package":"github.com/QuantumNous/new-api/model","Test":"TestMigrateRetiredFrontendOptionsPreservesMixedInvalidFAQ","Output":"\r\n"}
{"Time":"2026-09-10T09:18:22.6849801-04:00","Action":"output","Package":"github.com/QuantumNous/new-api/model","Test":"TestMigrateRetiredFrontendOptionsPreservesMixedInvalidFAQ","Output":"2026/09/10 09:18:22 \u001b[31;1mD:/10178/Projects/new-api-upstream-sync/model/frontend_option_migration.go:53 \u001b[35;1mrecord not found\n"}
{"Time":"2026-09-10T09:18:22.6849801-04:00","Action":"output","Package":"github.com/QuantumNous/new-api/model","Test":"TestMigrateRetiredFrontendOptionsPreservesMixedInvalidFAQ","Output":"\u001b[0m\u001b[33m[0.000ms] \u001b[34;1m[rows:0]\u001b[0m SELECT * FROM `options` WHERE `options`.`key` = \"theme.frontend\" ORDER BY `options`.`key` LIMIT 1\n"}
{"Time":"2026-09-10T09:18:22.6849801-04:00","Action":"output","Package":"github.com/QuantumNous/new-api/model","Test":"TestMigrateRetiredFrontendOptionsPreservesMixedInvalidFAQ","Output":"\r\n"}
{"Time":"2026-09-10T09:18:22.6849801-04:00","Action":"output","Package":"github.com/QuantumNous/new-api/model","Test":"TestMigrateRetiredFrontendOptionsPreservesMixedInvalidFAQ","Output":"2026/09/10 09:18:22 \u001b[31;1mD:/10178/Projects/new-api-upstream-sync/model/frontend_option_migration.go:70 \u001b[35;1mrecord not found\n"}
{"Time":"2026-09-10T09:18:22.6849801-04:00","Action":"output","Package":"github.com/QuantumNous/new-api/model","Test":"TestMigrateRetiredFrontendOptionsPreservesMixedInvalidFAQ","Output":"\u001b[0m\u001b[33m[0.000ms] \u001b[34;1m[rows:0]\u001b[0m SELECT * FROM `options` WHERE `options`.`key` = \"ApiInfo\" ORDER BY `options`.`key` LIMIT 1\n"}
{"Time":"2026-09-10T09:18:22.6849801-04:00","Action":"output","Package":"github.com/QuantumNous/new-api/model","Test":"TestMigrateRetiredFrontendOptionsPreservesMixedInvalidFAQ","Output":"\r\n"}
{"Time":"2026-09-10T09:18:22.6849801-04:00","Action":"output","Package":"github.com/QuantumNous/new-api/model","Test":"TestMigrateRetiredFrontendOptionsPreservesMixedInvalidFAQ","Output":"2026/09/10 09:18:22 \u001b[31;1mD:/10178/Projects/new-api-upstream-sync/model/frontend_option_migration.go:70 \u001b[35;1mrecord not found\n"}
{"Time":"2026-09-10T09:18:22.6849801-04:00","Action":"output","Package":"github.com/QuantumNous/new-api/model","Test":"TestMigrateRetiredFrontendOptionsPreservesMixedInvalidFAQ","Output":"\u001b[0m\u001b[33m[0.000ms] \u001b[34;1m[rows:0]\u001b[0m SELECT * FROM `options` WHERE `options`.`key` = \"Announcements\" ORDER BY `options`.`key` LIMIT 1\n"}
{"Time":"2026-09-10T09:18:22.6849801-04:00","Action":"output","Package":"github.com/QuantumNous/new-api/model","Test":"TestMigrateRetiredFrontendOptionsPreservesMixedInvalidFAQ","Output":"\r\n"}
{"Time":"2026-09-10T09:18:22.6849801-04:00","Action":"output","Package":"github.com/QuantumNous/new-api/model","Test":"TestMigrateRetiredFrontendOptionsPreservesMixedInvalidFAQ","Output":"2026/09/10 09:18:22 \u001b[31;1mD:/10178/Projects/new-api-upstream-sync/model/frontend_option_migration.go:78 \u001b[35;1mrecord not found\n"}
{"Time":"2026-09-10T09:18:22.6849801-04:00","Action":"output","Package":"github.com/QuantumNous/new-api/model","Test":"TestMigrateRetiredFrontendOptionsPreservesMixedInvalidFAQ","Output":"\u001b[0m\u001b[33m[0.000ms] \u001b[34;1m[rows:0]\u001b[0m SELECT * FROM `options` WHERE `options`.`key` = \"console_setting.faq\" ORDER BY `options`.`key` LIMIT 1\n"}
{"Time":"2026-09-10T09:18:22.6849801-04:00","Action":"output","Package":"github.com/QuantumNous/new-api/model","Test":"TestMigrateRetiredFrontendOptionsPreservesMixedInvalidFAQ","Output":"[SYS] 2026/09/10 - 09:18:22 | legacy option FAQ was not migrated: FAQ entry 1 is missing a question or answer \n"}
{"Time":"2026-09-10T09:18:22.6849801-04:00","Action":"output","Package":"github.com/QuantumNous/new-api/model","Test":"TestMigrateRetiredFrontendOptionsPreservesMixedInvalidFAQ","Output":"\r\n"}
{"Time":"2026-09-10T09:18:22.6849801-04:00","Action":"output","Package":"github.com/QuantumNous/new-api/model","Test":"TestMigrateRetiredFrontendOptionsPreservesMixedInvalidFAQ","Output":"2026/09/10 09:18:22 \u001b[31;1mD:/10178/Projects/new-api-upstream-sync/model/frontend_option_migration.go:177 \u001b[35;1mrecord not found\n"}
{"Time":"2026-09-10T09:18:22.6849801-04:00","Action":"output","Package":"github.com/QuantumNous/new-api/model","Test":"TestMigrateRetiredFrontendOptionsPreservesMixedInvalidFAQ","Output":"\u001b[0m\u001b[33m[0.000ms] \u001b[34;1m[rows:0]\u001b[0m SELECT * FROM `options` WHERE `options`.`key` = \"UptimeKumaUrl\" ORDER BY `options`.`key` LIMIT 1\n"}
{"Time":"2026-09-10T09:18:22.6849801-04:00","Action":"output","Package":"github.com/QuantumNous/new-api/model","Test":"TestMigrateRetiredFrontendOptionsPreservesMixedInvalidFAQ","Output":"\r\n"}
{"Time":"2026-09-10T09:18:22.6849801-04:00","Action":"output","Package":"github.com/QuantumNous/new-api/model","Test":"TestMigrateRetiredFrontendOptionsPreservesMixedInvalidFAQ","Output":"2026/09/10 09:18:22 \u001b[31;1mD:/10178/Projects/new-api-upstream-sync/model/frontend_option_migration.go:182 \u001b[35;1mrecord not found\n"}
{"Time":"2026-09-10T09:18:22.6849801-04:00","Action":"output","Package":"github.com/QuantumNous/new-api/model","Test":"TestMigrateRetiredFrontendOptionsPreservesMixedInvalidFAQ","Output":"\u001b[0m\u001b[33m[0.000ms] \u001b[34;1m[rows:0]\u001b[0m SELECT * FROM `options` WHERE `options`.`key` = \"UptimeKumaSlug\" ORDER BY `options`.`key` LIMIT 1\n"}
{"Time":"2026-09-10T09:18:22.6849801-04:00","Action":"output","Package":"github.com/QuantumNous/new-api/model","Test":"TestMigrateRetiredFrontendOptionsPreservesMixedInvalidFAQ","Output":"\r\n"}
{"Time":"2026-09-10T09:18:22.6849801-04:00","Action":"output","Package":"github.com/QuantumNous/new-api/model","Test":"TestMigrateRetiredFrontendOptionsPreservesMixedInvalidFAQ","Output":"2026/09/10 09:18:22 \u001b[31;1mD:/10178/Projects/new-api-upstream-sync/model/frontend_option_migration_test.go:40 \u001b[35;1mrecord not found\n"}
{"Time":"2026-09-10T09:18:22.6849801-04:00","Action":"output","Package":"github.com/QuantumNous/new-api/model","Test":"TestMigrateRetiredFrontendOptionsPreservesMixedInvalidFAQ","Output":"\u001b[0m\u001b[33m[0.000ms] \u001b[34;1m[rows:0]\u001b[0m SELECT * FROM `options` WHERE `options`.`key` = \"console_setting.faq\" ORDER BY `options`.`key` LIMIT 1\n"}
{"Time":"2026-09-10T09:18:22.6849801-04:00","Action":"output","Package":"github.com/QuantumNous/new-api/model","Test":"TestMigrateRetiredFrontendOptionsPreservesMixedInvalidFAQ","Output":"--- PASS: TestMigrateRetiredFrontendOptionsPreservesMixedInvalidFAQ (0.00s)\n"}
{"Time":"2026-09-10T09:18:22.6849801-04:00","Action":"pass","Package":"github.com/QuantumNous/new-api/model","Test":"TestMigrateRetiredFrontendOptionsPreservesMixedInvalidFAQ","Elapsed":0}
{"Time":"2026-09-10T09:18:22.6849801-04:00","Action":"run","Package":"github.com/QuantumNous/new-api/model","Test":"TestMigrateRetiredFrontendOptionsKeepsAuthoritativeTargets"}
{"Time":"2026-09-10T09:18:22.6849801-04:00","Action":"output","Package":"github.com/QuantumNous/new-api/model","Test":"TestMigrateRetiredFrontendOptionsKeepsAuthoritativeTargets","Output":"=== RUN   TestMigrateRetiredFrontendOptionsKeepsAuthoritativeTargets\n"}
{"Time":"2026-09-10T09:18:22.6854954-04:00","Action":"output","Package":"github.com/QuantumNous/new-api/model","Test":"TestMigrateRetiredFrontendOptionsKeepsAuthoritativeTargets","Output":"\r\n"}
{"Time":"2026-09-10T09:18:22.6854954-04:00","Action":"output","Package":"github.com/QuantumNous/new-api/model","Test":"TestMigrateRetiredFrontendOptionsKeepsAuthoritativeTargets","Output":"2026/09/10 09:18:22 \u001b[31;1mD:/10178/Projects/new-api-upstream-sync/model/frontend_option_migration.go:53 \u001b[35;1mrecord not found\n"}
{"Time":"2026-09-10T09:18:22.6854954-04:00","Action":"output","Package":"github.com/QuantumNous/new-api/model","Test":"TestMigrateRetiredFrontendOptionsKeepsAuthoritativeTargets","Output":"\u001b[0m\u001b[33m[0.000ms] \u001b[34;1m[rows:0]\u001b[0m SELECT * FROM `options` WHERE `options`.`key` = \"theme.frontend\" ORDER BY `options`.`key` LIMIT 1\n"}
{"Time":"2026-09-10T09:18:22.6854954-04:00","Action":"output","Package":"github.com/QuantumNous/new-api/model","Test":"TestMigrateRetiredFrontendOptionsKeepsAuthoritativeTargets","Output":"\r\n"}
{"Time":"2026-09-10T09:18:22.6854954-04:00","Action":"output","Package":"github.com/QuantumNous/new-api/model","Test":"TestMigrateRetiredFrontendOptionsKeepsAuthoritativeTargets","Output":"2026/09/10 09:18:22 \u001b[31;1mD:/10178/Projects/new-api-upstream-sync/model/frontend_option_migration.go:70 \u001b[35;1mrecord not found\n"}
{"Time":"2026-09-10T09:18:22.6854954-04:00","Action":"output","Package":"github.com/QuantumNous/new-api/model","Test":"TestMigrateRetiredFrontendOptionsKeepsAuthoritativeTargets","Output":"\u001b[0m\u001b[33m[0.000ms] \u001b[34;1m[rows:0]\u001b[0m SELECT * FROM `options` WHERE `options`.`key` = \"Announcements\" ORDER BY `options`.`key` LIMIT 1\n"}
{"Time":"2026-09-10T09:18:22.6854954-04:00","Action":"output","Package":"github.com/QuantumNous/new-api/model","Test":"TestMigrateRetiredFrontendOptionsKeepsAuthoritativeTargets","Output":"\r\n"}
{"Time":"2026-09-10T09:18:22.6854954-04:00","Action":"output","Package":"github.com/QuantumNous/new-api/model","Test":"TestMigrateRetiredFrontendOptionsKeepsAuthoritativeTargets","Output":"2026/09/10 09:18:22 \u001b[31;1mD:/10178/Projects/new-api-upstream-sync/model/frontend_option_migration.go:70 \u001b[35;1mrecord not found\n"}
{"Time":"2026-09-10T09:18:22.6854954-04:00","Action":"output","Package":"github.com/QuantumNous/new-api/model","Test":"TestMigrateRetiredFrontendOptionsKeepsAuthoritativeTargets","Output":"\u001b[0m\u001b[33m[0.000ms] \u001b[34;1m[rows:0]\u001b[0m SELECT * FROM `options` WHERE `options`.`key` = \"FAQ\" ORDER BY `options`.`key` LIMIT 1\n"}
{"Time":"2026-09-10T09:18:22.6854954-04:00","Action":"output","Package":"github.com/QuantumNous/new-api/model","Test":"TestMigrateRetiredFrontendOptionsKeepsAuthoritativeTargets","Output":"\r\n"}
{"Time":"2026-09-10T09:18:22.6854954-04:00","Action":"output","Package":"github.com/QuantumNous/new-api/model","Test":"TestMigrateRetiredFrontendOptionsKeepsAuthoritativeTargets","Output":"2026/09/10 09:18:22 \u001b[31;1mD:/10178/Projects/new-api-upstream-sync/model/frontend_option_migration_test.go:40 \u001b[35;1mrecord not found\n"}
{"Time":"2026-09-10T09:18:22.6854954-04:00","Action":"output","Package":"github.com/QuantumNous/new-api/model","Test":"TestMigrateRetiredFrontendOptionsKeepsAuthoritativeTargets","Output":"\u001b[0m\u001b[33m[0.000ms] \u001b[34;1m[rows:0]\u001b[0m SELECT * FROM `options` WHERE `options`.`key` = \"ApiInfo\" ORDER BY `options`.`key` LIMIT 1\n"}
{"Time":"2026-09-10T09:18:22.6854954-04:00","Action":"output","Package":"github.com/QuantumNous/new-api/model","Test":"TestMigrateRetiredFrontendOptionsKeepsAuthoritativeTargets","Output":"\r\n"}
{"Time":"2026-09-10T09:18:22.6854954-04:00","Action":"output","Package":"github.com/QuantumNous/new-api/model","Test":"TestMigrateRetiredFrontendOptionsKeepsAuthoritativeTargets","Output":"2026/09/10 09:18:22 \u001b[31;1mD:/10178/Projects/new-api-upstream-sync/model/frontend_option_migration_test.go:40 \u001b[35;1mrecord not found\n"}
{"Time":"2026-09-10T09:18:22.6854954-04:00","Action":"output","Package":"github.com/QuantumNous/new-api/model","Test":"TestMigrateRetiredFrontendOptionsKeepsAuthoritativeTargets","Output":"\u001b[0m\u001b[33m[0.000ms] \u001b[34;1m[rows:0]\u001b[0m SELECT * FROM `options` WHERE `options`.`key` = \"UptimeKumaUrl\" ORDER BY `options`.`key` LIMIT 1\n"}
{"Time":"2026-09-10T09:18:22.6854954-04:00","Action":"output","Package":"github.com/QuantumNous/new-api/model","Test":"TestMigrateRetiredFrontendOptionsKeepsAuthoritativeTargets","Output":"\r\n"}
{"Time":"2026-09-10T09:18:22.6854954-04:00","Action":"output","Package":"github.com/QuantumNous/new-api/model","Test":"TestMigrateRetiredFrontendOptionsKeepsAuthoritativeTargets","Output":"2026/09/10 09:18:22 \u001b[31;1mD:/10178/Projects/new-api-upstream-sync/model/frontend_option_migration_test.go:40 \u001b[35;1mrecord not found\n"}
{"Time":"2026-09-10T09:18:22.6854954-04:00","Action":"output","Package":"github.com/QuantumNous/new-api/model","Test":"TestMigrateRetiredFrontendOptionsKeepsAuthoritativeTargets","Output":"\u001b[0m\u001b[33m[0.000ms] \u001b[34;1m[rows:0]\u001b[0m SELECT * FROM `options` WHERE `options`.`key` = \"UptimeKumaSlug\" ORDER BY `options`.`key` LIMIT 1\n"}
{"Time":"2026-09-10T09:18:22.6854954-04:00","Action":"output","Package":"github.com/QuantumNous/new-api/model","Test":"TestMigrateRetiredFrontendOptionsKeepsAuthoritativeTargets","Output":"--- PASS: TestMigrateRetiredFrontendOptionsKeepsAuthoritativeTargets (0.00s)\n"}
{"Time":"2026-09-10T09:18:22.6854954-04:00","Action":"pass","Package":"github.com/QuantumNous/new-api/model","Test":"TestMigrateRetiredFrontendOptionsKeepsAuthoritativeTargets","Elapsed":0}
{"Time":"2026-09-10T09:18:22.6854954-04:00","Action":"run","Package":"github.com/QuantumNous/new-api/model","Test":"TestMigrateRetiredFrontendOptionsKeepsEmptyAuthoritativeTargets"}
{"Time":"2026-09-10T09:18:22.6854954-04:00","Action":"output","Package":"github.com/QuantumNous/new-api/model","Test":"TestMigrateRetiredFrontendOptionsKeepsEmptyAuthoritativeTargets","Output":"=== RUN   TestMigrateRetiredFrontendOptionsKeepsEmptyAuthoritativeTargets\n"}
{"Time":"2026-09-10T09:18:22.6854954-04:00","Action":"output","Package":"github.com/QuantumNous/new-api/model","Test":"TestMigrateRetiredFrontendOptionsKeepsEmptyAuthoritativeTargets","Output":"\r\n"}
{"Time":"2026-09-10T09:18:22.6854954-04:00","Action":"output","Package":"github.com/QuantumNous/new-api/model","Test":"TestMigrateRetiredFrontendOptionsKeepsEmptyAuthoritativeTargets","Output":"2026/09/10 09:18:22 \u001b[31;1mD:/10178/Projects/new-api-upstream-sync/model/frontend_option_migration.go:53 \u001b[35;1mrecord not found\n"}
{"Time":"2026-09-10T09:18:22.6854954-04:00","Action":"output","Package":"github.com/QuantumNous/new-api/model","Test":"TestMigrateRetiredFrontendOptionsKeepsEmptyAuthoritativeTargets","Output":"\u001b[0m\u001b[33m[0.000ms] \u001b[34;1m[rows:0]\u001b[0m SELECT * FROM `options` WHERE `options`.`key` = \"theme.frontend\" ORDER BY `options`.`key` LIMIT 1\n"}
{"Time":"2026-09-10T09:18:22.6860061-04:00","Action":"output","Package":"github.com/QuantumNous/new-api/model","Test":"TestMigrateRetiredFrontendOptionsKeepsEmptyAuthoritativeTargets","Output":"\r\n"}
{"Time":"2026-09-10T09:18:22.6860061-04:00","Action":"output","Package":"github.com/QuantumNous/new-api/model","Test":"TestMigrateRetiredFrontendOptionsKeepsEmptyAuthoritativeTargets","Output":"2026/09/10 09:18:22 \u001b[31;1mD:/10178/Projects/new-api-upstream-sync/model/frontend_option_migration.go:70 \u001b[35;1mrecord not found\n"}
{"Time":"2026-09-10T09:18:22.6860061-04:00","Action":"output","Package":"github.com/QuantumNous/new-api/model","Test":"TestMigrateRetiredFrontendOptionsKeepsEmptyAuthoritativeTargets","Output":"\u001b[0m\u001b[33m[0.000ms] \u001b[34;1m[rows:0]\u001b[0m SELECT * FROM `options` WHERE `options`.`key` = \"Announcements\" ORDER BY `options`.`key` LIMIT 1\n"}
{"Time":"2026-09-10T09:18:22.6860061-04:00","Action":"output","Package":"github.com/QuantumNous/new-api/model","Test":"TestMigrateRetiredFrontendOptionsKeepsEmptyAuthoritativeTargets","Output":"\r\n"}
{"Time":"2026-09-10T09:18:22.6860061-04:00","Action":"output","Package":"github.com/QuantumNous/new-api/model","Test":"TestMigrateRetiredFrontendOptionsKeepsEmptyAuthoritativeTargets","Output":"2026/09/10 09:18:22 \u001b[31;1mD:/10178/Projects/new-api-upstream-sync/model/frontend_option_migration.go:70 \u001b[35;1mrecord not found\n"}
{"Time":"2026-09-10T09:18:22.6860061-04:00","Action":"output","Package":"github.com/QuantumNous/new-api/model","Test":"TestMigrateRetiredFrontendOptionsKeepsEmptyAuthoritativeTargets","Output":"\u001b[0m\u001b[33m[0.000ms] \u001b[34;1m[rows:0]\u001b[0m SELECT * FROM `options` WHERE `options`.`key` = \"FAQ\" ORDER BY `options`.`key` LIMIT 1\n"}
{"Time":"2026-09-10T09:18:22.6860061-04:00","Action":"output","Package":"github.com/QuantumNous/new-api/model","Test":"TestMigrateRetiredFrontendOptionsKeepsEmptyAuthoritativeTargets","Output":"\r\n"}
{"Time":"2026-09-10T09:18:22.6860061-04:00","Action":"output","Package":"github.com/QuantumNous/new-api/model","Test":"TestMigrateRetiredFrontendOptionsKeepsEmptyAuthoritativeTargets","Output":"2026/09/10 09:18:22 \u001b[31;1mD:/10178/Projects/new-api-upstream-sync/model/frontend_option_migration_test.go:40 \u001b[35;1mrecord not found\n"}
{"Time":"2026-09-10T09:18:22.6860061-04:00","Action":"output","Package":"github.com/QuantumNous/new-api/model","Test":"TestMigrateRetiredFrontendOptionsKeepsEmptyAuthoritativeTargets","Output":"\u001b[0m\u001b[33m[0.000ms] \u001b[34;1m[rows:0]\u001b[0m SELECT * FROM `options` WHERE `options`.`key` = \"ApiInfo\" ORDER BY `options`.`key` LIMIT 1\n"}
{"Time":"2026-09-10T09:18:22.6860061-04:00","Action":"output","Package":"github.com/QuantumNous/new-api/model","Test":"TestMigrateRetiredFrontendOptionsKeepsEmptyAuthoritativeTargets","Output":"\r\n"}
{"Time":"2026-09-10T09:18:22.6860061-04:00","Action":"output","Package":"github.com/QuantumNous/new-api/model","Test":"TestMigrateRetiredFrontendOptionsKeepsEmptyAuthoritativeTargets","Output":"2026/09/10 09:18:22 \u001b[31;1mD:/10178/Projects/new-api-upstream-sync/model/frontend_option_migration_test.go:40 \u001b[35;1mrecord not found\n"}
{"Time":"2026-09-10T09:18:22.6860061-04:00","Action":"output","Package":"github.com/QuantumNous/new-api/model","Test":"TestMigrateRetiredFrontendOptionsKeepsEmptyAuthoritativeTargets","Output":"\u001b[0m\u001b[33m[0.000ms] \u001b[34;1m[rows:0]\u001b[0m SELECT * FROM `options` WHERE `options`.`key` = \"UptimeKumaUrl\" ORDER BY `options`.`key` LIMIT 1\n"}
{"Time":"2026-09-10T09:18:22.6860061-04:00","Action":"output","Package":"github.com/QuantumNous/new-api/model","Test":"TestMigrateRetiredFrontendOptionsKeepsEmptyAuthoritativeTargets","Output":"\r\n"}
{"Time":"2026-09-10T09:18:22.6860061-04:00","Action":"output","Package":"github.com/QuantumNous/new-api/model","Test":"TestMigrateRetiredFrontendOptionsKeepsEmptyAuthoritativeTargets","Output":"2026/09/10 09:18:22 \u001b[31;1mD:/10178/Projects/new-api-upstream-sync/model/frontend_option_migration_test.go:40 \u001b[35;1mrecord not found\n"}
{"Time":"2026-09-10T09:18:22.6860061-04:00","Action":"output","Package":"github.com/QuantumNous/new-api/model","Test":"TestMigrateRetiredFrontendOptionsKeepsEmptyAuthoritativeTargets","Output":"\u001b[0m\u001b[33m[0.000ms] \u001b[34;1m[rows:0]\u001b[0m SELECT * FROM `options` WHERE `options`.`key` = \"UptimeKumaSlug\" ORDER BY `options`.`key` LIMIT 1\n"}
{"Time":"2026-09-10T09:18:22.6860061-04:00","Action":"output","Package":"github.com/QuantumNous/new-api/model","Test":"TestMigrateRetiredFrontendOptionsKeepsEmptyAuthoritativeTargets","Output":"--- PASS: TestMigrateRetiredFrontendOptionsKeepsEmptyAuthoritativeTargets (0.00s)\n"}
{"Time":"2026-09-10T09:18:22.6860061-04:00","Action":"pass","Package":"github.com/QuantumNous/new-api/model","Test":"TestMigrateRetiredFrontendOptionsKeepsEmptyAuthoritativeTargets","Elapsed":0}
{"Time":"2026-09-10T09:18:22.6860061-04:00","Action":"run","Package":"github.com/QuantumNous/new-api/model","Test":"TestJSONColumnValuersReturnString"}
{"Time":"2026-09-10T09:18:22.6860061-04:00","Action":"output","Package":"github.com/QuantumNous/new-api/model","Test":"TestJSONColumnValuersReturnString","Output":"=== RUN   TestJSONColumnValuersReturnString\n"}
{"Time":"2026-09-10T09:18:22.6860061-04:00","Action":"run","Package":"github.com/QuantumNous/new-api/model","Test":"TestJSONColumnValuersReturnString/ChannelInfo"}
{"Time":"2026-09-10T09:18:22.6860061-04:00","Action":"output","Package":"github.com/QuantumNous/new-api/model","Test":"TestJSONColumnValuersReturnString/ChannelInfo","Output":"=== RUN   TestJSONColumnValuersReturnString/ChannelInfo\n"}
{"Time":"2026-09-10T09:18:22.6860061-04:00","Action":"output","Package":"github.com/QuantumNous/new-api/model","Test":"TestJSONColumnValuersReturnString/ChannelInfo","Output":"--- PASS: TestJSONColumnValuersReturnString/ChannelInfo (0.00s)\n"}
{"Time":"2026-09-10T09:18:22.6860061-04:00","Action":"pass","Package":"github.com/QuantumNous/new-api/model","Test":"TestJSONColumnValuersReturnString/ChannelInfo","Elapsed":0}
{"Time":"2026-09-10T09:18:22.6860061-04:00","Action":"run","Package":"github.com/QuantumNous/new-api/model","Test":"TestJSONColumnValuersReturnString/Properties"}
{"Time":"2026-09-10T09:18:22.6860061-04:00","Action":"output","Package":"github.com/QuantumNous/new-api/model","Test":"TestJSONColumnValuersReturnString/Properties","Output":"=== RUN   TestJSONColumnValuersReturnString/Properties\n"}
{"Time":"2026-09-10T09:18:22.6860061-04:00","Action":"output","Package":"github.com/QuantumNous/new-api/model","Test":"TestJSONColumnValuersReturnString/Properties","Output":"--- PASS: TestJSONColumnValuersReturnString/Properties (0.00s)\n"}
{"Time":"2026-09-10T09:18:22.6860061-04:00","Action":"pass","Package":"github.com/QuantumNous/new-api/model","Test":"TestJSONColumnValuersReturnString/Properties","Elapsed":0}
{"Time":"2026-09-10T09:18:22.6860061-04:00","Action":"run","Package":"github.com/QuantumNous/new-api/model","Test":"TestJSONColumnValuersReturnString/TaskPrivateData"}
{"Time":"2026-09-10T09:18:22.6860061-04:00","Action":"output","Package":"github.com/QuantumNous/new-api/model","Test":"TestJSONColumnValuersReturnString/TaskPrivateData","Output":"=== RUN   TestJSONColumnValuersReturnString/TaskPrivateData\n"}
{"Time":"2026-09-10T09:18:22.6860061-04:00","Action":"output","Package":"github.com/QuantumNous/new-api/model","Test":"TestJSONColumnValuersReturnString/TaskPrivateData","Output":"--- PASS: TestJSONColumnValuersReturnString/TaskPrivateData (0.00s)\n"}
{"Time":"2026-09-10T09:18:22.6860061-04:00","Action":"pass","Package":"github.com/QuantumNous/new-api/model","Test":"TestJSONColumnValuersReturnString/TaskPrivateData","Elapsed":0}
{"Time":"2026-09-10T09:18:22.6860061-04:00","Action":"run","Package":"github.com/QuantumNous/new-api/model","Test":"TestJSONColumnValuersReturnString/JSONValue"}
{"Time":"2026-09-10T09:18:22.6860061-04:00","Action":"output","Package":"github.com/QuantumNous/new-api/model","Test":"TestJSONColumnValuersReturnString/JSONValue","Output":"=== RUN   TestJSONColumnValuersReturnString/JSONValue\n"}
{"Time":"2026-09-10T09:18:22.6860061-04:00","Action":"output","Package":"github.com/QuantumNous/new-api/model","Test":"TestJSONColumnValuersReturnString/JSONValue","Output":"--- PASS: TestJSONColumnValuersReturnString/JSONValue (0.00s)\n"}
{"Time":"2026-09-10T09:18:22.6860061-04:00","Action":"pass","Package":"github.com/QuantumNous/new-api/model","Test":"TestJSONColumnValuersReturnString/JSONValue","Elapsed":0}
{"Time":"2026-09-10T09:18:22.6860061-04:00","Action":"output","Package":"github.com/QuantumNous/new-api/model","Test":"TestJSONColumnValuersReturnString","Output":"--- PASS: TestJSONColumnValuersReturnString (0.00s)\n"}
{"Time":"2026-09-10T09:18:22.6860061-04:00","Action":"pass","Package":"github.com/QuantumNous/new-api/model","Test":"TestJSONColumnValuersReturnString","Elapsed":0}
{"Time":"2026-09-10T09:18:22.6860061-04:00","Action":"run","Package":"github.com/QuantumNous/new-api/model","Test":"TestJSONColumnValuersZeroValueIsNil"}
{"Time":"2026-09-10T09:18:22.6860061-04:00","Action":"output","Package":"github.com/QuantumNous/new-api/model","Test":"TestJSONColumnValuersZeroValueIsNil","Output":"=== RUN   TestJSONColumnValuersZeroValueIsNil\n"}
{"Time":"2026-09-10T09:18:22.6860061-04:00","Action":"run","Package":"github.com/QuantumNous/new-api/model","Test":"TestJSONColumnValuersZeroValueIsNil/Properties"}
{"Time":"2026-09-10T09:18:22.6860061-04:00","Action":"output","Package":"github.com/QuantumNous/new-api/model","Test":"TestJSONColumnValuersZeroValueIsNil/Properties","Output":"=== RUN   TestJSONColumnValuersZeroValueIsNil/Properties\n"}
{"Time":"2026-09-10T09:18:22.6860061-04:00","Action":"output","Package":"github.com/QuantumNous/new-api/model","Test":"TestJSONColumnValuersZeroValueIsNil/Properties","Output":"--- PASS: TestJSONColumnValuersZeroValueIsNil/Properties (0.00s)\n"}
{"Time":"2026-09-10T09:18:22.6860061-04:00","Action":"pass","Package":"github.com/QuantumNous/new-api/model","Test":"TestJSONColumnValuersZeroValueIsNil/Properties","Elapsed":0}
{"Time":"2026-09-10T09:18:22.6860061-04:00","Action":"run","Package":"github.com/QuantumNous/new-api/model","Test":"TestJSONColumnValuersZeroValueIsNil/TaskPrivateData"}
{"Time":"2026-09-10T09:18:22.6860061-04:00","Action":"output","Package":"github.com/QuantumNous/new-api/model","Test":"TestJSONColumnValuersZeroValueIsNil/TaskPrivateData","Output":"=== RUN   TestJSONColumnValuersZeroValueIsNil/TaskPrivateData\n"}
{"Time":"2026-09-10T09:18:22.6860061-04:00","Action":"output","Package":"github.com/QuantumNous/new-api/model","Test":"TestJSONColumnValuersZeroValueIsNil/TaskPrivateData","Output":"--- PASS: TestJSONColumnValuersZeroValueIsNil/TaskPrivateData (0.00s)\n"}
{"Time":"2026-09-10T09:18:22.6860061-04:00","Action":"pass","Package":"github.com/QuantumNous/new-api/model","Test":"TestJSONColumnValuersZeroValueIsNil/TaskPrivateData","Elapsed":0}
{"Time":"2026-09-10T09:18:22.6860061-04:00","Action":"run","Package":"github.com/QuantumNous/new-api/model","Test":"TestJSONColumnValuersZeroValueIsNil/JSONValue"}
{"Time":"2026-09-10T09:18:22.6860061-04:00","Action":"output","Package":"github.com/QuantumNous/new-api/model","Test":"TestJSONColumnValuersZeroValueIsNil/JSONValue","Output":"=== RUN   TestJSONColumnValuersZeroValueIsNil/JSONValue\n"}
{"Time":"2026-09-10T09:18:22.6860061-04:00","Action":"output","Package":"github.com/QuantumNous/new-api/model","Test":"TestJSONColumnValuersZeroValueIsNil/JSONValue","Output":"--- PASS: TestJSONColumnValuersZeroValueIsNil/JSONValue (0.00s)\n"}
{"Time":"2026-09-10T09:18:22.6860061-04:00","Action":"pass","Package":"github.com/QuantumNous/new-api/model","Test":"TestJSONColumnValuersZeroValueIsNil/JSONValue","Elapsed":0}
{"Time":"2026-09-10T09:18:22.6860061-04:00","Action":"output","Package":"github.com/QuantumNous/new-api/model","Test":"TestJSONColumnValuersZeroValueIsNil","Output":"--- PASS: TestJSONColumnValuersZeroValueIsNil (0.00s)\n"}
{"Time":"2026-09-10T09:18:22.6860061-04:00","Action":"pass","Package":"github.com/QuantumNous/new-api/model","Test":"TestJSONColumnValuersZeroValueIsNil","Elapsed":0}
{"Time":"2026-09-10T09:18:22.6860061-04:00","Action":"run","Package":"github.com/QuantumNous/new-api/model","Test":"TestJSONColumnScannersAcceptStringAndBytes"}
{"Time":"2026-09-10T09:18:22.6860061-04:00","Action":"output","Package":"github.com/QuantumNous/new-api/model","Test":"TestJSONColumnScannersAcceptStringAndBytes","Output":"=== RUN   TestJSONColumnScannersAcceptStringAndBytes\n"}
{"Time":"2026-09-10T09:18:22.6860061-04:00","Action":"run","Package":"github.com/QuantumNous/new-api/model","Test":"TestJSONColumnScannersAcceptStringAndBytes/bytes"}
{"Time":"2026-09-10T09:18:22.6860061-04:00","Action":"output","Package":"github.com/QuantumNous/new-api/model","Test":"TestJSONColumnScannersAcceptStringAndBytes/bytes","Output":"=== RUN   TestJSONColumnScannersAcceptStringAndBytes/bytes\n"}
{"Time":"2026-09-10T09:18:22.6860061-04:00","Action":"output","Package":"github.com/QuantumNous/new-api/model","Test":"TestJSONColumnScannersAcceptStringAndBytes/bytes","Output":"--- PASS: TestJSONColumnScannersAcceptStringAndBytes/bytes (0.00s)\n"}
{"Time":"2026-09-10T09:18:22.6860061-04:00","Action":"pass","Package":"github.com/QuantumNous/new-api/model","Test":"TestJSONColumnScannersAcceptStringAndBytes/bytes","Elapsed":0}
{"Time":"2026-09-10T09:18:22.6860061-04:00","Action":"run","Package":"github.com/QuantumNous/new-api/model","Test":"TestJSONColumnScannersAcceptStringAndBytes/string"}
{"Time":"2026-09-10T09:18:22.6860061-04:00","Action":"output","Package":"github.com/QuantumNous/new-api/model","Test":"TestJSONColumnScannersAcceptStringAndBytes/string","Output":"=== RUN   TestJSONColumnScannersAcceptStringAndBytes/string\n"}
{"Time":"2026-09-10T09:18:22.6860061-04:00","Action":"output","Package":"github.com/QuantumNous/new-api/model","Test":"TestJSONColumnScannersAcceptStringAndBytes/string","Output":"--- PASS: TestJSONColumnScannersAcceptStringAndBytes/string (0.00s)\n"}
{"Time":"2026-09-10T09:18:22.6860061-04:00","Action":"pass","Package":"github.com/QuantumNous/new-api/model","Test":"TestJSONColumnScannersAcceptStringAndBytes/string","Elapsed":0}
{"Time":"2026-09-10T09:18:22.6860061-04:00","Action":"output","Package":"github.com/QuantumNous/new-api/model","Test":"TestJSONColumnScannersAcceptStringAndBytes","Output":"--- PASS: TestJSONColumnScannersAcceptStringAndBytes (0.00s)\n"}
{"Time":"2026-09-10T09:18:22.6860061-04:00","Action":"pass","Package":"github.com/QuantumNous/new-api/model","Test":"TestJSONColumnScannersAcceptStringAndBytes","Elapsed":0}
{"Time":"2026-09-10T09:18:22.6860061-04:00","Action":"run","Package":"github.com/QuantumNous/new-api/model","Test":"TestMigrationSchemaStability"}
{"Time":"2026-09-10T09:18:22.6860061-04:00","Action":"output","Package":"github.com/QuantumNous/new-api/model","Test":"TestMigrationSchemaStability","Output":"=== RUN   TestMigrationSchemaStability\n"}
{"Time":"2026-09-10T09:18:22.6860061-04:00","Action":"run","Package":"github.com/QuantumNous/new-api/model","Test":"TestMigrationSchemaStability/sqlite"}
{"Time":"2026-09-10T09:18:22.6860061-04:00","Action":"output","Package":"github.com/QuantumNous/new-api/model","Test":"TestMigrationSchemaStability/sqlite","Output":"=== RUN   TestMigrationSchemaStability/sqlite\n"}
{"Time":"2026-09-10T09:18:22.6865194-04:00","Action":"output","Package":"github.com/QuantumNous/new-api/model","Test":"TestMigrationSchemaStability/sqlite","Output":"[SYS] 2026/09/10 - 09:18:22 | SQL_DSN not set, using SQLite as database \n"}
{"Time":"2026-09-10T09:18:22.6870293-04:00","Action":"run","Package":"github.com/QuantumNous/new-api/model","Test":"TestMigrationSchemaStability/sqlite/identity_and_indexes"}
{"Time":"2026-09-10T09:18:22.6870293-04:00","Action":"output","Package":"github.com/QuantumNous/new-api/model","Test":"TestMigrationSchemaStability/sqlite/identity_and_indexes","Output":"=== RUN   TestMigrationSchemaStability/sqlite/identity_and_indexes\n"}
{"Time":"2026-09-10T09:18:22.726309-04:00","Action":"output","Package":"github.com/QuantumNous/new-api/model","Test":"TestMigrationSchemaStability/sqlite/identity_and_indexes","Output":"--- PASS: TestMigrationSchemaStability/sqlite/identity_and_indexes (0.04s)\n"}
{"Time":"2026-09-10T09:18:22.726309-04:00","Action":"pass","Package":"github.com/QuantumNous/new-api/model","Test":"TestMigrationSchemaStability/sqlite/identity_and_indexes","Elapsed":0.04}
{"Time":"2026-09-10T09:18:22.726309-04:00","Action":"run","Package":"github.com/QuantumNous/new-api/model","Test":"TestMigrationSchemaStability/sqlite/unique_constraint_changes"}
{"Time":"2026-09-10T09:18:22.726309-04:00","Action":"output","Package":"github.com/QuantumNous/new-api/model","Test":"TestMigrationSchemaStability/sqlite/unique_constraint_changes","Output":"=== RUN   TestMigrationSchemaStability/sqlite/unique_constraint_changes\n"}
{"Time":"2026-09-10T09:18:22.7497452-04:00","Action":"output","Package":"github.com/QuantumNous/new-api/model","Test":"TestMigrationSchemaStability/sqlite/unique_constraint_changes","Output":"--- PASS: TestMigrationSchemaStability/sqlite/unique_constraint_changes (0.02s)\n"}
{"Time":"2026-09-10T09:18:22.7497452-04:00","Action":"pass","Package":"github.com/QuantumNous/new-api/model","Test":"TestMigrationSchemaStability/sqlite/unique_constraint_changes","Elapsed":0.02}
{"Time":"2026-09-10T09:18:22.75079-04:00","Action":"output","Package":"github.com/QuantumNous/new-api/model","Test":"TestMigrationSchemaStability/sqlite","Output":"--- PASS: TestMigrationSchemaStability/sqlite (0.06s)\n"}
{"Time":"2026-09-10T09:18:22.75079-04:00","Action":"pass","Package":"github.com/QuantumNous/new-api/model","Test":"TestMigrationSchemaStability/sqlite","Elapsed":0.06}
{"Time":"2026-09-10T09:18:22.75079-04:00","Action":"run","Package":"github.com/QuantumNous/new-api/model","Test":"TestMigrationSchemaStability/mysql"}
{"Time":"2026-09-10T09:18:22.75079-04:00","Action":"output","Package":"github.com/QuantumNous/new-api/model","Test":"TestMigrationSchemaStability/mysql","Output":"=== RUN   TestMigrationSchemaStability/mysql\n"}
{"Time":"2026-09-10T09:18:22.75079-04:00","Action":"output","Package":"github.com/QuantumNous/new-api/model","Test":"TestMigrationSchemaStability/mysql","Output":"[SYS] 2026/09/10 - 09:18:22 | using MySQL as database \n"}
{"Time":"2026-09-10T09:18:22.752356-04:00","Action":"output","Package":"github.com/QuantumNous/new-api/model","Test":"TestMigrationSchemaStability/mysql","Output":"\r\n"}
{"Time":"2026-09-10T09:18:22.752356-04:00","Action":"output","Package":"github.com/QuantumNous/new-api/model","Test":"TestMigrationSchemaStability/mysql","Output":"2026/09/10 09:18:22 \u001b[35mD:/10178/Projects/new-api-upstream-sync/model/main.go:177\n"}
{"Time":"2026-09-10T09:18:22.752356-04:00","Action":"output","Package":"github.com/QuantumNous/new-api/model","Test":"TestMigrationSchemaStability/mysql","Output":"\u001b[0m\u001b[31m[error] \u001b[0mfailed to initialize database, got error dial tcp 127.0.0.1:43306: connectex: No connection could be made because the target machine actively refused it.\n"}
{"Time":"2026-09-10T09:18:22.752356-04:00","Action":"output","Package":"github.com/QuantumNous/new-api/model","Test":"TestMigrationSchemaStability/mysql","Output":"    migration_dialector_test.go:79: \n"}
{"Time":"2026-09-10T09:18:22.752356-04:00","Action":"output","Package":"github.com/QuantumNous/new-api/model","Test":"TestMigrationSchemaStability/mysql","Output":"        \tError Trace:\tD:/10178/Projects/new-api-upstream-sync/model/migration_dialector_test.go:79\n"}
{"Time":"2026-09-10T09:18:22.752356-04:00","Action":"output","Package":"github.com/QuantumNous/new-api/model","Test":"TestMigrationSchemaStability/mysql","Output":"        \tError:      \tReceived unexpected error:\n"}
{"Time":"2026-09-10T09:18:22.752356-04:00","Action":"output","Package":"github.com/QuantumNous/new-api/model","Test":"TestMigrationSchemaStability/mysql","Output":"        \t            \tdial tcp 127.0.0.1:43306: connectex: No connection could be made because the target machine actively refused it.\n"}
{"Time":"2026-09-10T09:18:22.752356-04:00","Action":"output","Package":"github.com/QuantumNous/new-api/model","Test":"TestMigrationSchemaStability/mysql","Output":"        \tTest:       \tTestMigrationSchemaStability/mysql\n"}
{"Time":"2026-09-10T09:18:22.752356-04:00","Action":"output","Package":"github.com/QuantumNous/new-api/model","Test":"TestMigrationSchemaStability/mysql","Output":"--- FAIL: TestMigrationSchemaStability/mysql (0.00s)\n"}
{"Time":"2026-09-10T09:18:22.752356-04:00","Action":"fail","Package":"github.com/QuantumNous/new-api/model","Test":"TestMigrationSchemaStability/mysql","Elapsed":0}
{"Time":"2026-09-10T09:18:22.752356-04:00","Action":"run","Package":"github.com/QuantumNous/new-api/model","Test":"TestMigrationSchemaStability/postgres"}
{"Time":"2026-09-10T09:18:22.752356-04:00","Action":"output","Package":"github.com/QuantumNous/new-api/model","Test":"TestMigrationSchemaStability/postgres","Output":"=== RUN   TestMigrationSchemaStability/postgres\n"}
{"Time":"2026-09-10T09:18:22.752356-04:00","Action":"output","Package":"github.com/QuantumNous/new-api/model","Test":"TestMigrationSchemaStability/postgres","Output":"[SYS] 2026/09/10 - 09:18:22 | using PostgreSQL as database \n"}
{"Time":"2026-09-10T09:18:22.7560162-04:00","Action":"output","Package":"github.com/QuantumNous/new-api/model","Test":"TestMigrationSchemaStability/postgres","Output":"\r\n"}
{"Time":"2026-09-10T09:18:22.7560162-04:00","Action":"output","Package":"github.com/QuantumNous/new-api/model","Test":"TestMigrationSchemaStability/postgres","Output":"2026/09/10 09:18:22 \u001b[35mD:/10178/Projects/new-api-upstream-sync/model/main.go:156\n"}
{"Time":"2026-09-10T09:18:22.7560162-04:00","Action":"output","Package":"github.com/QuantumNous/new-api/model","Test":"TestMigrationSchemaStability/postgres","Output":"\u001b[0m\u001b[31m[error] \u001b[0mfailed to initialize database, got error failed to connect to `user=postgres database=sync_test`: 127.0.0.1:45432 (127.0.0.1): dial error: dial tcp 127.0.0.1:45432: connectex: No connection could be made because the target machine actively refused it.\n"}
{"Time":"2026-09-10T09:18:22.7560162-04:00","Action":"output","Package":"github.com/QuantumNous/new-api/model","Test":"TestMigrationSchemaStability/postgres","Output":"    migration_dialector_test.go:79: \n"}
{"Time":"2026-09-10T09:18:22.7560162-04:00","Action":"output","Package":"github.com/QuantumNous/new-api/model","Test":"TestMigrationSchemaStability/postgres","Output":"        \tError Trace:\tD:/10178/Projects/new-api-upstream-sync/model/migration_dialector_test.go:79\n"}
{"Time":"2026-09-10T09:18:22.7560162-04:00","Action":"output","Package":"github.com/QuantumNous/new-api/model","Test":"TestMigrationSchemaStability/postgres","Output":"        \tError:      \tReceived unexpected error:\n"}
{"Time":"2026-09-10T09:18:22.7560162-04:00","Action":"output","Package":"github.com/QuantumNous/new-api/model","Test":"TestMigrationSchemaStability/postgres","Output":"        \t            \tfailed to connect to `user=postgres database=sync_test`: 127.0.0.1:45432 (127.0.0.1): dial error: dial tcp 127.0.0.1:45432: connectex: No connection could be made because the target machine actively refused it.\n"}
{"Time":"2026-09-10T09:18:22.7560162-04:00","Action":"output","Package":"github.com/QuantumNous/new-api/model","Test":"TestMigrationSchemaStability/postgres","Output":"        \tTest:       \tTestMigrationSchemaStability/postgres\n"}
{"Time":"2026-09-10T09:18:22.7560162-04:00","Action":"output","Package":"github.com/QuantumNous/new-api/model","Test":"TestMigrationSchemaStability/postgres","Output":"--- FAIL: TestMigrationSchemaStability/postgres (0.00s)\n"}
{"Time":"2026-09-10T09:18:22.7560162-04:00","Action":"fail","Package":"github.com/QuantumNous/new-api/model","Test":"TestMigrationSchemaStability/postgres","Elapsed":0}
{"Time":"2026-09-10T09:18:22.7560162-04:00","Action":"output","Package":"github.com/QuantumNous/new-api/model","Test":"TestMigrationSchemaStability","Output":"--- FAIL: TestMigrationSchemaStability (0.07s)\n"}
{"Time":"2026-09-10T09:18:22.7560162-04:00","Action":"fail","Package":"github.com/QuantumNous/new-api/model","Test":"TestMigrationSchemaStability","Elapsed":0.07}
{"Time":"2026-09-10T09:18:22.7560162-04:00","Action":"run","Package":"github.com/QuantumNous/new-api/model","Test":"TestMigrateModelVendorActiveNamesRejectsDuplicateActiveNames"}
{"Time":"2026-09-10T09:18:22.7560162-04:00","Action":"output","Package":"github.com/QuantumNous/new-api/model","Test":"TestMigrateModelVendorActiveNamesRejectsDuplicateActiveNames","Output":"=== RUN   TestMigrateModelVendorActiveNamesRejectsDuplicateActiveNames\n"}
{"Time":"2026-09-10T09:18:22.7575815-04:00","Action":"output","Package":"github.com/QuantumNous/new-api/model","Test":"TestMigrateModelVendorActiveNamesRejectsDuplicateActiveNames","Output":"--- PASS: TestMigrateModelVendorActiveNamesRejectsDuplicateActiveNames (0.00s)\n"}
{"Time":"2026-09-10T09:18:22.7575815-04:00","Action":"pass","Package":"github.com/QuantumNous/new-api/model","Test":"TestMigrateModelVendorActiveNamesRejectsDuplicateActiveNames","Elapsed":0}
{"Time":"2026-09-10T09:18:22.7575815-04:00","Action":"run","Package":"github.com/QuantumNous/new-api/model","Test":"TestMigrateModelVendorActiveNamesBackfillsThenCreatesIndexes"}
{"Time":"2026-09-10T09:18:22.7575815-04:00","Action":"output","Package":"github.com/QuantumNous/new-api/model","Test":"TestMigrateModelVendorActiveNamesBackfillsThenCreatesIndexes","Output":"=== RUN   TestMigrateModelVendorActiveNamesBackfillsThenCreatesIndexes\n"}
{"Time":"2026-09-10T09:18:22.7586236-04:00","Action":"output","Package":"github.com/QuantumNous/new-api/model","Test":"TestMigrateModelVendorActiveNamesBackfillsThenCreatesIndexes","Output":"--- PASS: TestMigrateModelVendorActiveNamesBackfillsThenCreatesIndexes (0.00s)\n"}
{"Time":"2026-09-10T09:18:22.7586236-04:00","Action":"pass","Package":"github.com/QuantumNous/new-api/model","Test":"TestMigrateModelVendorActiveNamesBackfillsThenCreatesIndexes","Elapsed":0}
{"Time":"2026-09-10T09:18:22.7586236-04:00","Action":"run","Package":"github.com/QuantumNous/new-api/model","Test":"TestMigrateModelVendorActiveNamesAllowsMultipleSoftDeletedNames"}
{"Time":"2026-09-10T09:18:22.7586236-04:00","Action":"output","Package":"github.com/QuantumNous/new-api/model","Test":"TestMigrateModelVendorActiveNamesAllowsMultipleSoftDeletedNames","Output":"=== RUN   TestMigrateModelVendorActiveNamesAllowsMultipleSoftDeletedNames\n"}
{"Time":"2026-09-10T09:18:22.7596525-04:00","Action":"output","Package":"github.com/QuantumNous/new-api/model","Test":"TestMigrateModelVendorActiveNamesAllowsMultipleSoftDeletedNames","Output":"--- PASS: TestMigrateModelVendorActiveNamesAllowsMultipleSoftDeletedNames (0.00s)\n"}
{"Time":"2026-09-10T09:18:22.7596525-04:00","Action":"pass","Package":"github.com/QuantumNous/new-api/model","Test":"TestMigrateModelVendorActiveNamesAllowsMultipleSoftDeletedNames","Elapsed":0}
{"Time":"2026-09-10T09:18:22.7596525-04:00","Action":"run","Package":"github.com/QuantumNous/new-api/model","Test":"TestMigratePasskeyCredentialIndexesPreservesLegacyDataAndAllowsMultipleDevices"}
{"Time":"2026-09-10T09:18:22.7596525-04:00","Action":"output","Package":"github.com/QuantumNous/new-api/model","Test":"TestMigratePasskeyCredentialIndexesPreservesLegacyDataAndAllowsMultipleDevices","Output":"=== RUN   TestMigratePasskeyCredentialIndexesPreservesLegacyDataAndAllowsMultipleDevices\n"}
{"Time":"2026-09-10T09:18:22.7606946-04:00","Action":"output","Package":"github.com/QuantumNous/new-api/model","Test":"TestMigratePasskeyCredentialIndexesPreservesLegacyDataAndAllowsMultipleDevices","Output":"\r\n"}
{"Time":"2026-09-10T09:18:22.7612146-04:00","Action":"output","Package":"github.com/QuantumNous/new-api/model","Test":"TestMigratePasskeyCredentialIndexesPreservesLegacyDataAndAllowsMultipleDevices","Output":"2026/09/10 09:18:22 \u001b[32mC:/Users/10178/go/pkg/mod/github.com/glebarez/sqlite@v1.11.0/migrator.go:342\n"}
{"Time":"2026-09-10T09:18:22.7612146-04:00","Action":"output","Package":"github.com/QuantumNous/new-api/model","Test":"TestMigratePasskeyCredentialIndexesPreservesLegacyDataAndAllowsMultipleDevices","Output":"\u001b[0m\u001b[33m[0.000ms] \u001b[34;1m[rows:3]\u001b[0m SELECT * FROM PRAGMA_index_list(\"passkey_credentials\")\n"}
{"Time":"2026-09-10T09:18:22.7612146-04:00","Action":"output","Package":"github.com/QuantumNous/new-api/model","Test":"TestMigratePasskeyCredentialIndexesPreservesLegacyDataAndAllowsMultipleDevices","Output":"\r\n"}
{"Time":"2026-09-10T09:18:22.7612146-04:00","Action":"output","Package":"github.com/QuantumNous/new-api/model","Test":"TestMigratePasskeyCredentialIndexesPreservesLegacyDataAndAllowsMultipleDevices","Output":"2026/09/10 09:18:22 \u001b[32mC:/Users/10178/go/pkg/mod/github.com/glebarez/sqlite@v1.11.0/migrator.go:342\n"}
{"Time":"2026-09-10T09:18:22.7612146-04:00","Action":"output","Package":"github.com/QuantumNous/new-api/model","Test":"TestMigratePasskeyCredentialIndexesPreservesLegacyDataAndAllowsMultipleDevices","Output":"\u001b[0m\u001b[33m[0.000ms] \u001b[34;1m[rows:2]\u001b[0m SELECT * FROM PRAGMA_index_list(\"passkey_credentials\")\n"}
{"Time":"2026-09-10T09:18:22.7612146-04:00","Action":"output","Package":"github.com/QuantumNous/new-api/model","Test":"TestMigratePasskeyCredentialIndexesPreservesLegacyDataAndAllowsMultipleDevices","Output":"--- PASS: TestMigratePasskeyCredentialIndexesPreservesLegacyDataAndAllowsMultipleDevices (0.00s)\n"}
{"Time":"2026-09-10T09:18:22.7612146-04:00","Action":"pass","Package":"github.com/QuantumNous/new-api/model","Test":"TestMigratePasskeyCredentialIndexesPreservesLegacyDataAndAllowsMultipleDevices","Elapsed":0}
{"Time":"2026-09-10T09:18:22.7612146-04:00","Action":"run","Package":"github.com/QuantumNous/new-api/model","Test":"TestMigratePrefillGroupUniquenessSQLite"}
{"Time":"2026-09-10T09:18:22.7612146-04:00","Action":"output","Package":"github.com/QuantumNous/new-api/model","Test":"TestMigratePrefillGroupUniquenessSQLite","Output":"=== RUN   TestMigratePrefillGroupUniquenessSQLite\n"}
{"Time":"2026-09-10T09:18:22.7622471-04:00","Action":"output","Package":"github.com/QuantumNous/new-api/model","Test":"TestMigratePrefillGroupUniquenessSQLite","Output":"--- PASS: TestMigratePrefillGroupUniquenessSQLite (0.00s)\n"}
{"Time":"2026-09-10T09:18:22.7622471-04:00","Action":"pass","Package":"github.com/QuantumNous/new-api/model","Test":"TestMigratePrefillGroupUniquenessSQLite","Elapsed":0}
{"Time":"2026-09-10T09:18:22.7622471-04:00","Action":"run","Package":"github.com/QuantumNous/new-api/model","Test":"TestMigratePrefillGroupUniquenessMySQL"}
{"Time":"2026-09-10T09:18:22.7622471-04:00","Action":"output","Package":"github.com/QuantumNous/new-api/model","Test":"TestMigratePrefillGroupUniquenessMySQL","Output":"=== RUN   TestMigratePrefillGroupUniquenessMySQL\n"}
{"Time":"2026-09-10T09:18:22.7622471-04:00","Action":"output","Package":"github.com/QuantumNous/new-api/model","Test":"TestMigratePrefillGroupUniquenessMySQL","Output":"\r\n"}
{"Time":"2026-09-10T09:18:22.7627729-04:00","Action":"output","Package":"github.com/QuantumNous/new-api/model","Test":"TestMigratePrefillGroupUniquenessMySQL","Output":"2026/09/10 09:18:22 \u001b[35mD:/10178/Projects/new-api-upstream-sync/model/prefill_group_migration_test.go:56\n"}
{"Time":"2026-09-10T09:18:22.7627729-04:00","Action":"output","Package":"github.com/QuantumNous/new-api/model","Test":"TestMigratePrefillGroupUniquenessMySQL","Output":"\u001b[0m\u001b[31m[error] \u001b[0mfailed to initialize database, got error dial tcp 127.0.0.1:43306: connectex: No connection could be made because the target machine actively refused it.\n"}
{"Time":"2026-09-10T09:18:22.7627729-04:00","Action":"output","Package":"github.com/QuantumNous/new-api/model","Test":"TestMigratePrefillGroupUniquenessMySQL","Output":"    prefill_group_migration_test.go:57: \n"}
{"Time":"2026-09-10T09:18:22.7627729-04:00","Action":"output","Package":"github.com/QuantumNous/new-api/model","Test":"TestMigratePrefillGroupUniquenessMySQL","Output":"        \tError Trace:\tD:/10178/Projects/new-api-upstream-sync/model/prefill_group_migration_test.go:57\n"}
{"Time":"2026-09-10T09:18:22.7627729-04:00","Action":"output","Package":"github.com/QuantumNous/new-api/model","Test":"TestMigratePrefillGroupUniquenessMySQL","Output":"        \tError:      \tReceived unexpected error:\n"}
{"Time":"2026-09-10T09:18:22.7627729-04:00","Action":"output","Package":"github.com/QuantumNous/new-api/model","Test":"TestMigratePrefillGroupUniquenessMySQL","Output":"        \t            \tdial tcp 127.0.0.1:43306: connectex: No connection could be made because the target machine actively refused it.\n"}
{"Time":"2026-09-10T09:18:22.7627729-04:00","Action":"output","Package":"github.com/QuantumNous/new-api/model","Test":"TestMigratePrefillGroupUniquenessMySQL","Output":"        \tTest:       \tTestMigratePrefillGroupUniquenessMySQL\n"}
{"Time":"2026-09-10T09:18:22.7627729-04:00","Action":"output","Package":"github.com/QuantumNous/new-api/model","Test":"TestMigratePrefillGroupUniquenessMySQL","Output":"--- FAIL: TestMigratePrefillGroupUniquenessMySQL (0.00s)\n"}
{"Time":"2026-09-10T09:18:22.7627729-04:00","Action":"fail","Package":"github.com/QuantumNous/new-api/model","Test":"TestMigratePrefillGroupUniquenessMySQL","Elapsed":0}
{"Time":"2026-09-10T09:18:22.7627729-04:00","Action":"run","Package":"github.com/QuantumNous/new-api/model","Test":"TestMigratePrefillGroupUniquenessPostgreSQL"}
{"Time":"2026-09-10T09:18:22.7627729-04:00","Action":"output","Package":"github.com/QuantumNous/new-api/model","Test":"TestMigratePrefillGroupUniquenessPostgreSQL","Output":"=== RUN   TestMigratePrefillGroupUniquenessPostgreSQL\n"}
{"Time":"2026-09-10T09:18:22.7632906-04:00","Action":"output","Package":"github.com/QuantumNous/new-api/model","Test":"TestMigratePrefillGroupUniquenessPostgreSQL","Output":"\r\n"}
{"Time":"2026-09-10T09:18:22.7632906-04:00","Action":"output","Package":"github.com/QuantumNous/new-api/model","Test":"TestMigratePrefillGroupUniquenessPostgreSQL","Output":"2026/09/10 09:18:22 \u001b[35mD:/10178/Projects/new-api-upstream-sync/model/prefill_group_migration_test.go:70\n"}
{"Time":"2026-09-10T09:18:22.7632906-04:00","Action":"output","Package":"github.com/QuantumNous/new-api/model","Test":"TestMigratePrefillGroupUniquenessPostgreSQL","Output":"\u001b[0m\u001b[31m[error] \u001b[0mfailed to initialize database, got error failed to connect to `user=postgres database=sync_test`: 127.0.0.1:45432 (127.0.0.1): dial error: dial tcp 127.0.0.1:45432: connectex: No connection could be made because the target machine actively refused it.\n"}
{"Time":"2026-09-10T09:18:22.7632906-04:00","Action":"output","Package":"github.com/QuantumNous/new-api/model","Test":"TestMigratePrefillGroupUniquenessPostgreSQL","Output":"    prefill_group_migration_test.go:74: \n"}
{"Time":"2026-09-10T09:18:22.7632906-04:00","Action":"output","Package":"github.com/QuantumNous/new-api/model","Test":"TestMigratePrefillGroupUniquenessPostgreSQL","Output":"        \tError Trace:\tD:/10178/Projects/new-api-upstream-sync/model/prefill_group_migration_test.go:74\n"}
{"Time":"2026-09-10T09:18:22.7632906-04:00","Action":"output","Package":"github.com/QuantumNous/new-api/model","Test":"TestMigratePrefillGroupUniquenessPostgreSQL","Output":"        \tError:      \tReceived unexpected error:\n"}
{"Time":"2026-09-10T09:18:22.7632906-04:00","Action":"output","Package":"github.com/QuantumNous/new-api/model","Test":"TestMigratePrefillGroupUniquenessPostgreSQL","Output":"        \t            \tfailed to connect to `user=postgres database=sync_test`: 127.0.0.1:45432 (127.0.0.1): dial error: dial tcp 127.0.0.1:45432: connectex: No connection could be made because the target machine actively refused it.\n"}
{"Time":"2026-09-10T09:18:22.7632906-04:00","Action":"output","Package":"github.com/QuantumNous/new-api/model","Test":"TestMigratePrefillGroupUniquenessPostgreSQL","Output":"        \tTest:       \tTestMigratePrefillGroupUniquenessPostgreSQL\n"}
{"Time":"2026-09-10T09:18:22.7632906-04:00","Action":"output","Package":"github.com/QuantumNous/new-api/model","Test":"TestMigratePrefillGroupUniquenessPostgreSQL","Output":"--- FAIL: TestMigratePrefillGroupUniquenessPostgreSQL (0.00s)\n"}
{"Time":"2026-09-10T09:18:22.7632906-04:00","Action":"fail","Package":"github.com/QuantumNous/new-api/model","Test":"TestMigratePrefillGroupUniquenessPostgreSQL","Elapsed":0}
{"Time":"2026-09-10T09:18:22.7632906-04:00","Action":"run","Package":"github.com/QuantumNous/new-api/model","Test":"TestUpdateSystemTaskStateIdenticalPayloadDoesNotLoseLock"}
{"Time":"2026-09-10T09:18:22.7632906-04:00","Action":"output","Package":"github.com/QuantumNous/new-api/model","Test":"TestUpdateSystemTaskStateIdenticalPayloadDoesNotLoseLock","Output":"=== RUN   TestUpdateSystemTaskStateIdenticalPayloadDoesNotLoseLock\n"}
{"Time":"2026-09-10T09:18:22.7643343-04:00","Action":"output","Package":"github.com/QuantumNous/new-api/model","Test":"TestUpdateSystemTaskStateIdenticalPayloadDoesNotLoseLock","Output":"--- PASS: TestUpdateSystemTaskStateIdenticalPayloadDoesNotLoseLock (0.00s)\n"}
{"Time":"2026-09-10T09:18:22.7643343-04:00","Action":"pass","Package":"github.com/QuantumNous/new-api/model","Test":"TestUpdateSystemTaskStateIdenticalPayloadDoesNotLoseLock","Elapsed":0}
{"Time":"2026-09-10T09:18:22.7643343-04:00","Action":"run","Package":"github.com/QuantumNous/new-api/model","Test":"TestMigrateTokenKeyUniquenessSQLite"}
{"Time":"2026-09-10T09:18:22.7643343-04:00","Action":"output","Package":"github.com/QuantumNous/new-api/model","Test":"TestMigrateTokenKeyUniquenessSQLite","Output":"=== RUN   TestMigrateTokenKeyUniquenessSQLite\n"}
{"Time":"2026-09-10T09:18:22.7664255-04:00","Action":"output","Package":"github.com/QuantumNous/new-api/model","Test":"TestMigrateTokenKeyUniquenessSQLite","Output":"--- PASS: TestMigrateTokenKeyUniquenessSQLite (0.00s)\n"}
{"Time":"2026-09-10T09:18:22.7664255-04:00","Action":"pass","Package":"github.com/QuantumNous/new-api/model","Test":"TestMigrateTokenKeyUniquenessSQLite","Elapsed":0}
{"Time":"2026-09-10T09:18:22.7664255-04:00","Action":"run","Package":"github.com/QuantumNous/new-api/model","Test":"TestMigrateTokenKeyUniquenessMySQL"}
{"Time":"2026-09-10T09:18:22.7664255-04:00","Action":"output","Package":"github.com/QuantumNous/new-api/model","Test":"TestMigrateTokenKeyUniquenessMySQL","Output":"=== RUN   TestMigrateTokenKeyUniquenessMySQL\n"}
{"Time":"2026-09-10T09:18:22.7664255-04:00","Action":"output","Package":"github.com/QuantumNous/new-api/model","Test":"TestMigrateTokenKeyUniquenessMySQL","Output":"\r\n"}
{"Time":"2026-09-10T09:18:22.7664255-04:00","Action":"output","Package":"github.com/QuantumNous/new-api/model","Test":"TestMigrateTokenKeyUniquenessMySQL","Output":"2026/09/10 09:18:22 \u001b[35mD:/10178/Projects/new-api-upstream-sync/model/token_migration_test.go:76\n"}
{"Time":"2026-09-10T09:18:22.7664255-04:00","Action":"output","Package":"github.com/QuantumNous/new-api/model","Test":"TestMigrateTokenKeyUniquenessMySQL","Output":"\u001b[0m\u001b[31m[error] \u001b[0mfailed to initialize database, got error dial tcp 127.0.0.1:43306: connectex: No connection could be made because the target machine actively refused it.\n"}
{"Time":"2026-09-10T09:18:22.7664255-04:00","Action":"output","Package":"github.com/QuantumNous/new-api/model","Test":"TestMigrateTokenKeyUniquenessMySQL","Output":"    token_migration_test.go:77: \n"}
{"Time":"2026-09-10T09:18:22.7664255-04:00","Action":"output","Package":"github.com/QuantumNous/new-api/model","Test":"TestMigrateTokenKeyUniquenessMySQL","Output":"        \tError Trace:\tD:/10178/Projects/new-api-upstream-sync/model/token_migration_test.go:77\n"}
{"Time":"2026-09-10T09:18:22.7664255-04:00","Action":"output","Package":"github.com/QuantumNous/new-api/model","Test":"TestMigrateTokenKeyUniquenessMySQL","Output":"        \tError:      \tReceived unexpected error:\n"}
{"Time":"2026-09-10T09:18:22.7664255-04:00","Action":"output","Package":"github.com/QuantumNous/new-api/model","Test":"TestMigrateTokenKeyUniquenessMySQL","Output":"        \t            \tdial tcp 127.0.0.1:43306: connectex: No connection could be made because the target machine actively refused it.\n"}
{"Time":"2026-09-10T09:18:22.7664255-04:00","Action":"output","Package":"github.com/QuantumNous/new-api/model","Test":"TestMigrateTokenKeyUniquenessMySQL","Output":"        \tTest:       \tTestMigrateTokenKeyUniquenessMySQL\n"}
{"Time":"2026-09-10T09:18:22.7664255-04:00","Action":"output","Package":"github.com/QuantumNous/new-api/model","Test":"TestMigrateTokenKeyUniquenessMySQL","Output":"--- FAIL: TestMigrateTokenKeyUniquenessMySQL (0.00s)\n"}
{"Time":"2026-09-10T09:18:22.7664255-04:00","Action":"fail","Package":"github.com/QuantumNous/new-api/model","Test":"TestMigrateTokenKeyUniquenessMySQL","Elapsed":0}
{"Time":"2026-09-10T09:18:22.7669434-04:00","Action":"run","Package":"github.com/QuantumNous/new-api/model","Test":"TestMigrateTokenKeyUniquenessPostgreSQL"}
{"Time":"2026-09-10T09:18:22.7669434-04:00","Action":"output","Package":"github.com/QuantumNous/new-api/model","Test":"TestMigrateTokenKeyUniquenessPostgreSQL","Output":"=== RUN   TestMigrateTokenKeyUniquenessPostgreSQL\n"}
{"Time":"2026-09-10T09:18:22.7674604-04:00","Action":"output","Package":"github.com/QuantumNous/new-api/model","Test":"TestMigrateTokenKeyUniquenessPostgreSQL","Output":"\r\n"}
{"Time":"2026-09-10T09:18:22.7674604-04:00","Action":"output","Package":"github.com/QuantumNous/new-api/model","Test":"TestMigrateTokenKeyUniquenessPostgreSQL","Output":"2026/09/10 09:18:22 \u001b[35mD:/10178/Projects/new-api-upstream-sync/model/token_migration_test.go:90\n"}
{"Time":"2026-09-10T09:18:22.7674604-04:00","Action":"output","Package":"github.com/QuantumNous/new-api/model","Test":"TestMigrateTokenKeyUniquenessPostgreSQL","Output":"\u001b[0m\u001b[31m[error] \u001b[0mfailed to initialize database, got error failed to connect to `user=postgres database=sync_test`: 127.0.0.1:45432 (127.0.0.1): dial error: dial tcp 127.0.0.1:45432: connectex: No connection could be made because the target machine actively refused it.\n"}
{"Time":"2026-09-10T09:18:22.7674604-04:00","Action":"output","Package":"github.com/QuantumNous/new-api/model","Test":"TestMigrateTokenKeyUniquenessPostgreSQL","Output":"    token_migration_test.go:94: \n"}
{"Time":"2026-09-10T09:18:22.7674604-04:00","Action":"output","Package":"github.com/QuantumNous/new-api/model","Test":"TestMigrateTokenKeyUniquenessPostgreSQL","Output":"        \tError Trace:\tD:/10178/Projects/new-api-upstream-sync/model/token_migration_test.go:94\n"}
{"Time":"2026-09-10T09:18:22.7674604-04:00","Action":"output","Package":"github.com/QuantumNous/new-api/model","Test":"TestMigrateTokenKeyUniquenessPostgreSQL","Output":"        \tError:      \tReceived unexpected error:\n"}
{"Time":"2026-09-10T09:18:22.7674604-04:00","Action":"output","Package":"github.com/QuantumNous/new-api/model","Test":"TestMigrateTokenKeyUniquenessPostgreSQL","Output":"        \t            \tfailed to connect to `user=postgres database=sync_test`: 127.0.0.1:45432 (127.0.0.1): dial error: dial tcp 127.0.0.1:45432: connectex: No connection could be made because the target machine actively refused it.\n"}
{"Time":"2026-09-10T09:18:22.7674604-04:00","Action":"output","Package":"github.com/QuantumNous/new-api/model","Test":"TestMigrateTokenKeyUniquenessPostgreSQL","Output":"        \tTest:       \tTestMigrateTokenKeyUniquenessPostgreSQL\n"}
{"Time":"2026-09-10T09:18:22.7674604-04:00","Action":"output","Package":"github.com/QuantumNous/new-api/model","Test":"TestMigrateTokenKeyUniquenessPostgreSQL","Output":"--- FAIL: TestMigrateTokenKeyUniquenessPostgreSQL (0.00s)\n"}
{"Time":"2026-09-10T09:18:22.7674604-04:00","Action":"fail","Package":"github.com/QuantumNous/new-api/model","Test":"TestMigrateTokenKeyUniquenessPostgreSQL","Elapsed":0}
{"Time":"2026-09-10T09:18:22.7674604-04:00","Action":"run","Package":"github.com/QuantumNous/new-api/model","Test":"TestUserSessionPreviousRefreshHashMigrationSQLite"}
{"Time":"2026-09-10T09:18:22.7674604-04:00","Action":"output","Package":"github.com/QuantumNous/new-api/model","Test":"TestUserSessionPreviousRefreshHashMigrationSQLite","Output":"=== RUN   TestUserSessionPreviousRefreshHashMigrationSQLite\n"}
{"Time":"2026-09-10T09:18:22.7684952-04:00","Action":"output","Package":"github.com/QuantumNous/new-api/model","Test":"TestUserSessionPreviousRefreshHashMigrationSQLite","Output":"--- PASS: TestUserSessionPreviousRefreshHashMigrationSQLite (0.00s)\n"}
{"Time":"2026-09-10T09:18:22.7684952-04:00","Action":"pass","Package":"github.com/QuantumNous/new-api/model","Test":"TestUserSessionPreviousRefreshHashMigrationSQLite","Elapsed":0}
{"Time":"2026-09-10T09:18:22.7684952-04:00","Action":"run","Package":"github.com/QuantumNous/new-api/model","Test":"TestUserSessionPreviousRefreshHashMigrationConfiguredDatabases"}
{"Time":"2026-09-10T09:18:22.7684952-04:00","Action":"output","Package":"github.com/QuantumNous/new-api/model","Test":"TestUserSessionPreviousRefreshHashMigrationConfiguredDatabases","Output":"=== RUN   TestUserSessionPreviousRefreshHashMigrationConfiguredDatabases\n"}
{"Time":"2026-09-10T09:18:22.7684952-04:00","Action":"run","Package":"github.com/QuantumNous/new-api/model","Test":"TestUserSessionPreviousRefreshHashMigrationConfiguredDatabases/mysql"}
{"Time":"2026-09-10T09:18:22.7684952-04:00","Action":"output","Package":"github.com/QuantumNous/new-api/model","Test":"TestUserSessionPreviousRefreshHashMigrationConfiguredDatabases/mysql","Output":"=== RUN   TestUserSessionPreviousRefreshHashMigrationConfiguredDatabases/mysql\n"}
{"Time":"2026-09-10T09:18:22.7690158-04:00","Action":"output","Package":"github.com/QuantumNous/new-api/model","Test":"TestUserSessionPreviousRefreshHashMigrationConfiguredDatabases/mysql","Output":"    user_session_migration_test.go:150: \n"}
{"Time":"2026-09-10T09:18:22.7690158-04:00","Action":"output","Package":"github.com/QuantumNous/new-api/model","Test":"TestUserSessionPreviousRefreshHashMigrationConfiguredDatabases/mysql","Output":"        \tError Trace:\tD:/10178/Projects/new-api-upstream-sync/model/user_session_migration_test.go:150\n"}
{"Time":"2026-09-10T09:18:22.7690158-04:00","Action":"output","Package":"github.com/QuantumNous/new-api/model","Test":"TestUserSessionPreviousRefreshHashMigrationConfiguredDatabases/mysql","Output":"        \tError:      \tReceived unexpected error:\n"}
{"Time":"2026-09-10T09:18:22.7690158-04:00","Action":"output","Package":"github.com/QuantumNous/new-api/model","Test":"TestUserSessionPreviousRefreshHashMigrationConfiguredDatabases/mysql","Output":"        \t            \tdial tcp 127.0.0.1:43306: connectex: No connection could be made because the target machine actively refused it.\n"}
{"Time":"2026-09-10T09:18:22.7690158-04:00","Action":"output","Package":"github.com/QuantumNous/new-api/model","Test":"TestUserSessionPreviousRefreshHashMigrationConfiguredDatabases/mysql","Output":"        \tTest:       \tTestUserSessionPreviousRefreshHashMigrationConfiguredDatabases/mysql\n"}
{"Time":"2026-09-10T09:18:22.7690158-04:00","Action":"output","Package":"github.com/QuantumNous/new-api/model","Test":"TestUserSessionPreviousRefreshHashMigrationConfiguredDatabases/mysql","Output":"--- FAIL: TestUserSessionPreviousRefreshHashMigrationConfiguredDatabases/mysql (0.00s)\n"}
{"Time":"2026-09-10T09:18:22.7690158-04:00","Action":"fail","Package":"github.com/QuantumNous/new-api/model","Test":"TestUserSessionPreviousRefreshHashMigrationConfiguredDatabases/mysql","Elapsed":0}
{"Time":"2026-09-10T09:18:22.7690158-04:00","Action":"run","Package":"github.com/QuantumNous/new-api/model","Test":"TestUserSessionPreviousRefreshHashMigrationConfiguredDatabases/postgres"}
{"Time":"2026-09-10T09:18:22.7690158-04:00","Action":"output","Package":"github.com/QuantumNous/new-api/model","Test":"TestUserSessionPreviousRefreshHashMigrationConfiguredDatabases/postgres","Output":"=== RUN   TestUserSessionPreviousRefreshHashMigrationConfiguredDatabases/postgres\n"}
{"Time":"2026-09-10T09:18:22.7695402-04:00","Action":"output","Package":"github.com/QuantumNous/new-api/model","Test":"TestUserSessionPreviousRefreshHashMigrationConfiguredDatabases/postgres","Output":"    user_session_migration_test.go:150: \n"}
{"Time":"2026-09-10T09:18:22.7695402-04:00","Action":"output","Package":"github.com/QuantumNous/new-api/model","Test":"TestUserSessionPreviousRefreshHashMigrationConfiguredDatabases/postgres","Output":"        \tError Trace:\tD:/10178/Projects/new-api-upstream-sync/model/user_session_migration_test.go:150\n"}
{"Time":"2026-09-10T09:18:22.7695402-04:00","Action":"output","Package":"github.com/QuantumNous/new-api/model","Test":"TestUserSessionPreviousRefreshHashMigrationConfiguredDatabases/postgres","Output":"        \tError:      \tReceived unexpected error:\n"}
{"Time":"2026-09-10T09:18:22.7695402-04:00","Action":"output","Package":"github.com/QuantumNous/new-api/model","Test":"TestUserSessionPreviousRefreshHashMigrationConfiguredDatabases/postgres","Output":"        \t            \tfailed to connect to `user=postgres database=sync_test`: 127.0.0.1:45432 (127.0.0.1): dial error: dial tcp 127.0.0.1:45432: connectex: No connection could be made because the target machine actively refused it.\n"}
{"Time":"2026-09-10T09:18:22.7695402-04:00","Action":"output","Package":"github.com/QuantumNous/new-api/model","Test":"TestUserSessionPreviousRefreshHashMigrationConfiguredDatabases/postgres","Output":"        \tTest:       \tTestUserSessionPreviousRefreshHashMigrationConfiguredDatabases/postgres\n"}
{"Time":"2026-09-10T09:18:22.7695402-04:00","Action":"output","Package":"github.com/QuantumNous/new-api/model","Test":"TestUserSessionPreviousRefreshHashMigrationConfiguredDatabases/postgres","Output":"--- FAIL: TestUserSessionPreviousRefreshHashMigrationConfiguredDatabases/postgres (0.00s)\n"}
{"Time":"2026-09-10T09:18:22.7695402-04:00","Action":"fail","Package":"github.com/QuantumNous/new-api/model","Test":"TestUserSessionPreviousRefreshHashMigrationConfiguredDatabases/postgres","Elapsed":0}
{"Time":"2026-09-10T09:18:22.7695402-04:00","Action":"output","Package":"github.com/QuantumNous/new-api/model","Test":"TestUserSessionPreviousRefreshHashMigrationConfiguredDatabases","Output":"--- FAIL: TestUserSessionPreviousRefreshHashMigrationConfiguredDatabases (0.00s)\n"}
{"Time":"2026-09-10T09:18:22.7695402-04:00","Action":"fail","Package":"github.com/QuantumNous/new-api/model","Test":"TestUserSessionPreviousRefreshHashMigrationConfiguredDatabases","Elapsed":0}
{"Time":"2026-09-10T09:18:22.7695402-04:00","Action":"output","Package":"github.com/QuantumNous/new-api/model","Output":"FAIL\n"}
{"Time":"2026-09-10T09:18:22.7750355-04:00","Action":"output","Package":"github.com/QuantumNous/new-api/model","Output":"FAIL\tgithub.com/QuantumNous/new-api/model\t0.736s\n"}
{"Time":"2026-09-10T09:18:22.7750355-04:00","Action":"fail","Package":"github.com/QuantumNous/new-api/model","Elapsed":0.739}
{"Time":"2026-09-10T09:18:27.630271-04:00","Action":"start","Package":"github.com/QuantumNous/new-api/controller"}
{"Time":"2026-09-10T09:18:28.398499-04:00","Action":"run","Package":"github.com/QuantumNous/new-api/controller","Test":"TestTokenAutoMigrateUsesVarchar128KeyColumn"}
{"Time":"2026-09-10T09:18:28.3990172-04:00","Action":"output","Package":"github.com/QuantumNous/new-api/controller","Test":"TestTokenAutoMigrateUsesVarchar128KeyColumn","Output":"=== RUN   TestTokenAutoMigrateUsesVarchar128KeyColumn\n"}
{"Time":"2026-09-10T09:18:28.401113-04:00","Action":"output","Package":"github.com/QuantumNous/new-api/controller","Test":"TestTokenAutoMigrateUsesVarchar128KeyColumn","Output":"--- PASS: TestTokenAutoMigrateUsesVarchar128KeyColumn (0.00s)\n"}
{"Time":"2026-09-10T09:18:28.401113-04:00","Action":"pass","Package":"github.com/QuantumNous/new-api/controller","Test":"TestTokenAutoMigrateUsesVarchar128KeyColumn","Elapsed":0}
{"Time":"2026-09-10T09:18:28.401113-04:00","Action":"run","Package":"github.com/QuantumNous/new-api/controller","Test":"TestTokenMigrationFromChar48ToVarchar128"}
{"Time":"2026-09-10T09:18:28.401113-04:00","Action":"output","Package":"github.com/QuantumNous/new-api/controller","Test":"TestTokenMigrationFromChar48ToVarchar128","Output":"=== RUN   TestTokenMigrationFromChar48ToVarchar128\n"}
{"Time":"2026-09-10T09:18:28.4038175-04:00","Action":"output","Package":"github.com/QuantumNous/new-api/controller","Test":"TestTokenMigrationFromChar48ToVarchar128","Output":"--- PASS: TestTokenMigrationFromChar48ToVarchar128 (0.00s)\n"}
{"Time":"2026-09-10T09:18:28.4038175-04:00","Action":"pass","Package":"github.com/QuantumNous/new-api/controller","Test":"TestTokenMigrationFromChar48ToVarchar128","Elapsed":0}
{"Time":"2026-09-10T09:18:28.4038175-04:00","Action":"run","Package":"github.com/QuantumNous/new-api/controller","Test":"TestTokenMigrationFromChar48ToVarchar128MySQL"}
{"Time":"2026-09-10T09:18:28.4038175-04:00","Action":"output","Package":"github.com/QuantumNous/new-api/controller","Test":"TestTokenMigrationFromChar48ToVarchar128MySQL","Output":"=== RUN   TestTokenMigrationFromChar48ToVarchar128MySQL\n"}
{"Time":"2026-09-10T09:18:28.4234854-04:00","Action":"output","Package":"github.com/QuantumNous/new-api/controller","Test":"TestTokenMigrationFromChar48ToVarchar128MySQL","Output":"\r\n"}
{"Time":"2026-09-10T09:18:28.4242068-04:00","Action":"output","Package":"github.com/QuantumNous/new-api/controller","Test":"TestTokenMigrationFromChar48ToVarchar128MySQL","Output":"2026/09/10 09:18:28 \u001b[35mD:/10178/Projects/new-api-upstream-sync/controller/token_test.go:129\n"}
{"Time":"2026-09-10T09:18:28.4242068-04:00","Action":"output","Package":"github.com/QuantumNous/new-api/controller","Test":"TestTokenMigrationFromChar48ToVarchar128MySQL","Output":"\u001b[0m\u001b[31m[error] \u001b[0mfailed to initialize database, got error dial tcp 127.0.0.1:43306: connectex: No connection could be made because the target machine actively refused it.\n"}
{"Time":"2026-09-10T09:18:28.4242068-04:00","Action":"output","Package":"github.com/QuantumNous/new-api/controller","Test":"TestTokenMigrationFromChar48ToVarchar128MySQL","Output":"    token_test.go:378: failed to open mysql db: dial tcp 127.0.0.1:43306: connectex: No connection could be made because the target machine actively refused it.\n"}
{"Time":"2026-09-10T09:18:28.4242068-04:00","Action":"output","Package":"github.com/QuantumNous/new-api/controller","Test":"TestTokenMigrationFromChar48ToVarchar128MySQL","Output":"--- FAIL: TestTokenMigrationFromChar48ToVarchar128MySQL (0.02s)\n"}
{"Time":"2026-09-10T09:18:28.4242068-04:00","Action":"fail","Package":"github.com/QuantumNous/new-api/controller","Test":"TestTokenMigrationFromChar48ToVarchar128MySQL","Elapsed":0.02}
{"Time":"2026-09-10T09:18:28.4242068-04:00","Action":"run","Package":"github.com/QuantumNous/new-api/controller","Test":"TestTokenMigrationFromChar48ToVarchar128Postgres"}
{"Time":"2026-09-10T09:18:28.4242068-04:00","Action":"output","Package":"github.com/QuantumNous/new-api/controller","Test":"TestTokenMigrationFromChar48ToVarchar128Postgres","Output":"=== RUN   TestTokenMigrationFromChar48ToVarchar128Postgres\n"}
{"Time":"2026-09-10T09:18:28.4278335-04:00","Action":"output","Package":"github.com/QuantumNous/new-api/controller","Test":"TestTokenMigrationFromChar48ToVarchar128Postgres","Output":"\r\n"}
{"Time":"2026-09-10T09:18:28.4278335-04:00","Action":"output","Package":"github.com/QuantumNous/new-api/controller","Test":"TestTokenMigrationFromChar48ToVarchar128Postgres","Output":"2026/09/10 09:18:28 \u001b[35mD:/10178/Projects/new-api-upstream-sync/controller/token_test.go:132\n"}
{"Time":"2026-09-10T09:18:28.4278335-04:00","Action":"output","Package":"github.com/QuantumNous/new-api/controller","Test":"TestTokenMigrationFromChar48ToVarchar128Postgres","Output":"\u001b[0m\u001b[31m[error] \u001b[0mfailed to initialize database, got error failed to connect to `user=postgres database=sync_test`: 127.0.0.1:45432 (127.0.0.1): dial error: dial tcp 127.0.0.1:45432: connectex: No connection could be made because the target machine actively refused it.\n"}
{"Time":"2026-09-10T09:18:28.4278335-04:00","Action":"output","Package":"github.com/QuantumNous/new-api/controller","Test":"TestTokenMigrationFromChar48ToVarchar128Postgres","Output":"    token_test.go:388: failed to open postgres db: failed to connect to `user=postgres database=sync_test`: 127.0.0.1:45432 (127.0.0.1): dial error: dial tcp 127.0.0.1:45432: connectex: No connection could be made because the target machine actively refused it.\n"}
{"Time":"2026-09-10T09:18:28.4278335-04:00","Action":"output","Package":"github.com/QuantumNous/new-api/controller","Test":"TestTokenMigrationFromChar48ToVarchar128Postgres","Output":"--- FAIL: TestTokenMigrationFromChar48ToVarchar128Postgres (0.00s)\n"}
{"Time":"2026-09-10T09:18:28.4278335-04:00","Action":"fail","Package":"github.com/QuantumNous/new-api/controller","Test":"TestTokenMigrationFromChar48ToVarchar128Postgres","Elapsed":0}
{"Time":"2026-09-10T09:18:28.4278335-04:00","Action":"output","Package":"github.com/QuantumNous/new-api/controller","Output":"FAIL\n"}
{"Time":"2026-09-10T09:18:28.43273-04:00","Action":"output","Package":"github.com/QuantumNous/new-api/controller","Output":"FAIL\tgithub.com/QuantumNous/new-api/controller\t0.802s\n"}
{"Time":"2026-09-10T09:18:28.43273-04:00","Action":"fail","Package":"github.com/QuantumNous/new-api/controller","Elapsed":0.802}
