go: downloading github.com/glebarez/sqlite v1.11.0
{"Time":"2026-09-10T08:23:38.6625529-04:00","Action":"start","Package":"github.com/QuantumNous/new-api/model"}
{"Time":"2026-09-10T08:23:39.2728942-04:00","Action":"run","Package":"github.com/QuantumNous/new-api/model","Test":"TestAuthFlowIsBoundAndConsumedOnce"}
{"Time":"2026-09-10T08:23:39.273412-04:00","Action":"output","Package":"github.com/QuantumNous/new-api/model","Test":"TestAuthFlowIsBoundAndConsumedOnce","Output":"=== RUN   TestAuthFlowIsBoundAndConsumedOnce\n"}
{"Time":"2026-09-10T08:23:39.2939706-04:00","Action":"output","Package":"github.com/QuantumNous/new-api/model","Test":"TestAuthFlowIsBoundAndConsumedOnce","Output":"\r\n"}
{"Time":"2026-09-10T08:23:39.2943202-04:00","Action":"output","Package":"github.com/QuantumNous/new-api/model","Test":"TestAuthFlowIsBoundAndConsumedOnce","Output":"2026/09/10 08:23:39 \u001b[31;1mD:/10178/Projects/new-api-upstream-sync/model/auth_flow.go:198 \u001b[35;1mrecord not found\n"}
{"Time":"2026-09-10T08:23:39.2943202-04:00","Action":"output","Package":"github.com/QuantumNous/new-api/model","Test":"TestAuthFlowIsBoundAndConsumedOnce","Output":"\u001b[0m\u001b[33m[0.000ms] \u001b[34;1m[rows:0]\u001b[0m SELECT * FROM `auth_flows` WHERE (token_hash = \"5f6e7d2d18ee65246332ba189ce8e921c9c0856c92a773545f35069c7ff55f5d\" AND purpose = \"oauth\") AND provider = \"github\" AND intent = \"bind\" AND user_id = 99 AND session_id = \"session-a\" ORDER BY `auth_flows`.`id` LIMIT 1\n"}
{"Time":"2026-09-10T08:23:39.2948225-04:00","Action":"output","Package":"github.com/QuantumNous/new-api/model","Test":"TestAuthFlowIsBoundAndConsumedOnce","Output":"--- PASS: TestAuthFlowIsBoundAndConsumedOnce (0.02s)\n"}
{"Time":"2026-09-10T08:23:39.2948225-04:00","Action":"pass","Package":"github.com/QuantumNous/new-api/model","Test":"TestAuthFlowIsBoundAndConsumedOnce","Elapsed":0.02}
{"Time":"2026-09-10T08:23:39.2953426-04:00","Action":"run","Package":"github.com/QuantumNous/new-api/model","Test":"TestAuthFlowExpiryIsEnforced"}
{"Time":"2026-09-10T08:23:39.2953426-04:00","Action":"output","Package":"github.com/QuantumNous/new-api/model","Test":"TestAuthFlowExpiryIsEnforced","Output":"=== RUN   TestAuthFlowExpiryIsEnforced\n"}
{"Time":"2026-09-10T08:23:39.2953426-04:00","Action":"output","Package":"github.com/QuantumNous/new-api/model","Test":"TestAuthFlowExpiryIsEnforced","Output":"--- PASS: TestAuthFlowExpiryIsEnforced (0.00s)\n"}
{"Time":"2026-09-10T08:23:39.2953426-04:00","Action":"pass","Package":"github.com/QuantumNous/new-api/model","Test":"TestAuthFlowExpiryIsEnforced","Elapsed":0}
{"Time":"2026-09-10T08:23:39.2953426-04:00","Action":"run","Package":"github.com/QuantumNous/new-api/model","Test":"TestExternalAuthAssertionCanOnlyBeClaimedOnce"}
{"Time":"2026-09-10T08:23:39.2953426-04:00","Action":"output","Package":"github.com/QuantumNous/new-api/model","Test":"TestExternalAuthAssertionCanOnlyBeClaimedOnce","Output":"=== RUN   TestExternalAuthAssertionCanOnlyBeClaimedOnce\n"}
{"Time":"2026-09-10T08:23:39.2953426-04:00","Action":"output","Package":"github.com/QuantumNous/new-api/model","Test":"TestExternalAuthAssertionCanOnlyBeClaimedOnce","Output":"--- PASS: TestExternalAuthAssertionCanOnlyBeClaimedOnce (0.00s)\n"}
{"Time":"2026-09-10T08:23:39.2953426-04:00","Action":"pass","Package":"github.com/QuantumNous/new-api/model","Test":"TestExternalAuthAssertionCanOnlyBeClaimedOnce","Elapsed":0}
{"Time":"2026-09-10T08:23:39.2953426-04:00","Action":"run","Package":"github.com/QuantumNous/new-api/model","Test":"TestConsumeAuthFlowWithActionRollsBackTogether"}
{"Time":"2026-09-10T08:23:39.2953426-04:00","Action":"output","Package":"github.com/QuantumNous/new-api/model","Test":"TestConsumeAuthFlowWithActionRollsBackTogether","Output":"=== RUN   TestConsumeAuthFlowWithActionRollsBackTogether\n"}
{"Time":"2026-09-10T08:23:39.2958807-04:00","Action":"output","Package":"github.com/QuantumNous/new-api/model","Test":"TestConsumeAuthFlowWithActionRollsBackTogether","Output":"--- PASS: TestConsumeAuthFlowWithActionRollsBackTogether (0.00s)\n"}
{"Time":"2026-09-10T08:23:39.2964075-04:00","Action":"pass","Package":"github.com/QuantumNous/new-api/model","Test":"TestConsumeAuthFlowWithActionRollsBackTogether","Elapsed":0}
{"Time":"2026-09-10T08:23:39.2964075-04:00","Action":"run","Package":"github.com/QuantumNous/new-api/model","Test":"TestAutoPriceGuardRequestDeleteCASAndTombstone"}
{"Time":"2026-09-10T08:23:39.2964075-04:00","Action":"output","Package":"github.com/QuantumNous/new-api/model","Test":"TestAutoPriceGuardRequestDeleteCASAndTombstone","Output":"=== RUN   TestAutoPriceGuardRequestDeleteCASAndTombstone\n"}
{"Time":"2026-09-10T08:23:39.2969439-04:00","Action":"output","Package":"github.com/QuantumNous/new-api/model","Test":"TestAutoPriceGuardRequestDeleteCASAndTombstone","Output":"--- PASS: TestAutoPriceGuardRequestDeleteCASAndTombstone (0.00s)\n"}
{"Time":"2026-09-10T08:23:39.2969439-04:00","Action":"pass","Package":"github.com/QuantumNous/new-api/model","Test":"TestAutoPriceGuardRequestDeleteCASAndTombstone","Elapsed":0}
{"Time":"2026-09-10T08:23:39.2969439-04:00","Action":"run","Package":"github.com/QuantumNous/new-api/model","Test":"TestAutoPriceGuardMissingAndTerminalStatesAreDistinct"}
{"Time":"2026-09-10T08:23:39.2969439-04:00","Action":"output","Package":"github.com/QuantumNous/new-api/model","Test":"TestAutoPriceGuardMissingAndTerminalStatesAreDistinct","Output":"=== RUN   TestAutoPriceGuardMissingAndTerminalStatesAreDistinct\n"}
{"Time":"2026-09-10T08:23:39.2974984-04:00","Action":"output","Package":"github.com/QuantumNous/new-api/model","Test":"TestAutoPriceGuardMissingAndTerminalStatesAreDistinct","Output":"\r\n"}
{"Time":"2026-09-10T08:23:39.2974984-04:00","Action":"output","Package":"github.com/QuantumNous/new-api/model","Test":"TestAutoPriceGuardMissingAndTerminalStatesAreDistinct","Output":"2026/09/10 08:23:39 \u001b[31;1mD:/10178/Projects/new-api-upstream-sync/model/auto_price_guard.go:102 \u001b[35;1mrecord not found\n"}
{"Time":"2026-09-10T08:23:39.2974984-04:00","Action":"output","Package":"github.com/QuantumNous/new-api/model","Test":"TestAutoPriceGuardMissingAndTerminalStatesAreDistinct","Output":"\u001b[0m\u001b[33m[0.000ms] \u001b[34;1m[rows:0]\u001b[0m SELECT * FROM `channel_auto_price_guards` WHERE id = 999999 ORDER BY `channel_auto_price_guards`.`id` LIMIT 1\n"}
{"Time":"2026-09-10T08:23:39.2974984-04:00","Action":"output","Package":"github.com/QuantumNous/new-api/model","Test":"TestAutoPriceGuardMissingAndTerminalStatesAreDistinct","Output":"\r\n"}
{"Time":"2026-09-10T08:23:39.2974984-04:00","Action":"output","Package":"github.com/QuantumNous/new-api/model","Test":"TestAutoPriceGuardMissingAndTerminalStatesAreDistinct","Output":"2026/09/10 08:23:39 \u001b[31;1mD:/10178/Projects/new-api-upstream-sync/model/auto_price_guard.go:102 \u001b[35;1mrecord not found\n"}
{"Time":"2026-09-10T08:23:39.2974984-04:00","Action":"output","Package":"github.com/QuantumNous/new-api/model","Test":"TestAutoPriceGuardMissingAndTerminalStatesAreDistinct","Output":"\u001b[0m\u001b[33m[0.000ms] \u001b[34;1m[rows:0]\u001b[0m SELECT * FROM `channel_auto_price_guards` WHERE id = 999999 ORDER BY `channel_auto_price_guards`.`id` LIMIT 1\n"}
{"Time":"2026-09-10T08:23:39.2974984-04:00","Action":"output","Package":"github.com/QuantumNous/new-api/model","Test":"TestAutoPriceGuardMissingAndTerminalStatesAreDistinct","Output":"--- PASS: TestAutoPriceGuardMissingAndTerminalStatesAreDistinct (0.00s)\n"}
{"Time":"2026-09-10T08:23:39.2974984-04:00","Action":"pass","Package":"github.com/QuantumNous/new-api/model","Test":"TestAutoPriceGuardMissingAndTerminalStatesAreDistinct","Elapsed":0}
{"Time":"2026-09-10T08:23:39.2974984-04:00","Action":"run","Package":"github.com/QuantumNous/new-api/model","Test":"TestAutoPriceGuardInvalidationAndTxRollback"}
{"Time":"2026-09-10T08:23:39.2974984-04:00","Action":"output","Package":"github.com/QuantumNous/new-api/model","Test":"TestAutoPriceGuardInvalidationAndTxRollback","Output":"=== RUN   TestAutoPriceGuardInvalidationAndTxRollback\n"}
{"Time":"2026-09-10T08:23:39.298062-04:00","Action":"output","Package":"github.com/QuantumNous/new-api/model","Test":"TestAutoPriceGuardInvalidationAndTxRollback","Output":"--- PASS: TestAutoPriceGuardInvalidationAndTxRollback (0.00s)\n"}
{"Time":"2026-09-10T08:23:39.298062-04:00","Action":"pass","Package":"github.com/QuantumNous/new-api/model","Test":"TestAutoPriceGuardInvalidationAndTxRollback","Elapsed":0}
{"Time":"2026-09-10T08:23:39.298062-04:00","Action":"run","Package":"github.com/QuantumNous/new-api/model","Test":"TestUseChannelAutoPriceGuardCASBindsOwner"}
{"Time":"2026-09-10T08:23:39.298062-04:00","Action":"output","Package":"github.com/QuantumNous/new-api/model","Test":"TestUseChannelAutoPriceGuardCASBindsOwner","Output":"=== RUN   TestUseChannelAutoPriceGuardCASBindsOwner\n"}
{"Time":"2026-09-10T08:23:39.298062-04:00","Action":"output","Package":"github.com/QuantumNous/new-api/model","Test":"TestUseChannelAutoPriceGuardCASBindsOwner","Output":"--- PASS: TestUseChannelAutoPriceGuardCASBindsOwner (0.00s)\n"}
{"Time":"2026-09-10T08:23:39.298062-04:00","Action":"pass","Package":"github.com/QuantumNous/new-api/model","Test":"TestUseChannelAutoPriceGuardCASBindsOwner","Elapsed":0}
{"Time":"2026-09-10T08:23:39.298062-04:00","Action":"run","Package":"github.com/QuantumNous/new-api/model","Test":"TestAppendAutoSyncEventTxRollback"}
{"Time":"2026-09-10T08:23:39.298062-04:00","Action":"output","Package":"github.com/QuantumNous/new-api/model","Test":"TestAppendAutoSyncEventTxRollback","Output":"=== RUN   TestAppendAutoSyncEventTxRollback\n"}
{"Time":"2026-09-10T08:23:39.2992394-04:00","Action":"output","Package":"github.com/QuantumNous/new-api/model","Test":"TestAppendAutoSyncEventTxRollback","Output":"\r\n"}
{"Time":"2026-09-10T08:23:39.2992394-04:00","Action":"output","Package":"github.com/QuantumNous/new-api/model","Test":"TestAppendAutoSyncEventTxRollback","Output":"2026/09/10 08:23:39 \u001b[31;1mD:/10178/Projects/new-api-upstream-sync/model/auto_sync_event.go:87 \u001b[35;1mrecord not found\n"}
{"Time":"2026-09-10T08:23:39.2992394-04:00","Action":"output","Package":"github.com/QuantumNous/new-api/model","Test":"TestAppendAutoSyncEventTxRollback","Output":"\u001b[0m\u001b[33m[0.000ms] \u001b[34;1m[rows:0]\u001b[0m SELECT * FROM `channel_auto_sync_cursors` WHERE type = \"price\" ORDER BY `channel_auto_sync_cursors`.`type` LIMIT 1\n"}
{"Time":"2026-09-10T08:23:39.2992394-04:00","Action":"output","Package":"github.com/QuantumNous/new-api/model","Test":"TestAppendAutoSyncEventTxRollback","Output":"--- PASS: TestAppendAutoSyncEventTxRollback (0.00s)\n"}
{"Time":"2026-09-10T08:23:39.2992394-04:00","Action":"pass","Package":"github.com/QuantumNous/new-api/model","Test":"TestAppendAutoSyncEventTxRollback","Elapsed":0}
{"Time":"2026-09-10T08:23:39.2992394-04:00","Action":"run","Package":"github.com/QuantumNous/new-api/model","Test":"TestAppendAutoSyncEventTxConcurrentGenerations"}
{"Time":"2026-09-10T08:23:39.2992394-04:00","Action":"output","Package":"github.com/QuantumNous/new-api/model","Test":"TestAppendAutoSyncEventTxConcurrentGenerations","Output":"=== RUN   TestAppendAutoSyncEventTxConcurrentGenerations\n"}
{"Time":"2026-09-10T08:23:39.3011087-04:00","Action":"output","Package":"github.com/QuantumNous/new-api/model","Test":"TestAppendAutoSyncEventTxConcurrentGenerations","Output":"\r\n"}
{"Time":"2026-09-10T08:23:39.3011087-04:00","Action":"output","Package":"github.com/QuantumNous/new-api/model","Test":"TestAppendAutoSyncEventTxConcurrentGenerations","Output":"2026/09/10 08:23:39 \u001b[31;1mD:/10178/Projects/new-api-upstream-sync/model/auto_sync_event.go:87 \u001b[35;1mrecord not found\n"}
{"Time":"2026-09-10T08:23:39.3011087-04:00","Action":"output","Package":"github.com/QuantumNous/new-api/model","Test":"TestAppendAutoSyncEventTxConcurrentGenerations","Output":"\u001b[0m\u001b[33m[0.000ms] \u001b[34;1m[rows:0]\u001b[0m SELECT * FROM `channel_auto_sync_cursors` WHERE type = \"metadata\" ORDER BY `channel_auto_sync_cursors`.`type` LIMIT 1\n"}
{"Time":"2026-09-10T08:23:39.3026686-04:00","Action":"output","Package":"github.com/QuantumNous/new-api/model","Test":"TestAppendAutoSyncEventTxConcurrentGenerations","Output":"--- PASS: TestAppendAutoSyncEventTxConcurrentGenerations (0.00s)\n"}
{"Time":"2026-09-10T08:23:39.3026686-04:00","Action":"pass","Package":"github.com/QuantumNous/new-api/model","Test":"TestAppendAutoSyncEventTxConcurrentGenerations","Elapsed":0}
{"Time":"2026-09-10T08:23:39.3026686-04:00","Action":"run","Package":"github.com/QuantumNous/new-api/model","Test":"TestAppendAutoSyncEventTxLateOldEventDoesNotMoveDueBackward"}
{"Time":"2026-09-10T08:23:39.3026686-04:00","Action":"output","Package":"github.com/QuantumNous/new-api/model","Test":"TestAppendAutoSyncEventTxLateOldEventDoesNotMoveDueBackward","Output":"=== RUN   TestAppendAutoSyncEventTxLateOldEventDoesNotMoveDueBackward\n"}
{"Time":"2026-09-10T08:23:39.3031861-04:00","Action":"output","Package":"github.com/QuantumNous/new-api/model","Test":"TestAppendAutoSyncEventTxLateOldEventDoesNotMoveDueBackward","Output":"\r\n"}
{"Time":"2026-09-10T08:23:39.3031861-04:00","Action":"output","Package":"github.com/QuantumNous/new-api/model","Test":"TestAppendAutoSyncEventTxLateOldEventDoesNotMoveDueBackward","Output":"2026/09/10 08:23:39 \u001b[31;1mD:/10178/Projects/new-api-upstream-sync/model/auto_sync_event.go:87 \u001b[35;1mrecord not found\n"}
{"Time":"2026-09-10T08:23:39.3031861-04:00","Action":"output","Package":"github.com/QuantumNous/new-api/model","Test":"TestAppendAutoSyncEventTxLateOldEventDoesNotMoveDueBackward","Output":"\u001b[0m\u001b[33m[0.000ms] \u001b[34;1m[rows:0]\u001b[0m SELECT * FROM `channel_auto_sync_cursors` WHERE type = \"price\" ORDER BY `channel_auto_sync_cursors`.`type` LIMIT 1\n"}
{"Time":"2026-09-10T08:23:39.3031861-04:00","Action":"output","Package":"github.com/QuantumNous/new-api/model","Test":"TestAppendAutoSyncEventTxLateOldEventDoesNotMoveDueBackward","Output":"--- PASS: TestAppendAutoSyncEventTxLateOldEventDoesNotMoveDueBackward (0.00s)\n"}
{"Time":"2026-09-10T08:23:39.3031861-04:00","Action":"pass","Package":"github.com/QuantumNous/new-api/model","Test":"TestAppendAutoSyncEventTxLateOldEventDoesNotMoveDueBackward","Elapsed":0}
{"Time":"2026-09-10T08:23:39.3031861-04:00","Action":"run","Package":"github.com/QuantumNous/new-api/model","Test":"TestFreezeDueAutoSyncBatchTxDoesNotAbsorbSuccessor"}
{"Time":"2026-09-10T08:23:39.3031861-04:00","Action":"output","Package":"github.com/QuantumNous/new-api/model","Test":"TestFreezeDueAutoSyncBatchTxDoesNotAbsorbSuccessor","Output":"=== RUN   TestFreezeDueAutoSyncBatchTxDoesNotAbsorbSuccessor\n"}
{"Time":"2026-09-10T08:23:39.3037029-04:00","Action":"output","Package":"github.com/QuantumNous/new-api/model","Test":"TestFreezeDueAutoSyncBatchTxDoesNotAbsorbSuccessor","Output":"\r\n"}
{"Time":"2026-09-10T08:23:39.3037029-04:00","Action":"output","Package":"github.com/QuantumNous/new-api/model","Test":"TestFreezeDueAutoSyncBatchTxDoesNotAbsorbSuccessor","Output":"2026/09/10 08:23:39 \u001b[31;1mD:/10178/Projects/new-api-upstream-sync/model/auto_sync_event.go:87 \u001b[35;1mrecord not found\n"}
{"Time":"2026-09-10T08:23:39.3037029-04:00","Action":"output","Package":"github.com/QuantumNous/new-api/model","Test":"TestFreezeDueAutoSyncBatchTxDoesNotAbsorbSuccessor","Output":"\u001b[0m\u001b[33m[0.000ms] \u001b[34;1m[rows:0]\u001b[0m SELECT * FROM `channel_auto_sync_cursors` WHERE type = \"price\" ORDER BY `channel_auto_sync_cursors`.`type` LIMIT 1\n"}
{"Time":"2026-09-10T08:23:39.3042175-04:00","Action":"output","Package":"github.com/QuantumNous/new-api/model","Test":"TestFreezeDueAutoSyncBatchTxDoesNotAbsorbSuccessor","Output":"--- PASS: TestFreezeDueAutoSyncBatchTxDoesNotAbsorbSuccessor (0.00s)\n"}
{"Time":"2026-09-10T08:23:39.3042175-04:00","Action":"pass","Package":"github.com/QuantumNous/new-api/model","Test":"TestFreezeDueAutoSyncBatchTxDoesNotAbsorbSuccessor","Elapsed":0}
{"Time":"2026-09-10T08:23:39.3042175-04:00","Action":"run","Package":"github.com/QuantumNous/new-api/model","Test":"TestBuildDueAutoSyncTaskTxRollsBackAtomically"}
{"Time":"2026-09-10T08:23:39.3042175-04:00","Action":"output","Package":"github.com/QuantumNous/new-api/model","Test":"TestBuildDueAutoSyncTaskTxRollsBackAtomically","Output":"=== RUN   TestBuildDueAutoSyncTaskTxRollsBackAtomically\n"}
{"Time":"2026-09-10T08:23:39.3047398-04:00","Action":"output","Package":"github.com/QuantumNous/new-api/model","Test":"TestBuildDueAutoSyncTaskTxRollsBackAtomically","Output":"\r\n"}
{"Time":"2026-09-10T08:23:39.3047398-04:00","Action":"output","Package":"github.com/QuantumNous/new-api/model","Test":"TestBuildDueAutoSyncTaskTxRollsBackAtomically","Output":"2026/09/10 08:23:39 \u001b[31;1mD:/10178/Projects/new-api-upstream-sync/model/auto_sync_event.go:87 \u001b[35;1mrecord not found\n"}
{"Time":"2026-09-10T08:23:39.3047398-04:00","Action":"output","Package":"github.com/QuantumNous/new-api/model","Test":"TestBuildDueAutoSyncTaskTxRollsBackAtomically","Output":"\u001b[0m\u001b[33m[0.000ms] \u001b[34;1m[rows:0]\u001b[0m SELECT * FROM `channel_auto_sync_cursors` WHERE type = \"auto_price_task\" ORDER BY `channel_auto_sync_cursors`.`type` LIMIT 1\n"}
{"Time":"2026-09-10T08:23:39.3047398-04:00","Action":"output","Package":"github.com/QuantumNous/new-api/model","Test":"TestBuildDueAutoSyncTaskTxRollsBackAtomically","Output":"--- PASS: TestBuildDueAutoSyncTaskTxRollsBackAtomically (0.00s)\n"}
{"Time":"2026-09-10T08:23:39.3047398-04:00","Action":"pass","Package":"github.com/QuantumNous/new-api/model","Test":"TestBuildDueAutoSyncTaskTxRollsBackAtomically","Elapsed":0}
{"Time":"2026-09-10T08:23:39.3047398-04:00","Action":"run","Package":"github.com/QuantumNous/new-api/model","Test":"TestBuildDueAutoSyncTaskTxSkipsEmptyBatchAndClearsDue"}
{"Time":"2026-09-10T08:23:39.3047398-04:00","Action":"output","Package":"github.com/QuantumNous/new-api/model","Test":"TestBuildDueAutoSyncTaskTxSkipsEmptyBatchAndClearsDue","Output":"=== RUN   TestBuildDueAutoSyncTaskTxSkipsEmptyBatchAndClearsDue\n"}
{"Time":"2026-09-10T08:23:39.3057738-04:00","Action":"output","Package":"github.com/QuantumNous/new-api/model","Test":"TestBuildDueAutoSyncTaskTxSkipsEmptyBatchAndClearsDue","Output":"\r\n"}
{"Time":"2026-09-10T08:23:39.3057738-04:00","Action":"output","Package":"github.com/QuantumNous/new-api/model","Test":"TestBuildDueAutoSyncTaskTxSkipsEmptyBatchAndClearsDue","Output":"2026/09/10 08:23:39 \u001b[31;1mD:/10178/Projects/new-api-upstream-sync/model/auto_sync_event.go:87 \u001b[35;1mrecord not found\n"}
{"Time":"2026-09-10T08:23:39.3057738-04:00","Action":"output","Package":"github.com/QuantumNous/new-api/model","Test":"TestBuildDueAutoSyncTaskTxSkipsEmptyBatchAndClearsDue","Output":"\u001b[0m\u001b[33m[0.000ms] \u001b[34;1m[rows:0]\u001b[0m SELECT * FROM `channel_auto_sync_cursors` WHERE type = \"empty\" ORDER BY `channel_auto_sync_cursors`.`type` LIMIT 1\n"}
{"Time":"2026-09-10T08:23:39.3057738-04:00","Action":"output","Package":"github.com/QuantumNous/new-api/model","Test":"TestBuildDueAutoSyncTaskTxSkipsEmptyBatchAndClearsDue","Output":"--- PASS: TestBuildDueAutoSyncTaskTxSkipsEmptyBatchAndClearsDue (0.00s)\n"}
{"Time":"2026-09-10T08:23:39.3057738-04:00","Action":"pass","Package":"github.com/QuantumNous/new-api/model","Test":"TestBuildDueAutoSyncTaskTxSkipsEmptyBatchAndClearsDue","Elapsed":0}
{"Time":"2026-09-10T08:23:39.3057738-04:00","Action":"run","Package":"github.com/QuantumNous/new-api/model","Test":"TestFinalizeAutoSyncBatchTxPreservesSuccessorDue"}
{"Time":"2026-09-10T08:23:39.3057738-04:00","Action":"output","Package":"github.com/QuantumNous/new-api/model","Test":"TestFinalizeAutoSyncBatchTxPreservesSuccessorDue","Output":"=== RUN   TestFinalizeAutoSyncBatchTxPreservesSuccessorDue\n"}
{"Time":"2026-09-10T08:23:39.3068307-04:00","Action":"output","Package":"github.com/QuantumNous/new-api/model","Test":"TestFinalizeAutoSyncBatchTxPreservesSuccessorDue","Output":"\r\n"}
{"Time":"2026-09-10T08:23:39.3068307-04:00","Action":"output","Package":"github.com/QuantumNous/new-api/model","Test":"TestFinalizeAutoSyncBatchTxPreservesSuccessorDue","Output":"2026/09/10 08:23:39 \u001b[31;1mD:/10178/Projects/new-api-upstream-sync/model/auto_sync_event.go:87 \u001b[35;1mrecord not found\n"}
{"Time":"2026-09-10T08:23:39.3068307-04:00","Action":"output","Package":"github.com/QuantumNous/new-api/model","Test":"TestFinalizeAutoSyncBatchTxPreservesSuccessorDue","Output":"\u001b[0m\u001b[33m[0.000ms] \u001b[34;1m[rows:0]\u001b[0m SELECT * FROM `channel_auto_sync_cursors` WHERE type = \"finalize\" ORDER BY `channel_auto_sync_cursors`.`type` LIMIT 1\n"}
{"Time":"2026-09-10T08:23:39.3073505-04:00","Action":"output","Package":"github.com/QuantumNous/new-api/model","Test":"TestFinalizeAutoSyncBatchTxPreservesSuccessorDue","Output":"--- PASS: TestFinalizeAutoSyncBatchTxPreservesSuccessorDue (0.00s)\n"}
{"Time":"2026-09-10T08:23:39.3073505-04:00","Action":"pass","Package":"github.com/QuantumNous/new-api/model","Test":"TestFinalizeAutoSyncBatchTxPreservesSuccessorDue","Elapsed":0}
{"Time":"2026-09-10T08:23:39.3073505-04:00","Action":"run","Package":"github.com/QuantumNous/new-api/model","Test":"TestMigrateConsoleSettingAnnouncementsToBannersIsIdempotentAndPreservesSource"}
{"Time":"2026-09-10T08:23:39.3073505-04:00","Action":"output","Package":"github.com/QuantumNous/new-api/model","Test":"TestMigrateConsoleSettingAnnouncementsToBannersIsIdempotentAndPreservesSource","Output":"=== RUN   TestMigrateConsoleSettingAnnouncementsToBannersIsIdempotentAndPreservesSource\n"}
{"Time":"2026-09-10T08:23:39.3078614-04:00","Action":"output","Package":"github.com/QuantumNous/new-api/model","Test":"TestMigrateConsoleSettingAnnouncementsToBannersIsIdempotentAndPreservesSource","Output":"\r\n"}
{"Time":"2026-09-10T08:23:39.3078614-04:00","Action":"output","Package":"github.com/QuantumNous/new-api/model","Test":"TestMigrateConsoleSettingAnnouncementsToBannersIsIdempotentAndPreservesSource","Output":"2026/09/10 08:23:39 \u001b[31;1mD:/10178/Projects/new-api-upstream-sync/model/banner_migration.go:30 \u001b[35;1mrecord not found\n"}
{"Time":"2026-09-10T08:23:39.3078614-04:00","Action":"output","Package":"github.com/QuantumNous/new-api/model","Test":"TestMigrateConsoleSettingAnnouncementsToBannersIsIdempotentAndPreservesSource","Output":"\u001b[0m\u001b[33m[0.511ms] \u001b[34;1m[rows:0]\u001b[0m SELECT * FROM `options` WHERE `options`.`key` = \"migration.banners_from_console_setting.announcements.v1\" ORDER BY `options`.`key` LIMIT 1\n"}
{"Time":"2026-09-10T08:23:39.3078614-04:00","Action":"output","Package":"github.com/QuantumNous/new-api/model","Test":"TestMigrateConsoleSettingAnnouncementsToBannersIsIdempotentAndPreservesSource","Output":"\r\n"}
{"Time":"2026-09-10T08:23:39.3078614-04:00","Action":"output","Package":"github.com/QuantumNous/new-api/model","Test":"TestMigrateConsoleSettingAnnouncementsToBannersIsIdempotentAndPreservesSource","Output":"2026/09/10 08:23:39 \u001b[31;1mD:/10178/Projects/new-api-upstream-sync/model/banner_migration.go:67 \u001b[35;1mrecord not found\n"}
{"Time":"2026-09-10T08:23:39.3078614-04:00","Action":"output","Package":"github.com/QuantumNous/new-api/model","Test":"TestMigrateConsoleSettingAnnouncementsToBannersIsIdempotentAndPreservesSource","Output":"\u001b[0m\u001b[33m[0.000ms] \u001b[34;1m[rows:0]\u001b[0m SELECT * FROM `banners` WHERE `banners`.`id` = 42 ORDER BY `banners`.`id` LIMIT 1\n"}
{"Time":"2026-09-10T08:23:39.3078614-04:00","Action":"output","Package":"github.com/QuantumNous/new-api/model","Test":"TestMigrateConsoleSettingAnnouncementsToBannersIsIdempotentAndPreservesSource","Output":"--- PASS: TestMigrateConsoleSettingAnnouncementsToBannersIsIdempotentAndPreservesSource (0.00s)\n"}
{"Time":"2026-09-10T08:23:39.3078614-04:00","Action":"pass","Package":"github.com/QuantumNous/new-api/model","Test":"TestMigrateConsoleSettingAnnouncementsToBannersIsIdempotentAndPreservesSource","Elapsed":0}
{"Time":"2026-09-10T08:23:39.3078614-04:00","Action":"run","Package":"github.com/QuantumNous/new-api/model","Test":"TestGetVisibleBannersFiltersInvalidLifecycleRecordsAndSorts"}
{"Time":"2026-09-10T08:23:39.3078614-04:00","Action":"output","Package":"github.com/QuantumNous/new-api/model","Test":"TestGetVisibleBannersFiltersInvalidLifecycleRecordsAndSorts","Output":"=== RUN   TestGetVisibleBannersFiltersInvalidLifecycleRecordsAndSorts\n"}
{"Time":"2026-09-10T08:23:39.3083852-04:00","Action":"output","Package":"github.com/QuantumNous/new-api/model","Test":"TestGetVisibleBannersFiltersInvalidLifecycleRecordsAndSorts","Output":"--- PASS: TestGetVisibleBannersFiltersInvalidLifecycleRecordsAndSorts (0.00s)\n"}
{"Time":"2026-09-10T08:23:39.3083852-04:00","Action":"pass","Package":"github.com/QuantumNous/new-api/model","Test":"TestGetVisibleBannersFiltersInvalidLifecycleRecordsAndSorts","Elapsed":0}
{"Time":"2026-09-10T08:23:39.3083852-04:00","Action":"run","Package":"github.com/QuantumNous/new-api/model","Test":"TestUpdateBannerPersistsExplicitZeroFalseAndEmptyValues"}
{"Time":"2026-09-10T08:23:39.3083852-04:00","Action":"output","Package":"github.com/QuantumNous/new-api/model","Test":"TestUpdateBannerPersistsExplicitZeroFalseAndEmptyValues","Output":"=== RUN   TestUpdateBannerPersistsExplicitZeroFalseAndEmptyValues\n"}
{"Time":"2026-09-10T08:23:39.3089082-04:00","Action":"output","Package":"github.com/QuantumNous/new-api/model","Test":"TestUpdateBannerPersistsExplicitZeroFalseAndEmptyValues","Output":"--- PASS: TestUpdateBannerPersistsExplicitZeroFalseAndEmptyValues (0.00s)\n"}
{"Time":"2026-09-10T08:23:39.3089082-04:00","Action":"pass","Package":"github.com/QuantumNous/new-api/model","Test":"TestUpdateBannerPersistsExplicitZeroFalseAndEmptyValues","Elapsed":0}
{"Time":"2026-09-10T08:23:39.3089082-04:00","Action":"run","Package":"github.com/QuantumNous/new-api/model","Test":"TestChannelDeletionCleansCustomBalanceConfig"}
{"Time":"2026-09-10T08:23:39.3089082-04:00","Action":"output","Package":"github.com/QuantumNous/new-api/model","Test":"TestChannelDeletionCleansCustomBalanceConfig","Output":"=== RUN   TestChannelDeletionCleansCustomBalanceConfig\n"}
{"Time":"2026-09-10T08:23:39.3099416-04:00","Action":"output","Package":"github.com/QuantumNous/new-api/model","Test":"TestChannelDeletionCleansCustomBalanceConfig","Output":"\r\n"}
{"Time":"2026-09-10T08:23:39.3099416-04:00","Action":"output","Package":"github.com/QuantumNous/new-api/model","Test":"TestChannelDeletionCleansCustomBalanceConfig","Output":"2026/09/10 08:23:39 \u001b[31;1mD:/10178/Projects/new-api-upstream-sync/model/channel_custom_balance_test.go:43 \u001b[35;1mrecord not found\n"}
{"Time":"2026-09-10T08:23:39.3099416-04:00","Action":"output","Package":"github.com/QuantumNous/new-api/model","Test":"TestChannelDeletionCleansCustomBalanceConfig","Output":"\u001b[0m\u001b[33m[0.000ms] \u001b[34;1m[rows:0]\u001b[0m SELECT * FROM `channel_custom_balances` WHERE channel_id = 1 ORDER BY `channel_custom_balances`.`channel_id` LIMIT 1\n"}
{"Time":"2026-09-10T08:23:39.3104633-04:00","Action":"output","Package":"github.com/QuantumNous/new-api/model","Test":"TestChannelDeletionCleansCustomBalanceConfig","Output":"\r\n"}
{"Time":"2026-09-10T08:23:39.3104633-04:00","Action":"output","Package":"github.com/QuantumNous/new-api/model","Test":"TestChannelDeletionCleansCustomBalanceConfig","Output":"2026/09/10 08:23:39 \u001b[31;1mD:/10178/Projects/new-api-upstream-sync/model/channel_custom_balance_test.go:48 \u001b[35;1mrecord not found\n"}
{"Time":"2026-09-10T08:23:39.3104633-04:00","Action":"output","Package":"github.com/QuantumNous/new-api/model","Test":"TestChannelDeletionCleansCustomBalanceConfig","Output":"\u001b[0m\u001b[33m[0.000ms] \u001b[34;1m[rows:0]\u001b[0m SELECT * FROM `channel_custom_balances` WHERE channel_id = 2 ORDER BY `channel_custom_balances`.`channel_id` LIMIT 1\n"}
{"Time":"2026-09-10T08:23:39.3104633-04:00","Action":"output","Package":"github.com/QuantumNous/new-api/model","Test":"TestChannelDeletionCleansCustomBalanceConfig","Output":"--- PASS: TestChannelDeletionCleansCustomBalanceConfig (0.00s)\n"}
{"Time":"2026-09-10T08:23:39.3104633-04:00","Action":"pass","Package":"github.com/QuantumNous/new-api/model","Test":"TestChannelDeletionCleansCustomBalanceConfig","Elapsed":0}
{"Time":"2026-09-10T08:23:39.3104633-04:00","Action":"run","Package":"github.com/QuantumNous/new-api/model","Test":"TestValidateChannelQueueSettings"}
{"Time":"2026-09-10T08:23:39.3104633-04:00","Action":"output","Package":"github.com/QuantumNous/new-api/model","Test":"TestValidateChannelQueueSettings","Output":"=== RUN   TestValidateChannelQueueSettings\n"}
{"Time":"2026-09-10T08:23:39.3104633-04:00","Action":"run","Package":"github.com/QuantumNous/new-api/model","Test":"TestValidateChannelQueueSettings/disabled_is_always_valid"}
{"Time":"2026-09-10T08:23:39.3104633-04:00","Action":"output","Package":"github.com/QuantumNous/new-api/model","Test":"TestValidateChannelQueueSettings/disabled_is_always_valid","Output":"=== RUN   TestValidateChannelQueueSettings/disabled_is_always_valid\n"}
{"Time":"2026-09-10T08:23:39.3104633-04:00","Action":"output","Package":"github.com/QuantumNous/new-api/model","Test":"TestValidateChannelQueueSettings/disabled_is_always_valid","Output":"--- PASS: TestValidateChannelQueueSettings/disabled_is_always_valid (0.00s)\n"}
{"Time":"2026-09-10T08:23:39.3104633-04:00","Action":"pass","Package":"github.com/QuantumNous/new-api/model","Test":"TestValidateChannelQueueSettings/disabled_is_always_valid","Elapsed":0}
{"Time":"2026-09-10T08:23:39.3104633-04:00","Action":"run","Package":"github.com/QuantumNous/new-api/model","Test":"TestValidateChannelQueueSettings/enabled_without_model_rejected"}
{"Time":"2026-09-10T08:23:39.3104633-04:00","Action":"output","Package":"github.com/QuantumNous/new-api/model","Test":"TestValidateChannelQueueSettings/enabled_without_model_rejected","Output":"=== RUN   TestValidateChannelQueueSettings/enabled_without_model_rejected\n"}
{"Time":"2026-09-10T08:23:39.3104633-04:00","Action":"output","Package":"github.com/QuantumNous/new-api/model","Test":"TestValidateChannelQueueSettings/enabled_without_model_rejected","Output":"--- PASS: TestValidateChannelQueueSettings/enabled_without_model_rejected (0.00s)\n"}
{"Time":"2026-09-10T08:23:39.3104633-04:00","Action":"pass","Package":"github.com/QuantumNous/new-api/model","Test":"TestValidateChannelQueueSettings/enabled_without_model_rejected","Elapsed":0}
{"Time":"2026-09-10T08:23:39.3104633-04:00","Action":"run","Package":"github.com/QuantumNous/new-api/model","Test":"TestValidateChannelQueueSettings/enabled_with_model_not_in_channel_rejected"}
{"Time":"2026-09-10T08:23:39.3104633-04:00","Action":"output","Package":"github.com/QuantumNous/new-api/model","Test":"TestValidateChannelQueueSettings/enabled_with_model_not_in_channel_rejected","Output":"=== RUN   TestValidateChannelQueueSettings/enabled_with_model_not_in_channel_rejected\n"}
{"Time":"2026-09-10T08:23:39.3104633-04:00","Action":"output","Package":"github.com/QuantumNous/new-api/model","Test":"TestValidateChannelQueueSettings/enabled_with_model_not_in_channel_rejected","Output":"--- PASS: TestValidateChannelQueueSettings/enabled_with_model_not_in_channel_rejected (0.00s)\n"}
{"Time":"2026-09-10T08:23:39.3104633-04:00","Action":"pass","Package":"github.com/QuantumNous/new-api/model","Test":"TestValidateChannelQueueSettings/enabled_with_model_not_in_channel_rejected","Elapsed":0}
{"Time":"2026-09-10T08:23:39.3104633-04:00","Action":"run","Package":"github.com/QuantumNous/new-api/model","Test":"TestValidateChannelQueueSettings/valid_enabled_config"}
{"Time":"2026-09-10T08:23:39.3104633-04:00","Action":"output","Package":"github.com/QuantumNous/new-api/model","Test":"TestValidateChannelQueueSettings/valid_enabled_config","Output":"=== RUN   TestValidateChannelQueueSettings/valid_enabled_config\n"}
{"Time":"2026-09-10T08:23:39.3104633-04:00","Action":"output","Package":"github.com/QuantumNous/new-api/model","Test":"TestValidateChannelQueueSettings/valid_enabled_config","Output":"--- PASS: TestValidateChannelQueueSettings/valid_enabled_config (0.00s)\n"}
{"Time":"2026-09-10T08:23:39.3104633-04:00","Action":"pass","Package":"github.com/QuantumNous/new-api/model","Test":"TestValidateChannelQueueSettings/valid_enabled_config","Elapsed":0}
{"Time":"2026-09-10T08:23:39.3104633-04:00","Action":"run","Package":"github.com/QuantumNous/new-api/model","Test":"TestValidateChannelQueueSettings/interval_too_small"}
{"Time":"2026-09-10T08:23:39.3104633-04:00","Action":"output","Package":"github.com/QuantumNous/new-api/model","Test":"TestValidateChannelQueueSettings/interval_too_small","Output":"=== RUN   TestValidateChannelQueueSettings/interval_too_small\n"}
{"Time":"2026-09-10T08:23:39.3104633-04:00","Action":"output","Package":"github.com/QuantumNous/new-api/model","Test":"TestValidateChannelQueueSettings/interval_too_small","Output":"--- PASS: TestValidateChannelQueueSettings/interval_too_small (0.00s)\n"}
{"Time":"2026-09-10T08:23:39.3104633-04:00","Action":"pass","Package":"github.com/QuantumNous/new-api/model","Test":"TestValidateChannelQueueSettings/interval_too_small","Elapsed":0}
{"Time":"2026-09-10T08:23:39.3104633-04:00","Action":"run","Package":"github.com/QuantumNous/new-api/model","Test":"TestValidateChannelQueueSettings/timeout_must_be_less_than_interval"}
{"Time":"2026-09-10T08:23:39.3104633-04:00","Action":"output","Package":"github.com/QuantumNous/new-api/model","Test":"TestValidateChannelQueueSettings/timeout_must_be_less_than_interval","Output":"=== RUN   TestValidateChannelQueueSettings/timeout_must_be_less_than_interval\n"}
{"Time":"2026-09-10T08:23:39.3104633-04:00","Action":"output","Package":"github.com/QuantumNous/new-api/model","Test":"TestValidateChannelQueueSettings/timeout_must_be_less_than_interval","Output":"--- PASS: TestValidateChannelQueueSettings/timeout_must_be_less_than_interval (0.00s)\n"}
{"Time":"2026-09-10T08:23:39.3104633-04:00","Action":"pass","Package":"github.com/QuantumNous/new-api/model","Test":"TestValidateChannelQueueSettings/timeout_must_be_less_than_interval","Elapsed":0}
{"Time":"2026-09-10T08:23:39.3104633-04:00","Action":"run","Package":"github.com/QuantumNous/new-api/model","Test":"TestValidateChannelQueueSettings/timeout_duration_has_a_safe_upper_bound"}
{"Time":"2026-09-10T08:23:39.3104633-04:00","Action":"output","Package":"github.com/QuantumNous/new-api/model","Test":"TestValidateChannelQueueSettings/timeout_duration_has_a_safe_upper_bound","Output":"=== RUN   TestValidateChannelQueueSettings/timeout_duration_has_a_safe_upper_bound\n"}
{"Time":"2026-09-10T08:23:39.3104633-04:00","Action":"output","Package":"github.com/QuantumNous/new-api/model","Test":"TestValidateChannelQueueSettings/timeout_duration_has_a_safe_upper_bound","Output":"--- PASS: TestValidateChannelQueueSettings/timeout_duration_has_a_safe_upper_bound (0.00s)\n"}
{"Time":"2026-09-10T08:23:39.3104633-04:00","Action":"pass","Package":"github.com/QuantumNous/new-api/model","Test":"TestValidateChannelQueueSettings/timeout_duration_has_a_safe_upper_bound","Elapsed":0}
{"Time":"2026-09-10T08:23:39.3104633-04:00","Action":"run","Package":"github.com/QuantumNous/new-api/model","Test":"TestValidateChannelQueueSettings/cooldown_duration_has_a_safe_upper_bound"}
{"Time":"2026-09-10T08:23:39.3104633-04:00","Action":"output","Package":"github.com/QuantumNous/new-api/model","Test":"TestValidateChannelQueueSettings/cooldown_duration_has_a_safe_upper_bound","Output":"=== RUN   TestValidateChannelQueueSettings/cooldown_duration_has_a_safe_upper_bound\n"}
{"Time":"2026-09-10T08:23:39.3104633-04:00","Action":"output","Package":"github.com/QuantumNous/new-api/model","Test":"TestValidateChannelQueueSettings/cooldown_duration_has_a_safe_upper_bound","Output":"--- PASS: TestValidateChannelQueueSettings/cooldown_duration_has_a_safe_upper_bound (0.00s)\n"}
{"Time":"2026-09-10T08:23:39.3104633-04:00","Action":"pass","Package":"github.com/QuantumNous/new-api/model","Test":"TestValidateChannelQueueSettings/cooldown_duration_has_a_safe_upper_bound","Elapsed":0}
{"Time":"2026-09-10T08:23:39.3104633-04:00","Action":"run","Package":"github.com/QuantumNous/new-api/model","Test":"TestValidateChannelQueueSettings/backoff_duration_has_a_safe_upper_bound"}
{"Time":"2026-09-10T08:23:39.3104633-04:00","Action":"output","Package":"github.com/QuantumNous/new-api/model","Test":"TestValidateChannelQueueSettings/backoff_duration_has_a_safe_upper_bound","Output":"=== RUN   TestValidateChannelQueueSettings/backoff_duration_has_a_safe_upper_bound\n"}
{"Time":"2026-09-10T08:23:39.3104633-04:00","Action":"output","Package":"github.com/QuantumNous/new-api/model","Test":"TestValidateChannelQueueSettings/backoff_duration_has_a_safe_upper_bound","Output":"--- PASS: TestValidateChannelQueueSettings/backoff_duration_has_a_safe_upper_bound (0.00s)\n"}
{"Time":"2026-09-10T08:23:39.3104633-04:00","Action":"pass","Package":"github.com/QuantumNous/new-api/model","Test":"TestValidateChannelQueueSettings/backoff_duration_has_a_safe_upper_bound","Elapsed":0}
{"Time":"2026-09-10T08:23:39.3104633-04:00","Action":"run","Package":"github.com/QuantumNous/new-api/model","Test":"TestValidateChannelQueueSettings/invalid_busy_status_code"}
{"Time":"2026-09-10T08:23:39.3109851-04:00","Action":"output","Package":"github.com/QuantumNous/new-api/model","Test":"TestValidateChannelQueueSettings/invalid_busy_status_code","Output":"=== RUN   TestValidateChannelQueueSettings/invalid_busy_status_code\n"}
{"Time":"2026-09-10T08:23:39.3109851-04:00","Action":"output","Package":"github.com/QuantumNous/new-api/model","Test":"TestValidateChannelQueueSettings/invalid_busy_status_code","Output":"--- PASS: TestValidateChannelQueueSettings/invalid_busy_status_code (0.00s)\n"}
{"Time":"2026-09-10T08:23:39.3109851-04:00","Action":"pass","Package":"github.com/QuantumNous/new-api/model","Test":"TestValidateChannelQueueSettings/invalid_busy_status_code","Elapsed":0}
{"Time":"2026-09-10T08:23:39.3109851-04:00","Action":"run","Package":"github.com/QuantumNous/new-api/model","Test":"TestValidateChannelQueueSettings/invalid_endpoint_type"}
{"Time":"2026-09-10T08:23:39.3109851-04:00","Action":"output","Package":"github.com/QuantumNous/new-api/model","Test":"TestValidateChannelQueueSettings/invalid_endpoint_type","Output":"=== RUN   TestValidateChannelQueueSettings/invalid_endpoint_type\n"}
{"Time":"2026-09-10T08:23:39.3109851-04:00","Action":"output","Package":"github.com/QuantumNous/new-api/model","Test":"TestValidateChannelQueueSettings/invalid_endpoint_type","Output":"--- PASS: TestValidateChannelQueueSettings/invalid_endpoint_type (0.00s)\n"}
{"Time":"2026-09-10T08:23:39.3109851-04:00","Action":"pass","Package":"github.com/QuantumNous/new-api/model","Test":"TestValidateChannelQueueSettings/invalid_endpoint_type","Elapsed":0}
{"Time":"2026-09-10T08:23:39.3109851-04:00","Action":"output","Package":"github.com/QuantumNous/new-api/model","Test":"TestValidateChannelQueueSettings","Output":"--- PASS: TestValidateChannelQueueSettings (0.00s)\n"}
{"Time":"2026-09-10T08:23:39.3109851-04:00","Action":"pass","Package":"github.com/QuantumNous/new-api/model","Test":"TestValidateChannelQueueSettings","Elapsed":0}
{"Time":"2026-09-10T08:23:39.3109851-04:00","Action":"run","Package":"github.com/QuantumNous/new-api/model","Test":"TestHasModel"}
{"Time":"2026-09-10T08:23:39.3109851-04:00","Action":"output","Package":"github.com/QuantumNous/new-api/model","Test":"TestHasModel","Output":"=== RUN   TestHasModel\n"}
{"Time":"2026-09-10T08:23:39.3109851-04:00","Action":"output","Package":"github.com/QuantumNous/new-api/model","Test":"TestHasModel","Output":"--- PASS: TestHasModel (0.00s)\n"}
{"Time":"2026-09-10T08:23:39.3109851-04:00","Action":"pass","Package":"github.com/QuantumNous/new-api/model","Test":"TestHasModel","Elapsed":0}
{"Time":"2026-09-10T08:23:39.3109851-04:00","Action":"run","Package":"github.com/QuantumNous/new-api/model","Test":"TestGetChannelExcludingClampsRetryToLowestPriority"}
{"Time":"2026-09-10T08:23:39.3109851-04:00","Action":"output","Package":"github.com/QuantumNous/new-api/model","Test":"TestGetChannelExcludingClampsRetryToLowestPriority","Output":"=== RUN   TestGetChannelExcludingClampsRetryToLowestPriority\n"}
{"Time":"2026-09-10T08:23:39.3125495-04:00","Action":"output","Package":"github.com/QuantumNous/new-api/model","Test":"TestGetChannelExcludingClampsRetryToLowestPriority","Output":"--- PASS: TestGetChannelExcludingClampsRetryToLowestPriority (0.00s)\n"}
{"Time":"2026-09-10T08:23:39.3125495-04:00","Action":"pass","Package":"github.com/QuantumNous/new-api/model","Test":"TestGetChannelExcludingClampsRetryToLowestPriority","Elapsed":0}
{"Time":"2026-09-10T08:23:39.3125495-04:00","Action":"run","Package":"github.com/QuantumNous/new-api/model","Test":"TestGetChannelExcludingKeepsSinglePriorityOnRetry"}
{"Time":"2026-09-10T08:23:39.3125495-04:00","Action":"output","Package":"github.com/QuantumNous/new-api/model","Test":"TestGetChannelExcludingKeepsSinglePriorityOnRetry","Output":"=== RUN   TestGetChannelExcludingKeepsSinglePriorityOnRetry\n"}
{"Time":"2026-09-10T08:23:39.313072-04:00","Action":"output","Package":"github.com/QuantumNous/new-api/model","Test":"TestGetChannelExcludingKeepsSinglePriorityOnRetry","Output":"--- PASS: TestGetChannelExcludingKeepsSinglePriorityOnRetry (0.00s)\n"}
{"Time":"2026-09-10T08:23:39.313072-04:00","Action":"pass","Package":"github.com/QuantumNous/new-api/model","Test":"TestGetChannelExcludingKeepsSinglePriorityOnRetry","Elapsed":0}
{"Time":"2026-09-10T08:23:39.313072-04:00","Action":"run","Package":"github.com/QuantumNous/new-api/model","Test":"TestCachedChannelExcludingClampsRetryToLowestPriority"}
{"Time":"2026-09-10T08:23:39.313072-04:00","Action":"output","Package":"github.com/QuantumNous/new-api/model","Test":"TestCachedChannelExcludingClampsRetryToLowestPriority","Output":"=== RUN   TestCachedChannelExcludingClampsRetryToLowestPriority\n"}
{"Time":"2026-09-10T08:23:39.3141105-04:00","Action":"output","Package":"github.com/QuantumNous/new-api/model","Test":"TestCachedChannelExcludingClampsRetryToLowestPriority","Output":"[SYS] 2026/09/10 - 08:23:39 | channels synced from database \n"}
{"Time":"2026-09-10T08:23:39.3141105-04:00","Action":"output","Package":"github.com/QuantumNous/new-api/model","Test":"TestCachedChannelExcludingClampsRetryToLowestPriority","Output":"--- PASS: TestCachedChannelExcludingClampsRetryToLowestPriority (0.00s)\n"}
{"Time":"2026-09-10T08:23:39.3141105-04:00","Action":"pass","Package":"github.com/QuantumNous/new-api/model","Test":"TestCachedChannelExcludingClampsRetryToLowestPriority","Elapsed":0}
{"Time":"2026-09-10T08:23:39.3141105-04:00","Action":"run","Package":"github.com/QuantumNous/new-api/model","Test":"TestChannelValidateSettingsRejectsInvalidHTTPTransport"}
{"Time":"2026-09-10T08:23:39.3141105-04:00","Action":"output","Package":"github.com/QuantumNous/new-api/model","Test":"TestChannelValidateSettingsRejectsInvalidHTTPTransport","Output":"=== RUN   TestChannelValidateSettingsRejectsInvalidHTTPTransport\n"}
{"Time":"2026-09-10T08:23:39.3141105-04:00","Action":"run","Package":"github.com/QuantumNous/new-api/model","Test":"TestChannelValidateSettingsRejectsInvalidHTTPTransport/auto_with_shards_is_valid"}
{"Time":"2026-09-10T08:23:39.3141105-04:00","Action":"output","Package":"github.com/QuantumNous/new-api/model","Test":"TestChannelValidateSettingsRejectsInvalidHTTPTransport/auto_with_shards_is_valid","Output":"=== RUN   TestChannelValidateSettingsRejectsInvalidHTTPTransport/auto_with_shards_is_valid\n"}
{"Time":"2026-09-10T08:23:39.3141105-04:00","Action":"output","Package":"github.com/QuantumNous/new-api/model","Test":"TestChannelValidateSettingsRejectsInvalidHTTPTransport/auto_with_shards_is_valid","Output":"--- PASS: TestChannelValidateSettingsRejectsInvalidHTTPTransport/auto_with_shards_is_valid (0.00s)\n"}
{"Time":"2026-09-10T08:23:39.3141105-04:00","Action":"pass","Package":"github.com/QuantumNous/new-api/model","Test":"TestChannelValidateSettingsRejectsInvalidHTTPTransport/auto_with_shards_is_valid","Elapsed":0}
{"Time":"2026-09-10T08:23:39.3141105-04:00","Action":"run","Package":"github.com/QuantumNous/new-api/model","Test":"TestChannelValidateSettingsRejectsInvalidHTTPTransport/http1_with_shards_greater_than_one_rejected"}
{"Time":"2026-09-10T08:23:39.3141105-04:00","Action":"output","Package":"github.com/QuantumNous/new-api/model","Test":"TestChannelValidateSettingsRejectsInvalidHTTPTransport/http1_with_shards_greater_than_one_rejected","Output":"=== RUN   TestChannelValidateSettingsRejectsInvalidHTTPTransport/http1_with_shards_greater_than_one_rejected\n"}
{"Time":"2026-09-10T08:23:39.3141105-04:00","Action":"output","Package":"github.com/QuantumNous/new-api/model","Test":"TestChannelValidateSettingsRejectsInvalidHTTPTransport/http1_with_shards_greater_than_one_rejected","Output":"--- PASS: TestChannelValidateSettingsRejectsInvalidHTTPTransport/http1_with_shards_greater_than_one_rejected (0.00s)\n"}
{"Time":"2026-09-10T08:23:39.3141105-04:00","Action":"pass","Package":"github.com/QuantumNous/new-api/model","Test":"TestChannelValidateSettingsRejectsInvalidHTTPTransport/http1_with_shards_greater_than_one_rejected","Elapsed":0}
{"Time":"2026-09-10T08:23:39.3141105-04:00","Action":"output","Package":"github.com/QuantumNous/new-api/model","Test":"TestChannelValidateSettingsRejectsInvalidHTTPTransport","Output":"--- PASS: TestChannelValidateSettingsRejectsInvalidHTTPTransport (0.00s)\n"}
{"Time":"2026-09-10T08:23:39.3141105-04:00","Action":"pass","Package":"github.com/QuantumNous/new-api/model","Test":"TestChannelValidateSettingsRejectsInvalidHTTPTransport","Elapsed":0}
{"Time":"2026-09-10T08:23:39.3141105-04:00","Action":"run","Package":"github.com/QuantumNous/new-api/model","Test":"TestChannelValidateSettingsSupportsStandardClientIdentityTemplates"}
{"Time":"2026-09-10T08:23:39.3141105-04:00","Action":"output","Package":"github.com/QuantumNous/new-api/model","Test":"TestChannelValidateSettingsSupportsStandardClientIdentityTemplates","Output":"=== RUN   TestChannelValidateSettingsSupportsStandardClientIdentityTemplates\n"}
{"Time":"2026-09-10T08:23:39.3141105-04:00","Action":"run","Package":"github.com/QuantumNous/new-api/model","Test":"TestChannelValidateSettingsSupportsStandardClientIdentityTemplates/standard_OpenAI"}
{"Time":"2026-09-10T08:23:39.3141105-04:00","Action":"output","Package":"github.com/QuantumNous/new-api/model","Test":"TestChannelValidateSettingsSupportsStandardClientIdentityTemplates/standard_OpenAI","Output":"=== RUN   TestChannelValidateSettingsSupportsStandardClientIdentityTemplates/standard_OpenAI\n"}
{"Time":"2026-09-10T08:23:39.3141105-04:00","Action":"output","Package":"github.com/QuantumNous/new-api/model","Test":"TestChannelValidateSettingsSupportsStandardClientIdentityTemplates/standard_OpenAI","Output":"--- PASS: TestChannelValidateSettingsSupportsStandardClientIdentityTemplates/standard_OpenAI (0.00s)\n"}
{"Time":"2026-09-10T08:23:39.3141105-04:00","Action":"pass","Package":"github.com/QuantumNous/new-api/model","Test":"TestChannelValidateSettingsSupportsStandardClientIdentityTemplates/standard_OpenAI","Elapsed":0}
{"Time":"2026-09-10T08:23:39.3141105-04:00","Action":"run","Package":"github.com/QuantumNous/new-api/model","Test":"TestChannelValidateSettingsSupportsStandardClientIdentityTemplates/standard_Anthropic"}
{"Time":"2026-09-10T08:23:39.3141105-04:00","Action":"output","Package":"github.com/QuantumNous/new-api/model","Test":"TestChannelValidateSettingsSupportsStandardClientIdentityTemplates/standard_Anthropic","Output":"=== RUN   TestChannelValidateSettingsSupportsStandardClientIdentityTemplates/standard_Anthropic\n"}
{"Time":"2026-09-10T08:23:39.3141105-04:00","Action":"output","Package":"github.com/QuantumNous/new-api/model","Test":"TestChannelValidateSettingsSupportsStandardClientIdentityTemplates/standard_Anthropic","Output":"--- PASS: TestChannelValidateSettingsSupportsStandardClientIdentityTemplates/standard_Anthropic (0.00s)\n"}
{"Time":"2026-09-10T08:23:39.3141105-04:00","Action":"pass","Package":"github.com/QuantumNous/new-api/model","Test":"TestChannelValidateSettingsSupportsStandardClientIdentityTemplates/standard_Anthropic","Elapsed":0}
{"Time":"2026-09-10T08:23:39.3141105-04:00","Action":"run","Package":"github.com/QuantumNous/new-api/model","Test":"TestChannelValidateSettingsSupportsStandardClientIdentityTemplates/profile_belongs_to_another_template"}
{"Time":"2026-09-10T08:23:39.3141105-04:00","Action":"output","Package":"github.com/QuantumNous/new-api/model","Test":"TestChannelValidateSettingsSupportsStandardClientIdentityTemplates/profile_belongs_to_another_template","Output":"=== RUN   TestChannelValidateSettingsSupportsStandardClientIdentityTemplates/profile_belongs_to_another_template\n"}
{"Time":"2026-09-10T08:23:39.3146671-04:00","Action":"output","Package":"github.com/QuantumNous/new-api/model","Test":"TestChannelValidateSettingsSupportsStandardClientIdentityTemplates/profile_belongs_to_another_template","Output":"--- PASS: TestChannelValidateSettingsSupportsStandardClientIdentityTemplates/profile_belongs_to_another_template (0.00s)\n"}
{"Time":"2026-09-10T08:23:39.3146671-04:00","Action":"pass","Package":"github.com/QuantumNous/new-api/model","Test":"TestChannelValidateSettingsSupportsStandardClientIdentityTemplates/profile_belongs_to_another_template","Elapsed":0}
{"Time":"2026-09-10T08:23:39.3146671-04:00","Action":"output","Package":"github.com/QuantumNous/new-api/model","Test":"TestChannelValidateSettingsSupportsStandardClientIdentityTemplates","Output":"--- PASS: TestChannelValidateSettingsSupportsStandardClientIdentityTemplates (0.00s)\n"}
{"Time":"2026-09-10T08:23:39.3146671-04:00","Action":"pass","Package":"github.com/QuantumNous/new-api/model","Test":"TestChannelValidateSettingsSupportsStandardClientIdentityTemplates","Elapsed":0}
{"Time":"2026-09-10T08:23:39.3146671-04:00","Action":"run","Package":"github.com/QuantumNous/new-api/model","Test":"TestChannelValidateSettingsKeepsLegacyEmptyOtherSettingsValid"}
{"Time":"2026-09-10T08:23:39.3146671-04:00","Action":"output","Package":"github.com/QuantumNous/new-api/model","Test":"TestChannelValidateSettingsKeepsLegacyEmptyOtherSettingsValid","Output":"=== RUN   TestChannelValidateSettingsKeepsLegacyEmptyOtherSettingsValid\n"}
{"Time":"2026-09-10T08:23:39.3146671-04:00","Action":"run","Package":"github.com/QuantumNous/new-api/model","Test":"TestChannelValidateSettingsKeepsLegacyEmptyOtherSettingsValid/channel-1"}
{"Time":"2026-09-10T08:23:39.3146671-04:00","Action":"output","Package":"github.com/QuantumNous/new-api/model","Test":"TestChannelValidateSettingsKeepsLegacyEmptyOtherSettingsValid/channel-1","Output":"=== RUN   TestChannelValidateSettingsKeepsLegacyEmptyOtherSettingsValid/channel-1\n"}
{"Time":"2026-09-10T08:23:39.3146671-04:00","Action":"output","Package":"github.com/QuantumNous/new-api/model","Test":"TestChannelValidateSettingsKeepsLegacyEmptyOtherSettingsValid/channel-1","Output":"--- PASS: TestChannelValidateSettingsKeepsLegacyEmptyOtherSettingsValid/channel-1 (0.00s)\n"}
{"Time":"2026-09-10T08:23:39.3146671-04:00","Action":"pass","Package":"github.com/QuantumNous/new-api/model","Test":"TestChannelValidateSettingsKeepsLegacyEmptyOtherSettingsValid/channel-1","Elapsed":0}
{"Time":"2026-09-10T08:23:39.3146671-04:00","Action":"run","Package":"github.com/QuantumNous/new-api/model","Test":"TestChannelValidateSettingsKeepsLegacyEmptyOtherSettingsValid/channel-14"}
{"Time":"2026-09-10T08:23:39.3146671-04:00","Action":"output","Package":"github.com/QuantumNous/new-api/model","Test":"TestChannelValidateSettingsKeepsLegacyEmptyOtherSettingsValid/channel-14","Output":"=== RUN   TestChannelValidateSettingsKeepsLegacyEmptyOtherSettingsValid/channel-14\n"}
{"Time":"2026-09-10T08:23:39.3146671-04:00","Action":"output","Package":"github.com/QuantumNous/new-api/model","Test":"TestChannelValidateSettingsKeepsLegacyEmptyOtherSettingsValid/channel-14","Output":"--- PASS: TestChannelValidateSettingsKeepsLegacyEmptyOtherSettingsValid/channel-14 (0.00s)\n"}
{"Time":"2026-09-10T08:23:39.3146671-04:00","Action":"pass","Package":"github.com/QuantumNous/new-api/model","Test":"TestChannelValidateSettingsKeepsLegacyEmptyOtherSettingsValid/channel-14","Elapsed":0}
{"Time":"2026-09-10T08:23:39.3146671-04:00","Action":"output","Package":"github.com/QuantumNous/new-api/model","Test":"TestChannelValidateSettingsKeepsLegacyEmptyOtherSettingsValid","Output":"--- PASS: TestChannelValidateSettingsKeepsLegacyEmptyOtherSettingsValid (0.00s)\n"}
{"Time":"2026-09-10T08:23:39.3146671-04:00","Action":"pass","Package":"github.com/QuantumNous/new-api/model","Test":"TestChannelValidateSettingsKeepsLegacyEmptyOtherSettingsValid","Elapsed":0}
{"Time":"2026-09-10T08:23:39.3146671-04:00","Action":"run","Package":"github.com/QuantumNous/new-api/model","Test":"TestAdvancedCustomChannelRequiresModelListRouteOnlyWhenUpdateChecksEnabled"}
{"Time":"2026-09-10T08:23:39.3146671-04:00","Action":"output","Package":"github.com/QuantumNous/new-api/model","Test":"TestAdvancedCustomChannelRequiresModelListRouteOnlyWhenUpdateChecksEnabled","Output":"=== RUN   TestAdvancedCustomChannelRequiresModelListRouteOnlyWhenUpdateChecksEnabled\n"}
{"Time":"2026-09-10T08:23:39.3146671-04:00","Action":"run","Package":"github.com/QuantumNous/new-api/model","Test":"TestAdvancedCustomChannelRequiresModelListRouteOnlyWhenUpdateChecksEnabled/legacy_channel_without_discovery_route_remains_valid"}
{"Time":"2026-09-10T08:23:39.3146671-04:00","Action":"output","Package":"github.com/QuantumNous/new-api/model","Test":"TestAdvancedCustomChannelRequiresModelListRouteOnlyWhenUpdateChecksEnabled/legacy_channel_without_discovery_route_remains_valid","Output":"=== RUN   TestAdvancedCustomChannelRequiresModelListRouteOnlyWhenUpdateChecksEnabled/legacy_channel_without_discovery_route_remains_valid\n"}
{"Time":"2026-09-10T08:23:39.3146671-04:00","Action":"output","Package":"github.com/QuantumNous/new-api/model","Test":"TestAdvancedCustomChannelRequiresModelListRouteOnlyWhenUpdateChecksEnabled/legacy_channel_without_discovery_route_remains_valid","Output":"--- PASS: TestAdvancedCustomChannelRequiresModelListRouteOnlyWhenUpdateChecksEnabled/legacy_channel_without_discovery_route_remains_valid (0.00s)\n"}
{"Time":"2026-09-10T08:23:39.3146671-04:00","Action":"pass","Package":"github.com/QuantumNous/new-api/model","Test":"TestAdvancedCustomChannelRequiresModelListRouteOnlyWhenUpdateChecksEnabled/legacy_channel_without_discovery_route_remains_valid","Elapsed":0}
{"Time":"2026-09-10T08:23:39.3146671-04:00","Action":"run","Package":"github.com/QuantumNous/new-api/model","Test":"TestAdvancedCustomChannelRequiresModelListRouteOnlyWhenUpdateChecksEnabled/enabled_checks_require_discovery_route"}
{"Time":"2026-09-10T08:23:39.3146671-04:00","Action":"output","Package":"github.com/QuantumNous/new-api/model","Test":"TestAdvancedCustomChannelRequiresModelListRouteOnlyWhenUpdateChecksEnabled/enabled_checks_require_discovery_route","Output":"=== RUN   TestAdvancedCustomChannelRequiresModelListRouteOnlyWhenUpdateChecksEnabled/enabled_checks_require_discovery_route\n"}
{"Time":"2026-09-10T08:23:39.3146671-04:00","Action":"output","Package":"github.com/QuantumNous/new-api/model","Test":"TestAdvancedCustomChannelRequiresModelListRouteOnlyWhenUpdateChecksEnabled/enabled_checks_require_discovery_route","Output":"--- PASS: TestAdvancedCustomChannelRequiresModelListRouteOnlyWhenUpdateChecksEnabled/enabled_checks_require_discovery_route (0.00s)\n"}
{"Time":"2026-09-10T08:23:39.3146671-04:00","Action":"pass","Package":"github.com/QuantumNous/new-api/model","Test":"TestAdvancedCustomChannelRequiresModelListRouteOnlyWhenUpdateChecksEnabled/enabled_checks_require_discovery_route","Elapsed":0}
{"Time":"2026-09-10T08:23:39.3146671-04:00","Action":"run","Package":"github.com/QuantumNous/new-api/model","Test":"TestAdvancedCustomChannelRequiresModelListRouteOnlyWhenUpdateChecksEnabled/enabled_checks_accept_discovery_route"}
{"Time":"2026-09-10T08:23:39.3146671-04:00","Action":"output","Package":"github.com/QuantumNous/new-api/model","Test":"TestAdvancedCustomChannelRequiresModelListRouteOnlyWhenUpdateChecksEnabled/enabled_checks_accept_discovery_route","Output":"=== RUN   TestAdvancedCustomChannelRequiresModelListRouteOnlyWhenUpdateChecksEnabled/enabled_checks_accept_discovery_route\n"}
{"Time":"2026-09-10T08:23:39.3146671-04:00","Action":"output","Package":"github.com/QuantumNous/new-api/model","Test":"TestAdvancedCustomChannelRequiresModelListRouteOnlyWhenUpdateChecksEnabled/enabled_checks_accept_discovery_route","Output":"--- PASS: TestAdvancedCustomChannelRequiresModelListRouteOnlyWhenUpdateChecksEnabled/enabled_checks_accept_discovery_route (0.00s)\n"}
{"Time":"2026-09-10T08:23:39.3146671-04:00","Action":"pass","Package":"github.com/QuantumNous/new-api/model","Test":"TestAdvancedCustomChannelRequiresModelListRouteOnlyWhenUpdateChecksEnabled/enabled_checks_accept_discovery_route","Elapsed":0}
{"Time":"2026-09-10T08:23:39.3146671-04:00","Action":"output","Package":"github.com/QuantumNous/new-api/model","Test":"TestAdvancedCustomChannelRequiresModelListRouteOnlyWhenUpdateChecksEnabled","Output":"--- PASS: TestAdvancedCustomChannelRequiresModelListRouteOnlyWhenUpdateChecksEnabled (0.00s)\n"}
{"Time":"2026-09-10T08:23:39.3146671-04:00","Action":"pass","Package":"github.com/QuantumNous/new-api/model","Test":"TestAdvancedCustomChannelRequiresModelListRouteOnlyWhenUpdateChecksEnabled","Elapsed":0}
{"Time":"2026-09-10T08:23:39.3146671-04:00","Action":"run","Package":"github.com/QuantumNous/new-api/model","Test":"TestUserCheckinUsesBalanceTierAndDoesNotAwardTwice"}
{"Time":"2026-09-10T08:23:39.3146671-04:00","Action":"output","Package":"github.com/QuantumNous/new-api/model","Test":"TestUserCheckinUsesBalanceTierAndDoesNotAwardTwice","Output":"=== RUN   TestUserCheckinUsesBalanceTierAndDoesNotAwardTwice\n"}
{"Time":"2026-09-10T08:23:39.3157571-04:00","Action":"output","Package":"github.com/QuantumNous/new-api/model","Test":"TestUserCheckinUsesBalanceTierAndDoesNotAwardTwice","Output":"--- PASS: TestUserCheckinUsesBalanceTierAndDoesNotAwardTwice (0.00s)\n"}
{"Time":"2026-09-10T08:23:39.3157571-04:00","Action":"pass","Package":"github.com/QuantumNous/new-api/model","Test":"TestUserCheckinUsesBalanceTierAndDoesNotAwardTwice","Elapsed":0}
{"Time":"2026-09-10T08:23:39.3157571-04:00","Action":"run","Package":"github.com/QuantumNous/new-api/model","Test":"TestUserCheckinRejectsQuotaOverflowWithoutRecordingAward"}
{"Time":"2026-09-10T08:23:39.3157571-04:00","Action":"output","Package":"github.com/QuantumNous/new-api/model","Test":"TestUserCheckinRejectsQuotaOverflowWithoutRecordingAward","Output":"=== RUN   TestUserCheckinRejectsQuotaOverflowWithoutRecordingAward\n"}
{"Time":"2026-09-10T08:23:39.3167968-04:00","Action":"output","Package":"github.com/QuantumNous/new-api/model","Test":"TestUserCheckinRejectsQuotaOverflowWithoutRecordingAward","Output":"--- PASS: TestUserCheckinRejectsQuotaOverflowWithoutRecordingAward (0.00s)\n"}
{"Time":"2026-09-10T08:23:39.3167968-04:00","Action":"pass","Package":"github.com/QuantumNous/new-api/model","Test":"TestUserCheckinRejectsQuotaOverflowWithoutRecordingAward","Elapsed":0}
{"Time":"2026-09-10T08:23:39.3167968-04:00","Action":"run","Package":"github.com/QuantumNous/new-api/model","Test":"TestIsClickHouseDSN"}
{"Time":"2026-09-10T08:23:39.3167968-04:00","Action":"output","Package":"github.com/QuantumNous/new-api/model","Test":"TestIsClickHouseDSN","Output":"=== RUN   TestIsClickHouseDSN\n"}
{"Time":"2026-09-10T08:23:39.3167968-04:00","Action":"output","Package":"github.com/QuantumNous/new-api/model","Test":"TestIsClickHouseDSN","Output":"--- PASS: TestIsClickHouseDSN (0.00s)\n"}
{"Time":"2026-09-10T08:23:39.3167968-04:00","Action":"pass","Package":"github.com/QuantumNous/new-api/model","Test":"TestIsClickHouseDSN","Elapsed":0}
{"Time":"2026-09-10T08:23:39.3167968-04:00","Action":"run","Package":"github.com/QuantumNous/new-api/model","Test":"TestNormalizeClickHouseDSN"}
{"Time":"2026-09-10T08:23:39.3167968-04:00","Action":"output","Package":"github.com/QuantumNous/new-api/model","Test":"TestNormalizeClickHouseDSN","Output":"=== RUN   TestNormalizeClickHouseDSN\n"}
{"Time":"2026-09-10T08:23:39.3167968-04:00","Action":"output","Package":"github.com/QuantumNous/new-api/model","Test":"TestNormalizeClickHouseDSN","Output":"--- PASS: TestNormalizeClickHouseDSN (0.00s)\n"}
{"Time":"2026-09-10T08:23:39.3167968-04:00","Action":"pass","Package":"github.com/QuantumNous/new-api/model","Test":"TestNormalizeClickHouseDSN","Elapsed":0}
{"Time":"2026-09-10T08:23:39.3167968-04:00","Action":"run","Package":"github.com/QuantumNous/new-api/model","Test":"TestChooseDBRejectsClickHouseForMainDatabase"}
{"Time":"2026-09-10T08:23:39.3167968-04:00","Action":"output","Package":"github.com/QuantumNous/new-api/model","Test":"TestChooseDBRejectsClickHouseForMainDatabase","Output":"=== RUN   TestChooseDBRejectsClickHouseForMainDatabase\n"}
{"Time":"2026-09-10T08:23:39.3167968-04:00","Action":"output","Package":"github.com/QuantumNous/new-api/model","Test":"TestChooseDBRejectsClickHouseForMainDatabase","Output":"--- PASS: TestChooseDBRejectsClickHouseForMainDatabase (0.00s)\n"}
{"Time":"2026-09-10T08:23:39.3167968-04:00","Action":"pass","Package":"github.com/QuantumNous/new-api/model","Test":"TestChooseDBRejectsClickHouseForMainDatabase","Elapsed":0}
{"Time":"2026-09-10T08:23:39.3167968-04:00","Action":"run","Package":"github.com/QuantumNous/new-api/model","Test":"TestClickHouseLogTTLExpression"}
{"Time":"2026-09-10T08:23:39.3167968-04:00","Action":"output","Package":"github.com/QuantumNous/new-api/model","Test":"TestClickHouseLogTTLExpression","Output":"=== RUN   TestClickHouseLogTTLExpression\n"}
{"Time":"2026-09-10T08:23:39.3167968-04:00","Action":"output","Package":"github.com/QuantumNous/new-api/model","Test":"TestClickHouseLogTTLExpression","Output":"--- PASS: TestClickHouseLogTTLExpression (0.00s)\n"}
{"Time":"2026-09-10T08:23:39.3167968-04:00","Action":"pass","Package":"github.com/QuantumNous/new-api/model","Test":"TestClickHouseLogTTLExpression","Elapsed":0}
{"Time":"2026-09-10T08:23:39.3167968-04:00","Action":"run","Package":"github.com/QuantumNous/new-api/model","Test":"TestClickHouseLogTTLClause"}
{"Time":"2026-09-10T08:23:39.3167968-04:00","Action":"output","Package":"github.com/QuantumNous/new-api/model","Test":"TestClickHouseLogTTLClause","Output":"=== RUN   TestClickHouseLogTTLClause\n"}
{"Time":"2026-09-10T08:23:39.3167968-04:00","Action":"output","Package":"github.com/QuantumNous/new-api/model","Test":"TestClickHouseLogTTLClause","Output":"--- PASS: TestClickHouseLogTTLClause (0.00s)\n"}
{"Time":"2026-09-10T08:23:39.3167968-04:00","Action":"pass","Package":"github.com/QuantumNous/new-api/model","Test":"TestClickHouseLogTTLClause","Elapsed":0}
{"Time":"2026-09-10T08:23:39.3167968-04:00","Action":"run","Package":"github.com/QuantumNous/new-api/model","Test":"TestClickHouseLogCreateTableSQL"}
{"Time":"2026-09-10T08:23:39.3167968-04:00","Action":"output","Package":"github.com/QuantumNous/new-api/model","Test":"TestClickHouseLogCreateTableSQL","Output":"=== RUN   TestClickHouseLogCreateTableSQL\n"}
{"Time":"2026-09-10T08:23:39.3167968-04:00","Action":"output","Package":"github.com/QuantumNous/new-api/model","Test":"TestClickHouseLogCreateTableSQL","Output":"--- PASS: TestClickHouseLogCreateTableSQL (0.00s)\n"}
{"Time":"2026-09-10T08:23:39.3167968-04:00","Action":"pass","Package":"github.com/QuantumNous/new-api/model","Test":"TestClickHouseLogCreateTableSQL","Elapsed":0}
{"Time":"2026-09-10T08:23:39.3167968-04:00","Action":"run","Package":"github.com/QuantumNous/new-api/model","Test":"TestClickHouseCreateTableHasTTL"}
{"Time":"2026-09-10T08:23:39.3167968-04:00","Action":"output","Package":"github.com/QuantumNous/new-api/model","Test":"TestClickHouseCreateTableHasTTL","Output":"=== RUN   TestClickHouseCreateTableHasTTL\n"}
{"Time":"2026-09-10T08:23:39.3167968-04:00","Action":"output","Package":"github.com/QuantumNous/new-api/model","Test":"TestClickHouseCreateTableHasTTL","Output":"--- PASS: TestClickHouseCreateTableHasTTL (0.00s)\n"}
{"Time":"2026-09-10T08:23:39.3167968-04:00","Action":"pass","Package":"github.com/QuantumNous/new-api/model","Test":"TestClickHouseCreateTableHasTTL","Elapsed":0}
{"Time":"2026-09-10T08:23:39.3167968-04:00","Action":"run","Package":"github.com/QuantumNous/new-api/model","Test":"TestClickHouseLogOrder"}
{"Time":"2026-09-10T08:23:39.3173205-04:00","Action":"output","Package":"github.com/QuantumNous/new-api/model","Test":"TestClickHouseLogOrder","Output":"=== RUN   TestClickHouseLogOrder\n"}
{"Time":"2026-09-10T08:23:39.3173205-04:00","Action":"output","Package":"github.com/QuantumNous/new-api/model","Test":"TestClickHouseLogOrder","Output":"--- PASS: TestClickHouseLogOrder (0.00s)\n"}
{"Time":"2026-09-10T08:23:39.3173205-04:00","Action":"pass","Package":"github.com/QuantumNous/new-api/model","Test":"TestClickHouseLogOrder","Elapsed":0}
{"Time":"2026-09-10T08:23:39.3173205-04:00","Action":"run","Package":"github.com/QuantumNous/new-api/model","Test":"TestBuildLogLikeConditionUsesStandardEscape"}
{"Time":"2026-09-10T08:23:39.3173205-04:00","Action":"output","Package":"github.com/QuantumNous/new-api/model","Test":"TestBuildLogLikeConditionUsesStandardEscape","Output":"=== RUN   TestBuildLogLikeConditionUsesStandardEscape\n"}
{"Time":"2026-09-10T08:23:39.3173205-04:00","Action":"output","Package":"github.com/QuantumNous/new-api/model","Test":"TestBuildLogLikeConditionUsesStandardEscape","Output":"--- PASS: TestBuildLogLikeConditionUsesStandardEscape (0.00s)\n"}
{"Time":"2026-09-10T08:23:39.3173205-04:00","Action":"pass","Package":"github.com/QuantumNous/new-api/model","Test":"TestBuildLogLikeConditionUsesStandardEscape","Elapsed":0}
{"Time":"2026-09-10T08:23:39.3173205-04:00","Action":"run","Package":"github.com/QuantumNous/new-api/model","Test":"TestBuildLogLikeConditionUsesClickHouseEscaping"}
{"Time":"2026-09-10T08:23:39.3173205-04:00","Action":"output","Package":"github.com/QuantumNous/new-api/model","Test":"TestBuildLogLikeConditionUsesClickHouseEscaping","Output":"=== RUN   TestBuildLogLikeConditionUsesClickHouseEscaping\n"}
{"Time":"2026-09-10T08:23:39.3173205-04:00","Action":"output","Package":"github.com/QuantumNous/new-api/model","Test":"TestBuildLogLikeConditionUsesClickHouseEscaping","Output":"--- PASS: TestBuildLogLikeConditionUsesClickHouseEscaping (0.00s)\n"}
{"Time":"2026-09-10T08:23:39.3173205-04:00","Action":"pass","Package":"github.com/QuantumNous/new-api/model","Test":"TestBuildLogLikeConditionUsesClickHouseEscaping","Elapsed":0}
{"Time":"2026-09-10T08:23:39.3173205-04:00","Action":"run","Package":"github.com/QuantumNous/new-api/model","Test":"TestEnsureLogRequestId"}
{"Time":"2026-09-10T08:23:39.3173205-04:00","Action":"output","Package":"github.com/QuantumNous/new-api/model","Test":"TestEnsureLogRequestId","Output":"=== RUN   TestEnsureLogRequestId\n"}
{"Time":"2026-09-10T08:23:39.3173205-04:00","Action":"output","Package":"github.com/QuantumNous/new-api/model","Test":"TestEnsureLogRequestId","Output":"--- PASS: TestEnsureLogRequestId (0.00s)\n"}
{"Time":"2026-09-10T08:23:39.3173205-04:00","Action":"pass","Package":"github.com/QuantumNous/new-api/model","Test":"TestEnsureLogRequestId","Elapsed":0}
{"Time":"2026-09-10T08:23:39.3173205-04:00","Action":"run","Package":"github.com/QuantumNous/new-api/model","Test":"TestAssignDisplayLogIds"}
{"Time":"2026-09-10T08:23:39.3173205-04:00","Action":"output","Package":"github.com/QuantumNous/new-api/model","Test":"TestAssignDisplayLogIds","Output":"=== RUN   TestAssignDisplayLogIds\n"}
{"Time":"2026-09-10T08:23:39.3173205-04:00","Action":"output","Package":"github.com/QuantumNous/new-api/model","Test":"TestAssignDisplayLogIds","Output":"--- PASS: TestAssignDisplayLogIds (0.00s)\n"}
{"Time":"2026-09-10T08:23:39.3173205-04:00","Action":"pass","Package":"github.com/QuantumNous/new-api/model","Test":"TestAssignDisplayLogIds","Elapsed":0}
{"Time":"2026-09-10T08:23:39.3173205-04:00","Action":"run","Package":"github.com/QuantumNous/new-api/model","Test":"TestExternalIdentityClaimEnforcesSingleOwnerAtomically"}
{"Time":"2026-09-10T08:23:39.3173205-04:00","Action":"output","Package":"github.com/QuantumNous/new-api/model","Test":"TestExternalIdentityClaimEnforcesSingleOwnerAtomically","Output":"=== RUN   TestExternalIdentityClaimEnforcesSingleOwnerAtomically\n"}
{"Time":"2026-09-10T08:23:39.3173205-04:00","Action":"output","Package":"github.com/QuantumNous/new-api/model","Test":"TestExternalIdentityClaimEnforcesSingleOwnerAtomically","Output":"\r\n"}
{"Time":"2026-09-10T08:23:39.3173205-04:00","Action":"output","Package":"github.com/QuantumNous/new-api/model","Test":"TestExternalIdentityClaimEnforcesSingleOwnerAtomically","Output":"2026/09/10 08:23:39 \u001b[31;1mD:/10178/Projects/new-api-upstream-sync/model/external_identity_claim.go:50 \u001b[35;1mrecord not found\n"}
{"Time":"2026-09-10T08:23:39.3178374-04:00","Action":"output","Package":"github.com/QuantumNous/new-api/model","Test":"TestExternalIdentityClaimEnforcesSingleOwnerAtomically","Output":"\u001b[0m\u001b[33m[0.000ms] \u001b[34;1m[rows:0]\u001b[0m SELECT * FROM `external_identity_claims` WHERE provider = \"telegram\" AND subject = \"telegram-456\" ORDER BY `external_identity_claims`.`id` LIMIT 1\n"}
{"Time":"2026-09-10T08:23:39.3178374-04:00","Action":"output","Package":"github.com/QuantumNous/new-api/model","Test":"TestExternalIdentityClaimEnforcesSingleOwnerAtomically","Output":"--- PASS: TestExternalIdentityClaimEnforcesSingleOwnerAtomically (0.00s)\n"}
{"Time":"2026-09-10T08:23:39.3183471-04:00","Action":"pass","Package":"github.com/QuantumNous/new-api/model","Test":"TestExternalIdentityClaimEnforcesSingleOwnerAtomically","Elapsed":0}
{"Time":"2026-09-10T08:23:39.3183471-04:00","Action":"run","Package":"github.com/QuantumNous/new-api/model","Test":"TestClearTelegramBindingReleasesIdentityClaim"}
{"Time":"2026-09-10T08:23:39.3183471-04:00","Action":"output","Package":"github.com/QuantumNous/new-api/model","Test":"TestClearTelegramBindingReleasesIdentityClaim","Output":"=== RUN   TestClearTelegramBindingReleasesIdentityClaim\n"}
{"Time":"2026-09-10T08:23:39.3188767-04:00","Action":"output","Package":"github.com/QuantumNous/new-api/model","Test":"TestClearTelegramBindingReleasesIdentityClaim","Output":"--- PASS: TestClearTelegramBindingReleasesIdentityClaim (0.00s)\n"}
{"Time":"2026-09-10T08:23:39.3188767-04:00","Action":"pass","Package":"github.com/QuantumNous/new-api/model","Test":"TestClearTelegramBindingReleasesIdentityClaim","Elapsed":0}
{"Time":"2026-09-10T08:23:39.3188767-04:00","Action":"run","Package":"github.com/QuantumNous/new-api/model","Test":"TestInitializeExternalIdentityClaimsIsIdempotent"}
{"Time":"2026-09-10T08:23:39.3188767-04:00","Action":"output","Package":"github.com/QuantumNous/new-api/model","Test":"TestInitializeExternalIdentityClaimsIsIdempotent","Output":"=== RUN   TestInitializeExternalIdentityClaimsIsIdempotent\n"}
{"Time":"2026-09-10T08:23:39.3193984-04:00","Action":"output","Package":"github.com/QuantumNous/new-api/model","Test":"TestInitializeExternalIdentityClaimsIsIdempotent","Output":"--- PASS: TestInitializeExternalIdentityClaimsIsIdempotent (0.00s)\n"}
{"Time":"2026-09-10T08:23:39.3193984-04:00","Action":"pass","Package":"github.com/QuantumNous/new-api/model","Test":"TestInitializeExternalIdentityClaimsIsIdempotent","Elapsed":0}
{"Time":"2026-09-10T08:23:39.3193984-04:00","Action":"run","Package":"github.com/QuantumNous/new-api/model","Test":"TestInitializeExternalIdentityClaimsRejectsAmbiguousLegacyBindings"}
{"Time":"2026-09-10T08:23:39.3193984-04:00","Action":"output","Package":"github.com/QuantumNous/new-api/model","Test":"TestInitializeExternalIdentityClaimsRejectsAmbiguousLegacyBindings","Output":"=== RUN   TestInitializeExternalIdentityClaimsRejectsAmbiguousLegacyBindings\n"}
{"Time":"2026-09-10T08:23:39.3199209-04:00","Action":"output","Package":"github.com/QuantumNous/new-api/model","Test":"TestInitializeExternalIdentityClaimsRejectsAmbiguousLegacyBindings","Output":"--- PASS: TestInitializeExternalIdentityClaimsRejectsAmbiguousLegacyBindings (0.00s)\n"}
{"Time":"2026-09-10T08:23:39.320441-04:00","Action":"pass","Package":"github.com/QuantumNous/new-api/model","Test":"TestInitializeExternalIdentityClaimsRejectsAmbiguousLegacyBindings","Elapsed":0}
{"Time":"2026-09-10T08:23:39.320441-04:00","Action":"run","Package":"github.com/QuantumNous/new-api/model","Test":"TestMigrateRetiredFrontendOptionsMigratesValidValuesIdempotently"}
{"Time":"2026-09-10T08:23:39.320441-04:00","Action":"output","Package":"github.com/QuantumNous/new-api/model","Test":"TestMigrateRetiredFrontendOptionsMigratesValidValuesIdempotently","Output":"=== RUN   TestMigrateRetiredFrontendOptionsMigratesValidValuesIdempotently\n"}
{"Time":"2026-09-10T08:23:39.3209591-04:00","Action":"output","Package":"github.com/QuantumNous/new-api/model","Test":"TestMigrateRetiredFrontendOptionsMigratesValidValuesIdempotently","Output":"\r\n"}
{"Time":"2026-09-10T08:23:39.3209591-04:00","Action":"output","Package":"github.com/QuantumNous/new-api/model","Test":"TestMigrateRetiredFrontendOptionsMigratesValidValuesIdempotently","Output":"2026/09/10 08:23:39 \u001b[31;1mD:/10178/Projects/new-api-upstream-sync/model/frontend_option_migration.go:78 \u001b[35;1mrecord not found\n"}
{"Time":"2026-09-10T08:23:39.3209591-04:00","Action":"output","Package":"github.com/QuantumNous/new-api/model","Test":"TestMigrateRetiredFrontendOptionsMigratesValidValuesIdempotently","Output":"\u001b[0m\u001b[33m[0.000ms] \u001b[34;1m[rows:0]\u001b[0m SELECT * FROM `options` WHERE `options`.`key` = \"console_setting.api_info\" ORDER BY `options`.`key` LIMIT 1\n"}
{"Time":"2026-09-10T08:23:39.3214802-04:00","Action":"output","Package":"github.com/QuantumNous/new-api/model","Test":"TestMigrateRetiredFrontendOptionsMigratesValidValuesIdempotently","Output":"\r\n"}
{"Time":"2026-09-10T08:23:39.3214802-04:00","Action":"output","Package":"github.com/QuantumNous/new-api/model","Test":"TestMigrateRetiredFrontendOptionsMigratesValidValuesIdempotently","Output":"2026/09/10 08:23:39 \u001b[31;1mD:/10178/Projects/new-api-upstream-sync/model/frontend_option_migration.go:78 \u001b[35;1mrecord not found\n"}
{"Time":"2026-09-10T08:23:39.3214802-04:00","Action":"output","Package":"github.com/QuantumNous/new-api/model","Test":"TestMigrateRetiredFrontendOptionsMigratesValidValuesIdempotently","Output":"\u001b[0m\u001b[33m[0.000ms] \u001b[34;1m[rows:0]\u001b[0m SELECT * FROM `options` WHERE `options`.`key` = \"console_setting.announcements\" ORDER BY `options`.`key` LIMIT 1\n"}
{"Time":"2026-09-10T08:23:39.3214802-04:00","Action":"output","Package":"github.com/QuantumNous/new-api/model","Test":"TestMigrateRetiredFrontendOptionsMigratesValidValuesIdempotently","Output":"\r\n"}
{"Time":"2026-09-10T08:23:39.3214802-04:00","Action":"output","Package":"github.com/QuantumNous/new-api/model","Test":"TestMigrateRetiredFrontendOptionsMigratesValidValuesIdempotently","Output":"2026/09/10 08:23:39 \u001b[31;1mD:/10178/Projects/new-api-upstream-sync/model/frontend_option_migration.go:78 \u001b[35;1mrecord not found\n"}
{"Time":"2026-09-10T08:23:39.3220091-04:00","Action":"output","Package":"github.com/QuantumNous/new-api/model","Test":"TestMigrateRetiredFrontendOptionsMigratesValidValuesIdempotently","Output":"\u001b[0m\u001b[33m[0.000ms] \u001b[34;1m[rows:0]\u001b[0m SELECT * FROM `options` WHERE `options`.`key` = \"console_setting.faq\" ORDER BY `options`.`key` LIMIT 1\n"}
{"Time":"2026-09-10T08:23:39.3220091-04:00","Action":"output","Package":"github.com/QuantumNous/new-api/model","Test":"TestMigrateRetiredFrontendOptionsMigratesValidValuesIdempotently","Output":"\r\n"}
{"Time":"2026-09-10T08:23:39.3220091-04:00","Action":"output","Package":"github.com/QuantumNous/new-api/model","Test":"TestMigrateRetiredFrontendOptionsMigratesValidValuesIdempotently","Output":"2026/09/10 08:23:39 \u001b[31;1mD:/10178/Projects/new-api-upstream-sync/model/frontend_option_migration.go:191 \u001b[35;1mrecord not found\n"}
{"Time":"2026-09-10T08:23:39.3220091-04:00","Action":"output","Package":"github.com/QuantumNous/new-api/model","Test":"TestMigrateRetiredFrontendOptionsMigratesValidValuesIdempotently","Output":"\u001b[0m\u001b[33m[0.000ms] \u001b[34;1m[rows:0]\u001b[0m SELECT * FROM `options` WHERE `options`.`key` = \"console_setting.uptime_kuma_groups\" ORDER BY `options`.`key` LIMIT 1\n"}
{"Time":"2026-09-10T08:23:39.3220091-04:00","Action":"output","Package":"github.com/QuantumNous/new-api/model","Test":"TestMigrateRetiredFrontendOptionsMigratesValidValuesIdempotently","Output":"\r\n"}
{"Time":"2026-09-10T08:23:39.3220091-04:00","Action":"output","Package":"github.com/QuantumNous/new-api/model","Test":"TestMigrateRetiredFrontendOptionsMigratesValidValuesIdempotently","Output":"2026/09/10 08:23:39 \u001b[31;1mD:/10178/Projects/new-api-upstream-sync/model/frontend_option_migration_test.go:40 \u001b[35;1mrecord not found\n"}
{"Time":"2026-09-10T08:23:39.3220091-04:00","Action":"output","Package":"github.com/QuantumNous/new-api/model","Test":"TestMigrateRetiredFrontendOptionsMigratesValidValuesIdempotently","Output":"\u001b[0m\u001b[33m[0.000ms] \u001b[34;1m[rows:0]\u001b[0m SELECT * FROM `options` WHERE `options`.`key` = \"ApiInfo\" ORDER BY `options`.`key` LIMIT 1\n"}
{"Time":"2026-09-10T08:23:39.3220091-04:00","Action":"output","Package":"github.com/QuantumNous/new-api/model","Test":"TestMigrateRetiredFrontendOptionsMigratesValidValuesIdempotently","Output":"\r\n"}
{"Time":"2026-09-10T08:23:39.3220091-04:00","Action":"output","Package":"github.com/QuantumNous/new-api/model","Test":"TestMigrateRetiredFrontendOptionsMigratesValidValuesIdempotently","Output":"2026/09/10 08:23:39 \u001b[31;1mD:/10178/Projects/new-api-upstream-sync/model/frontend_option_migration_test.go:40 \u001b[35;1mrecord not found\n"}
{"Time":"2026-09-10T08:23:39.3220091-04:00","Action":"output","Package":"github.com/QuantumNous/new-api/model","Test":"TestMigrateRetiredFrontendOptionsMigratesValidValuesIdempotently","Output":"\u001b[0m\u001b[33m[0.000ms] \u001b[34;1m[rows:0]\u001b[0m SELECT * FROM `options` WHERE `options`.`key` = \"Announcements\" ORDER BY `options`.`key` LIMIT 1\n"}
{"Time":"2026-09-10T08:23:39.3220091-04:00","Action":"output","Package":"github.com/QuantumNous/new-api/model","Test":"TestMigrateRetiredFrontendOptionsMigratesValidValuesIdempotently","Output":"\r\n"}
{"Time":"2026-09-10T08:23:39.3220091-04:00","Action":"output","Package":"github.com/QuantumNous/new-api/model","Test":"TestMigrateRetiredFrontendOptionsMigratesValidValuesIdempotently","Output":"2026/09/10 08:23:39 \u001b[31;1mD:/10178/Projects/new-api-upstream-sync/model/frontend_option_migration_test.go:40 \u001b[35;1mrecord not found\n"}
{"Time":"2026-09-10T08:23:39.3220091-04:00","Action":"output","Package":"github.com/QuantumNous/new-api/model","Test":"TestMigrateRetiredFrontendOptionsMigratesValidValuesIdempotently","Output":"\u001b[0m\u001b[33m[0.000ms] \u001b[34;1m[rows:0]\u001b[0m SELECT * FROM `options` WHERE `options`.`key` = \"FAQ\" ORDER BY `options`.`key` LIMIT 1\n"}
{"Time":"2026-09-10T08:23:39.3220091-04:00","Action":"output","Package":"github.com/QuantumNous/new-api/model","Test":"TestMigrateRetiredFrontendOptionsMigratesValidValuesIdempotently","Output":"\r\n"}
{"Time":"2026-09-10T08:23:39.3220091-04:00","Action":"output","Package":"github.com/QuantumNous/new-api/model","Test":"TestMigrateRetiredFrontendOptionsMigratesValidValuesIdempotently","Output":"2026/09/10 08:23:39 \u001b[31;1mD:/10178/Projects/new-api-upstream-sync/model/frontend_option_migration_test.go:40 \u001b[35;1mrecord not found\n"}
{"Time":"2026-09-10T08:23:39.3220091-04:00","Action":"output","Package":"github.com/QuantumNous/new-api/model","Test":"TestMigrateRetiredFrontendOptionsMigratesValidValuesIdempotently","Output":"\u001b[0m\u001b[33m[0.000ms] \u001b[34;1m[rows:0]\u001b[0m SELECT * FROM `options` WHERE `options`.`key` = \"UptimeKumaUrl\" ORDER BY `options`.`key` LIMIT 1\n"}
{"Time":"2026-09-10T08:23:39.3220091-04:00","Action":"output","Package":"github.com/QuantumNous/new-api/model","Test":"TestMigrateRetiredFrontendOptionsMigratesValidValuesIdempotently","Output":"\r\n"}
{"Time":"2026-09-10T08:23:39.3220091-04:00","Action":"output","Package":"github.com/QuantumNous/new-api/model","Test":"TestMigrateRetiredFrontendOptionsMigratesValidValuesIdempotently","Output":"2026/09/10 08:23:39 \u001b[31;1mD:/10178/Projects/new-api-upstream-sync/model/frontend_option_migration_test.go:40 \u001b[35;1mrecord not found\n"}
{"Time":"2026-09-10T08:23:39.3220091-04:00","Action":"output","Package":"github.com/QuantumNous/new-api/model","Test":"TestMigrateRetiredFrontendOptionsMigratesValidValuesIdempotently","Output":"\u001b[0m\u001b[33m[0.000ms] \u001b[34;1m[rows:0]\u001b[0m SELECT * FROM `options` WHERE `options`.`key` = \"UptimeKumaSlug\" ORDER BY `options`.`key` LIMIT 1\n"}
{"Time":"2026-09-10T08:23:39.3220091-04:00","Action":"output","Package":"github.com/QuantumNous/new-api/model","Test":"TestMigrateRetiredFrontendOptionsMigratesValidValuesIdempotently","Output":"\r\n"}
{"Time":"2026-09-10T08:23:39.3220091-04:00","Action":"output","Package":"github.com/QuantumNous/new-api/model","Test":"TestMigrateRetiredFrontendOptionsMigratesValidValuesIdempotently","Output":"2026/09/10 08:23:39 \u001b[31;1mD:/10178/Projects/new-api-upstream-sync/model/frontend_option_migration.go:70 \u001b[35;1mrecord not found\n"}
{"Time":"2026-09-10T08:23:39.3220091-04:00","Action":"output","Package":"github.com/QuantumNous/new-api/model","Test":"TestMigrateRetiredFrontendOptionsMigratesValidValuesIdempotently","Output":"\u001b[0m\u001b[33m[0.000ms] \u001b[34;1m[rows:0]\u001b[0m SELECT * FROM `options` WHERE `options`.`key` = \"ApiInfo\" ORDER BY `options`.`key` LIMIT 1\n"}
{"Time":"2026-09-10T08:23:39.3220091-04:00","Action":"output","Package":"github.com/QuantumNous/new-api/model","Test":"TestMigrateRetiredFrontendOptionsMigratesValidValuesIdempotently","Output":"\r\n"}
{"Time":"2026-09-10T08:23:39.3220091-04:00","Action":"output","Package":"github.com/QuantumNous/new-api/model","Test":"TestMigrateRetiredFrontendOptionsMigratesValidValuesIdempotently","Output":"2026/09/10 08:23:39 \u001b[31;1mD:/10178/Projects/new-api-upstream-sync/model/frontend_option_migration.go:70 \u001b[35;1mrecord not found\n"}
{"Time":"2026-09-10T08:23:39.3220091-04:00","Action":"output","Package":"github.com/QuantumNous/new-api/model","Test":"TestMigrateRetiredFrontendOptionsMigratesValidValuesIdempotently","Output":"\u001b[0m\u001b[33m[0.000ms] \u001b[34;1m[rows:0]\u001b[0m SELECT * FROM `options` WHERE `options`.`key` = \"Announcements\" ORDER BY `options`.`key` LIMIT 1\n"}
{"Time":"2026-09-10T08:23:39.3220091-04:00","Action":"output","Package":"github.com/QuantumNous/new-api/model","Test":"TestMigrateRetiredFrontendOptionsMigratesValidValuesIdempotently","Output":"\r\n"}
{"Time":"2026-09-10T08:23:39.3220091-04:00","Action":"output","Package":"github.com/QuantumNous/new-api/model","Test":"TestMigrateRetiredFrontendOptionsMigratesValidValuesIdempotently","Output":"2026/09/10 08:23:39 \u001b[31;1mD:/10178/Projects/new-api-upstream-sync/model/frontend_option_migration.go:70 \u001b[35;1mrecord not found\n"}
{"Time":"2026-09-10T08:23:39.3220091-04:00","Action":"output","Package":"github.com/QuantumNous/new-api/model","Test":"TestMigrateRetiredFrontendOptionsMigratesValidValuesIdempotently","Output":"\u001b[0m\u001b[33m[0.000ms] \u001b[34;1m[rows:0]\u001b[0m SELECT * FROM `options` WHERE `options`.`key` = \"FAQ\" ORDER BY `options`.`key` LIMIT 1\n"}
{"Time":"2026-09-10T08:23:39.3220091-04:00","Action":"output","Package":"github.com/QuantumNous/new-api/model","Test":"TestMigrateRetiredFrontendOptionsMigratesValidValuesIdempotently","Output":"\r\n"}
{"Time":"2026-09-10T08:23:39.3220091-04:00","Action":"output","Package":"github.com/QuantumNous/new-api/model","Test":"TestMigrateRetiredFrontendOptionsMigratesValidValuesIdempotently","Output":"2026/09/10 08:23:39 \u001b[31;1mD:/10178/Projects/new-api-upstream-sync/model/frontend_option_migration.go:177 \u001b[35;1mrecord not found\n"}
{"Time":"2026-09-10T08:23:39.3220091-04:00","Action":"output","Package":"github.com/QuantumNous/new-api/model","Test":"TestMigrateRetiredFrontendOptionsMigratesValidValuesIdempotently","Output":"\u001b[0m\u001b[33m[0.000ms] \u001b[34;1m[rows:0]\u001b[0m SELECT * FROM `options` WHERE `options`.`key` = \"UptimeKumaUrl\" ORDER BY `options`.`key` LIMIT 1\n"}
{"Time":"2026-09-10T08:23:39.3220091-04:00","Action":"output","Package":"github.com/QuantumNous/new-api/model","Test":"TestMigrateRetiredFrontendOptionsMigratesValidValuesIdempotently","Output":"\r\n"}
{"Time":"2026-09-10T08:23:39.3220091-04:00","Action":"output","Package":"github.com/QuantumNous/new-api/model","Test":"TestMigrateRetiredFrontendOptionsMigratesValidValuesIdempotently","Output":"2026/09/10 08:23:39 \u001b[31;1mD:/10178/Projects/new-api-upstream-sync/model/frontend_option_migration.go:182 \u001b[35;1mrecord not found\n"}
{"Time":"2026-09-10T08:23:39.3220091-04:00","Action":"output","Package":"github.com/QuantumNous/new-api/model","Test":"TestMigrateRetiredFrontendOptionsMigratesValidValuesIdempotently","Output":"\u001b[0m\u001b[33m[0.000ms] \u001b[34;1m[rows:0]\u001b[0m SELECT * FROM `options` WHERE `options`.`key` = \"UptimeKumaSlug\" ORDER BY `options`.`key` LIMIT 1\n"}
{"Time":"2026-09-10T08:23:39.3220091-04:00","Action":"output","Package":"github.com/QuantumNous/new-api/model","Test":"TestMigrateRetiredFrontendOptionsMigratesValidValuesIdempotently","Output":"--- PASS: TestMigrateRetiredFrontendOptionsMigratesValidValuesIdempotently (0.00s)\n"}
{"Time":"2026-09-10T08:23:39.3220091-04:00","Action":"pass","Package":"github.com/QuantumNous/new-api/model","Test":"TestMigrateRetiredFrontendOptionsMigratesValidValuesIdempotently","Elapsed":0}
{"Time":"2026-09-10T08:23:39.3220091-04:00","Action":"run","Package":"github.com/QuantumNous/new-api/model","Test":"TestLegacyConsoleListMigrationCapsAPIInfoAndFAQ"}
{"Time":"2026-09-10T08:23:39.3220091-04:00","Action":"output","Package":"github.com/QuantumNous/new-api/model","Test":"TestLegacyConsoleListMigrationCapsAPIInfoAndFAQ","Output":"=== RUN   TestLegacyConsoleListMigrationCapsAPIInfoAndFAQ\n"}
{"Time":"2026-09-10T08:23:39.32252-04:00","Action":"output","Package":"github.com/QuantumNous/new-api/model","Test":"TestLegacyConsoleListMigrationCapsAPIInfoAndFAQ","Output":"--- PASS: TestLegacyConsoleListMigrationCapsAPIInfoAndFAQ (0.00s)\n"}
{"Time":"2026-09-10T08:23:39.32252-04:00","Action":"pass","Package":"github.com/QuantumNous/new-api/model","Test":"TestLegacyConsoleListMigrationCapsAPIInfoAndFAQ","Elapsed":0}
{"Time":"2026-09-10T08:23:39.32252-04:00","Action":"run","Package":"github.com/QuantumNous/new-api/model","Test":"TestMigrateRetiredFrontendOptionsPreservesMalformedValuesAndContinues"}
{"Time":"2026-09-10T08:23:39.32252-04:00","Action":"output","Package":"github.com/QuantumNous/new-api/model","Test":"TestMigrateRetiredFrontendOptionsPreservesMalformedValuesAndContinues","Output":"=== RUN   TestMigrateRetiredFrontendOptionsPreservesMalformedValuesAndContinues\n"}
{"Time":"2026-09-10T08:23:39.32252-04:00","Action":"output","Package":"github.com/QuantumNous/new-api/model","Test":"TestMigrateRetiredFrontendOptionsPreservesMalformedValuesAndContinues","Output":"\r\n"}
{"Time":"2026-09-10T08:23:39.32252-04:00","Action":"output","Package":"github.com/QuantumNous/new-api/model","Test":"TestMigrateRetiredFrontendOptionsPreservesMalformedValuesAndContinues","Output":"2026/09/10 08:23:39 \u001b[31;1mD:/10178/Projects/new-api-upstream-sync/model/frontend_option_migration.go:53 \u001b[35;1mrecord not found\n"}
{"Time":"2026-09-10T08:23:39.32252-04:00","Action":"output","Package":"github.com/QuantumNous/new-api/model","Test":"TestMigrateRetiredFrontendOptionsPreservesMalformedValuesAndContinues","Output":"\u001b[0m\u001b[33m[0.000ms] \u001b[34;1m[rows:0]\u001b[0m SELECT * FROM `options` WHERE `options`.`key` = \"theme.frontend\" ORDER BY `options`.`key` LIMIT 1\n"}
{"Time":"2026-09-10T08:23:39.32252-04:00","Action":"output","Package":"github.com/QuantumNous/new-api/model","Test":"TestMigrateRetiredFrontendOptionsPreservesMalformedValuesAndContinues","Output":"\r\n"}
{"Time":"2026-09-10T08:23:39.32252-04:00","Action":"output","Package":"github.com/QuantumNous/new-api/model","Test":"TestMigrateRetiredFrontendOptionsPreservesMalformedValuesAndContinues","Output":"2026/09/10 08:23:39 \u001b[31;1mD:/10178/Projects/new-api-upstream-sync/model/frontend_option_migration.go:78 \u001b[35;1mrecord not found\n"}
{"Time":"2026-09-10T08:23:39.32252-04:00","Action":"output","Package":"github.com/QuantumNous/new-api/model","Test":"TestMigrateRetiredFrontendOptionsPreservesMalformedValuesAndContinues","Output":"\u001b[0m\u001b[33m[0.000ms] \u001b[34;1m[rows:0]\u001b[0m SELECT * FROM `options` WHERE `options`.`key` = \"console_setting.api_info\" ORDER BY `options`.`key` LIMIT 1\n"}
{"Time":"2026-09-10T08:23:39.32252-04:00","Action":"output","Package":"github.com/QuantumNous/new-api/model","Test":"TestMigrateRetiredFrontendOptionsPreservesMalformedValuesAndContinues","Output":"[SYS] 2026/09/10 - 08:23:39 | legacy option ApiInfo was not migrated: invalid character 'i' looking for beginning of object key string \n"}
{"Time":"2026-09-10T08:23:39.32252-04:00","Action":"output","Package":"github.com/QuantumNous/new-api/model","Test":"TestMigrateRetiredFrontendOptionsPreservesMalformedValuesAndContinues","Output":"\r\n"}
{"Time":"2026-09-10T08:23:39.32252-04:00","Action":"output","Package":"github.com/QuantumNous/new-api/model","Test":"TestMigrateRetiredFrontendOptionsPreservesMalformedValuesAndContinues","Output":"2026/09/10 08:23:39 \u001b[31;1mD:/10178/Projects/new-api-upstream-sync/model/frontend_option_migration.go:70 \u001b[35;1mrecord not found\n"}
{"Time":"2026-09-10T08:23:39.32252-04:00","Action":"output","Package":"github.com/QuantumNous/new-api/model","Test":"TestMigrateRetiredFrontendOptionsPreservesMalformedValuesAndContinues","Output":"\u001b[0m\u001b[33m[0.000ms] \u001b[34;1m[rows:0]\u001b[0m SELECT * FROM `options` WHERE `options`.`key` = \"Announcements\" ORDER BY `options`.`key` LIMIT 1\n"}
{"Time":"2026-09-10T08:23:39.3230311-04:00","Action":"output","Package":"github.com/QuantumNous/new-api/model","Test":"TestMigrateRetiredFrontendOptionsPreservesMalformedValuesAndContinues","Output":"\r\n"}
{"Time":"2026-09-10T08:23:39.3230311-04:00","Action":"output","Package":"github.com/QuantumNous/new-api/model","Test":"TestMigrateRetiredFrontendOptionsPreservesMalformedValuesAndContinues","Output":"2026/09/10 08:23:39 \u001b[31;1mD:/10178/Projects/new-api-upstream-sync/model/frontend_option_migration.go:78 \u001b[35;1mrecord not found\n"}
{"Time":"2026-09-10T08:23:39.3230311-04:00","Action":"output","Package":"github.com/QuantumNous/new-api/model","Test":"TestMigrateRetiredFrontendOptionsPreservesMalformedValuesAndContinues","Output":"\u001b[0m\u001b[33m[0.000ms] \u001b[34;1m[rows:0]\u001b[0m SELECT * FROM `options` WHERE `options`.`key` = \"console_setting.faq\" ORDER BY `options`.`key` LIMIT 1\n"}
{"Time":"2026-09-10T08:23:39.3230311-04:00","Action":"output","Package":"github.com/QuantumNous/new-api/model","Test":"TestMigrateRetiredFrontendOptionsPreservesMalformedValuesAndContinues","Output":"\r\n"}
{"Time":"2026-09-10T08:23:39.3230311-04:00","Action":"output","Package":"github.com/QuantumNous/new-api/model","Test":"TestMigrateRetiredFrontendOptionsPreservesMalformedValuesAndContinues","Output":"2026/09/10 08:23:39 \u001b[31;1mD:/10178/Projects/new-api-upstream-sync/model/frontend_option_migration.go:182 \u001b[35;1mrecord not found\n"}
{"Time":"2026-09-10T08:23:39.3230311-04:00","Action":"output","Package":"github.com/QuantumNous/new-api/model","Test":"TestMigrateRetiredFrontendOptionsPreservesMalformedValuesAndContinues","Output":"\u001b[0m\u001b[33m[0.000ms] \u001b[34;1m[rows:0]\u001b[0m SELECT * FROM `options` WHERE `options`.`key` = \"UptimeKumaSlug\" ORDER BY `options`.`key` LIMIT 1\n"}
{"Time":"2026-09-10T08:23:39.3230311-04:00","Action":"output","Package":"github.com/QuantumNous/new-api/model","Test":"TestMigrateRetiredFrontendOptionsPreservesMalformedValuesAndContinues","Output":"\r\n"}
{"Time":"2026-09-10T08:23:39.3230311-04:00","Action":"output","Package":"github.com/QuantumNous/new-api/model","Test":"TestMigrateRetiredFrontendOptionsPreservesMalformedValuesAndContinues","Output":"2026/09/10 08:23:39 \u001b[31;1mD:/10178/Projects/new-api-upstream-sync/model/frontend_option_migration.go:191 \u001b[35;1mrecord not found\n"}
{"Time":"2026-09-10T08:23:39.3230311-04:00","Action":"output","Package":"github.com/QuantumNous/new-api/model","Test":"TestMigrateRetiredFrontendOptionsPreservesMalformedValuesAndContinues","Output":"\u001b[0m\u001b[33m[0.000ms] \u001b[34;1m[rows:0]\u001b[0m SELECT * FROM `options` WHERE `options`.`key` = \"console_setting.uptime_kuma_groups\" ORDER BY `options`.`key` LIMIT 1\n"}
{"Time":"2026-09-10T08:23:39.3230311-04:00","Action":"output","Package":"github.com/QuantumNous/new-api/model","Test":"TestMigrateRetiredFrontendOptionsPreservesMalformedValuesAndContinues","Output":"[SYS] 2026/09/10 - 08:23:39 | legacy Uptime Kuma options were not migrated: both URL and slug are required \n"}
{"Time":"2026-09-10T08:23:39.3230311-04:00","Action":"output","Package":"github.com/QuantumNous/new-api/model","Test":"TestMigrateRetiredFrontendOptionsPreservesMalformedValuesAndContinues","Output":"\r\n"}
{"Time":"2026-09-10T08:23:39.3230311-04:00","Action":"output","Package":"github.com/QuantumNous/new-api/model","Test":"TestMigrateRetiredFrontendOptionsPreservesMalformedValuesAndContinues","Output":"2026/09/10 08:23:39 \u001b[31;1mD:/10178/Projects/new-api-upstream-sync/model/frontend_option_migration_test.go:40 \u001b[35;1mrecord not found\n"}
{"Time":"2026-09-10T08:23:39.3230311-04:00","Action":"output","Package":"github.com/QuantumNous/new-api/model","Test":"TestMigrateRetiredFrontendOptionsPreservesMalformedValuesAndContinues","Output":"\u001b[0m\u001b[33m[0.000ms] \u001b[34;1m[rows:0]\u001b[0m SELECT * FROM `options` WHERE `options`.`key` = \"console_setting.api_info\" ORDER BY `options`.`key` LIMIT 1\n"}
{"Time":"2026-09-10T08:23:39.3230311-04:00","Action":"output","Package":"github.com/QuantumNous/new-api/model","Test":"TestMigrateRetiredFrontendOptionsPreservesMalformedValuesAndContinues","Output":"\r\n"}
{"Time":"2026-09-10T08:23:39.3230311-04:00","Action":"output","Package":"github.com/QuantumNous/new-api/model","Test":"TestMigrateRetiredFrontendOptionsPreservesMalformedValuesAndContinues","Output":"2026/09/10 08:23:39 \u001b[31;1mD:/10178/Projects/new-api-upstream-sync/model/frontend_option_migration_test.go:40 \u001b[35;1mrecord not found\n"}
{"Time":"2026-09-10T08:23:39.3230311-04:00","Action":"output","Package":"github.com/QuantumNous/new-api/model","Test":"TestMigrateRetiredFrontendOptionsPreservesMalformedValuesAndContinues","Output":"\u001b[0m\u001b[33m[0.000ms] \u001b[34;1m[rows:0]\u001b[0m SELECT * FROM `options` WHERE `options`.`key` = \"FAQ\" ORDER BY `options`.`key` LIMIT 1\n"}
{"Time":"2026-09-10T08:23:39.3230311-04:00","Action":"output","Package":"github.com/QuantumNous/new-api/model","Test":"TestMigrateRetiredFrontendOptionsPreservesMalformedValuesAndContinues","Output":"\r\n"}
{"Time":"2026-09-10T08:23:39.3230311-04:00","Action":"output","Package":"github.com/QuantumNous/new-api/model","Test":"TestMigrateRetiredFrontendOptionsPreservesMalformedValuesAndContinues","Output":"2026/09/10 08:23:39 \u001b[31;1mD:/10178/Projects/new-api-upstream-sync/model/frontend_option_migration_test.go:40 \u001b[35;1mrecord not found\n"}
{"Time":"2026-09-10T08:23:39.3230311-04:00","Action":"output","Package":"github.com/QuantumNous/new-api/model","Test":"TestMigrateRetiredFrontendOptionsPreservesMalformedValuesAndContinues","Output":"\u001b[0m\u001b[33m[0.000ms] \u001b[34;1m[rows:0]\u001b[0m SELECT * FROM `options` WHERE `options`.`key` = \"console_setting.uptime_kuma_groups\" ORDER BY `options`.`key` LIMIT 1\n"}
{"Time":"2026-09-10T08:23:39.3230311-04:00","Action":"output","Package":"github.com/QuantumNous/new-api/model","Test":"TestMigrateRetiredFrontendOptionsPreservesMalformedValuesAndContinues","Output":"--- PASS: TestMigrateRetiredFrontendOptionsPreservesMalformedValuesAndContinues (0.00s)\n"}
{"Time":"2026-09-10T08:23:39.3230311-04:00","Action":"pass","Package":"github.com/QuantumNous/new-api/model","Test":"TestMigrateRetiredFrontendOptionsPreservesMalformedValuesAndContinues","Elapsed":0}
{"Time":"2026-09-10T08:23:39.3230311-04:00","Action":"run","Package":"github.com/QuantumNous/new-api/model","Test":"TestMigrateRetiredFrontendOptionsPreservesMixedInvalidFAQ"}
{"Time":"2026-09-10T08:23:39.3230311-04:00","Action":"output","Package":"github.com/QuantumNous/new-api/model","Test":"TestMigrateRetiredFrontendOptionsPreservesMixedInvalidFAQ","Output":"=== RUN   TestMigrateRetiredFrontendOptionsPreservesMixedInvalidFAQ\n"}
{"Time":"2026-09-10T08:23:39.3230311-04:00","Action":"output","Package":"github.com/QuantumNous/new-api/model","Test":"TestMigrateRetiredFrontendOptionsPreservesMixedInvalidFAQ","Output":"\r\n"}
{"Time":"2026-09-10T08:23:39.3230311-04:00","Action":"output","Package":"github.com/QuantumNous/new-api/model","Test":"TestMigrateRetiredFrontendOptionsPreservesMixedInvalidFAQ","Output":"2026/09/10 08:23:39 \u001b[31;1mD:/10178/Projects/new-api-upstream-sync/model/frontend_option_migration.go:53 \u001b[35;1mrecord not found\n"}
{"Time":"2026-09-10T08:23:39.3230311-04:00","Action":"output","Package":"github.com/QuantumNous/new-api/model","Test":"TestMigrateRetiredFrontendOptionsPreservesMixedInvalidFAQ","Output":"\u001b[0m\u001b[33m[0.000ms] \u001b[34;1m[rows:0]\u001b[0m SELECT * FROM `options` WHERE `options`.`key` = \"theme.frontend\" ORDER BY `options`.`key` LIMIT 1\n"}
{"Time":"2026-09-10T08:23:39.3230311-04:00","Action":"output","Package":"github.com/QuantumNous/new-api/model","Test":"TestMigrateRetiredFrontendOptionsPreservesMixedInvalidFAQ","Output":"\r\n"}
{"Time":"2026-09-10T08:23:39.3230311-04:00","Action":"output","Package":"github.com/QuantumNous/new-api/model","Test":"TestMigrateRetiredFrontendOptionsPreservesMixedInvalidFAQ","Output":"2026/09/10 08:23:39 \u001b[31;1mD:/10178/Projects/new-api-upstream-sync/model/frontend_option_migration.go:70 \u001b[35;1mrecord not found\n"}
{"Time":"2026-09-10T08:23:39.3230311-04:00","Action":"output","Package":"github.com/QuantumNous/new-api/model","Test":"TestMigrateRetiredFrontendOptionsPreservesMixedInvalidFAQ","Output":"\u001b[0m\u001b[33m[0.000ms] \u001b[34;1m[rows:0]\u001b[0m SELECT * FROM `options` WHERE `options`.`key` = \"ApiInfo\" ORDER BY `options`.`key` LIMIT 1\n"}
{"Time":"2026-09-10T08:23:39.3230311-04:00","Action":"output","Package":"github.com/QuantumNous/new-api/model","Test":"TestMigrateRetiredFrontendOptionsPreservesMixedInvalidFAQ","Output":"\r\n"}
{"Time":"2026-09-10T08:23:39.3230311-04:00","Action":"output","Package":"github.com/QuantumNous/new-api/model","Test":"TestMigrateRetiredFrontendOptionsPreservesMixedInvalidFAQ","Output":"2026/09/10 08:23:39 \u001b[31;1mD:/10178/Projects/new-api-upstream-sync/model/frontend_option_migration.go:70 \u001b[35;1mrecord not found\n"}
{"Time":"2026-09-10T08:23:39.3230311-04:00","Action":"output","Package":"github.com/QuantumNous/new-api/model","Test":"TestMigrateRetiredFrontendOptionsPreservesMixedInvalidFAQ","Output":"\u001b[0m\u001b[33m[0.000ms] \u001b[34;1m[rows:0]\u001b[0m SELECT * FROM `options` WHERE `options`.`key` = \"Announcements\" ORDER BY `options`.`key` LIMIT 1\n"}
{"Time":"2026-09-10T08:23:39.3230311-04:00","Action":"output","Package":"github.com/QuantumNous/new-api/model","Test":"TestMigrateRetiredFrontendOptionsPreservesMixedInvalidFAQ","Output":"\r\n"}
{"Time":"2026-09-10T08:23:39.3230311-04:00","Action":"output","Package":"github.com/QuantumNous/new-api/model","Test":"TestMigrateRetiredFrontendOptionsPreservesMixedInvalidFAQ","Output":"2026/09/10 08:23:39 \u001b[31;1mD:/10178/Projects/new-api-upstream-sync/model/frontend_option_migration.go:78 \u001b[35;1mrecord not found\n"}
{"Time":"2026-09-10T08:23:39.3230311-04:00","Action":"output","Package":"github.com/QuantumNous/new-api/model","Test":"TestMigrateRetiredFrontendOptionsPreservesMixedInvalidFAQ","Output":"\u001b[0m\u001b[33m[0.000ms] \u001b[34;1m[rows:0]\u001b[0m SELECT * FROM `options` WHERE `options`.`key` = \"console_setting.faq\" ORDER BY `options`.`key` LIMIT 1\n"}
{"Time":"2026-09-10T08:23:39.3230311-04:00","Action":"output","Package":"github.com/QuantumNous/new-api/model","Test":"TestMigrateRetiredFrontendOptionsPreservesMixedInvalidFAQ","Output":"[SYS] 2026/09/10 - 08:23:39 | legacy option FAQ was not migrated: FAQ entry 1 is missing a question or answer \n"}
{"Time":"2026-09-10T08:23:39.3230311-04:00","Action":"output","Package":"github.com/QuantumNous/new-api/model","Test":"TestMigrateRetiredFrontendOptionsPreservesMixedInvalidFAQ","Output":"\r\n"}
{"Time":"2026-09-10T08:23:39.3230311-04:00","Action":"output","Package":"github.com/QuantumNous/new-api/model","Test":"TestMigrateRetiredFrontendOptionsPreservesMixedInvalidFAQ","Output":"2026/09/10 08:23:39 \u001b[31;1mD:/10178/Projects/new-api-upstream-sync/model/frontend_option_migration.go:177 \u001b[35;1mrecord not found\n"}
{"Time":"2026-09-10T08:23:39.3230311-04:00","Action":"output","Package":"github.com/QuantumNous/new-api/model","Test":"TestMigrateRetiredFrontendOptionsPreservesMixedInvalidFAQ","Output":"\u001b[0m\u001b[33m[0.000ms] \u001b[34;1m[rows:0]\u001b[0m SELECT * FROM `options` WHERE `options`.`key` = \"UptimeKumaUrl\" ORDER BY `options`.`key` LIMIT 1\n"}
{"Time":"2026-09-10T08:23:39.3230311-04:00","Action":"output","Package":"github.com/QuantumNous/new-api/model","Test":"TestMigrateRetiredFrontendOptionsPreservesMixedInvalidFAQ","Output":"\r\n"}
{"Time":"2026-09-10T08:23:39.3230311-04:00","Action":"output","Package":"github.com/QuantumNous/new-api/model","Test":"TestMigrateRetiredFrontendOptionsPreservesMixedInvalidFAQ","Output":"2026/09/10 08:23:39 \u001b[31;1mD:/10178/Projects/new-api-upstream-sync/model/frontend_option_migration.go:182 \u001b[35;1mrecord not found\n"}
{"Time":"2026-09-10T08:23:39.3230311-04:00","Action":"output","Package":"github.com/QuantumNous/new-api/model","Test":"TestMigrateRetiredFrontendOptionsPreservesMixedInvalidFAQ","Output":"\u001b[0m\u001b[33m[0.000ms] \u001b[34;1m[rows:0]\u001b[0m SELECT * FROM `options` WHERE `options`.`key` = \"UptimeKumaSlug\" ORDER BY `options`.`key` LIMIT 1\n"}
{"Time":"2026-09-10T08:23:39.3230311-04:00","Action":"output","Package":"github.com/QuantumNous/new-api/model","Test":"TestMigrateRetiredFrontendOptionsPreservesMixedInvalidFAQ","Output":"\r\n"}
{"Time":"2026-09-10T08:23:39.3230311-04:00","Action":"output","Package":"github.com/QuantumNous/new-api/model","Test":"TestMigrateRetiredFrontendOptionsPreservesMixedInvalidFAQ","Output":"2026/09/10 08:23:39 \u001b[31;1mD:/10178/Projects/new-api-upstream-sync/model/frontend_option_migration_test.go:40 \u001b[35;1mrecord not found\n"}
{"Time":"2026-09-10T08:23:39.3230311-04:00","Action":"output","Package":"github.com/QuantumNous/new-api/model","Test":"TestMigrateRetiredFrontendOptionsPreservesMixedInvalidFAQ","Output":"\u001b[0m\u001b[33m[0.000ms] \u001b[34;1m[rows:0]\u001b[0m SELECT * FROM `options` WHERE `options`.`key` = \"console_setting.faq\" ORDER BY `options`.`key` LIMIT 1\n"}
{"Time":"2026-09-10T08:23:39.3235514-04:00","Action":"output","Package":"github.com/QuantumNous/new-api/model","Test":"TestMigrateRetiredFrontendOptionsPreservesMixedInvalidFAQ","Output":"--- PASS: TestMigrateRetiredFrontendOptionsPreservesMixedInvalidFAQ (0.00s)\n"}
{"Time":"2026-09-10T08:23:39.3235514-04:00","Action":"pass","Package":"github.com/QuantumNous/new-api/model","Test":"TestMigrateRetiredFrontendOptionsPreservesMixedInvalidFAQ","Elapsed":0}
{"Time":"2026-09-10T08:23:39.3235514-04:00","Action":"run","Package":"github.com/QuantumNous/new-api/model","Test":"TestMigrateRetiredFrontendOptionsKeepsAuthoritativeTargets"}
{"Time":"2026-09-10T08:23:39.3235514-04:00","Action":"output","Package":"github.com/QuantumNous/new-api/model","Test":"TestMigrateRetiredFrontendOptionsKeepsAuthoritativeTargets","Output":"=== RUN   TestMigrateRetiredFrontendOptionsKeepsAuthoritativeTargets\n"}
{"Time":"2026-09-10T08:23:39.3235514-04:00","Action":"output","Package":"github.com/QuantumNous/new-api/model","Test":"TestMigrateRetiredFrontendOptionsKeepsAuthoritativeTargets","Output":"\r\n"}
{"Time":"2026-09-10T08:23:39.3235514-04:00","Action":"output","Package":"github.com/QuantumNous/new-api/model","Test":"TestMigrateRetiredFrontendOptionsKeepsAuthoritativeTargets","Output":"2026/09/10 08:23:39 \u001b[31;1mD:/10178/Projects/new-api-upstream-sync/model/frontend_option_migration.go:53 \u001b[35;1mrecord not found\n"}
{"Time":"2026-09-10T08:23:39.3235514-04:00","Action":"output","Package":"github.com/QuantumNous/new-api/model","Test":"TestMigrateRetiredFrontendOptionsKeepsAuthoritativeTargets","Output":"\u001b[0m\u001b[33m[0.000ms] \u001b[34;1m[rows:0]\u001b[0m SELECT * FROM `options` WHERE `options`.`key` = \"theme.frontend\" ORDER BY `options`.`key` LIMIT 1\n"}
{"Time":"2026-09-10T08:23:39.3235514-04:00","Action":"output","Package":"github.com/QuantumNous/new-api/model","Test":"TestMigrateRetiredFrontendOptionsKeepsAuthoritativeTargets","Output":"\r\n"}
{"Time":"2026-09-10T08:23:39.3235514-04:00","Action":"output","Package":"github.com/QuantumNous/new-api/model","Test":"TestMigrateRetiredFrontendOptionsKeepsAuthoritativeTargets","Output":"2026/09/10 08:23:39 \u001b[31;1mD:/10178/Projects/new-api-upstream-sync/model/frontend_option_migration.go:70 \u001b[35;1mrecord not found\n"}
{"Time":"2026-09-10T08:23:39.3235514-04:00","Action":"output","Package":"github.com/QuantumNous/new-api/model","Test":"TestMigrateRetiredFrontendOptionsKeepsAuthoritativeTargets","Output":"\u001b[0m\u001b[33m[0.000ms] \u001b[34;1m[rows:0]\u001b[0m SELECT * FROM `options` WHERE `options`.`key` = \"Announcements\" ORDER BY `options`.`key` LIMIT 1\n"}
{"Time":"2026-09-10T08:23:39.3235514-04:00","Action":"output","Package":"github.com/QuantumNous/new-api/model","Test":"TestMigrateRetiredFrontendOptionsKeepsAuthoritativeTargets","Output":"\r\n"}
{"Time":"2026-09-10T08:23:39.3235514-04:00","Action":"output","Package":"github.com/QuantumNous/new-api/model","Test":"TestMigrateRetiredFrontendOptionsKeepsAuthoritativeTargets","Output":"2026/09/10 08:23:39 \u001b[31;1mD:/10178/Projects/new-api-upstream-sync/model/frontend_option_migration.go:70 \u001b[35;1mrecord not found\n"}
{"Time":"2026-09-10T08:23:39.3235514-04:00","Action":"output","Package":"github.com/QuantumNous/new-api/model","Test":"TestMigrateRetiredFrontendOptionsKeepsAuthoritativeTargets","Output":"\u001b[0m\u001b[33m[0.000ms] \u001b[34;1m[rows:0]\u001b[0m SELECT * FROM `options` WHERE `options`.`key` = \"FAQ\" ORDER BY `options`.`key` LIMIT 1\n"}
{"Time":"2026-09-10T08:23:39.3235514-04:00","Action":"output","Package":"github.com/QuantumNous/new-api/model","Test":"TestMigrateRetiredFrontendOptionsKeepsAuthoritativeTargets","Output":"\r\n"}
{"Time":"2026-09-10T08:23:39.3235514-04:00","Action":"output","Package":"github.com/QuantumNous/new-api/model","Test":"TestMigrateRetiredFrontendOptionsKeepsAuthoritativeTargets","Output":"2026/09/10 08:23:39 \u001b[31;1mD:/10178/Projects/new-api-upstream-sync/model/frontend_option_migration_test.go:40 \u001b[35;1mrecord not found\n"}
{"Time":"2026-09-10T08:23:39.3235514-04:00","Action":"output","Package":"github.com/QuantumNous/new-api/model","Test":"TestMigrateRetiredFrontendOptionsKeepsAuthoritativeTargets","Output":"\u001b[0m\u001b[33m[0.000ms] \u001b[34;1m[rows:0]\u001b[0m SELECT * FROM `options` WHERE `options`.`key` = \"ApiInfo\" ORDER BY `options`.`key` LIMIT 1\n"}
{"Time":"2026-09-10T08:23:39.3235514-04:00","Action":"output","Package":"github.com/QuantumNous/new-api/model","Test":"TestMigrateRetiredFrontendOptionsKeepsAuthoritativeTargets","Output":"\r\n"}
{"Time":"2026-09-10T08:23:39.3235514-04:00","Action":"output","Package":"github.com/QuantumNous/new-api/model","Test":"TestMigrateRetiredFrontendOptionsKeepsAuthoritativeTargets","Output":"2026/09/10 08:23:39 \u001b[31;1mD:/10178/Projects/new-api-upstream-sync/model/frontend_option_migration_test.go:40 \u001b[35;1mrecord not found\n"}
{"Time":"2026-09-10T08:23:39.3235514-04:00","Action":"output","Package":"github.com/QuantumNous/new-api/model","Test":"TestMigrateRetiredFrontendOptionsKeepsAuthoritativeTargets","Output":"\u001b[0m\u001b[33m[0.000ms] \u001b[34;1m[rows:0]\u001b[0m SELECT * FROM `options` WHERE `options`.`key` = \"UptimeKumaUrl\" ORDER BY `options`.`key` LIMIT 1\n"}
{"Time":"2026-09-10T08:23:39.3235514-04:00","Action":"output","Package":"github.com/QuantumNous/new-api/model","Test":"TestMigrateRetiredFrontendOptionsKeepsAuthoritativeTargets","Output":"\r\n"}
{"Time":"2026-09-10T08:23:39.3235514-04:00","Action":"output","Package":"github.com/QuantumNous/new-api/model","Test":"TestMigrateRetiredFrontendOptionsKeepsAuthoritativeTargets","Output":"2026/09/10 08:23:39 \u001b[31;1mD:/10178/Projects/new-api-upstream-sync/model/frontend_option_migration_test.go:40 \u001b[35;1mrecord not found\n"}
{"Time":"2026-09-10T08:23:39.3235514-04:00","Action":"output","Package":"github.com/QuantumNous/new-api/model","Test":"TestMigrateRetiredFrontendOptionsKeepsAuthoritativeTargets","Output":"\u001b[0m\u001b[33m[0.000ms] \u001b[34;1m[rows:0]\u001b[0m SELECT * FROM `options` WHERE `options`.`key` = \"UptimeKumaSlug\" ORDER BY `options`.`key` LIMIT 1\n"}
{"Time":"2026-09-10T08:23:39.3235514-04:00","Action":"output","Package":"github.com/QuantumNous/new-api/model","Test":"TestMigrateRetiredFrontendOptionsKeepsAuthoritativeTargets","Output":"--- PASS: TestMigrateRetiredFrontendOptionsKeepsAuthoritativeTargets (0.00s)\n"}
{"Time":"2026-09-10T08:23:39.3235514-04:00","Action":"pass","Package":"github.com/QuantumNous/new-api/model","Test":"TestMigrateRetiredFrontendOptionsKeepsAuthoritativeTargets","Elapsed":0}
{"Time":"2026-09-10T08:23:39.3235514-04:00","Action":"run","Package":"github.com/QuantumNous/new-api/model","Test":"TestMigrateRetiredFrontendOptionsKeepsEmptyAuthoritativeTargets"}
{"Time":"2026-09-10T08:23:39.3235514-04:00","Action":"output","Package":"github.com/QuantumNous/new-api/model","Test":"TestMigrateRetiredFrontendOptionsKeepsEmptyAuthoritativeTargets","Output":"=== RUN   TestMigrateRetiredFrontendOptionsKeepsEmptyAuthoritativeTargets\n"}
{"Time":"2026-09-10T08:23:39.3240696-04:00","Action":"output","Package":"github.com/QuantumNous/new-api/model","Test":"TestMigrateRetiredFrontendOptionsKeepsEmptyAuthoritativeTargets","Output":"\r\n"}
{"Time":"2026-09-10T08:23:39.3240696-04:00","Action":"output","Package":"github.com/QuantumNous/new-api/model","Test":"TestMigrateRetiredFrontendOptionsKeepsEmptyAuthoritativeTargets","Output":"2026/09/10 08:23:39 \u001b[31;1mD:/10178/Projects/new-api-upstream-sync/model/frontend_option_migration.go:53 \u001b[35;1mrecord not found\n"}
{"Time":"2026-09-10T08:23:39.3240696-04:00","Action":"output","Package":"github.com/QuantumNous/new-api/model","Test":"TestMigrateRetiredFrontendOptionsKeepsEmptyAuthoritativeTargets","Output":"\u001b[0m\u001b[33m[0.000ms] \u001b[34;1m[rows:0]\u001b[0m SELECT * FROM `options` WHERE `options`.`key` = \"theme.frontend\" ORDER BY `options`.`key` LIMIT 1\n"}
{"Time":"2026-09-10T08:23:39.3240696-04:00","Action":"output","Package":"github.com/QuantumNous/new-api/model","Test":"TestMigrateRetiredFrontendOptionsKeepsEmptyAuthoritativeTargets","Output":"\r\n"}
{"Time":"2026-09-10T08:23:39.3240696-04:00","Action":"output","Package":"github.com/QuantumNous/new-api/model","Test":"TestMigrateRetiredFrontendOptionsKeepsEmptyAuthoritativeTargets","Output":"2026/09/10 08:23:39 \u001b[31;1mD:/10178/Projects/new-api-upstream-sync/model/frontend_option_migration.go:70 \u001b[35;1mrecord not found\n"}
{"Time":"2026-09-10T08:23:39.3240696-04:00","Action":"output","Package":"github.com/QuantumNous/new-api/model","Test":"TestMigrateRetiredFrontendOptionsKeepsEmptyAuthoritativeTargets","Output":"\u001b[0m\u001b[33m[0.000ms] \u001b[34;1m[rows:0]\u001b[0m SELECT * FROM `options` WHERE `options`.`key` = \"Announcements\" ORDER BY `options`.`key` LIMIT 1\n"}
{"Time":"2026-09-10T08:23:39.3240696-04:00","Action":"output","Package":"github.com/QuantumNous/new-api/model","Test":"TestMigrateRetiredFrontendOptionsKeepsEmptyAuthoritativeTargets","Output":"\r\n"}
{"Time":"2026-09-10T08:23:39.3240696-04:00","Action":"output","Package":"github.com/QuantumNous/new-api/model","Test":"TestMigrateRetiredFrontendOptionsKeepsEmptyAuthoritativeTargets","Output":"2026/09/10 08:23:39 \u001b[31;1mD:/10178/Projects/new-api-upstream-sync/model/frontend_option_migration.go:70 \u001b[35;1mrecord not found\n"}
{"Time":"2026-09-10T08:23:39.3240696-04:00","Action":"output","Package":"github.com/QuantumNous/new-api/model","Test":"TestMigrateRetiredFrontendOptionsKeepsEmptyAuthoritativeTargets","Output":"\u001b[0m\u001b[33m[0.000ms] \u001b[34;1m[rows:0]\u001b[0m SELECT * FROM `options` WHERE `options`.`key` = \"FAQ\" ORDER BY `options`.`key` LIMIT 1\n"}
{"Time":"2026-09-10T08:23:39.3245899-04:00","Action":"output","Package":"github.com/QuantumNous/new-api/model","Test":"TestMigrateRetiredFrontendOptionsKeepsEmptyAuthoritativeTargets","Output":"\r\n"}
{"Time":"2026-09-10T08:23:39.3245899-04:00","Action":"output","Package":"github.com/QuantumNous/new-api/model","Test":"TestMigrateRetiredFrontendOptionsKeepsEmptyAuthoritativeTargets","Output":"2026/09/10 08:23:39 \u001b[31;1mD:/10178/Projects/new-api-upstream-sync/model/frontend_option_migration_test.go:40 \u001b[35;1mrecord not found\n"}
{"Time":"2026-09-10T08:23:39.3245899-04:00","Action":"output","Package":"github.com/QuantumNous/new-api/model","Test":"TestMigrateRetiredFrontendOptionsKeepsEmptyAuthoritativeTargets","Output":"\u001b[0m\u001b[33m[0.000ms] \u001b[34;1m[rows:0]\u001b[0m SELECT * FROM `options` WHERE `options`.`key` = \"ApiInfo\" ORDER BY `options`.`key` LIMIT 1\n"}
{"Time":"2026-09-10T08:23:39.3245899-04:00","Action":"output","Package":"github.com/QuantumNous/new-api/model","Test":"TestMigrateRetiredFrontendOptionsKeepsEmptyAuthoritativeTargets","Output":"\r\n"}
{"Time":"2026-09-10T08:23:39.3245899-04:00","Action":"output","Package":"github.com/QuantumNous/new-api/model","Test":"TestMigrateRetiredFrontendOptionsKeepsEmptyAuthoritativeTargets","Output":"2026/09/10 08:23:39 \u001b[31;1mD:/10178/Projects/new-api-upstream-sync/model/frontend_option_migration_test.go:40 \u001b[35;1mrecord not found\n"}
{"Time":"2026-09-10T08:23:39.3245899-04:00","Action":"output","Package":"github.com/QuantumNous/new-api/model","Test":"TestMigrateRetiredFrontendOptionsKeepsEmptyAuthoritativeTargets","Output":"\u001b[0m\u001b[33m[0.000ms] \u001b[34;1m[rows:0]\u001b[0m SELECT * FROM `options` WHERE `options`.`key` = \"UptimeKumaUrl\" ORDER BY `options`.`key` LIMIT 1\n"}
{"Time":"2026-09-10T08:23:39.3245899-04:00","Action":"output","Package":"github.com/QuantumNous/new-api/model","Test":"TestMigrateRetiredFrontendOptionsKeepsEmptyAuthoritativeTargets","Output":"\r\n"}
{"Time":"2026-09-10T08:23:39.3245899-04:00","Action":"output","Package":"github.com/QuantumNous/new-api/model","Test":"TestMigrateRetiredFrontendOptionsKeepsEmptyAuthoritativeTargets","Output":"2026/09/10 08:23:39 \u001b[31;1mD:/10178/Projects/new-api-upstream-sync/model/frontend_option_migration_test.go:40 \u001b[35;1mrecord not found\n"}
{"Time":"2026-09-10T08:23:39.3245899-04:00","Action":"output","Package":"github.com/QuantumNous/new-api/model","Test":"TestMigrateRetiredFrontendOptionsKeepsEmptyAuthoritativeTargets","Output":"\u001b[0m\u001b[33m[0.000ms] \u001b[34;1m[rows:0]\u001b[0m SELECT * FROM `options` WHERE `options`.`key` = \"UptimeKumaSlug\" ORDER BY `options`.`key` LIMIT 1\n"}
{"Time":"2026-09-10T08:23:39.3245899-04:00","Action":"output","Package":"github.com/QuantumNous/new-api/model","Test":"TestMigrateRetiredFrontendOptionsKeepsEmptyAuthoritativeTargets","Output":"--- PASS: TestMigrateRetiredFrontendOptionsKeepsEmptyAuthoritativeTargets (0.00s)\n"}
{"Time":"2026-09-10T08:23:39.3245899-04:00","Action":"pass","Package":"github.com/QuantumNous/new-api/model","Test":"TestMigrateRetiredFrontendOptionsKeepsEmptyAuthoritativeTargets","Elapsed":0}
{"Time":"2026-09-10T08:23:39.3245899-04:00","Action":"run","Package":"github.com/QuantumNous/new-api/model","Test":"TestRetiredThemeOptionIsPersistedButNotPublished"}
{"Time":"2026-09-10T08:23:39.3245899-04:00","Action":"output","Package":"github.com/QuantumNous/new-api/model","Test":"TestRetiredThemeOptionIsPersistedButNotPublished","Output":"=== RUN   TestRetiredThemeOptionIsPersistedButNotPublished\n"}
{"Time":"2026-09-10T08:23:39.3251196-04:00","Action":"output","Package":"github.com/QuantumNous/new-api/model","Test":"TestRetiredThemeOptionIsPersistedButNotPublished","Output":"--- PASS: TestRetiredThemeOptionIsPersistedButNotPublished (0.00s)\n"}
{"Time":"2026-09-10T08:23:39.3251196-04:00","Action":"pass","Package":"github.com/QuantumNous/new-api/model","Test":"TestRetiredThemeOptionIsPersistedButNotPublished","Elapsed":0}
{"Time":"2026-09-10T08:23:39.3251196-04:00","Action":"run","Package":"github.com/QuantumNous/new-api/model","Test":"TestSanitizeDBErrorStripsDriverMessage"}
{"Time":"2026-09-10T08:23:39.3251196-04:00","Action":"output","Package":"github.com/QuantumNous/new-api/model","Test":"TestSanitizeDBErrorStripsDriverMessage","Output":"=== RUN   TestSanitizeDBErrorStripsDriverMessage\n"}
{"Time":"2026-09-10T08:23:39.3251196-04:00","Action":"run","Package":"github.com/QuantumNous/new-api/model","Test":"TestSanitizeDBErrorStripsDriverMessage/mysql_duplicate_entry"}
{"Time":"2026-09-10T08:23:39.3251196-04:00","Action":"output","Package":"github.com/QuantumNous/new-api/model","Test":"TestSanitizeDBErrorStripsDriverMessage/mysql_duplicate_entry","Output":"=== RUN   TestSanitizeDBErrorStripsDriverMessage/mysql_duplicate_entry\n"}
{"Time":"2026-09-10T08:23:39.3251196-04:00","Action":"output","Package":"github.com/QuantumNous/new-api/model","Test":"TestSanitizeDBErrorStripsDriverMessage/mysql_duplicate_entry","Output":"--- PASS: TestSanitizeDBErrorStripsDriverMessage/mysql_duplicate_entry (0.00s)\n"}
{"Time":"2026-09-10T08:23:39.3251196-04:00","Action":"pass","Package":"github.com/QuantumNous/new-api/model","Test":"TestSanitizeDBErrorStripsDriverMessage/mysql_duplicate_entry","Elapsed":0}
{"Time":"2026-09-10T08:23:39.3251196-04:00","Action":"run","Package":"github.com/QuantumNous/new-api/model","Test":"TestSanitizeDBErrorStripsDriverMessage/postgres_unique_violation"}
{"Time":"2026-09-10T08:23:39.3251196-04:00","Action":"output","Package":"github.com/QuantumNous/new-api/model","Test":"TestSanitizeDBErrorStripsDriverMessage/postgres_unique_violation","Output":"=== RUN   TestSanitizeDBErrorStripsDriverMessage/postgres_unique_violation\n"}
{"Time":"2026-09-10T08:23:39.3251196-04:00","Action":"output","Package":"github.com/QuantumNous/new-api/model","Test":"TestSanitizeDBErrorStripsDriverMessage/postgres_unique_violation","Output":"--- PASS: TestSanitizeDBErrorStripsDriverMessage/postgres_unique_violation (0.00s)\n"}
{"Time":"2026-09-10T08:23:39.3251196-04:00","Action":"pass","Package":"github.com/QuantumNous/new-api/model","Test":"TestSanitizeDBErrorStripsDriverMessage/postgres_unique_violation","Elapsed":0}
{"Time":"2026-09-10T08:23:39.3251196-04:00","Action":"run","Package":"github.com/QuantumNous/new-api/model","Test":"TestSanitizeDBErrorStripsDriverMessage/postgres_pooler_prepared_statement_conflict_gets_remediation_hint"}
{"Time":"2026-09-10T08:23:39.3251196-04:00","Action":"output","Package":"github.com/QuantumNous/new-api/model","Test":"TestSanitizeDBErrorStripsDriverMessage/postgres_pooler_prepared_statement_conflict_gets_remediation_hint","Output":"=== RUN   TestSanitizeDBErrorStripsDriverMessage/postgres_pooler_prepared_statement_conflict_gets_remediation_hint\n"}
{"Time":"2026-09-10T08:23:39.3251196-04:00","Action":"output","Package":"github.com/QuantumNous/new-api/model","Test":"TestSanitizeDBErrorStripsDriverMessage/postgres_pooler_prepared_statement_conflict_gets_remediation_hint","Output":"--- PASS: TestSanitizeDBErrorStripsDriverMessage/postgres_pooler_prepared_statement_conflict_gets_remediation_hint (0.00s)\n"}
{"Time":"2026-09-10T08:23:39.3251196-04:00","Action":"pass","Package":"github.com/QuantumNous/new-api/model","Test":"TestSanitizeDBErrorStripsDriverMessage/postgres_pooler_prepared_statement_conflict_gets_remediation_hint","Elapsed":0}
{"Time":"2026-09-10T08:23:39.3251196-04:00","Action":"run","Package":"github.com/QuantumNous/new-api/model","Test":"TestSanitizeDBErrorStripsDriverMessage/clickhouse_exception"}
{"Time":"2026-09-10T08:23:39.3251196-04:00","Action":"output","Package":"github.com/QuantumNous/new-api/model","Test":"TestSanitizeDBErrorStripsDriverMessage/clickhouse_exception","Output":"=== RUN   TestSanitizeDBErrorStripsDriverMessage/clickhouse_exception\n"}
{"Time":"2026-09-10T08:23:39.3251196-04:00","Action":"output","Package":"github.com/QuantumNous/new-api/model","Test":"TestSanitizeDBErrorStripsDriverMessage/clickhouse_exception","Output":"--- PASS: TestSanitizeDBErrorStripsDriverMessage/clickhouse_exception (0.00s)\n"}
{"Time":"2026-09-10T08:23:39.3251196-04:00","Action":"pass","Package":"github.com/QuantumNous/new-api/model","Test":"TestSanitizeDBErrorStripsDriverMessage/clickhouse_exception","Elapsed":0}
{"Time":"2026-09-10T08:23:39.3251196-04:00","Action":"run","Package":"github.com/QuantumNous/new-api/model","Test":"TestSanitizeDBErrorStripsDriverMessage/wrapped_driver_error"}
{"Time":"2026-09-10T08:23:39.3251196-04:00","Action":"output","Package":"github.com/QuantumNous/new-api/model","Test":"TestSanitizeDBErrorStripsDriverMessage/wrapped_driver_error","Output":"=== RUN   TestSanitizeDBErrorStripsDriverMessage/wrapped_driver_error\n"}
{"Time":"2026-09-10T08:23:39.3251196-04:00","Action":"output","Package":"github.com/QuantumNous/new-api/model","Test":"TestSanitizeDBErrorStripsDriverMessage/wrapped_driver_error","Output":"--- PASS: TestSanitizeDBErrorStripsDriverMessage/wrapped_driver_error (0.00s)\n"}
{"Time":"2026-09-10T08:23:39.3251196-04:00","Action":"pass","Package":"github.com/QuantumNous/new-api/model","Test":"TestSanitizeDBErrorStripsDriverMessage/wrapped_driver_error","Elapsed":0}
{"Time":"2026-09-10T08:23:39.3251196-04:00","Action":"output","Package":"github.com/QuantumNous/new-api/model","Test":"TestSanitizeDBErrorStripsDriverMessage","Output":"--- PASS: TestSanitizeDBErrorStripsDriverMessage (0.00s)\n"}
{"Time":"2026-09-10T08:23:39.3251196-04:00","Action":"pass","Package":"github.com/QuantumNous/new-api/model","Test":"TestSanitizeDBErrorStripsDriverMessage","Elapsed":0}
{"Time":"2026-09-10T08:23:39.3251196-04:00","Action":"run","Package":"github.com/QuantumNous/new-api/model","Test":"TestSanitizeDBErrorSQLiteDriver"}
{"Time":"2026-09-10T08:23:39.3251196-04:00","Action":"output","Package":"github.com/QuantumNous/new-api/model","Test":"TestSanitizeDBErrorSQLiteDriver","Output":"=== RUN   TestSanitizeDBErrorSQLiteDriver\n"}
{"Time":"2026-09-10T08:23:39.3251196-04:00","Action":"output","Package":"github.com/QuantumNous/new-api/model","Test":"TestSanitizeDBErrorSQLiteDriver","Output":"\r\n"}
{"Time":"2026-09-10T08:23:39.3251196-04:00","Action":"output","Package":"github.com/QuantumNous/new-api/model","Test":"TestSanitizeDBErrorSQLiteDriver","Output":"2026/09/10 08:23:39 \u001b[31;1mD:/10178/Projects/new-api-upstream-sync/model/gorm_logger_test.go:70 \u001b[35;1mSQL logic error: no such table: missing_table (1)\n"}
{"Time":"2026-09-10T08:23:39.3251196-04:00","Action":"output","Package":"github.com/QuantumNous/new-api/model","Test":"TestSanitizeDBErrorSQLiteDriver","Output":"\u001b[0m\u001b[33m[0.000ms] \u001b[34;1m[rows:0]\u001b[0m INSERT INTO missing_table (k) VALUES (\"secret-value\")\n"}
{"Time":"2026-09-10T08:23:39.3251196-04:00","Action":"output","Package":"github.com/QuantumNous/new-api/model","Test":"TestSanitizeDBErrorSQLiteDriver","Output":"--- PASS: TestSanitizeDBErrorSQLiteDriver (0.00s)\n"}
{"Time":"2026-09-10T08:23:39.3251196-04:00","Action":"pass","Package":"github.com/QuantumNous/new-api/model","Test":"TestSanitizeDBErrorSQLiteDriver","Elapsed":0}
{"Time":"2026-09-10T08:23:39.3251196-04:00","Action":"run","Package":"github.com/QuantumNous/new-api/model","Test":"TestSanitizeDBErrorKeepsNonDriverErrors"}
{"Time":"2026-09-10T08:23:39.3251196-04:00","Action":"output","Package":"github.com/QuantumNous/new-api/model","Test":"TestSanitizeDBErrorKeepsNonDriverErrors","Output":"=== RUN   TestSanitizeDBErrorKeepsNonDriverErrors\n"}
{"Time":"2026-09-10T08:23:39.3251196-04:00","Action":"output","Package":"github.com/QuantumNous/new-api/model","Test":"TestSanitizeDBErrorKeepsNonDriverErrors","Output":"--- PASS: TestSanitizeDBErrorKeepsNonDriverErrors (0.00s)\n"}
{"Time":"2026-09-10T08:23:39.3251196-04:00","Action":"pass","Package":"github.com/QuantumNous/new-api/model","Test":"TestSanitizeDBErrorKeepsNonDriverErrors","Elapsed":0}
{"Time":"2026-09-10T08:23:39.3251196-04:00","Action":"run","Package":"github.com/QuantumNous/new-api/model","Test":"TestGormLoggerEndToEndSanitizedOutput"}
{"Time":"2026-09-10T08:23:39.3251196-04:00","Action":"output","Package":"github.com/QuantumNous/new-api/model","Test":"TestGormLoggerEndToEndSanitizedOutput","Output":"=== RUN   TestGormLoggerEndToEndSanitizedOutput\n"}
{"Time":"2026-09-10T08:23:39.3256427-04:00","Action":"output","Package":"github.com/QuantumNous/new-api/model","Test":"TestGormLoggerEndToEndSanitizedOutput","Output":"--- PASS: TestGormLoggerEndToEndSanitizedOutput (0.00s)\n"}
{"Time":"2026-09-10T08:23:39.3256427-04:00","Action":"pass","Package":"github.com/QuantumNous/new-api/model","Test":"TestGormLoggerEndToEndSanitizedOutput","Elapsed":0}
{"Time":"2026-09-10T08:23:39.3256427-04:00","Action":"run","Package":"github.com/QuantumNous/new-api/model","Test":"TestJSONColumnValuersReturnString"}
{"Time":"2026-09-10T08:23:39.3256427-04:00","Action":"output","Package":"github.com/QuantumNous/new-api/model","Test":"TestJSONColumnValuersReturnString","Output":"=== RUN   TestJSONColumnValuersReturnString\n"}
{"Time":"2026-09-10T08:23:39.3256427-04:00","Action":"run","Package":"github.com/QuantumNous/new-api/model","Test":"TestJSONColumnValuersReturnString/ChannelInfo"}
{"Time":"2026-09-10T08:23:39.3256427-04:00","Action":"output","Package":"github.com/QuantumNous/new-api/model","Test":"TestJSONColumnValuersReturnString/ChannelInfo","Output":"=== RUN   TestJSONColumnValuersReturnString/ChannelInfo\n"}
{"Time":"2026-09-10T08:23:39.3256427-04:00","Action":"output","Package":"github.com/QuantumNous/new-api/model","Test":"TestJSONColumnValuersReturnString/ChannelInfo","Output":"--- PASS: TestJSONColumnValuersReturnString/ChannelInfo (0.00s)\n"}
{"Time":"2026-09-10T08:23:39.3256427-04:00","Action":"pass","Package":"github.com/QuantumNous/new-api/model","Test":"TestJSONColumnValuersReturnString/ChannelInfo","Elapsed":0}
{"Time":"2026-09-10T08:23:39.3256427-04:00","Action":"run","Package":"github.com/QuantumNous/new-api/model","Test":"TestJSONColumnValuersReturnString/Properties"}
{"Time":"2026-09-10T08:23:39.3256427-04:00","Action":"output","Package":"github.com/QuantumNous/new-api/model","Test":"TestJSONColumnValuersReturnString/Properties","Output":"=== RUN   TestJSONColumnValuersReturnString/Properties\n"}
{"Time":"2026-09-10T08:23:39.3256427-04:00","Action":"output","Package":"github.com/QuantumNous/new-api/model","Test":"TestJSONColumnValuersReturnString/Properties","Output":"--- PASS: TestJSONColumnValuersReturnString/Properties (0.00s)\n"}
{"Time":"2026-09-10T08:23:39.3256427-04:00","Action":"pass","Package":"github.com/QuantumNous/new-api/model","Test":"TestJSONColumnValuersReturnString/Properties","Elapsed":0}
{"Time":"2026-09-10T08:23:39.3256427-04:00","Action":"run","Package":"github.com/QuantumNous/new-api/model","Test":"TestJSONColumnValuersReturnString/TaskPrivateData"}
{"Time":"2026-09-10T08:23:39.3256427-04:00","Action":"output","Package":"github.com/QuantumNous/new-api/model","Test":"TestJSONColumnValuersReturnString/TaskPrivateData","Output":"=== RUN   TestJSONColumnValuersReturnString/TaskPrivateData\n"}
{"Time":"2026-09-10T08:23:39.3256427-04:00","Action":"output","Package":"github.com/QuantumNous/new-api/model","Test":"TestJSONColumnValuersReturnString/TaskPrivateData","Output":"--- PASS: TestJSONColumnValuersReturnString/TaskPrivateData (0.00s)\n"}
{"Time":"2026-09-10T08:23:39.3256427-04:00","Action":"pass","Package":"github.com/QuantumNous/new-api/model","Test":"TestJSONColumnValuersReturnString/TaskPrivateData","Elapsed":0}
{"Time":"2026-09-10T08:23:39.3256427-04:00","Action":"run","Package":"github.com/QuantumNous/new-api/model","Test":"TestJSONColumnValuersReturnString/JSONValue"}
{"Time":"2026-09-10T08:23:39.3256427-04:00","Action":"output","Package":"github.com/QuantumNous/new-api/model","Test":"TestJSONColumnValuersReturnString/JSONValue","Output":"=== RUN   TestJSONColumnValuersReturnString/JSONValue\n"}
{"Time":"2026-09-10T08:23:39.3256427-04:00","Action":"output","Package":"github.com/QuantumNous/new-api/model","Test":"TestJSONColumnValuersReturnString/JSONValue","Output":"--- PASS: TestJSONColumnValuersReturnString/JSONValue (0.00s)\n"}
{"Time":"2026-09-10T08:23:39.3256427-04:00","Action":"pass","Package":"github.com/QuantumNous/new-api/model","Test":"TestJSONColumnValuersReturnString/JSONValue","Elapsed":0}
{"Time":"2026-09-10T08:23:39.3256427-04:00","Action":"output","Package":"github.com/QuantumNous/new-api/model","Test":"TestJSONColumnValuersReturnString","Output":"--- PASS: TestJSONColumnValuersReturnString (0.00s)\n"}
{"Time":"2026-09-10T08:23:39.3256427-04:00","Action":"pass","Package":"github.com/QuantumNous/new-api/model","Test":"TestJSONColumnValuersReturnString","Elapsed":0}
{"Time":"2026-09-10T08:23:39.3256427-04:00","Action":"run","Package":"github.com/QuantumNous/new-api/model","Test":"TestJSONColumnValuersZeroValueIsNil"}
{"Time":"2026-09-10T08:23:39.3256427-04:00","Action":"output","Package":"github.com/QuantumNous/new-api/model","Test":"TestJSONColumnValuersZeroValueIsNil","Output":"=== RUN   TestJSONColumnValuersZeroValueIsNil\n"}
{"Time":"2026-09-10T08:23:39.3256427-04:00","Action":"run","Package":"github.com/QuantumNous/new-api/model","Test":"TestJSONColumnValuersZeroValueIsNil/Properties"}
{"Time":"2026-09-10T08:23:39.3256427-04:00","Action":"output","Package":"github.com/QuantumNous/new-api/model","Test":"TestJSONColumnValuersZeroValueIsNil/Properties","Output":"=== RUN   TestJSONColumnValuersZeroValueIsNil/Properties\n"}
{"Time":"2026-09-10T08:23:39.3256427-04:00","Action":"output","Package":"github.com/QuantumNous/new-api/model","Test":"TestJSONColumnValuersZeroValueIsNil/Properties","Output":"--- PASS: TestJSONColumnValuersZeroValueIsNil/Properties (0.00s)\n"}
{"Time":"2026-09-10T08:23:39.3256427-04:00","Action":"pass","Package":"github.com/QuantumNous/new-api/model","Test":"TestJSONColumnValuersZeroValueIsNil/Properties","Elapsed":0}
{"Time":"2026-09-10T08:23:39.3256427-04:00","Action":"run","Package":"github.com/QuantumNous/new-api/model","Test":"TestJSONColumnValuersZeroValueIsNil/TaskPrivateData"}
{"Time":"2026-09-10T08:23:39.3256427-04:00","Action":"output","Package":"github.com/QuantumNous/new-api/model","Test":"TestJSONColumnValuersZeroValueIsNil/TaskPrivateData","Output":"=== RUN   TestJSONColumnValuersZeroValueIsNil/TaskPrivateData\n"}
{"Time":"2026-09-10T08:23:39.3256427-04:00","Action":"output","Package":"github.com/QuantumNous/new-api/model","Test":"TestJSONColumnValuersZeroValueIsNil/TaskPrivateData","Output":"--- PASS: TestJSONColumnValuersZeroValueIsNil/TaskPrivateData (0.00s)\n"}
{"Time":"2026-09-10T08:23:39.3256427-04:00","Action":"pass","Package":"github.com/QuantumNous/new-api/model","Test":"TestJSONColumnValuersZeroValueIsNil/TaskPrivateData","Elapsed":0}
{"Time":"2026-09-10T08:23:39.3256427-04:00","Action":"run","Package":"github.com/QuantumNous/new-api/model","Test":"TestJSONColumnValuersZeroValueIsNil/JSONValue"}
{"Time":"2026-09-10T08:23:39.3256427-04:00","Action":"output","Package":"github.com/QuantumNous/new-api/model","Test":"TestJSONColumnValuersZeroValueIsNil/JSONValue","Output":"=== RUN   TestJSONColumnValuersZeroValueIsNil/JSONValue\n"}
{"Time":"2026-09-10T08:23:39.3256427-04:00","Action":"output","Package":"github.com/QuantumNous/new-api/model","Test":"TestJSONColumnValuersZeroValueIsNil/JSONValue","Output":"--- PASS: TestJSONColumnValuersZeroValueIsNil/JSONValue (0.00s)\n"}
{"Time":"2026-09-10T08:23:39.3256427-04:00","Action":"pass","Package":"github.com/QuantumNous/new-api/model","Test":"TestJSONColumnValuersZeroValueIsNil/JSONValue","Elapsed":0}
{"Time":"2026-09-10T08:23:39.3256427-04:00","Action":"output","Package":"github.com/QuantumNous/new-api/model","Test":"TestJSONColumnValuersZeroValueIsNil","Output":"--- PASS: TestJSONColumnValuersZeroValueIsNil (0.00s)\n"}
{"Time":"2026-09-10T08:23:39.3256427-04:00","Action":"pass","Package":"github.com/QuantumNous/new-api/model","Test":"TestJSONColumnValuersZeroValueIsNil","Elapsed":0}
{"Time":"2026-09-10T08:23:39.3256427-04:00","Action":"run","Package":"github.com/QuantumNous/new-api/model","Test":"TestJSONColumnScannersAcceptStringAndBytes"}
{"Time":"2026-09-10T08:23:39.3256427-04:00","Action":"output","Package":"github.com/QuantumNous/new-api/model","Test":"TestJSONColumnScannersAcceptStringAndBytes","Output":"=== RUN   TestJSONColumnScannersAcceptStringAndBytes\n"}
{"Time":"2026-09-10T08:23:39.3256427-04:00","Action":"run","Package":"github.com/QuantumNous/new-api/model","Test":"TestJSONColumnScannersAcceptStringAndBytes/bytes"}
{"Time":"2026-09-10T08:23:39.3256427-04:00","Action":"output","Package":"github.com/QuantumNous/new-api/model","Test":"TestJSONColumnScannersAcceptStringAndBytes/bytes","Output":"=== RUN   TestJSONColumnScannersAcceptStringAndBytes/bytes\n"}
{"Time":"2026-09-10T08:23:39.3256427-04:00","Action":"output","Package":"github.com/QuantumNous/new-api/model","Test":"TestJSONColumnScannersAcceptStringAndBytes/bytes","Output":"--- PASS: TestJSONColumnScannersAcceptStringAndBytes/bytes (0.00s)\n"}
{"Time":"2026-09-10T08:23:39.3256427-04:00","Action":"pass","Package":"github.com/QuantumNous/new-api/model","Test":"TestJSONColumnScannersAcceptStringAndBytes/bytes","Elapsed":0}
{"Time":"2026-09-10T08:23:39.3256427-04:00","Action":"run","Package":"github.com/QuantumNous/new-api/model","Test":"TestJSONColumnScannersAcceptStringAndBytes/string"}
{"Time":"2026-09-10T08:23:39.3256427-04:00","Action":"output","Package":"github.com/QuantumNous/new-api/model","Test":"TestJSONColumnScannersAcceptStringAndBytes/string","Output":"=== RUN   TestJSONColumnScannersAcceptStringAndBytes/string\n"}
{"Time":"2026-09-10T08:23:39.3256427-04:00","Action":"output","Package":"github.com/QuantumNous/new-api/model","Test":"TestJSONColumnScannersAcceptStringAndBytes/string","Output":"--- PASS: TestJSONColumnScannersAcceptStringAndBytes/string (0.00s)\n"}
{"Time":"2026-09-10T08:23:39.3256427-04:00","Action":"pass","Package":"github.com/QuantumNous/new-api/model","Test":"TestJSONColumnScannersAcceptStringAndBytes/string","Elapsed":0}
{"Time":"2026-09-10T08:23:39.3261687-04:00","Action":"output","Package":"github.com/QuantumNous/new-api/model","Test":"TestJSONColumnScannersAcceptStringAndBytes","Output":"--- PASS: TestJSONColumnScannersAcceptStringAndBytes (0.00s)\n"}
{"Time":"2026-09-10T08:23:39.3261687-04:00","Action":"pass","Package":"github.com/QuantumNous/new-api/model","Test":"TestJSONColumnScannersAcceptStringAndBytes","Elapsed":0}
{"Time":"2026-09-10T08:23:39.3261687-04:00","Action":"run","Package":"github.com/QuantumNous/new-api/model","Test":"TestLockForUpdateEmitsRowLock"}
{"Time":"2026-09-10T08:23:39.3261687-04:00","Action":"output","Package":"github.com/QuantumNous/new-api/model","Test":"TestLockForUpdateEmitsRowLock","Output":"=== RUN   TestLockForUpdateEmitsRowLock\n"}
{"Time":"2026-09-10T08:23:39.3261687-04:00","Action":"output","Package":"github.com/QuantumNous/new-api/model","Test":"TestLockForUpdateEmitsRowLock","Output":"--- PASS: TestLockForUpdateEmitsRowLock (0.00s)\n"}
{"Time":"2026-09-10T08:23:39.3261687-04:00","Action":"pass","Package":"github.com/QuantumNous/new-api/model","Test":"TestLockForUpdateEmitsRowLock","Elapsed":0}
{"Time":"2026-09-10T08:23:39.3261687-04:00","Action":"run","Package":"github.com/QuantumNous/new-api/model","Test":"TestFormatUserLogsStripsQuotaSaturation"}
{"Time":"2026-09-10T08:23:39.3261687-04:00","Action":"output","Package":"github.com/QuantumNous/new-api/model","Test":"TestFormatUserLogsStripsQuotaSaturation","Output":"=== RUN   TestFormatUserLogsStripsQuotaSaturation\n"}
{"Time":"2026-09-10T08:23:39.3261687-04:00","Action":"output","Package":"github.com/QuantumNous/new-api/model","Test":"TestFormatUserLogsStripsQuotaSaturation","Output":"--- PASS: TestFormatUserLogsStripsQuotaSaturation (0.00s)\n"}
{"Time":"2026-09-10T08:23:39.3261687-04:00","Action":"pass","Package":"github.com/QuantumNous/new-api/model","Test":"TestFormatUserLogsStripsQuotaSaturation","Elapsed":0}
{"Time":"2026-09-10T08:23:39.3261687-04:00","Action":"run","Package":"github.com/QuantumNous/new-api/model","Test":"TestRequestDebugRedactsHeadersAndQuery"}
{"Time":"2026-09-10T08:23:39.3261687-04:00","Action":"output","Package":"github.com/QuantumNous/new-api/model","Test":"TestRequestDebugRedactsHeadersAndQuery","Output":"=== RUN   TestRequestDebugRedactsHeadersAndQuery\n"}
{"Time":"2026-09-10T08:23:39.3261687-04:00","Action":"output","Package":"github.com/QuantumNous/new-api/model","Test":"TestRequestDebugRedactsHeadersAndQuery","Output":"--- PASS: TestRequestDebugRedactsHeadersAndQuery (0.00s)\n"}
{"Time":"2026-09-10T08:23:39.3261687-04:00","Action":"pass","Package":"github.com/QuantumNous/new-api/model","Test":"TestRequestDebugRedactsHeadersAndQuery","Elapsed":0}
{"Time":"2026-09-10T08:23:39.3261687-04:00","Action":"run","Package":"github.com/QuantumNous/new-api/model","Test":"TestRequestDebugLimitProducesValidJSON"}
{"Time":"2026-09-10T08:23:39.3261687-04:00","Action":"output","Package":"github.com/QuantumNous/new-api/model","Test":"TestRequestDebugLimitProducesValidJSON","Output":"=== RUN   TestRequestDebugLimitProducesValidJSON\n"}
{"Time":"2026-09-10T08:23:39.3261687-04:00","Action":"output","Package":"github.com/QuantumNous/new-api/model","Test":"TestRequestDebugLimitProducesValidJSON","Output":"--- PASS: TestRequestDebugLimitProducesValidJSON (0.00s)\n"}
{"Time":"2026-09-10T08:23:39.3261687-04:00","Action":"pass","Package":"github.com/QuantumNous/new-api/model","Test":"TestRequestDebugLimitProducesValidJSON","Elapsed":0}
{"Time":"2026-09-10T08:23:39.3261687-04:00","Action":"run","Package":"github.com/QuantumNous/new-api/model","Test":"TestRecordLogsUseClientIPAndNeverStoreBody"}
{"Time":"2026-09-10T08:23:39.3261687-04:00","Action":"output","Package":"github.com/QuantumNous/new-api/model","Test":"TestRecordLogsUseClientIPAndNeverStoreBody","Output":"=== RUN   TestRecordLogsUseClientIPAndNeverStoreBody\n"}
{"Time":"2026-09-10T08:23:39.3272103-04:00","Action":"output","Package":"github.com/QuantumNous/new-api/model","Test":"TestRecordLogsUseClientIPAndNeverStoreBody","Output":"[GIN-debug] [WARNING] Running in \"debug\" mode. Switch to \"release\" mode in production.\n"}
{"Time":"2026-09-10T08:23:39.3272103-04:00","Action":"output","Package":"github.com/QuantumNous/new-api/model","Test":"TestRecordLogsUseClientIPAndNeverStoreBody","Output":" - using env:\texport GIN_MODE=release\n"}
{"Time":"2026-09-10T08:23:39.3272103-04:00","Action":"output","Package":"github.com/QuantumNous/new-api/model","Test":"TestRecordLogsUseClientIPAndNeverStoreBody","Output":" - using code:\tgin.SetMode(gin.ReleaseMode)\n"}
{"Time":"2026-09-10T08:23:39.3272103-04:00","Action":"output","Package":"github.com/QuantumNous/new-api/model","Test":"TestRecordLogsUseClientIPAndNeverStoreBody","Output":"\n"}
{"Time":"2026-09-10T08:23:39.3272103-04:00","Action":"output","Package":"github.com/QuantumNous/new-api/model","Test":"TestRecordLogsUseClientIPAndNeverStoreBody","Output":"[INFO] 2026/09/10 - 08:23:39 | SYSTEM | record consume log: userId=1, params={\"channel_id\":0,\"prompt_tokens\":0,\"completion_tokens\":0,\"model_name\":\"\",\"token_name\":\"\",\"quota\":0,\"content\":\"consume\",\"token_id\":0,\"use_time_seconds\":0,\"is_stream\":false,\"group\":\"\",\"other\":{}} \n"}
{"Time":"2026-09-10T08:23:39.3272103-04:00","Action":"output","Package":"github.com/QuantumNous/new-api/model","Test":"TestRecordLogsUseClientIPAndNeverStoreBody","Output":"[INFO] 2026/09/10 - 08:23:39 | SYSTEM | record error log: userId=1, channelId=0, modelName=model, tokenName=token, content=error \n"}
{"Time":"2026-09-10T08:23:39.3277322-04:00","Action":"output","Package":"github.com/QuantumNous/new-api/model","Test":"TestRecordLogsUseClientIPAndNeverStoreBody","Output":"--- PASS: TestRecordLogsUseClientIPAndNeverStoreBody (0.00s)\n"}
{"Time":"2026-09-10T08:23:39.3277322-04:00","Action":"pass","Package":"github.com/QuantumNous/new-api/model","Test":"TestRecordLogsUseClientIPAndNeverStoreBody","Elapsed":0}
{"Time":"2026-09-10T08:23:39.3277322-04:00","Action":"run","Package":"github.com/QuantumNous/new-api/model","Test":"TestRequestDebugRawIncludesSensitiveMetadataAndBody"}
{"Time":"2026-09-10T08:23:39.3277322-04:00","Action":"output","Package":"github.com/QuantumNous/new-api/model","Test":"TestRequestDebugRawIncludesSensitiveMetadataAndBody","Output":"=== RUN   TestRequestDebugRawIncludesSensitiveMetadataAndBody\n"}
{"Time":"2026-09-10T08:23:39.3277322-04:00","Action":"output","Package":"github.com/QuantumNous/new-api/model","Test":"TestRequestDebugRawIncludesSensitiveMetadataAndBody","Output":"--- PASS: TestRequestDebugRawIncludesSensitiveMetadataAndBody (0.00s)\n"}
{"Time":"2026-09-10T08:23:39.3277322-04:00","Action":"pass","Package":"github.com/QuantumNous/new-api/model","Test":"TestRequestDebugRawIncludesSensitiveMetadataAndBody","Elapsed":0}
{"Time":"2026-09-10T08:23:39.3277322-04:00","Action":"run","Package":"github.com/QuantumNous/new-api/model","Test":"TestRequestDebugIsRemovedFromUserLogs"}
{"Time":"2026-09-10T08:23:39.3277322-04:00","Action":"output","Package":"github.com/QuantumNous/new-api/model","Test":"TestRequestDebugIsRemovedFromUserLogs","Output":"=== RUN   TestRequestDebugIsRemovedFromUserLogs\n"}
{"Time":"2026-09-10T08:23:39.3277322-04:00","Action":"output","Package":"github.com/QuantumNous/new-api/model","Test":"TestRequestDebugIsRemovedFromUserLogs","Output":"--- PASS: TestRequestDebugIsRemovedFromUserLogs (0.00s)\n"}
{"Time":"2026-09-10T08:23:39.3277322-04:00","Action":"pass","Package":"github.com/QuantumNous/new-api/model","Test":"TestRequestDebugIsRemovedFromUserLogs","Elapsed":0}
{"Time":"2026-09-10T08:23:39.3277322-04:00","Action":"run","Package":"github.com/QuantumNous/new-api/model","Test":"TestMigrationSchemaStability"}
{"Time":"2026-09-10T08:23:39.3277322-04:00","Action":"output","Package":"github.com/QuantumNous/new-api/model","Test":"TestMigrationSchemaStability","Output":"=== RUN   TestMigrationSchemaStability\n"}
{"Time":"2026-09-10T08:23:39.3277322-04:00","Action":"run","Package":"github.com/QuantumNous/new-api/model","Test":"TestMigrationSchemaStability/sqlite"}
{"Time":"2026-09-10T08:23:39.3277322-04:00","Action":"output","Package":"github.com/QuantumNous/new-api/model","Test":"TestMigrationSchemaStability/sqlite","Output":"=== RUN   TestMigrationSchemaStability/sqlite\n"}
{"Time":"2026-09-10T08:23:39.3282493-04:00","Action":"output","Package":"github.com/QuantumNous/new-api/model","Test":"TestMigrationSchemaStability/sqlite","Output":"[SYS] 2026/09/10 - 08:23:39 | SQL_DSN not set, using SQLite as database \n"}
{"Time":"2026-09-10T08:23:39.3287606-04:00","Action":"run","Package":"github.com/QuantumNous/new-api/model","Test":"TestMigrationSchemaStability/sqlite/identity_and_indexes"}
{"Time":"2026-09-10T08:23:39.3287606-04:00","Action":"output","Package":"github.com/QuantumNous/new-api/model","Test":"TestMigrationSchemaStability/sqlite/identity_and_indexes","Output":"=== RUN   TestMigrationSchemaStability/sqlite/identity_and_indexes\n"}
{"Time":"2026-09-10T08:23:39.3748906-04:00","Action":"output","Package":"github.com/QuantumNous/new-api/model","Test":"TestMigrationSchemaStability/sqlite/identity_and_indexes","Output":"--- PASS: TestMigrationSchemaStability/sqlite/identity_and_indexes (0.05s)\n"}
{"Time":"2026-09-10T08:23:39.3748906-04:00","Action":"pass","Package":"github.com/QuantumNous/new-api/model","Test":"TestMigrationSchemaStability/sqlite/identity_and_indexes","Elapsed":0.05}
{"Time":"2026-09-10T08:23:39.3748906-04:00","Action":"run","Package":"github.com/QuantumNous/new-api/model","Test":"TestMigrationSchemaStability/sqlite/unique_constraint_changes"}
{"Time":"2026-09-10T08:23:39.3748906-04:00","Action":"output","Package":"github.com/QuantumNous/new-api/model","Test":"TestMigrationSchemaStability/sqlite/unique_constraint_changes","Output":"=== RUN   TestMigrationSchemaStability/sqlite/unique_constraint_changes\n"}
{"Time":"2026-09-10T08:23:39.4009705-04:00","Action":"output","Package":"github.com/QuantumNous/new-api/model","Test":"TestMigrationSchemaStability/sqlite/unique_constraint_changes","Output":"--- PASS: TestMigrationSchemaStability/sqlite/unique_constraint_changes (0.03s)\n"}
{"Time":"2026-09-10T08:23:39.4009705-04:00","Action":"pass","Package":"github.com/QuantumNous/new-api/model","Test":"TestMigrationSchemaStability/sqlite/unique_constraint_changes","Elapsed":0.03}
{"Time":"2026-09-10T08:23:39.4020165-04:00","Action":"output","Package":"github.com/QuantumNous/new-api/model","Test":"TestMigrationSchemaStability/sqlite","Output":"--- PASS: TestMigrationSchemaStability/sqlite (0.07s)\n"}
{"Time":"2026-09-10T08:23:39.4020165-04:00","Action":"pass","Package":"github.com/QuantumNous/new-api/model","Test":"TestMigrationSchemaStability/sqlite","Elapsed":0.07}
{"Time":"2026-09-10T08:23:39.4020165-04:00","Action":"run","Package":"github.com/QuantumNous/new-api/model","Test":"TestMigrationSchemaStability/mysql"}
{"Time":"2026-09-10T08:23:39.4020165-04:00","Action":"output","Package":"github.com/QuantumNous/new-api/model","Test":"TestMigrationSchemaStability/mysql","Output":"=== RUN   TestMigrationSchemaStability/mysql\n"}
{"Time":"2026-09-10T08:23:39.4020165-04:00","Action":"output","Package":"github.com/QuantumNous/new-api/model","Test":"TestMigrationSchemaStability/mysql","Output":"[SYS] 2026/09/10 - 08:23:39 | using MySQL as database \n"}
{"Time":"2026-09-10T08:23:39.4085284-04:00","Action":"run","Package":"github.com/QuantumNous/new-api/model","Test":"TestMigrationSchemaStability/mysql/identity_and_indexes"}
{"Time":"2026-09-10T08:23:39.4090501-04:00","Action":"output","Package":"github.com/QuantumNous/new-api/model","Test":"TestMigrationSchemaStability/mysql/identity_and_indexes","Output":"=== RUN   TestMigrationSchemaStability/mysql/identity_and_indexes\n"}
{"Time":"2026-09-10T08:23:39.794802-04:00","Action":"output","Package":"github.com/QuantumNous/new-api/model","Test":"TestMigrationSchemaStability/mysql/identity_and_indexes","Output":"--- PASS: TestMigrationSchemaStability/mysql/identity_and_indexes (0.39s)\n"}
{"Time":"2026-09-10T08:23:39.7953071-04:00","Action":"pass","Package":"github.com/QuantumNous/new-api/model","Test":"TestMigrationSchemaStability/mysql/identity_and_indexes","Elapsed":0.39}
{"Time":"2026-09-10T08:23:39.7953071-04:00","Action":"run","Package":"github.com/QuantumNous/new-api/model","Test":"TestMigrationSchemaStability/mysql/unique_constraint_changes"}
{"Time":"2026-09-10T08:23:39.7953071-04:00","Action":"output","Package":"github.com/QuantumNous/new-api/model","Test":"TestMigrationSchemaStability/mysql/unique_constraint_changes","Output":"=== RUN   TestMigrationSchemaStability/mysql/unique_constraint_changes\n"}
{"Time":"2026-09-10T08:23:40.0083115-04:00","Action":"output","Package":"github.com/QuantumNous/new-api/model","Test":"TestMigrationSchemaStability/mysql/unique_constraint_changes","Output":"--- PASS: TestMigrationSchemaStability/mysql/unique_constraint_changes (0.21s)\n"}
{"Time":"2026-09-10T08:23:40.0088142-04:00","Action":"pass","Package":"github.com/QuantumNous/new-api/model","Test":"TestMigrationSchemaStability/mysql/unique_constraint_changes","Elapsed":0.21}
{"Time":"2026-09-10T08:23:40.0088142-04:00","Action":"run","Package":"github.com/QuantumNous/new-api/model","Test":"TestMigrationSchemaStability/mysql/decimal_default_and_real_changes"}
{"Time":"2026-09-10T08:23:40.0088142-04:00","Action":"output","Package":"github.com/QuantumNous/new-api/model","Test":"TestMigrationSchemaStability/mysql/decimal_default_and_real_changes","Output":"=== RUN   TestMigrationSchemaStability/mysql/decimal_default_and_real_changes\n"}
{"Time":"2026-09-10T08:23:40.1889091-04:00","Action":"output","Package":"github.com/QuantumNous/new-api/model","Test":"TestMigrationSchemaStability/mysql/decimal_default_and_real_changes","Output":"--- PASS: TestMigrationSchemaStability/mysql/decimal_default_and_real_changes (0.18s)\n"}
{"Time":"2026-09-10T08:23:40.1894302-04:00","Action":"pass","Package":"github.com/QuantumNous/new-api/model","Test":"TestMigrationSchemaStability/mysql/decimal_default_and_real_changes","Elapsed":0.18}
{"Time":"2026-09-10T08:23:40.1894302-04:00","Action":"output","Package":"github.com/QuantumNous/new-api/model","Test":"TestMigrationSchemaStability/mysql","Output":"--- PASS: TestMigrationSchemaStability/mysql (0.79s)\n"}
{"Time":"2026-09-10T08:23:40.1894302-04:00","Action":"pass","Package":"github.com/QuantumNous/new-api/model","Test":"TestMigrationSchemaStability/mysql","Elapsed":0.79}
{"Time":"2026-09-10T08:23:40.1894302-04:00","Action":"run","Package":"github.com/QuantumNous/new-api/model","Test":"TestMigrationSchemaStability/postgres"}
{"Time":"2026-09-10T08:23:40.1894302-04:00","Action":"output","Package":"github.com/QuantumNous/new-api/model","Test":"TestMigrationSchemaStability/postgres","Output":"=== RUN   TestMigrationSchemaStability/postgres\n"}
{"Time":"2026-09-10T08:23:40.1894302-04:00","Action":"output","Package":"github.com/QuantumNous/new-api/model","Test":"TestMigrationSchemaStability/postgres","Output":"[SYS] 2026/09/10 - 08:23:40 | using PostgreSQL as database \n"}
{"Time":"2026-09-10T08:23:40.1989039-04:00","Action":"run","Package":"github.com/QuantumNous/new-api/model","Test":"TestMigrationSchemaStability/postgres/identity_and_indexes"}
{"Time":"2026-09-10T08:23:40.1989039-04:00","Action":"output","Package":"github.com/QuantumNous/new-api/model","Test":"TestMigrationSchemaStability/postgres/identity_and_indexes","Output":"=== RUN   TestMigrationSchemaStability/postgres/identity_and_indexes\n"}
{"Time":"2026-09-10T08:23:40.3809974-04:00","Action":"output","Package":"github.com/QuantumNous/new-api/model","Test":"TestMigrationSchemaStability/postgres/identity_and_indexes","Output":"--- PASS: TestMigrationSchemaStability/postgres/identity_and_indexes (0.18s)\n"}
{"Time":"2026-09-10T08:23:40.3809974-04:00","Action":"pass","Package":"github.com/QuantumNous/new-api/model","Test":"TestMigrationSchemaStability/postgres/identity_and_indexes","Elapsed":0.18}
{"Time":"2026-09-10T08:23:40.3809974-04:00","Action":"run","Package":"github.com/QuantumNous/new-api/model","Test":"TestMigrationSchemaStability/postgres/unique_constraint_changes"}
{"Time":"2026-09-10T08:23:40.3809974-04:00","Action":"output","Package":"github.com/QuantumNous/new-api/model","Test":"TestMigrationSchemaStability/postgres/unique_constraint_changes","Output":"=== RUN   TestMigrationSchemaStability/postgres/unique_constraint_changes\n"}
{"Time":"2026-09-10T08:23:40.4408185-04:00","Action":"output","Package":"github.com/QuantumNous/new-api/model","Test":"TestMigrationSchemaStability/postgres/unique_constraint_changes","Output":"--- PASS: TestMigrationSchemaStability/postgres/unique_constraint_changes (0.06s)\n"}
{"Time":"2026-09-10T08:23:40.4408185-04:00","Action":"pass","Package":"github.com/QuantumNous/new-api/model","Test":"TestMigrationSchemaStability/postgres/unique_constraint_changes","Elapsed":0.06}
{"Time":"2026-09-10T08:23:40.4408185-04:00","Action":"output","Package":"github.com/QuantumNous/new-api/model","Test":"TestMigrationSchemaStability/postgres","Output":"--- PASS: TestMigrationSchemaStability/postgres (0.25s)\n"}
{"Time":"2026-09-10T08:23:40.4408185-04:00","Action":"pass","Package":"github.com/QuantumNous/new-api/model","Test":"TestMigrationSchemaStability/postgres","Elapsed":0.25}
{"Time":"2026-09-10T08:23:40.4408185-04:00","Action":"output","Package":"github.com/QuantumNous/new-api/model","Test":"TestMigrationSchemaStability","Output":"--- PASS: TestMigrationSchemaStability (1.11s)\n"}
{"Time":"2026-09-10T08:23:40.4408185-04:00","Action":"pass","Package":"github.com/QuantumNous/new-api/model","Test":"TestMigrationSchemaStability","Elapsed":1.11}
{"Time":"2026-09-10T08:23:40.4408185-04:00","Action":"run","Package":"github.com/QuantumNous/new-api/model","Test":"TestMigrateModelVendorActiveNamesRejectsDuplicateActiveNames"}
{"Time":"2026-09-10T08:23:40.4408185-04:00","Action":"output","Package":"github.com/QuantumNous/new-api/model","Test":"TestMigrateModelVendorActiveNamesRejectsDuplicateActiveNames","Output":"=== RUN   TestMigrateModelVendorActiveNamesRejectsDuplicateActiveNames\n"}
{"Time":"2026-09-10T08:23:40.4420493-04:00","Action":"output","Package":"github.com/QuantumNous/new-api/model","Test":"TestMigrateModelVendorActiveNamesRejectsDuplicateActiveNames","Output":"--- PASS: TestMigrateModelVendorActiveNamesRejectsDuplicateActiveNames (0.00s)\n"}
{"Time":"2026-09-10T08:23:40.4420493-04:00","Action":"pass","Package":"github.com/QuantumNous/new-api/model","Test":"TestMigrateModelVendorActiveNamesRejectsDuplicateActiveNames","Elapsed":0}
{"Time":"2026-09-10T08:23:40.4420493-04:00","Action":"run","Package":"github.com/QuantumNous/new-api/model","Test":"TestActiveNameConcurrentCreateLeavesOneActive"}
{"Time":"2026-09-10T08:23:40.4420493-04:00","Action":"output","Package":"github.com/QuantumNous/new-api/model","Test":"TestActiveNameConcurrentCreateLeavesOneActive","Output":"=== RUN   TestActiveNameConcurrentCreateLeavesOneActive\n"}
{"Time":"2026-09-10T08:23:40.4436153-04:00","Action":"output","Package":"github.com/QuantumNous/new-api/model","Test":"TestActiveNameConcurrentCreateLeavesOneActive","Output":"\r\n"}
{"Time":"2026-09-10T08:23:40.4436153-04:00","Action":"output","Package":"github.com/QuantumNous/new-api/model","Test":"TestActiveNameConcurrentCreateLeavesOneActive","Output":"2026/09/10 08:23:40 \u001b[31;1mD:/10178/Projects/new-api-upstream-sync/model/model_meta.go:59 \u001b[35;1mconstraint failed: UNIQUE constraint failed: models.active_name (2067)\n"}
{"Time":"2026-09-10T08:23:40.4436153-04:00","Action":"output","Package":"github.com/QuantumNous/new-api/model","Test":"TestActiveNameConcurrentCreateLeavesOneActive","Output":"\u001b[0m\u001b[33m[0.531ms] \u001b[34;1m[rows:0]\u001b[0m INSERT INTO `models` (`model_name`,`active_name`,`description`,`icon`,`tags`,`vendor_id`,`endpoints`,`status`,`sync_official`,`created_time`,`updated_time`,`deleted_at`,`name_rule`) VALUES (\"concurrent\",\"concurrent\",\"\",\"\",\"\",0,\"\",1,1,1789043020,1789043020,NULL,0) RETURNING `id`\n"}
{"Time":"2026-09-10T08:23:40.4436153-04:00","Action":"output","Package":"github.com/QuantumNous/new-api/model","Test":"TestActiveNameConcurrentCreateLeavesOneActive","Output":"\r\n"}
{"Time":"2026-09-10T08:23:40.4436153-04:00","Action":"output","Package":"github.com/QuantumNous/new-api/model","Test":"TestActiveNameConcurrentCreateLeavesOneActive","Output":"2026/09/10 08:23:40 \u001b[31;1mD:/10178/Projects/new-api-upstream-sync/model/model_meta.go:59 \u001b[35;1mconstraint failed: UNIQUE constraint failed: models.active_name (2067)\n"}
{"Time":"2026-09-10T08:23:40.4436153-04:00","Action":"output","Package":"github.com/QuantumNous/new-api/model","Test":"TestActiveNameConcurrentCreateLeavesOneActive","Output":"\u001b[0m\u001b[33m[0.531ms] \u001b[34;1m[rows:0]\u001b[0m INSERT INTO `models` (`model_name`,`active_name`,`description`,`icon`,`tags`,`vendor_id`,`endpoints`,`status`,`sync_official`,`created_time`,`updated_time`,`deleted_at`,`name_rule`) VALUES (\"concurrent\",\"concurrent\",\"\",\"\",\"\",0,\"\",1,1,1789043020,1789043020,NULL,0) RETURNING `id`\n"}
{"Time":"2026-09-10T08:23:40.4436153-04:00","Action":"output","Package":"github.com/QuantumNous/new-api/model","Test":"TestActiveNameConcurrentCreateLeavesOneActive","Output":"\r\n"}
{"Time":"2026-09-10T08:23:40.4436153-04:00","Action":"output","Package":"github.com/QuantumNous/new-api/model","Test":"TestActiveNameConcurrentCreateLeavesOneActive","Output":"2026/09/10 08:23:40 \u001b[31;1mD:/10178/Projects/new-api-upstream-sync/model/model_meta.go:59 \u001b[35;1mconstraint failed: UNIQUE constraint failed: models.active_name (2067)\n"}
{"Time":"2026-09-10T08:23:40.4436153-04:00","Action":"output","Package":"github.com/QuantumNous/new-api/model","Test":"TestActiveNameConcurrentCreateLeavesOneActive","Output":"\u001b[0m\u001b[33m[0.531ms] \u001b[34;1m[rows:0]\u001b[0m INSERT INTO `models` (`model_name`,`active_name`,`description`,`icon`,`tags`,`vendor_id`,`endpoints`,`status`,`sync_official`,`created_time`,`updated_time`,`deleted_at`,`name_rule`) VALUES (\"concurrent\",\"concurrent\",\"\",\"\",\"\",0,\"\",1,1,1789043020,1789043020,NULL,0) RETURNING `id`\n"}
{"Time":"2026-09-10T08:23:40.4441455-04:00","Action":"output","Package":"github.com/QuantumNous/new-api/model","Test":"TestActiveNameConcurrentCreateLeavesOneActive","Output":"\r\n"}
{"Time":"2026-09-10T08:23:40.4441455-04:00","Action":"output","Package":"github.com/QuantumNous/new-api/model","Test":"TestActiveNameConcurrentCreateLeavesOneActive","Output":"2026/09/10 08:23:40 \u001b[31;1mD:/10178/Projects/new-api-upstream-sync/model/model_meta.go:59 \u001b[35;1mconstraint failed: UNIQUE constraint failed: models.active_name (2067)\n"}
{"Time":"2026-09-10T08:23:40.4441455-04:00","Action":"output","Package":"github.com/QuantumNous/new-api/model","Test":"TestActiveNameConcurrentCreateLeavesOneActive","Output":"\u001b[0m\u001b[33m[1.062ms] \u001b[34;1m[rows:0]\u001b[0m INSERT INTO `models` (`model_name`,`active_name`,`description`,`icon`,`tags`,`vendor_id`,`endpoints`,`status`,`sync_official`,`created_time`,`updated_time`,`deleted_at`,`name_rule`) VALUES (\"concurrent\",\"concurrent\",\"\",\"\",\"\",0,\"\",1,1,1789043020,1789043020,NULL,0) RETURNING `id`\n"}
{"Time":"2026-09-10T08:23:40.4441455-04:00","Action":"output","Package":"github.com/QuantumNous/new-api/model","Test":"TestActiveNameConcurrentCreateLeavesOneActive","Output":"\r\n"}
{"Time":"2026-09-10T08:23:40.4441455-04:00","Action":"output","Package":"github.com/QuantumNous/new-api/model","Test":"TestActiveNameConcurrentCreateLeavesOneActive","Output":"2026/09/10 08:23:40 \u001b[31;1mD:/10178/Projects/new-api-upstream-sync/model/model_meta.go:59 \u001b[35;1mconstraint failed: UNIQUE constraint failed: models.active_name (2067)\n"}
{"Time":"2026-09-10T08:23:40.4441455-04:00","Action":"output","Package":"github.com/QuantumNous/new-api/model","Test":"TestActiveNameConcurrentCreateLeavesOneActive","Output":"\u001b[0m\u001b[33m[1.062ms] \u001b[34;1m[rows:0]\u001b[0m INSERT INTO `models` (`model_name`,`active_name`,`description`,`icon`,`tags`,`vendor_id`,`endpoints`,`status`,`sync_official`,`created_time`,`updated_time`,`deleted_at`,`name_rule`) VALUES (\"concurrent\",\"concurrent\",\"\",\"\",\"\",0,\"\",1,1,1789043020,1789043020,NULL,0) RETURNING `id`\n"}
{"Time":"2026-09-10T08:23:40.4441455-04:00","Action":"output","Package":"github.com/QuantumNous/new-api/model","Test":"TestActiveNameConcurrentCreateLeavesOneActive","Output":"\r\n"}
{"Time":"2026-09-10T08:23:40.4441455-04:00","Action":"output","Package":"github.com/QuantumNous/new-api/model","Test":"TestActiveNameConcurrentCreateLeavesOneActive","Output":"2026/09/10 08:23:40 \u001b[31;1mD:/10178/Projects/new-api-upstream-sync/model/model_meta.go:59 \u001b[35;1mconstraint failed: UNIQUE constraint failed: models.active_name (2067)\n"}
{"Time":"2026-09-10T08:23:40.4441455-04:00","Action":"output","Package":"github.com/QuantumNous/new-api/model","Test":"TestActiveNameConcurrentCreateLeavesOneActive","Output":"\u001b[0m\u001b[33m[1.062ms] \u001b[34;1m[rows:0]\u001b[0m INSERT INTO `models` (`model_name`,`active_name`,`description`,`icon`,`tags`,`vendor_id`,`endpoints`,`status`,`sync_official`,`created_time`,`updated_time`,`deleted_at`,`name_rule`) VALUES (\"concurrent\",\"concurrent\",\"\",\"\",\"\",0,\"\",1,1,1789043020,1789043020,NULL,0) RETURNING `id`\n"}
{"Time":"2026-09-10T08:23:40.4441455-04:00","Action":"output","Package":"github.com/QuantumNous/new-api/model","Test":"TestActiveNameConcurrentCreateLeavesOneActive","Output":"\r\n"}
{"Time":"2026-09-10T08:23:40.4441455-04:00","Action":"output","Package":"github.com/QuantumNous/new-api/model","Test":"TestActiveNameConcurrentCreateLeavesOneActive","Output":"2026/09/10 08:23:40 \u001b[31;1mD:/10178/Projects/new-api-upstream-sync/model/model_meta.go:59 \u001b[35;1mconstraint failed: UNIQUE constraint failed: models.active_name (2067)\n"}
{"Time":"2026-09-10T08:23:40.4441455-04:00","Action":"output","Package":"github.com/QuantumNous/new-api/model","Test":"TestActiveNameConcurrentCreateLeavesOneActive","Output":"\u001b[0m\u001b[33m[1.062ms] \u001b[34;1m[rows:0]\u001b[0m INSERT INTO `models` (`model_name`,`active_name`,`description`,`icon`,`tags`,`vendor_id`,`endpoints`,`status`,`sync_official`,`created_time`,`updated_time`,`deleted_at`,`name_rule`) VALUES (\"concurrent\",\"concurrent\",\"\",\"\",\"\",0,\"\",1,1,1789043020,1789043020,NULL,0) RETURNING `id`\n"}
{"Time":"2026-09-10T08:23:40.4441455-04:00","Action":"output","Package":"github.com/QuantumNous/new-api/model","Test":"TestActiveNameConcurrentCreateLeavesOneActive","Output":"\r\n"}
{"Time":"2026-09-10T08:23:40.4441455-04:00","Action":"output","Package":"github.com/QuantumNous/new-api/model","Test":"TestActiveNameConcurrentCreateLeavesOneActive","Output":"2026/09/10 08:23:40 \u001b[31;1mD:/10178/Projects/new-api-upstream-sync/model/model_meta.go:59 \u001b[35;1mconstraint failed: UNIQUE constraint failed: models.active_name (2067)\n"}
{"Time":"2026-09-10T08:23:40.4441455-04:00","Action":"output","Package":"github.com/QuantumNous/new-api/model","Test":"TestActiveNameConcurrentCreateLeavesOneActive","Output":"\u001b[0m\u001b[33m[1.062ms] \u001b[34;1m[rows:0]\u001b[0m INSERT INTO `models` (`model_name`,`active_name`,`description`,`icon`,`tags`,`vendor_id`,`endpoints`,`status`,`sync_official`,`created_time`,`updated_time`,`deleted_at`,`name_rule`) VALUES (\"concurrent\",\"concurrent\",\"\",\"\",\"\",0,\"\",1,1,1789043020,1789043020,NULL,0) RETURNING `id`\n"}
{"Time":"2026-09-10T08:23:40.4441455-04:00","Action":"output","Package":"github.com/QuantumNous/new-api/model","Test":"TestActiveNameConcurrentCreateLeavesOneActive","Output":"\r\n"}
{"Time":"2026-09-10T08:23:40.4441455-04:00","Action":"output","Package":"github.com/QuantumNous/new-api/model","Test":"TestActiveNameConcurrentCreateLeavesOneActive","Output":"2026/09/10 08:23:40 \u001b[31;1mD:/10178/Projects/new-api-upstream-sync/model/model_meta.go:59 \u001b[35;1mconstraint failed: UNIQUE constraint failed: models.active_name (2067)\n"}
{"Time":"2026-09-10T08:23:40.4441455-04:00","Action":"output","Package":"github.com/QuantumNous/new-api/model","Test":"TestActiveNameConcurrentCreateLeavesOneActive","Output":"\u001b[0m\u001b[33m[1.062ms] \u001b[34;1m[rows:0]\u001b[0m INSERT INTO `models` (`model_name`,`active_name`,`description`,`icon`,`tags`,`vendor_id`,`endpoints`,`status`,`sync_official`,`created_time`,`updated_time`,`deleted_at`,`name_rule`) VALUES (\"concurrent\",\"concurrent\",\"\",\"\",\"\",0,\"\",1,1,1789043020,1789043020,NULL,0) RETURNING `id`\n"}
{"Time":"2026-09-10T08:23:40.4446671-04:00","Action":"output","Package":"github.com/QuantumNous/new-api/model","Test":"TestActiveNameConcurrentCreateLeavesOneActive","Output":"\r\n"}
{"Time":"2026-09-10T08:23:40.4446671-04:00","Action":"output","Package":"github.com/QuantumNous/new-api/model","Test":"TestActiveNameConcurrentCreateLeavesOneActive","Output":"2026/09/10 08:23:40 \u001b[31;1mD:/10178/Projects/new-api-upstream-sync/model/model_meta.go:59 \u001b[35;1mconstraint failed: UNIQUE constraint failed: models.active_name (2067)\n"}
{"Time":"2026-09-10T08:23:40.4446671-04:00","Action":"output","Package":"github.com/QuantumNous/new-api/model","Test":"TestActiveNameConcurrentCreateLeavesOneActive","Output":"\u001b[0m\u001b[33m[1.583ms] \u001b[34;1m[rows:0]\u001b[0m INSERT INTO `models` (`model_name`,`active_name`,`description`,`icon`,`tags`,`vendor_id`,`endpoints`,`status`,`sync_official`,`created_time`,`updated_time`,`deleted_at`,`name_rule`) VALUES (\"concurrent\",\"concurrent\",\"\",\"\",\"\",0,\"\",1,1,1789043020,1789043020,NULL,0) RETURNING `id`\n"}
{"Time":"2026-09-10T08:23:40.4446671-04:00","Action":"output","Package":"github.com/QuantumNous/new-api/model","Test":"TestActiveNameConcurrentCreateLeavesOneActive","Output":"\r\n"}
{"Time":"2026-09-10T08:23:40.4446671-04:00","Action":"output","Package":"github.com/QuantumNous/new-api/model","Test":"TestActiveNameConcurrentCreateLeavesOneActive","Output":"2026/09/10 08:23:40 \u001b[31;1mD:/10178/Projects/new-api-upstream-sync/model/model_meta.go:59 \u001b[35;1mconstraint failed: UNIQUE constraint failed: models.active_name (2067)\n"}
{"Time":"2026-09-10T08:23:40.4446671-04:00","Action":"output","Package":"github.com/QuantumNous/new-api/model","Test":"TestActiveNameConcurrentCreateLeavesOneActive","Output":"\u001b[0m\u001b[33m[1.583ms] \u001b[34;1m[rows:0]\u001b[0m INSERT INTO `models` (`model_name`,`active_name`,`description`,`icon`,`tags`,`vendor_id`,`endpoints`,`status`,`sync_official`,`created_time`,`updated_time`,`deleted_at`,`name_rule`) VALUES (\"concurrent\",\"concurrent\",\"\",\"\",\"\",0,\"\",1,1,1789043020,1789043020,NULL,0) RETURNING `id`\n"}
{"Time":"2026-09-10T08:23:40.4446671-04:00","Action":"output","Package":"github.com/QuantumNous/new-api/model","Test":"TestActiveNameConcurrentCreateLeavesOneActive","Output":"--- PASS: TestActiveNameConcurrentCreateLeavesOneActive (0.00s)\n"}
{"Time":"2026-09-10T08:23:40.4446671-04:00","Action":"pass","Package":"github.com/QuantumNous/new-api/model","Test":"TestActiveNameConcurrentCreateLeavesOneActive","Elapsed":0}
{"Time":"2026-09-10T08:23:40.4446671-04:00","Action":"run","Package":"github.com/QuantumNous/new-api/model","Test":"TestActiveNameDeleteAllowsRecreate"}
{"Time":"2026-09-10T08:23:40.4446671-04:00","Action":"output","Package":"github.com/QuantumNous/new-api/model","Test":"TestActiveNameDeleteAllowsRecreate","Output":"=== RUN   TestActiveNameDeleteAllowsRecreate\n"}
{"Time":"2026-09-10T08:23:40.4456989-04:00","Action":"output","Package":"github.com/QuantumNous/new-api/model","Test":"TestActiveNameDeleteAllowsRecreate","Output":"--- PASS: TestActiveNameDeleteAllowsRecreate (0.00s)\n"}
{"Time":"2026-09-10T08:23:40.4456989-04:00","Action":"pass","Package":"github.com/QuantumNous/new-api/model","Test":"TestActiveNameDeleteAllowsRecreate","Elapsed":0}
{"Time":"2026-09-10T08:23:40.4456989-04:00","Action":"run","Package":"github.com/QuantumNous/new-api/model","Test":"TestActiveNameRenameConflictReturnsDatabaseError"}
{"Time":"2026-09-10T08:23:40.4456989-04:00","Action":"output","Package":"github.com/QuantumNous/new-api/model","Test":"TestActiveNameRenameConflictReturnsDatabaseError","Output":"=== RUN   TestActiveNameRenameConflictReturnsDatabaseError\n"}
{"Time":"2026-09-10T08:23:40.4467713-04:00","Action":"output","Package":"github.com/QuantumNous/new-api/model","Test":"TestActiveNameRenameConflictReturnsDatabaseError","Output":"\r\n"}
{"Time":"2026-09-10T08:23:40.4467713-04:00","Action":"output","Package":"github.com/QuantumNous/new-api/model","Test":"TestActiveNameRenameConflictReturnsDatabaseError","Output":"2026/09/10 08:23:40 \u001b[31;1mD:/10178/Projects/new-api-upstream-sync/model/model_meta.go:90 \u001b[35;1mconstraint failed: UNIQUE constraint failed: models.active_name (2067)\n"}
{"Time":"2026-09-10T08:23:40.4467713-04:00","Action":"output","Package":"github.com/QuantumNous/new-api/model","Test":"TestActiveNameRenameConflictReturnsDatabaseError","Output":"\u001b[0m\u001b[33m[0.000ms] \u001b[34;1m[rows:0]\u001b[0m UPDATE `models` SET `model_name`=\"model-a\",`active_name`=\"model-a\",`description`=\"\",`icon`=\"\",`tags`=\"\",`vendor_id`=0,`endpoints`=\"\",`status`=1,`sync_official`=1,`updated_time`=1789043020,`name_rule`=0 WHERE id = 2 AND `models`.`deleted_at` IS NULL\n"}
{"Time":"2026-09-10T08:23:40.4467713-04:00","Action":"output","Package":"github.com/QuantumNous/new-api/model","Test":"TestActiveNameRenameConflictReturnsDatabaseError","Output":"\r\n"}
{"Time":"2026-09-10T08:23:40.4467713-04:00","Action":"output","Package":"github.com/QuantumNous/new-api/model","Test":"TestActiveNameRenameConflictReturnsDatabaseError","Output":"2026/09/10 08:23:40 \u001b[31;1mD:/10178/Projects/new-api-upstream-sync/model/vendor_meta.go:60 \u001b[35;1mconstraint failed: UNIQUE constraint failed: vendors.active_name (2067)\n"}
{"Time":"2026-09-10T08:23:40.4467713-04:00","Action":"output","Package":"github.com/QuantumNous/new-api/model","Test":"TestActiveNameRenameConflictReturnsDatabaseError","Output":"\u001b[0m\u001b[33m[0.000ms] \u001b[34;1m[rows:0]\u001b[0m UPDATE `vendors` SET `name`=\"vendor-a\",`active_name`=\"vendor-a\",`description`=\"\",`icon`=\"\",`status`=1,`updated_time`=1789043020 WHERE id = 2 AND `vendors`.`deleted_at` IS NULL\n"}
{"Time":"2026-09-10T08:23:40.4467713-04:00","Action":"output","Package":"github.com/QuantumNous/new-api/model","Test":"TestActiveNameRenameConflictReturnsDatabaseError","Output":"--- PASS: TestActiveNameRenameConflictReturnsDatabaseError (0.00s)\n"}
{"Time":"2026-09-10T08:23:40.4467713-04:00","Action":"pass","Package":"github.com/QuantumNous/new-api/model","Test":"TestActiveNameRenameConflictReturnsDatabaseError","Elapsed":0}
{"Time":"2026-09-10T08:23:40.4467713-04:00","Action":"run","Package":"github.com/QuantumNous/new-api/model","Test":"TestModelVendorInsertReselectsActiveRecordAfterUniqueConflict"}
{"Time":"2026-09-10T08:23:40.4467713-04:00","Action":"output","Package":"github.com/QuantumNous/new-api/model","Test":"TestModelVendorInsertReselectsActiveRecordAfterUniqueConflict","Output":"=== RUN   TestModelVendorInsertReselectsActiveRecordAfterUniqueConflict\n"}
{"Time":"2026-09-10T08:23:40.4478906-04:00","Action":"output","Package":"github.com/QuantumNous/new-api/model","Test":"TestModelVendorInsertReselectsActiveRecordAfterUniqueConflict","Output":"\r\n"}
{"Time":"2026-09-10T08:23:40.4478906-04:00","Action":"output","Package":"github.com/QuantumNous/new-api/model","Test":"TestModelVendorInsertReselectsActiveRecordAfterUniqueConflict","Output":"2026/09/10 08:23:40 \u001b[31;1mD:/10178/Projects/new-api-upstream-sync/model/model_meta.go:59 \u001b[35;1mconstraint failed: UNIQUE constraint failed: models.active_name (2067)\n"}
{"Time":"2026-09-10T08:23:40.4478906-04:00","Action":"output","Package":"github.com/QuantumNous/new-api/model","Test":"TestModelVendorInsertReselectsActiveRecordAfterUniqueConflict","Output":"\u001b[0m\u001b[33m[0.000ms] \u001b[34;1m[rows:0]\u001b[0m INSERT INTO `models` (`model_name`,`active_name`,`description`,`icon`,`tags`,`vendor_id`,`endpoints`,`status`,`sync_official`,`created_time`,`updated_time`,`deleted_at`,`name_rule`) VALUES (\"same-model\",\"same-model\",\"\",\"\",\"\",0,\"\",1,1,1789043020,1789043020,NULL,0) RETURNING `id`\n"}
{"Time":"2026-09-10T08:23:40.4478906-04:00","Action":"output","Package":"github.com/QuantumNous/new-api/model","Test":"TestModelVendorInsertReselectsActiveRecordAfterUniqueConflict","Output":"\r\n"}
{"Time":"2026-09-10T08:23:40.4478906-04:00","Action":"output","Package":"github.com/QuantumNous/new-api/model","Test":"TestModelVendorInsertReselectsActiveRecordAfterUniqueConflict","Output":"2026/09/10 08:23:40 \u001b[31;1mD:/10178/Projects/new-api-upstream-sync/model/vendor_meta.go:33 \u001b[35;1mconstraint failed: UNIQUE constraint failed: vendors.active_name (2067)\n"}
{"Time":"2026-09-10T08:23:40.4478906-04:00","Action":"output","Package":"github.com/QuantumNous/new-api/model","Test":"TestModelVendorInsertReselectsActiveRecordAfterUniqueConflict","Output":"\u001b[0m\u001b[33m[0.000ms] \u001b[34;1m[rows:0]\u001b[0m INSERT INTO `vendors` (`name`,`active_name`,`description`,`icon`,`status`,`created_time`,`updated_time`,`deleted_at`) VALUES (\"same-vendor\",\"same-vendor\",\"\",\"\",1,1789043020,1789043020,NULL) RETURNING `id`\n"}
{"Time":"2026-09-10T08:23:40.4478906-04:00","Action":"output","Package":"github.com/QuantumNous/new-api/model","Test":"TestModelVendorInsertReselectsActiveRecordAfterUniqueConflict","Output":"--- PASS: TestModelVendorInsertReselectsActiveRecordAfterUniqueConflict (0.00s)\n"}
{"Time":"2026-09-10T08:23:40.4478906-04:00","Action":"pass","Package":"github.com/QuantumNous/new-api/model","Test":"TestModelVendorInsertReselectsActiveRecordAfterUniqueConflict","Elapsed":0}
{"Time":"2026-09-10T08:23:40.4478906-04:00","Action":"run","Package":"github.com/QuantumNous/new-api/model","Test":"TestMigrateModelVendorActiveNamesBackfillsThenCreatesIndexes"}
{"Time":"2026-09-10T08:23:40.4478906-04:00","Action":"output","Package":"github.com/QuantumNous/new-api/model","Test":"TestMigrateModelVendorActiveNamesBackfillsThenCreatesIndexes","Output":"=== RUN   TestMigrateModelVendorActiveNamesBackfillsThenCreatesIndexes\n"}
{"Time":"2026-09-10T08:23:40.4490921-04:00","Action":"output","Package":"github.com/QuantumNous/new-api/model","Test":"TestMigrateModelVendorActiveNamesBackfillsThenCreatesIndexes","Output":"--- PASS: TestMigrateModelVendorActiveNamesBackfillsThenCreatesIndexes (0.00s)\n"}
{"Time":"2026-09-10T08:23:40.4490921-04:00","Action":"pass","Package":"github.com/QuantumNous/new-api/model","Test":"TestMigrateModelVendorActiveNamesBackfillsThenCreatesIndexes","Elapsed":0}
{"Time":"2026-09-10T08:23:40.4490921-04:00","Action":"run","Package":"github.com/QuantumNous/new-api/model","Test":"TestMigrateModelVendorActiveNamesAllowsMultipleSoftDeletedNames"}
{"Time":"2026-09-10T08:23:40.4490921-04:00","Action":"output","Package":"github.com/QuantumNous/new-api/model","Test":"TestMigrateModelVendorActiveNamesAllowsMultipleSoftDeletedNames","Output":"=== RUN   TestMigrateModelVendorActiveNamesAllowsMultipleSoftDeletedNames\n"}
{"Time":"2026-09-10T08:23:40.4502416-04:00","Action":"output","Package":"github.com/QuantumNous/new-api/model","Test":"TestMigrateModelVendorActiveNamesAllowsMultipleSoftDeletedNames","Output":"--- PASS: TestMigrateModelVendorActiveNamesAllowsMultipleSoftDeletedNames (0.00s)\n"}
{"Time":"2026-09-10T08:23:40.4508589-04:00","Action":"pass","Package":"github.com/QuantumNous/new-api/model","Test":"TestMigrateModelVendorActiveNamesAllowsMultipleSoftDeletedNames","Elapsed":0}
{"Time":"2026-09-10T08:23:40.4508589-04:00","Action":"run","Package":"github.com/QuantumNous/new-api/model","Test":"TestGetPreferredModelOwnerChannelTypes"}
{"Time":"2026-09-10T08:23:40.4508589-04:00","Action":"output","Package":"github.com/QuantumNous/new-api/model","Test":"TestGetPreferredModelOwnerChannelTypes","Output":"=== RUN   TestGetPreferredModelOwnerChannelTypes\n"}
{"Time":"2026-09-10T08:23:40.4508589-04:00","Action":"run","Package":"github.com/QuantumNous/new-api/model","Test":"TestGetPreferredModelOwnerChannelTypes/openai_only"}
{"Time":"2026-09-10T08:23:40.4508589-04:00","Action":"output","Package":"github.com/QuantumNous/new-api/model","Test":"TestGetPreferredModelOwnerChannelTypes/openai_only","Output":"=== RUN   TestGetPreferredModelOwnerChannelTypes/openai_only\n"}
{"Time":"2026-09-10T08:23:40.4508589-04:00","Action":"output","Package":"github.com/QuantumNous/new-api/model","Test":"TestGetPreferredModelOwnerChannelTypes/openai_only","Output":"--- PASS: TestGetPreferredModelOwnerChannelTypes/openai_only (0.00s)\n"}
{"Time":"2026-09-10T08:23:40.4508589-04:00","Action":"pass","Package":"github.com/QuantumNous/new-api/model","Test":"TestGetPreferredModelOwnerChannelTypes/openai_only","Elapsed":0}
{"Time":"2026-09-10T08:23:40.4508589-04:00","Action":"run","Package":"github.com/QuantumNous/new-api/model","Test":"TestGetPreferredModelOwnerChannelTypes/codex_only"}
{"Time":"2026-09-10T08:23:40.4508589-04:00","Action":"output","Package":"github.com/QuantumNous/new-api/model","Test":"TestGetPreferredModelOwnerChannelTypes/codex_only","Output":"=== RUN   TestGetPreferredModelOwnerChannelTypes/codex_only\n"}
{"Time":"2026-09-10T08:23:40.4508589-04:00","Action":"output","Package":"github.com/QuantumNous/new-api/model","Test":"TestGetPreferredModelOwnerChannelTypes/codex_only","Output":"--- PASS: TestGetPreferredModelOwnerChannelTypes/codex_only (0.00s)\n"}
{"Time":"2026-09-10T08:23:40.4508589-04:00","Action":"pass","Package":"github.com/QuantumNous/new-api/model","Test":"TestGetPreferredModelOwnerChannelTypes/codex_only","Elapsed":0}
{"Time":"2026-09-10T08:23:40.4508589-04:00","Action":"run","Package":"github.com/QuantumNous/new-api/model","Test":"TestGetPreferredModelOwnerChannelTypes/priority_wins"}
{"Time":"2026-09-10T08:23:40.4508589-04:00","Action":"output","Package":"github.com/QuantumNous/new-api/model","Test":"TestGetPreferredModelOwnerChannelTypes/priority_wins","Output":"=== RUN   TestGetPreferredModelOwnerChannelTypes/priority_wins\n"}
{"Time":"2026-09-10T08:23:40.451424-04:00","Action":"output","Package":"github.com/QuantumNous/new-api/model","Test":"TestGetPreferredModelOwnerChannelTypes/priority_wins","Output":"--- PASS: TestGetPreferredModelOwnerChannelTypes/priority_wins (0.00s)\n"}
{"Time":"2026-09-10T08:23:40.451424-04:00","Action":"pass","Package":"github.com/QuantumNous/new-api/model","Test":"TestGetPreferredModelOwnerChannelTypes/priority_wins","Elapsed":0}
{"Time":"2026-09-10T08:23:40.451424-04:00","Action":"run","Package":"github.com/QuantumNous/new-api/model","Test":"TestGetPreferredModelOwnerChannelTypes/weight_wins_when_priority_is_equal"}
{"Time":"2026-09-10T08:23:40.451424-04:00","Action":"output","Package":"github.com/QuantumNous/new-api/model","Test":"TestGetPreferredModelOwnerChannelTypes/weight_wins_when_priority_is_equal","Output":"=== RUN   TestGetPreferredModelOwnerChannelTypes/weight_wins_when_priority_is_equal\n"}
{"Time":"2026-09-10T08:23:40.451424-04:00","Action":"output","Package":"github.com/QuantumNous/new-api/model","Test":"TestGetPreferredModelOwnerChannelTypes/weight_wins_when_priority_is_equal","Output":"--- PASS: TestGetPreferredModelOwnerChannelTypes/weight_wins_when_priority_is_equal (0.00s)\n"}
{"Time":"2026-09-10T08:23:40.451424-04:00","Action":"pass","Package":"github.com/QuantumNous/new-api/model","Test":"TestGetPreferredModelOwnerChannelTypes/weight_wins_when_priority_is_equal","Elapsed":0}
{"Time":"2026-09-10T08:23:40.451424-04:00","Action":"run","Package":"github.com/QuantumNous/new-api/model","Test":"TestGetPreferredModelOwnerChannelTypes/channel_id_stabilizes_exact_ties"}
{"Time":"2026-09-10T08:23:40.451424-04:00","Action":"output","Package":"github.com/QuantumNous/new-api/model","Test":"TestGetPreferredModelOwnerChannelTypes/channel_id_stabilizes_exact_ties","Output":"=== RUN   TestGetPreferredModelOwnerChannelTypes/channel_id_stabilizes_exact_ties\n"}
{"Time":"2026-09-10T08:23:40.4519342-04:00","Action":"output","Package":"github.com/QuantumNous/new-api/model","Test":"TestGetPreferredModelOwnerChannelTypes/channel_id_stabilizes_exact_ties","Output":"--- PASS: TestGetPreferredModelOwnerChannelTypes/channel_id_stabilizes_exact_ties (0.00s)\n"}
{"Time":"2026-09-10T08:23:40.4519342-04:00","Action":"pass","Package":"github.com/QuantumNous/new-api/model","Test":"TestGetPreferredModelOwnerChannelTypes/channel_id_stabilizes_exact_ties","Elapsed":0}
{"Time":"2026-09-10T08:23:40.4519342-04:00","Action":"run","Package":"github.com/QuantumNous/new-api/model","Test":"TestGetPreferredModelOwnerChannelTypes/group_filter_excludes_other_groups"}
{"Time":"2026-09-10T08:23:40.4519342-04:00","Action":"output","Package":"github.com/QuantumNous/new-api/model","Test":"TestGetPreferredModelOwnerChannelTypes/group_filter_excludes_other_groups","Output":"=== RUN   TestGetPreferredModelOwnerChannelTypes/group_filter_excludes_other_groups\n"}
{"Time":"2026-09-10T08:23:40.4519342-04:00","Action":"output","Package":"github.com/QuantumNous/new-api/model","Test":"TestGetPreferredModelOwnerChannelTypes/group_filter_excludes_other_groups","Output":"--- PASS: TestGetPreferredModelOwnerChannelTypes/group_filter_excludes_other_groups (0.00s)\n"}
{"Time":"2026-09-10T08:23:40.4524624-04:00","Action":"pass","Package":"github.com/QuantumNous/new-api/model","Test":"TestGetPreferredModelOwnerChannelTypes/group_filter_excludes_other_groups","Elapsed":0}
{"Time":"2026-09-10T08:23:40.4524624-04:00","Action":"run","Package":"github.com/QuantumNous/new-api/model","Test":"TestGetPreferredModelOwnerChannelTypes/disabled_candidates_are_ignored"}
{"Time":"2026-09-10T08:23:40.4524624-04:00","Action":"output","Package":"github.com/QuantumNous/new-api/model","Test":"TestGetPreferredModelOwnerChannelTypes/disabled_candidates_are_ignored","Output":"=== RUN   TestGetPreferredModelOwnerChannelTypes/disabled_candidates_are_ignored\n"}
{"Time":"2026-09-10T08:23:40.452983-04:00","Action":"output","Package":"github.com/QuantumNous/new-api/model","Test":"TestGetPreferredModelOwnerChannelTypes/disabled_candidates_are_ignored","Output":"--- PASS: TestGetPreferredModelOwnerChannelTypes/disabled_candidates_are_ignored (0.00s)\n"}
{"Time":"2026-09-10T08:23:40.452983-04:00","Action":"pass","Package":"github.com/QuantumNous/new-api/model","Test":"TestGetPreferredModelOwnerChannelTypes/disabled_candidates_are_ignored","Elapsed":0}
{"Time":"2026-09-10T08:23:40.452983-04:00","Action":"output","Package":"github.com/QuantumNous/new-api/model","Test":"TestGetPreferredModelOwnerChannelTypes","Output":"--- PASS: TestGetPreferredModelOwnerChannelTypes (0.00s)\n"}
{"Time":"2026-09-10T08:23:40.452983-04:00","Action":"pass","Package":"github.com/QuantumNous/new-api/model","Test":"TestGetPreferredModelOwnerChannelTypes","Elapsed":0}
{"Time":"2026-09-10T08:23:40.452983-04:00","Action":"run","Package":"github.com/QuantumNous/new-api/model","Test":"TestNamedLeaseSingleOwner"}
{"Time":"2026-09-10T08:23:40.452983-04:00","Action":"output","Package":"github.com/QuantumNous/new-api/model","Test":"TestNamedLeaseSingleOwner","Output":"=== RUN   TestNamedLeaseSingleOwner\n"}
{"Time":"2026-09-10T08:23:40.452983-04:00","Action":"output","Package":"github.com/QuantumNous/new-api/model","Test":"TestNamedLeaseSingleOwner","Output":"--- PASS: TestNamedLeaseSingleOwner (0.00s)\n"}
{"Time":"2026-09-10T08:23:40.452983-04:00","Action":"pass","Package":"github.com/QuantumNous/new-api/model","Test":"TestNamedLeaseSingleOwner","Elapsed":0}
{"Time":"2026-09-10T08:23:40.452983-04:00","Action":"run","Package":"github.com/QuantumNous/new-api/model","Test":"TestNamedLeaseConcurrentAcquireHasOneWinner"}
{"Time":"2026-09-10T08:23:40.452983-04:00","Action":"output","Package":"github.com/QuantumNous/new-api/model","Test":"TestNamedLeaseConcurrentAcquireHasOneWinner","Output":"=== RUN   TestNamedLeaseConcurrentAcquireHasOneWinner\n"}
{"Time":"2026-09-10T08:23:40.4540255-04:00","Action":"output","Package":"github.com/QuantumNous/new-api/model","Test":"TestNamedLeaseConcurrentAcquireHasOneWinner","Output":"--- PASS: TestNamedLeaseConcurrentAcquireHasOneWinner (0.00s)\n"}
{"Time":"2026-09-10T08:23:40.4540255-04:00","Action":"pass","Package":"github.com/QuantumNous/new-api/model","Test":"TestNamedLeaseConcurrentAcquireHasOneWinner","Elapsed":0}
{"Time":"2026-09-10T08:23:40.4540255-04:00","Action":"run","Package":"github.com/QuantumNous/new-api/model","Test":"TestNamedLeaseExpiredTakeoverRejectsOldHolder"}
{"Time":"2026-09-10T08:23:40.4540255-04:00","Action":"output","Package":"github.com/QuantumNous/new-api/model","Test":"TestNamedLeaseExpiredTakeoverRejectsOldHolder","Output":"=== RUN   TestNamedLeaseExpiredTakeoverRejectsOldHolder\n"}
{"Time":"2026-09-10T08:23:40.4545371-04:00","Action":"output","Package":"github.com/QuantumNous/new-api/model","Test":"TestNamedLeaseExpiredTakeoverRejectsOldHolder","Output":"--- PASS: TestNamedLeaseExpiredTakeoverRejectsOldHolder (0.00s)\n"}
{"Time":"2026-09-10T08:23:40.4545371-04:00","Action":"pass","Package":"github.com/QuantumNous/new-api/model","Test":"TestNamedLeaseExpiredTakeoverRejectsOldHolder","Elapsed":0}
{"Time":"2026-09-10T08:23:40.4545371-04:00","Action":"run","Package":"github.com/QuantumNous/new-api/model","Test":"TestNamedLeaseTransactionRollback"}
{"Time":"2026-09-10T08:23:40.4545371-04:00","Action":"output","Package":"github.com/QuantumNous/new-api/model","Test":"TestNamedLeaseTransactionRollback","Output":"=== RUN   TestNamedLeaseTransactionRollback\n"}
{"Time":"2026-09-10T08:23:40.4545371-04:00","Action":"output","Package":"github.com/QuantumNous/new-api/model","Test":"TestNamedLeaseTransactionRollback","Output":"--- PASS: TestNamedLeaseTransactionRollback (0.00s)\n"}
{"Time":"2026-09-10T08:23:40.4545371-04:00","Action":"pass","Package":"github.com/QuantumNous/new-api/model","Test":"TestNamedLeaseTransactionRollback","Elapsed":0}
{"Time":"2026-09-10T08:23:40.4545371-04:00","Action":"run","Package":"github.com/QuantumNous/new-api/model","Test":"TestNamedLeaseDatabaseErrorsAreNotBusy"}
{"Time":"2026-09-10T08:23:40.4545371-04:00","Action":"output","Package":"github.com/QuantumNous/new-api/model","Test":"TestNamedLeaseDatabaseErrorsAreNotBusy","Output":"=== RUN   TestNamedLeaseDatabaseErrorsAreNotBusy\n"}
{"Time":"2026-09-10T08:23:40.4545371-04:00","Action":"output","Package":"github.com/QuantumNous/new-api/model","Test":"TestNamedLeaseDatabaseErrorsAreNotBusy","Output":"--- PASS: TestNamedLeaseDatabaseErrorsAreNotBusy (0.00s)\n"}
{"Time":"2026-09-10T08:23:40.4550717-04:00","Action":"pass","Package":"github.com/QuantumNous/new-api/model","Test":"TestNamedLeaseDatabaseErrorsAreNotBusy","Elapsed":0}
{"Time":"2026-09-10T08:23:40.4550717-04:00","Action":"run","Package":"github.com/QuantumNous/new-api/model","Test":"TestGetNamedLeaseExpirySemantics"}
{"Time":"2026-09-10T08:23:40.4550717-04:00","Action":"output","Package":"github.com/QuantumNous/new-api/model","Test":"TestGetNamedLeaseExpirySemantics","Output":"=== RUN   TestGetNamedLeaseExpirySemantics\n"}
{"Time":"2026-09-10T08:23:40.4550717-04:00","Action":"output","Package":"github.com/QuantumNous/new-api/model","Test":"TestGetNamedLeaseExpirySemantics","Output":"\r\n"}
{"Time":"2026-09-10T08:23:40.4550717-04:00","Action":"output","Package":"github.com/QuantumNous/new-api/model","Test":"TestGetNamedLeaseExpirySemantics","Output":"2026/09/10 08:23:40 \u001b[31;1mD:/10178/Projects/new-api-upstream-sync/model/named_lease.go:28 \u001b[35;1mrecord not found\n"}
{"Time":"2026-09-10T08:23:40.4550717-04:00","Action":"output","Package":"github.com/QuantumNous/new-api/model","Test":"TestGetNamedLeaseExpirySemantics","Output":"\u001b[0m\u001b[33m[0.000ms] \u001b[34;1m[rows:0]\u001b[0m SELECT * FROM `named_leases` WHERE name = \"missing\" ORDER BY `named_leases`.`name` LIMIT 1\n"}
{"Time":"2026-09-10T08:23:40.4550717-04:00","Action":"output","Package":"github.com/QuantumNous/new-api/model","Test":"TestGetNamedLeaseExpirySemantics","Output":"--- PASS: TestGetNamedLeaseExpirySemantics (0.00s)\n"}
{"Time":"2026-09-10T08:23:40.4550717-04:00","Action":"pass","Package":"github.com/QuantumNous/new-api/model","Test":"TestGetNamedLeaseExpirySemantics","Elapsed":0}
{"Time":"2026-09-10T08:23:40.4550717-04:00","Action":"run","Package":"github.com/QuantumNous/new-api/model","Test":"TestUpdateOptionAutoBanConfigValidatesBeforePersisting"}
{"Time":"2026-09-10T08:23:40.4550717-04:00","Action":"output","Package":"github.com/QuantumNous/new-api/model","Test":"TestUpdateOptionAutoBanConfigValidatesBeforePersisting","Output":"=== RUN   TestUpdateOptionAutoBanConfigValidatesBeforePersisting\n"}
{"Time":"2026-09-10T08:23:40.4555945-04:00","Action":"output","Package":"github.com/QuantumNous/new-api/model","Test":"TestUpdateOptionAutoBanConfigValidatesBeforePersisting","Output":"--- PASS: TestUpdateOptionAutoBanConfigValidatesBeforePersisting (0.00s)\n"}
{"Time":"2026-09-10T08:23:40.4555945-04:00","Action":"pass","Package":"github.com/QuantumNous/new-api/model","Test":"TestUpdateOptionAutoBanConfigValidatesBeforePersisting","Elapsed":0}
{"Time":"2026-09-10T08:23:40.4555945-04:00","Action":"run","Package":"github.com/QuantumNous/new-api/model","Test":"TestUpdateChannelTestOptionsValidatesAndHotUpdates"}
{"Time":"2026-09-10T08:23:40.4555945-04:00","Action":"output","Package":"github.com/QuantumNous/new-api/model","Test":"TestUpdateChannelTestOptionsValidatesAndHotUpdates","Output":"=== RUN   TestUpdateChannelTestOptionsValidatesAndHotUpdates\n"}
{"Time":"2026-09-10T08:23:40.4561231-04:00","Action":"output","Package":"github.com/QuantumNous/new-api/model","Test":"TestUpdateChannelTestOptionsValidatesAndHotUpdates","Output":"--- PASS: TestUpdateChannelTestOptionsValidatesAndHotUpdates (0.00s)\n"}
{"Time":"2026-09-10T08:23:40.4561231-04:00","Action":"pass","Package":"github.com/QuantumNous/new-api/model","Test":"TestUpdateChannelTestOptionsValidatesAndHotUpdates","Elapsed":0}
{"Time":"2026-09-10T08:23:40.4561231-04:00","Action":"run","Package":"github.com/QuantumNous/new-api/model","Test":"TestUpdateOptionLoginProxyURLPersistsCanonicalValueAndHotUpdates"}
{"Time":"2026-09-10T08:23:40.4561231-04:00","Action":"output","Package":"github.com/QuantumNous/new-api/model","Test":"TestUpdateOptionLoginProxyURLPersistsCanonicalValueAndHotUpdates","Output":"=== RUN   TestUpdateOptionLoginProxyURLPersistsCanonicalValueAndHotUpdates\n"}
{"Time":"2026-09-10T08:23:40.4566677-04:00","Action":"output","Package":"github.com/QuantumNous/new-api/model","Test":"TestUpdateOptionLoginProxyURLPersistsCanonicalValueAndHotUpdates","Output":"--- PASS: TestUpdateOptionLoginProxyURLPersistsCanonicalValueAndHotUpdates (0.00s)\n"}
{"Time":"2026-09-10T08:23:40.4566677-04:00","Action":"pass","Package":"github.com/QuantumNous/new-api/model","Test":"TestUpdateOptionLoginProxyURLPersistsCanonicalValueAndHotUpdates","Elapsed":0}
{"Time":"2026-09-10T08:23:40.4566677-04:00","Action":"run","Package":"github.com/QuantumNous/new-api/model","Test":"TestRegistrationCodeRequiredQuotesMySQLKeyColumn"}
{"Time":"2026-09-10T08:23:40.4566677-04:00","Action":"output","Package":"github.com/QuantumNous/new-api/model","Test":"TestRegistrationCodeRequiredQuotesMySQLKeyColumn","Output":"=== RUN   TestRegistrationCodeRequiredQuotesMySQLKeyColumn\n"}
{"Time":"2026-09-10T08:23:40.4566677-04:00","Action":"output","Package":"github.com/QuantumNous/new-api/model","Test":"TestRegistrationCodeRequiredQuotesMySQLKeyColumn","Output":"--- PASS: TestRegistrationCodeRequiredQuotesMySQLKeyColumn (0.00s)\n"}
{"Time":"2026-09-10T08:23:40.4566677-04:00","Action":"pass","Package":"github.com/QuantumNous/new-api/model","Test":"TestRegistrationCodeRequiredQuotesMySQLKeyColumn","Elapsed":0}
{"Time":"2026-09-10T08:23:40.4566677-04:00","Action":"run","Package":"github.com/QuantumNous/new-api/model","Test":"TestUpdateOptionRelayUserAgentBlacklistValidatesBeforePersisting"}
{"Time":"2026-09-10T08:23:40.4566677-04:00","Action":"output","Package":"github.com/QuantumNous/new-api/model","Test":"TestUpdateOptionRelayUserAgentBlacklistValidatesBeforePersisting","Output":"=== RUN   TestUpdateOptionRelayUserAgentBlacklistValidatesBeforePersisting\n"}
{"Time":"2026-09-10T08:23:40.4566677-04:00","Action":"output","Package":"github.com/QuantumNous/new-api/model","Test":"TestUpdateOptionRelayUserAgentBlacklistValidatesBeforePersisting","Output":"--- PASS: TestUpdateOptionRelayUserAgentBlacklistValidatesBeforePersisting (0.00s)\n"}
{"Time":"2026-09-10T08:23:40.4566677-04:00","Action":"pass","Package":"github.com/QuantumNous/new-api/model","Test":"TestUpdateOptionRelayUserAgentBlacklistValidatesBeforePersisting","Elapsed":0}
{"Time":"2026-09-10T08:23:40.4566677-04:00","Action":"run","Package":"github.com/QuantumNous/new-api/model","Test":"TestRequestDebugRawOptionFailsClosedAndUpdatesRuntime"}
{"Time":"2026-09-10T08:23:40.4566677-04:00","Action":"output","Package":"github.com/QuantumNous/new-api/model","Test":"TestRequestDebugRawOptionFailsClosedAndUpdatesRuntime","Output":"=== RUN   TestRequestDebugRawOptionFailsClosedAndUpdatesRuntime\n"}
{"Time":"2026-09-10T08:23:40.4566677-04:00","Action":"output","Package":"github.com/QuantumNous/new-api/model","Test":"TestRequestDebugRawOptionFailsClosedAndUpdatesRuntime","Output":"--- PASS: TestRequestDebugRawOptionFailsClosedAndUpdatesRuntime (0.00s)\n"}
{"Time":"2026-09-10T08:23:40.4566677-04:00","Action":"pass","Package":"github.com/QuantumNous/new-api/model","Test":"TestRequestDebugRawOptionFailsClosedAndUpdatesRuntime","Elapsed":0}
{"Time":"2026-09-10T08:23:40.4566677-04:00","Action":"run","Package":"github.com/QuantumNous/new-api/model","Test":"TestUpdateOptionUpstreamInterceptionValidatesBeforePersisting"}
{"Time":"2026-09-10T08:23:40.4566677-04:00","Action":"output","Package":"github.com/QuantumNous/new-api/model","Test":"TestUpdateOptionUpstreamInterceptionValidatesBeforePersisting","Output":"=== RUN   TestUpdateOptionUpstreamInterceptionValidatesBeforePersisting\n"}
{"Time":"2026-09-10T08:23:40.4571921-04:00","Action":"output","Package":"github.com/QuantumNous/new-api/model","Test":"TestUpdateOptionUpstreamInterceptionValidatesBeforePersisting","Output":"--- PASS: TestUpdateOptionUpstreamInterceptionValidatesBeforePersisting (0.00s)\n"}
{"Time":"2026-09-10T08:23:40.4571921-04:00","Action":"pass","Package":"github.com/QuantumNous/new-api/model","Test":"TestUpdateOptionUpstreamInterceptionValidatesBeforePersisting","Elapsed":0}
{"Time":"2026-09-10T08:23:40.4571921-04:00","Action":"run","Package":"github.com/QuantumNous/new-api/model","Test":"TestUserRequestRateLimitOptionsPersistAndUpdateRuntime"}
{"Time":"2026-09-10T08:23:40.4571921-04:00","Action":"output","Package":"github.com/QuantumNous/new-api/model","Test":"TestUserRequestRateLimitOptionsPersistAndUpdateRuntime","Output":"=== RUN   TestUserRequestRateLimitOptionsPersistAndUpdateRuntime\n"}
{"Time":"2026-09-10T08:23:40.4577142-04:00","Action":"output","Package":"github.com/QuantumNous/new-api/model","Test":"TestUserRequestRateLimitOptionsPersistAndUpdateRuntime","Output":"--- PASS: TestUserRequestRateLimitOptionsPersistAndUpdateRuntime (0.00s)\n"}
{"Time":"2026-09-10T08:23:40.4577142-04:00","Action":"pass","Package":"github.com/QuantumNous/new-api/model","Test":"TestUserRequestRateLimitOptionsPersistAndUpdateRuntime","Elapsed":0}
{"Time":"2026-09-10T08:23:40.4577142-04:00","Action":"run","Package":"github.com/QuantumNous/new-api/model","Test":"TestMigratePasskeyCredentialIndexesPreservesLegacyDataAndAllowsMultipleDevices"}
{"Time":"2026-09-10T08:23:40.4577142-04:00","Action":"output","Package":"github.com/QuantumNous/new-api/model","Test":"TestMigratePasskeyCredentialIndexesPreservesLegacyDataAndAllowsMultipleDevices","Output":"=== RUN   TestMigratePasskeyCredentialIndexesPreservesLegacyDataAndAllowsMultipleDevices\n"}
{"Time":"2026-09-10T08:23:40.4592746-04:00","Action":"output","Package":"github.com/QuantumNous/new-api/model","Test":"TestMigratePasskeyCredentialIndexesPreservesLegacyDataAndAllowsMultipleDevices","Output":"\r\n"}
{"Time":"2026-09-10T08:23:40.4592746-04:00","Action":"output","Package":"github.com/QuantumNous/new-api/model","Test":"TestMigratePasskeyCredentialIndexesPreservesLegacyDataAndAllowsMultipleDevices","Output":"2026/09/10 08:23:40 \u001b[32mC:/Users/10178/go/pkg/mod/github.com/glebarez/sqlite@v1.11.0/migrator.go:342\n"}
{"Time":"2026-09-10T08:23:40.4592746-04:00","Action":"output","Package":"github.com/QuantumNous/new-api/model","Test":"TestMigratePasskeyCredentialIndexesPreservesLegacyDataAndAllowsMultipleDevices","Output":"\u001b[0m\u001b[33m[0.517ms] \u001b[34;1m[rows:3]\u001b[0m SELECT * FROM PRAGMA_index_list(\"passkey_credentials\")\n"}
{"Time":"2026-09-10T08:23:40.4592746-04:00","Action":"output","Package":"github.com/QuantumNous/new-api/model","Test":"TestMigratePasskeyCredentialIndexesPreservesLegacyDataAndAllowsMultipleDevices","Output":"\r\n"}
{"Time":"2026-09-10T08:23:40.4592746-04:00","Action":"output","Package":"github.com/QuantumNous/new-api/model","Test":"TestMigratePasskeyCredentialIndexesPreservesLegacyDataAndAllowsMultipleDevices","Output":"2026/09/10 08:23:40 \u001b[32mC:/Users/10178/go/pkg/mod/github.com/glebarez/sqlite@v1.11.0/migrator.go:342\n"}
{"Time":"2026-09-10T08:23:40.4592746-04:00","Action":"output","Package":"github.com/QuantumNous/new-api/model","Test":"TestMigratePasskeyCredentialIndexesPreservesLegacyDataAndAllowsMultipleDevices","Output":"\u001b[0m\u001b[33m[0.000ms] \u001b[34;1m[rows:2]\u001b[0m SELECT * FROM PRAGMA_index_list(\"passkey_credentials\")\n"}
{"Time":"2026-09-10T08:23:40.4592746-04:00","Action":"output","Package":"github.com/QuantumNous/new-api/model","Test":"TestMigratePasskeyCredentialIndexesPreservesLegacyDataAndAllowsMultipleDevices","Output":"--- PASS: TestMigratePasskeyCredentialIndexesPreservesLegacyDataAndAllowsMultipleDevices (0.00s)\n"}
{"Time":"2026-09-10T08:23:40.4597987-04:00","Action":"pass","Package":"github.com/QuantumNous/new-api/model","Test":"TestMigratePasskeyCredentialIndexesPreservesLegacyDataAndAllowsMultipleDevices","Elapsed":0}
{"Time":"2026-09-10T08:23:40.4597987-04:00","Action":"run","Package":"github.com/QuantumNous/new-api/model","Test":"TestRechargeWaffoPancake_RejectsMismatchedPaymentMethod"}
{"Time":"2026-09-10T08:23:40.4597987-04:00","Action":"output","Package":"github.com/QuantumNous/new-api/model","Test":"TestRechargeWaffoPancake_RejectsMismatchedPaymentMethod","Output":"=== RUN   TestRechargeWaffoPancake_RejectsMismatchedPaymentMethod\n"}
{"Time":"2026-09-10T08:23:40.4597987-04:00","Action":"output","Package":"github.com/QuantumNous/new-api/model","Test":"TestRechargeWaffoPancake_RejectsMismatchedPaymentMethod","Output":"[SYS] 2026/09/10 - 08:23:40 | waffo pancake topup failed: payment method mismatch \n"}
{"Time":"2026-09-10T08:23:40.4603272-04:00","Action":"output","Package":"github.com/QuantumNous/new-api/model","Test":"TestRechargeWaffoPancake_RejectsMismatchedPaymentMethod","Output":"--- PASS: TestRechargeWaffoPancake_RejectsMismatchedPaymentMethod (0.00s)\n"}
{"Time":"2026-09-10T08:23:40.4603272-04:00","Action":"pass","Package":"github.com/QuantumNous/new-api/model","Test":"TestRechargeWaffoPancake_RejectsMismatchedPaymentMethod","Elapsed":0}
{"Time":"2026-09-10T08:23:40.4603272-04:00","Action":"run","Package":"github.com/QuantumNous/new-api/model","Test":"TestUpdatePendingTopUpStatus_RejectsMismatchedPaymentProvider"}
{"Time":"2026-09-10T08:23:40.4603272-04:00","Action":"output","Package":"github.com/QuantumNous/new-api/model","Test":"TestUpdatePendingTopUpStatus_RejectsMismatchedPaymentProvider","Output":"=== RUN   TestUpdatePendingTopUpStatus_RejectsMismatchedPaymentProvider\n"}
{"Time":"2026-09-10T08:23:40.4603272-04:00","Action":"run","Package":"github.com/QuantumNous/new-api/model","Test":"TestUpdatePendingTopUpStatus_RejectsMismatchedPaymentProvider/stripe_expire"}
{"Time":"2026-09-10T08:23:40.4603272-04:00","Action":"output","Package":"github.com/QuantumNous/new-api/model","Test":"TestUpdatePendingTopUpStatus_RejectsMismatchedPaymentProvider/stripe_expire","Output":"=== RUN   TestUpdatePendingTopUpStatus_RejectsMismatchedPaymentProvider/stripe_expire\n"}
{"Time":"2026-09-10T08:23:40.4608497-04:00","Action":"output","Package":"github.com/QuantumNous/new-api/model","Test":"TestUpdatePendingTopUpStatus_RejectsMismatchedPaymentProvider/stripe_expire","Output":"--- PASS: TestUpdatePendingTopUpStatus_RejectsMismatchedPaymentProvider/stripe_expire (0.00s)\n"}
{"Time":"2026-09-10T08:23:40.4608497-04:00","Action":"pass","Package":"github.com/QuantumNous/new-api/model","Test":"TestUpdatePendingTopUpStatus_RejectsMismatchedPaymentProvider/stripe_expire","Elapsed":0}
{"Time":"2026-09-10T08:23:40.4608497-04:00","Action":"run","Package":"github.com/QuantumNous/new-api/model","Test":"TestUpdatePendingTopUpStatus_RejectsMismatchedPaymentProvider/waffo_failed"}
{"Time":"2026-09-10T08:23:40.4608497-04:00","Action":"output","Package":"github.com/QuantumNous/new-api/model","Test":"TestUpdatePendingTopUpStatus_RejectsMismatchedPaymentProvider/waffo_failed","Output":"=== RUN   TestUpdatePendingTopUpStatus_RejectsMismatchedPaymentProvider/waffo_failed\n"}
{"Time":"2026-09-10T08:23:40.4613692-04:00","Action":"output","Package":"github.com/QuantumNous/new-api/model","Test":"TestUpdatePendingTopUpStatus_RejectsMismatchedPaymentProvider/waffo_failed","Output":"--- PASS: TestUpdatePendingTopUpStatus_RejectsMismatchedPaymentProvider/waffo_failed (0.00s)\n"}
{"Time":"2026-09-10T08:23:40.4613692-04:00","Action":"pass","Package":"github.com/QuantumNous/new-api/model","Test":"TestUpdatePendingTopUpStatus_RejectsMismatchedPaymentProvider/waffo_failed","Elapsed":0}
{"Time":"2026-09-10T08:23:40.4613692-04:00","Action":"output","Package":"github.com/QuantumNous/new-api/model","Test":"TestUpdatePendingTopUpStatus_RejectsMismatchedPaymentProvider","Output":"--- PASS: TestUpdatePendingTopUpStatus_RejectsMismatchedPaymentProvider (0.00s)\n"}
{"Time":"2026-09-10T08:23:40.4613692-04:00","Action":"pass","Package":"github.com/QuantumNous/new-api/model","Test":"TestUpdatePendingTopUpStatus_RejectsMismatchedPaymentProvider","Elapsed":0}
{"Time":"2026-09-10T08:23:40.4613692-04:00","Action":"run","Package":"github.com/QuantumNous/new-api/model","Test":"TestCompleteSubscriptionOrder_RejectsMismatchedPaymentProvider"}
{"Time":"2026-09-10T08:23:40.4613692-04:00","Action":"output","Package":"github.com/QuantumNous/new-api/model","Test":"TestCompleteSubscriptionOrder_RejectsMismatchedPaymentProvider","Output":"=== RUN   TestCompleteSubscriptionOrder_RejectsMismatchedPaymentProvider\n"}
{"Time":"2026-09-10T08:23:40.4618866-04:00","Action":"output","Package":"github.com/QuantumNous/new-api/model","Test":"TestCompleteSubscriptionOrder_RejectsMismatchedPaymentProvider","Output":"\r\n"}
{"Time":"2026-09-10T08:23:40.4618866-04:00","Action":"output","Package":"github.com/QuantumNous/new-api/model","Test":"TestCompleteSubscriptionOrder_RejectsMismatchedPaymentProvider","Output":"2026/09/10 08:23:40 \u001b[31;1mD:/10178/Projects/new-api-upstream-sync/model/topup.go:75 \u001b[35;1mrecord not found\n"}
{"Time":"2026-09-10T08:23:40.4618866-04:00","Action":"output","Package":"github.com/QuantumNous/new-api/model","Test":"TestCompleteSubscriptionOrder_RejectsMismatchedPaymentProvider","Output":"\u001b[0m\u001b[33m[0.000ms] \u001b[34;1m[rows:0]\u001b[0m SELECT * FROM `top_ups` WHERE trade_no = \"sub-guard-order\" ORDER BY `top_ups`.`id` LIMIT 1\n"}
{"Time":"2026-09-10T08:23:40.4624122-04:00","Action":"output","Package":"github.com/QuantumNous/new-api/model","Test":"TestCompleteSubscriptionOrder_RejectsMismatchedPaymentProvider","Output":"--- PASS: TestCompleteSubscriptionOrder_RejectsMismatchedPaymentProvider (0.00s)\n"}
{"Time":"2026-09-10T08:23:40.4624122-04:00","Action":"pass","Package":"github.com/QuantumNous/new-api/model","Test":"TestCompleteSubscriptionOrder_RejectsMismatchedPaymentProvider","Elapsed":0}
{"Time":"2026-09-10T08:23:40.4624122-04:00","Action":"run","Package":"github.com/QuantumNous/new-api/model","Test":"TestExpireSubscriptionOrder_RejectsMismatchedPaymentProvider"}
{"Time":"2026-09-10T08:23:40.4624122-04:00","Action":"output","Package":"github.com/QuantumNous/new-api/model","Test":"TestExpireSubscriptionOrder_RejectsMismatchedPaymentProvider","Output":"=== RUN   TestExpireSubscriptionOrder_RejectsMismatchedPaymentProvider\n"}
{"Time":"2026-09-10T08:23:40.4629372-04:00","Action":"output","Package":"github.com/QuantumNous/new-api/model","Test":"TestExpireSubscriptionOrder_RejectsMismatchedPaymentProvider","Output":"--- PASS: TestExpireSubscriptionOrder_RejectsMismatchedPaymentProvider (0.00s)\n"}
{"Time":"2026-09-10T08:23:40.4629372-04:00","Action":"pass","Package":"github.com/QuantumNous/new-api/model","Test":"TestExpireSubscriptionOrder_RejectsMismatchedPaymentProvider","Elapsed":0}
{"Time":"2026-09-10T08:23:40.4629372-04:00","Action":"run","Package":"github.com/QuantumNous/new-api/model","Test":"TestMigratePrefillGroupUniquenessSQLite"}
{"Time":"2026-09-10T08:23:40.4629372-04:00","Action":"output","Package":"github.com/QuantumNous/new-api/model","Test":"TestMigratePrefillGroupUniquenessSQLite","Output":"=== RUN   TestMigratePrefillGroupUniquenessSQLite\n"}
{"Time":"2026-09-10T08:23:40.4639811-04:00","Action":"output","Package":"github.com/QuantumNous/new-api/model","Test":"TestMigratePrefillGroupUniquenessSQLite","Output":"--- PASS: TestMigratePrefillGroupUniquenessSQLite (0.00s)\n"}
{"Time":"2026-09-10T08:23:40.4639811-04:00","Action":"pass","Package":"github.com/QuantumNous/new-api/model","Test":"TestMigratePrefillGroupUniquenessSQLite","Elapsed":0}
{"Time":"2026-09-10T08:23:40.4639811-04:00","Action":"run","Package":"github.com/QuantumNous/new-api/model","Test":"TestMigratePrefillGroupUniquenessMySQL"}
{"Time":"2026-09-10T08:23:40.4639811-04:00","Action":"output","Package":"github.com/QuantumNous/new-api/model","Test":"TestMigratePrefillGroupUniquenessMySQL","Output":"=== RUN   TestMigratePrefillGroupUniquenessMySQL\n"}
{"Time":"2026-09-10T08:23:42.4176853-04:00","Action":"output","Package":"github.com/QuantumNous/new-api/model","Test":"TestMigratePrefillGroupUniquenessMySQL","Output":"--- PASS: TestMigratePrefillGroupUniquenessMySQL (1.95s)\n"}
{"Time":"2026-09-10T08:23:42.4176853-04:00","Action":"pass","Package":"github.com/QuantumNous/new-api/model","Test":"TestMigratePrefillGroupUniquenessMySQL","Elapsed":1.95}
{"Time":"2026-09-10T08:23:42.4176853-04:00","Action":"run","Package":"github.com/QuantumNous/new-api/model","Test":"TestMigratePrefillGroupUniquenessPostgreSQL"}
{"Time":"2026-09-10T08:23:42.4176853-04:00","Action":"output","Package":"github.com/QuantumNous/new-api/model","Test":"TestMigratePrefillGroupUniquenessPostgreSQL","Output":"=== RUN   TestMigratePrefillGroupUniquenessPostgreSQL\n"}
{"Time":"2026-09-10T08:23:42.4224202-04:00","Action":"run","Package":"github.com/QuantumNous/new-api/model","Test":"TestMigratePrefillGroupUniquenessPostgreSQL/fresh"}
{"Time":"2026-09-10T08:23:42.4224202-04:00","Action":"output","Package":"github.com/QuantumNous/new-api/model","Test":"TestMigratePrefillGroupUniquenessPostgreSQL/fresh","Output":"=== RUN   TestMigratePrefillGroupUniquenessPostgreSQL/fresh\n"}
{"Time":"2026-09-10T08:23:42.4968542-04:00","Action":"output","Package":"github.com/QuantumNous/new-api/model","Test":"TestMigratePrefillGroupUniquenessPostgreSQL/fresh","Output":"\r\n"}
{"Time":"2026-09-10T08:23:42.4968542-04:00","Action":"output","Package":"github.com/QuantumNous/new-api/model","Test":"TestMigratePrefillGroupUniquenessPostgreSQL/fresh","Output":"2026/09/10 08:23:42 \u001b[31;1mD:/10178/Projects/new-api-upstream-sync/model/prefill_group_migration_test.go:283 \u001b[35;1mERROR: duplicate key value violates unique constraint \"uk_prefill_name\" (SQLSTATE 23505)\n"}
{"Time":"2026-09-10T08:23:42.4968542-04:00","Action":"output","Package":"github.com/QuantumNous/new-api/model","Test":"TestMigratePrefillGroupUniquenessPostgreSQL/fresh","Output":"\u001b[0m\u001b[33m[1.179ms] \u001b[34;1m[rows:0]\u001b[0m INSERT INTO \"prefill_groups\" (\"name\",\"type\",\"items\",\"description\",\"created_time\",\"updated_time\",\"deleted_at\") VALUES ('shared-name','model','[]','',0,0,NULL) RETURNING \"id\"\n"}
{"Time":"2026-09-10T08:23:42.5000147-04:00","Action":"output","Package":"github.com/QuantumNous/new-api/model","Test":"TestMigratePrefillGroupUniquenessPostgreSQL/fresh","Output":"--- PASS: TestMigratePrefillGroupUniquenessPostgreSQL/fresh (0.08s)\n"}
{"Time":"2026-09-10T08:23:42.5000147-04:00","Action":"pass","Package":"github.com/QuantumNous/new-api/model","Test":"TestMigratePrefillGroupUniquenessPostgreSQL/fresh","Elapsed":0.08}
{"Time":"2026-09-10T08:23:42.5000147-04:00","Action":"run","Package":"github.com/QuantumNous/new-api/model","Test":"TestMigratePrefillGroupUniquenessPostgreSQL/legacy_constraint"}
{"Time":"2026-09-10T08:23:42.5000147-04:00","Action":"output","Package":"github.com/QuantumNous/new-api/model","Test":"TestMigratePrefillGroupUniquenessPostgreSQL/legacy_constraint","Output":"=== RUN   TestMigratePrefillGroupUniquenessPostgreSQL/legacy_constraint\n"}
{"Time":"2026-09-10T08:23:42.5779089-04:00","Action":"output","Package":"github.com/QuantumNous/new-api/model","Test":"TestMigratePrefillGroupUniquenessPostgreSQL/legacy_constraint","Output":"\r\n"}
{"Time":"2026-09-10T08:23:42.5779089-04:00","Action":"output","Package":"github.com/QuantumNous/new-api/model","Test":"TestMigratePrefillGroupUniquenessPostgreSQL/legacy_constraint","Output":"2026/09/10 08:23:42 \u001b[31;1mD:/10178/Projects/new-api-upstream-sync/model/prefill_group_migration_test.go:283 \u001b[35;1mERROR: duplicate key value violates unique constraint \"uk_prefill_name\" (SQLSTATE 23505)\n"}
{"Time":"2026-09-10T08:23:42.5779089-04:00","Action":"output","Package":"github.com/QuantumNous/new-api/model","Test":"TestMigratePrefillGroupUniquenessPostgreSQL/legacy_constraint","Output":"\u001b[0m\u001b[33m[1.213ms] \u001b[34;1m[rows:0]\u001b[0m INSERT INTO \"prefill_groups\" (\"name\",\"type\",\"items\",\"description\",\"created_time\",\"updated_time\",\"deleted_at\") VALUES ('shared-name','model','[]','',0,0,NULL) RETURNING \"id\"\n"}
{"Time":"2026-09-10T08:23:42.5805337-04:00","Action":"output","Package":"github.com/QuantumNous/new-api/model","Test":"TestMigratePrefillGroupUniquenessPostgreSQL/legacy_constraint","Output":"--- PASS: TestMigratePrefillGroupUniquenessPostgreSQL/legacy_constraint (0.08s)\n"}
{"Time":"2026-09-10T08:23:42.5805337-04:00","Action":"pass","Package":"github.com/QuantumNous/new-api/model","Test":"TestMigratePrefillGroupUniquenessPostgreSQL/legacy_constraint","Elapsed":0.08}
{"Time":"2026-09-10T08:23:42.5805337-04:00","Action":"run","Package":"github.com/QuantumNous/new-api/model","Test":"TestMigratePrefillGroupUniquenessPostgreSQL/legacy_standalone_index"}
{"Time":"2026-09-10T08:23:42.5805337-04:00","Action":"output","Package":"github.com/QuantumNous/new-api/model","Test":"TestMigratePrefillGroupUniquenessPostgreSQL/legacy_standalone_index","Output":"=== RUN   TestMigratePrefillGroupUniquenessPostgreSQL/legacy_standalone_index\n"}
{"Time":"2026-09-10T08:23:42.661353-04:00","Action":"output","Package":"github.com/QuantumNous/new-api/model","Test":"TestMigratePrefillGroupUniquenessPostgreSQL/legacy_standalone_index","Output":"\r\n"}
{"Time":"2026-09-10T08:23:42.661353-04:00","Action":"output","Package":"github.com/QuantumNous/new-api/model","Test":"TestMigratePrefillGroupUniquenessPostgreSQL/legacy_standalone_index","Output":"2026/09/10 08:23:42 \u001b[31;1mD:/10178/Projects/new-api-upstream-sync/model/prefill_group_migration_test.go:283 \u001b[35;1mERROR: duplicate key value violates unique constraint \"uk_prefill_name\" (SQLSTATE 23505)\n"}
{"Time":"2026-09-10T08:23:42.661353-04:00","Action":"output","Package":"github.com/QuantumNous/new-api/model","Test":"TestMigratePrefillGroupUniquenessPostgreSQL/legacy_standalone_index","Output":"\u001b[0m\u001b[33m[1.202ms] \u001b[34;1m[rows:0]\u001b[0m INSERT INTO \"prefill_groups\" (\"name\",\"type\",\"items\",\"description\",\"created_time\",\"updated_time\",\"deleted_at\") VALUES ('shared-name','model','[]','',0,0,NULL) RETURNING \"id\"\n"}
{"Time":"2026-09-10T08:23:42.6640029-04:00","Action":"output","Package":"github.com/QuantumNous/new-api/model","Test":"TestMigratePrefillGroupUniquenessPostgreSQL/legacy_standalone_index","Output":"--- PASS: TestMigratePrefillGroupUniquenessPostgreSQL/legacy_standalone_index (0.08s)\n"}
{"Time":"2026-09-10T08:23:42.6645295-04:00","Action":"pass","Package":"github.com/QuantumNous/new-api/model","Test":"TestMigratePrefillGroupUniquenessPostgreSQL/legacy_standalone_index","Elapsed":0.08}
{"Time":"2026-09-10T08:23:42.6645295-04:00","Action":"run","Package":"github.com/QuantumNous/new-api/model","Test":"TestMigratePrefillGroupUniquenessPostgreSQL/arbitrary_constraint_name"}
{"Time":"2026-09-10T08:23:42.6645295-04:00","Action":"output","Package":"github.com/QuantumNous/new-api/model","Test":"TestMigratePrefillGroupUniquenessPostgreSQL/arbitrary_constraint_name","Output":"=== RUN   TestMigratePrefillGroupUniquenessPostgreSQL/arbitrary_constraint_name\n"}
{"Time":"2026-09-10T08:23:42.6913874-04:00","Action":"output","Package":"github.com/QuantumNous/new-api/model","Test":"TestMigratePrefillGroupUniquenessPostgreSQL/arbitrary_constraint_name","Output":"--- PASS: TestMigratePrefillGroupUniquenessPostgreSQL/arbitrary_constraint_name (0.03s)\n"}
{"Time":"2026-09-10T08:23:42.6913874-04:00","Action":"pass","Package":"github.com/QuantumNous/new-api/model","Test":"TestMigratePrefillGroupUniquenessPostgreSQL/arbitrary_constraint_name","Elapsed":0.03}
{"Time":"2026-09-10T08:23:42.6913874-04:00","Action":"run","Package":"github.com/QuantumNous/new-api/model","Test":"TestMigratePrefillGroupUniquenessPostgreSQL/arbitrary_index_name"}
{"Time":"2026-09-10T08:23:42.6913874-04:00","Action":"output","Package":"github.com/QuantumNous/new-api/model","Test":"TestMigratePrefillGroupUniquenessPostgreSQL/arbitrary_index_name","Output":"=== RUN   TestMigratePrefillGroupUniquenessPostgreSQL/arbitrary_index_name\n"}
{"Time":"2026-09-10T08:23:42.7176985-04:00","Action":"output","Package":"github.com/QuantumNous/new-api/model","Test":"TestMigratePrefillGroupUniquenessPostgreSQL/arbitrary_index_name","Output":"--- PASS: TestMigratePrefillGroupUniquenessPostgreSQL/arbitrary_index_name (0.03s)\n"}
{"Time":"2026-09-10T08:23:42.7176985-04:00","Action":"pass","Package":"github.com/QuantumNous/new-api/model","Test":"TestMigratePrefillGroupUniquenessPostgreSQL/arbitrary_index_name","Elapsed":0.03}
{"Time":"2026-09-10T08:23:42.7176985-04:00","Action":"run","Package":"github.com/QuantumNous/new-api/model","Test":"TestMigratePrefillGroupUniquenessPostgreSQL/non_conflicting_indexes_are_preserved"}
{"Time":"2026-09-10T08:23:42.7176985-04:00","Action":"output","Package":"github.com/QuantumNous/new-api/model","Test":"TestMigratePrefillGroupUniquenessPostgreSQL/non_conflicting_indexes_are_preserved","Output":"=== RUN   TestMigratePrefillGroupUniquenessPostgreSQL/non_conflicting_indexes_are_preserved\n"}
{"Time":"2026-09-10T08:23:42.8040972-04:00","Action":"output","Package":"github.com/QuantumNous/new-api/model","Test":"TestMigratePrefillGroupUniquenessPostgreSQL/non_conflicting_indexes_are_preserved","Output":"\r\n"}
{"Time":"2026-09-10T08:23:42.8040972-04:00","Action":"output","Package":"github.com/QuantumNous/new-api/model","Test":"TestMigratePrefillGroupUniquenessPostgreSQL/non_conflicting_indexes_are_preserved","Output":"2026/09/10 08:23:42 \u001b[31;1mD:/10178/Projects/new-api-upstream-sync/model/prefill_group_migration_test.go:283 \u001b[35;1mERROR: duplicate key value violates unique constraint \"uk_prefill_name\" (SQLSTATE 23505)\n"}
{"Time":"2026-09-10T08:23:42.8040972-04:00","Action":"output","Package":"github.com/QuantumNous/new-api/model","Test":"TestMigratePrefillGroupUniquenessPostgreSQL/non_conflicting_indexes_are_preserved","Output":"\u001b[0m\u001b[33m[1.260ms] \u001b[34;1m[rows:0]\u001b[0m INSERT INTO \"prefill_groups\" (\"name\",\"type\",\"items\",\"description\",\"created_time\",\"updated_time\",\"deleted_at\") VALUES ('shared-name','model','[]','',0,0,NULL) RETURNING \"id\"\n"}
{"Time":"2026-09-10T08:23:42.8067084-04:00","Action":"output","Package":"github.com/QuantumNous/new-api/model","Test":"TestMigratePrefillGroupUniquenessPostgreSQL/non_conflicting_indexes_are_preserved","Output":"--- PASS: TestMigratePrefillGroupUniquenessPostgreSQL/non_conflicting_indexes_are_preserved (0.09s)\n"}
{"Time":"2026-09-10T08:23:42.8067084-04:00","Action":"pass","Package":"github.com/QuantumNous/new-api/model","Test":"TestMigratePrefillGroupUniquenessPostgreSQL/non_conflicting_indexes_are_preserved","Elapsed":0.09}
{"Time":"2026-09-10T08:23:42.8072346-04:00","Action":"output","Package":"github.com/QuantumNous/new-api/model","Test":"TestMigratePrefillGroupUniquenessPostgreSQL","Output":"--- PASS: TestMigratePrefillGroupUniquenessPostgreSQL (0.39s)\n"}
{"Time":"2026-09-10T08:23:42.8072346-04:00","Action":"pass","Package":"github.com/QuantumNous/new-api/model","Test":"TestMigratePrefillGroupUniquenessPostgreSQL","Elapsed":0.39}
{"Time":"2026-09-10T08:23:42.8072346-04:00","Action":"run","Package":"github.com/QuantumNous/new-api/model","Test":"TestPricingAdvancedCustomUsesConfiguredEndpointTypes"}
{"Time":"2026-09-10T08:23:42.8072346-04:00","Action":"output","Package":"github.com/QuantumNous/new-api/model","Test":"TestPricingAdvancedCustomUsesConfiguredEndpointTypes","Output":"=== RUN   TestPricingAdvancedCustomUsesConfiguredEndpointTypes\n"}
{"Time":"2026-09-10T08:23:42.8088398-04:00","Action":"output","Package":"github.com/QuantumNous/new-api/model","Test":"TestPricingAdvancedCustomUsesConfiguredEndpointTypes","Output":"[SYS] 2026/09/10 - 08:23:42 | channels synced from database \n"}
{"Time":"2026-09-10T08:23:42.8093554-04:00","Action":"output","Package":"github.com/QuantumNous/new-api/model","Test":"TestPricingAdvancedCustomUsesConfiguredEndpointTypes","Output":"[SYS] 2026/09/10 - 08:23:42 | channels synced from database \n"}
{"Time":"2026-09-10T08:23:42.809877-04:00","Action":"output","Package":"github.com/QuantumNous/new-api/model","Test":"TestPricingAdvancedCustomUsesConfiguredEndpointTypes","Output":"[SYS] 2026/09/10 - 08:23:42 | channels synced from database \n"}
{"Time":"2026-09-10T08:23:42.809877-04:00","Action":"output","Package":"github.com/QuantumNous/new-api/model","Test":"TestPricingAdvancedCustomUsesConfiguredEndpointTypes","Output":"--- PASS: TestPricingAdvancedCustomUsesConfiguredEndpointTypes (0.00s)\n"}
{"Time":"2026-09-10T08:23:42.809877-04:00","Action":"pass","Package":"github.com/QuantumNous/new-api/model","Test":"TestPricingAdvancedCustomUsesConfiguredEndpointTypes","Elapsed":0}
{"Time":"2026-09-10T08:23:42.809877-04:00","Action":"run","Package":"github.com/QuantumNous/new-api/model","Test":"TestPricingModelMetadataEndpointsMergeWithAdvancedCustomInference"}
{"Time":"2026-09-10T08:23:42.809877-04:00","Action":"output","Package":"github.com/QuantumNous/new-api/model","Test":"TestPricingModelMetadataEndpointsMergeWithAdvancedCustomInference","Output":"=== RUN   TestPricingModelMetadataEndpointsMergeWithAdvancedCustomInference\n"}
{"Time":"2026-09-10T08:23:42.8104018-04:00","Action":"output","Package":"github.com/QuantumNous/new-api/model","Test":"TestPricingModelMetadataEndpointsMergeWithAdvancedCustomInference","Output":"[SYS] 2026/09/10 - 08:23:42 | channels synced from database \n"}
{"Time":"2026-09-10T08:23:42.8109239-04:00","Action":"output","Package":"github.com/QuantumNous/new-api/model","Test":"TestPricingModelMetadataEndpointsMergeWithAdvancedCustomInference","Output":"[SYS] 2026/09/10 - 08:23:42 | channels synced from database \n"}
{"Time":"2026-09-10T08:23:42.8109239-04:00","Action":"output","Package":"github.com/QuantumNous/new-api/model","Test":"TestPricingModelMetadataEndpointsMergeWithAdvancedCustomInference","Output":"[SYS] 2026/09/10 - 08:23:42 | channels synced from database \n"}
{"Time":"2026-09-10T08:23:42.8109239-04:00","Action":"output","Package":"github.com/QuantumNous/new-api/model","Test":"TestPricingModelMetadataEndpointsMergeWithAdvancedCustomInference","Output":"--- PASS: TestPricingModelMetadataEndpointsMergeWithAdvancedCustomInference (0.00s)\n"}
{"Time":"2026-09-10T08:23:42.8109239-04:00","Action":"pass","Package":"github.com/QuantumNous/new-api/model","Test":"TestPricingModelMetadataEndpointsMergeWithAdvancedCustomInference","Elapsed":0}
{"Time":"2026-09-10T08:23:42.8109239-04:00","Action":"run","Package":"github.com/QuantumNous/new-api/model","Test":"TestPricingModelMetadataEndpointsCanProvideEndpointWithoutChannelInference"}
{"Time":"2026-09-10T08:23:42.8109239-04:00","Action":"output","Package":"github.com/QuantumNous/new-api/model","Test":"TestPricingModelMetadataEndpointsCanProvideEndpointWithoutChannelInference","Output":"=== RUN   TestPricingModelMetadataEndpointsCanProvideEndpointWithoutChannelInference\n"}
{"Time":"2026-09-10T08:23:42.8125053-04:00","Action":"output","Package":"github.com/QuantumNous/new-api/model","Test":"TestPricingModelMetadataEndpointsCanProvideEndpointWithoutChannelInference","Output":"[SYS] 2026/09/10 - 08:23:42 | channels synced from database \n"}
{"Time":"2026-09-10T08:23:42.8125053-04:00","Action":"output","Package":"github.com/QuantumNous/new-api/model","Test":"TestPricingModelMetadataEndpointsCanProvideEndpointWithoutChannelInference","Output":"[SYS] 2026/09/10 - 08:23:42 | channels synced from database \n"}
{"Time":"2026-09-10T08:23:42.8130329-04:00","Action":"output","Package":"github.com/QuantumNous/new-api/model","Test":"TestPricingModelMetadataEndpointsCanProvideEndpointWithoutChannelInference","Output":"[SYS] 2026/09/10 - 08:23:42 | channels synced from database \n"}
{"Time":"2026-09-10T08:23:42.8130329-04:00","Action":"output","Package":"github.com/QuantumNous/new-api/model","Test":"TestPricingModelMetadataEndpointsCanProvideEndpointWithoutChannelInference","Output":"--- PASS: TestPricingModelMetadataEndpointsCanProvideEndpointWithoutChannelInference (0.00s)\n"}
{"Time":"2026-09-10T08:23:42.8130329-04:00","Action":"pass","Package":"github.com/QuantumNous/new-api/model","Test":"TestPricingModelMetadataEndpointsCanProvideEndpointWithoutChannelInference","Elapsed":0}
{"Time":"2026-09-10T08:23:42.8130329-04:00","Action":"run","Package":"github.com/QuantumNous/new-api/model","Test":"TestPricingAdvancedCustomMissingConfigFallsBackToChannelType"}
{"Time":"2026-09-10T08:23:42.8130329-04:00","Action":"output","Package":"github.com/QuantumNous/new-api/model","Test":"TestPricingAdvancedCustomMissingConfigFallsBackToChannelType","Output":"=== RUN   TestPricingAdvancedCustomMissingConfigFallsBackToChannelType\n"}
{"Time":"2026-09-10T08:23:42.8135807-04:00","Action":"output","Package":"github.com/QuantumNous/new-api/model","Test":"TestPricingAdvancedCustomMissingConfigFallsBackToChannelType","Output":"[SYS] 2026/09/10 - 08:23:42 | channels synced from database \n"}
{"Time":"2026-09-10T08:23:42.8141003-04:00","Action":"output","Package":"github.com/QuantumNous/new-api/model","Test":"TestPricingAdvancedCustomMissingConfigFallsBackToChannelType","Output":"[SYS] 2026/09/10 - 08:23:42 | channels synced from database \n"}
{"Time":"2026-09-10T08:23:42.8141003-04:00","Action":"output","Package":"github.com/QuantumNous/new-api/model","Test":"TestPricingAdvancedCustomMissingConfigFallsBackToChannelType","Output":"[SYS] 2026/09/10 - 08:23:42 | channels synced from database \n"}
{"Time":"2026-09-10T08:23:42.8141003-04:00","Action":"output","Package":"github.com/QuantumNous/new-api/model","Test":"TestPricingAdvancedCustomMissingConfigFallsBackToChannelType","Output":"--- PASS: TestPricingAdvancedCustomMissingConfigFallsBackToChannelType (0.00s)\n"}
{"Time":"2026-09-10T08:23:42.8141003-04:00","Action":"pass","Package":"github.com/QuantumNous/new-api/model","Test":"TestPricingAdvancedCustomMissingConfigFallsBackToChannelType","Elapsed":0}
{"Time":"2026-09-10T08:23:42.8141003-04:00","Action":"run","Package":"github.com/QuantumNous/new-api/model","Test":"TestPricingNativeChannelEndpointTypesUnchanged"}
{"Time":"2026-09-10T08:23:42.8141003-04:00","Action":"output","Package":"github.com/QuantumNous/new-api/model","Test":"TestPricingNativeChannelEndpointTypesUnchanged","Output":"=== RUN   TestPricingNativeChannelEndpointTypesUnchanged\n"}
{"Time":"2026-09-10T08:23:42.8151405-04:00","Action":"output","Package":"github.com/QuantumNous/new-api/model","Test":"TestPricingNativeChannelEndpointTypesUnchanged","Output":"[SYS] 2026/09/10 - 08:23:42 | channels synced from database \n"}
{"Time":"2026-09-10T08:23:42.8156606-04:00","Action":"output","Package":"github.com/QuantumNous/new-api/model","Test":"TestPricingNativeChannelEndpointTypesUnchanged","Output":"[SYS] 2026/09/10 - 08:23:42 | channels synced from database \n"}
{"Time":"2026-09-10T08:23:42.8156606-04:00","Action":"output","Package":"github.com/QuantumNous/new-api/model","Test":"TestPricingNativeChannelEndpointTypesUnchanged","Output":"[SYS] 2026/09/10 - 08:23:42 | channels synced from database \n"}
{"Time":"2026-09-10T08:23:42.8156606-04:00","Action":"output","Package":"github.com/QuantumNous/new-api/model","Test":"TestPricingNativeChannelEndpointTypesUnchanged","Output":"--- PASS: TestPricingNativeChannelEndpointTypesUnchanged (0.00s)\n"}
{"Time":"2026-09-10T08:23:42.8156606-04:00","Action":"pass","Package":"github.com/QuantumNous/new-api/model","Test":"TestPricingNativeChannelEndpointTypesUnchanged","Elapsed":0}
{"Time":"2026-09-10T08:23:42.8156606-04:00","Action":"run","Package":"github.com/QuantumNous/new-api/model","Test":"TestInitChannelCacheInvalidatesPricingCache"}
{"Time":"2026-09-10T08:23:42.8156606-04:00","Action":"output","Package":"github.com/QuantumNous/new-api/model","Test":"TestInitChannelCacheInvalidatesPricingCache","Output":"=== RUN   TestInitChannelCacheInvalidatesPricingCache\n"}
{"Time":"2026-09-10T08:23:42.8166987-04:00","Action":"output","Package":"github.com/QuantumNous/new-api/model","Test":"TestInitChannelCacheInvalidatesPricingCache","Output":"[SYS] 2026/09/10 - 08:23:42 | channels synced from database \n"}
{"Time":"2026-09-10T08:23:42.8166987-04:00","Action":"output","Package":"github.com/QuantumNous/new-api/model","Test":"TestInitChannelCacheInvalidatesPricingCache","Output":"[SYS] 2026/09/10 - 08:23:42 | channels synced from database \n"}
{"Time":"2026-09-10T08:23:42.8172104-04:00","Action":"output","Package":"github.com/QuantumNous/new-api/model","Test":"TestInitChannelCacheInvalidatesPricingCache","Output":"[SYS] 2026/09/10 - 08:23:42 | channels synced from database \n"}
{"Time":"2026-09-10T08:23:42.8172104-04:00","Action":"output","Package":"github.com/QuantumNous/new-api/model","Test":"TestInitChannelCacheInvalidatesPricingCache","Output":"[SYS] 2026/09/10 - 08:23:42 | channels synced from database \n"}
{"Time":"2026-09-10T08:23:42.8172104-04:00","Action":"output","Package":"github.com/QuantumNous/new-api/model","Test":"TestInitChannelCacheInvalidatesPricingCache","Output":"[SYS] 2026/09/10 - 08:23:42 | channels synced from database \n"}
{"Time":"2026-09-10T08:23:42.8177306-04:00","Action":"output","Package":"github.com/QuantumNous/new-api/model","Test":"TestInitChannelCacheInvalidatesPricingCache","Output":"[SYS] 2026/09/10 - 08:23:42 | channels synced from database \n"}
{"Time":"2026-09-10T08:23:42.8177306-04:00","Action":"output","Package":"github.com/QuantumNous/new-api/model","Test":"TestInitChannelCacheInvalidatesPricingCache","Output":"--- PASS: TestInitChannelCacheInvalidatesPricingCache (0.00s)\n"}
{"Time":"2026-09-10T08:23:42.8177306-04:00","Action":"pass","Package":"github.com/QuantumNous/new-api/model","Test":"TestInitChannelCacheInvalidatesPricingCache","Elapsed":0}
{"Time":"2026-09-10T08:23:42.8177306-04:00","Action":"run","Package":"github.com/QuantumNous/new-api/model","Test":"TestInitChannelCacheInvalidatesStartupPricingBuiltBeforeChannelCache"}
{"Time":"2026-09-10T08:23:42.8177306-04:00","Action":"output","Package":"github.com/QuantumNous/new-api/model","Test":"TestInitChannelCacheInvalidatesStartupPricingBuiltBeforeChannelCache","Output":"=== RUN   TestInitChannelCacheInvalidatesStartupPricingBuiltBeforeChannelCache\n"}
{"Time":"2026-09-10T08:23:42.8199035-04:00","Action":"output","Package":"github.com/QuantumNous/new-api/model","Test":"TestInitChannelCacheInvalidatesStartupPricingBuiltBeforeChannelCache","Output":"[SYS] 2026/09/10 - 08:23:42 | channels synced from database \n"}
{"Time":"2026-09-10T08:23:42.8204407-04:00","Action":"output","Package":"github.com/QuantumNous/new-api/model","Test":"TestInitChannelCacheInvalidatesStartupPricingBuiltBeforeChannelCache","Output":"[SYS] 2026/09/10 - 08:23:42 | channels synced from database \n"}
{"Time":"2026-09-10T08:23:42.8209604-04:00","Action":"output","Package":"github.com/QuantumNous/new-api/model","Test":"TestInitChannelCacheInvalidatesStartupPricingBuiltBeforeChannelCache","Output":"[SYS] 2026/09/10 - 08:23:42 | channels synced from database \n"}
{"Time":"2026-09-10T08:23:42.8209604-04:00","Action":"output","Package":"github.com/QuantumNous/new-api/model","Test":"TestInitChannelCacheInvalidatesStartupPricingBuiltBeforeChannelCache","Output":"--- PASS: TestInitChannelCacheInvalidatesStartupPricingBuiltBeforeChannelCache (0.00s)\n"}
{"Time":"2026-09-10T08:23:42.8209604-04:00","Action":"pass","Package":"github.com/QuantumNous/new-api/model","Test":"TestInitChannelCacheInvalidatesStartupPricingBuiltBeforeChannelCache","Elapsed":0}
{"Time":"2026-09-10T08:23:42.8209604-04:00","Action":"run","Package":"github.com/QuantumNous/new-api/model","Test":"TestCacheUpdateChannelSyncsAdvancedCustomConfig"}
{"Time":"2026-09-10T08:23:42.8209604-04:00","Action":"output","Package":"github.com/QuantumNous/new-api/model","Test":"TestCacheUpdateChannelSyncsAdvancedCustomConfig","Output":"=== RUN   TestCacheUpdateChannelSyncsAdvancedCustomConfig\n"}
{"Time":"2026-09-10T08:23:42.8214745-04:00","Action":"output","Package":"github.com/QuantumNous/new-api/model","Test":"TestCacheUpdateChannelSyncsAdvancedCustomConfig","Output":"[SYS] 2026/09/10 - 08:23:42 | channels synced from database \n"}
{"Time":"2026-09-10T08:23:42.8219991-04:00","Action":"output","Package":"github.com/QuantumNous/new-api/model","Test":"TestCacheUpdateChannelSyncsAdvancedCustomConfig","Output":"[SYS] 2026/09/10 - 08:23:42 | channels synced from database \n"}
{"Time":"2026-09-10T08:23:42.8219991-04:00","Action":"output","Package":"github.com/QuantumNous/new-api/model","Test":"TestCacheUpdateChannelSyncsAdvancedCustomConfig","Output":"--- PASS: TestCacheUpdateChannelSyncsAdvancedCustomConfig (0.00s)\n"}
{"Time":"2026-09-10T08:23:42.8219991-04:00","Action":"pass","Package":"github.com/QuantumNous/new-api/model","Test":"TestCacheUpdateChannelSyncsAdvancedCustomConfig","Elapsed":0}
{"Time":"2026-09-10T08:23:42.8219991-04:00","Action":"run","Package":"github.com/QuantumNous/new-api/model","Test":"TestSeedCanonicalPricingOptionsOnlyAddsMissingRows"}
{"Time":"2026-09-10T08:23:42.8219991-04:00","Action":"output","Package":"github.com/QuantumNous/new-api/model","Test":"TestSeedCanonicalPricingOptionsOnlyAddsMissingRows","Output":"=== RUN   TestSeedCanonicalPricingOptionsOnlyAddsMissingRows\n"}
{"Time":"2026-09-10T08:23:42.8230521-04:00","Action":"output","Package":"github.com/QuantumNous/new-api/model","Test":"TestSeedCanonicalPricingOptionsOnlyAddsMissingRows","Output":"--- PASS: TestSeedCanonicalPricingOptionsOnlyAddsMissingRows (0.00s)\n"}
{"Time":"2026-09-10T08:23:42.8230521-04:00","Action":"pass","Package":"github.com/QuantumNous/new-api/model","Test":"TestSeedCanonicalPricingOptionsOnlyAddsMissingRows","Elapsed":0}
{"Time":"2026-09-10T08:23:42.8230521-04:00","Action":"run","Package":"github.com/QuantumNous/new-api/model","Test":"TestGenericPricingWritesAreRejected"}
{"Time":"2026-09-10T08:23:42.8230521-04:00","Action":"output","Package":"github.com/QuantumNous/new-api/model","Test":"TestGenericPricingWritesAreRejected","Output":"=== RUN   TestGenericPricingWritesAreRejected\n"}
{"Time":"2026-09-10T08:23:42.8230521-04:00","Action":"output","Package":"github.com/QuantumNous/new-api/model","Test":"TestGenericPricingWritesAreRejected","Output":"--- PASS: TestGenericPricingWritesAreRejected (0.00s)\n"}
{"Time":"2026-09-10T08:23:42.8230521-04:00","Action":"pass","Package":"github.com/QuantumNous/new-api/model","Test":"TestGenericPricingWritesAreRejected","Elapsed":0}
{"Time":"2026-09-10T08:23:42.8230521-04:00","Action":"run","Package":"github.com/QuantumNous/new-api/model","Test":"TestApplyPricingOptionMapsRequiresAllRows"}
{"Time":"2026-09-10T08:23:42.8230521-04:00","Action":"output","Package":"github.com/QuantumNous/new-api/model","Test":"TestApplyPricingOptionMapsRequiresAllRows","Output":"=== RUN   TestApplyPricingOptionMapsRequiresAllRows\n"}
{"Time":"2026-09-10T08:23:42.8230521-04:00","Action":"output","Package":"github.com/QuantumNous/new-api/model","Test":"TestApplyPricingOptionMapsRequiresAllRows","Output":"--- PASS: TestApplyPricingOptionMapsRequiresAllRows (0.00s)\n"}
{"Time":"2026-09-10T08:23:42.8230521-04:00","Action":"pass","Package":"github.com/QuantumNous/new-api/model","Test":"TestApplyPricingOptionMapsRequiresAllRows","Elapsed":0}
{"Time":"2026-09-10T08:23:42.8230521-04:00","Action":"run","Package":"github.com/QuantumNous/new-api/model","Test":"TestPricingIntegrityErrorIsStable"}
{"Time":"2026-09-10T08:23:42.8230521-04:00","Action":"output","Package":"github.com/QuantumNous/new-api/model","Test":"TestPricingIntegrityErrorIsStable","Output":"=== RUN   TestPricingIntegrityErrorIsStable\n"}
{"Time":"2026-09-10T08:23:42.8230521-04:00","Action":"output","Package":"github.com/QuantumNous/new-api/model","Test":"TestPricingIntegrityErrorIsStable","Output":"--- PASS: TestPricingIntegrityErrorIsStable (0.00s)\n"}
{"Time":"2026-09-10T08:23:42.8230521-04:00","Action":"pass","Package":"github.com/QuantumNous/new-api/model","Test":"TestPricingIntegrityErrorIsStable","Elapsed":0}
{"Time":"2026-09-10T08:23:42.8230521-04:00","Action":"run","Package":"github.com/QuantumNous/new-api/model","Test":"TestSearchRedemptionsFiltersAndPaginates"}
{"Time":"2026-09-10T08:23:42.8230521-04:00","Action":"output","Package":"github.com/QuantumNous/new-api/model","Test":"TestSearchRedemptionsFiltersAndPaginates","Output":"=== RUN   TestSearchRedemptionsFiltersAndPaginates\n"}
{"Time":"2026-09-10T08:23:42.8240987-04:00","Action":"run","Package":"github.com/QuantumNous/new-api/model","Test":"TestSearchRedemptionsFiltersAndPaginates/no_filters_returns_all_rows"}
{"Time":"2026-09-10T08:23:42.8240987-04:00","Action":"output","Package":"github.com/QuantumNous/new-api/model","Test":"TestSearchRedemptionsFiltersAndPaginates/no_filters_returns_all_rows","Output":"=== RUN   TestSearchRedemptionsFiltersAndPaginates/no_filters_returns_all_rows\n"}
{"Time":"2026-09-10T08:23:42.8246181-04:00","Action":"output","Package":"github.com/QuantumNous/new-api/model","Test":"TestSearchRedemptionsFiltersAndPaginates/no_filters_returns_all_rows","Output":"--- PASS: TestSearchRedemptionsFiltersAndPaginates/no_filters_returns_all_rows (0.00s)\n"}
{"Time":"2026-09-10T08:23:42.8246181-04:00","Action":"pass","Package":"github.com/QuantumNous/new-api/model","Test":"TestSearchRedemptionsFiltersAndPaginates/no_filters_returns_all_rows","Elapsed":0}
{"Time":"2026-09-10T08:23:42.8246181-04:00","Action":"run","Package":"github.com/QuantumNous/new-api/model","Test":"TestSearchRedemptionsFiltersAndPaginates/keyword_filters_by_name_prefix"}
{"Time":"2026-09-10T08:23:42.8246181-04:00","Action":"output","Package":"github.com/QuantumNous/new-api/model","Test":"TestSearchRedemptionsFiltersAndPaginates/keyword_filters_by_name_prefix","Output":"=== RUN   TestSearchRedemptionsFiltersAndPaginates/keyword_filters_by_name_prefix\n"}
{"Time":"2026-09-10T08:23:42.8246181-04:00","Action":"output","Package":"github.com/QuantumNous/new-api/model","Test":"TestSearchRedemptionsFiltersAndPaginates/keyword_filters_by_name_prefix","Output":"--- PASS: TestSearchRedemptionsFiltersAndPaginates/keyword_filters_by_name_prefix (0.00s)\n"}
{"Time":"2026-09-10T08:23:42.8246181-04:00","Action":"pass","Package":"github.com/QuantumNous/new-api/model","Test":"TestSearchRedemptionsFiltersAndPaginates/keyword_filters_by_name_prefix","Elapsed":0}
{"Time":"2026-09-10T08:23:42.8246181-04:00","Action":"run","Package":"github.com/QuantumNous/new-api/model","Test":"TestSearchRedemptionsFiltersAndPaginates/enabled_status_excludes_expired_rows"}
{"Time":"2026-09-10T08:23:42.8246181-04:00","Action":"output","Package":"github.com/QuantumNous/new-api/model","Test":"TestSearchRedemptionsFiltersAndPaginates/enabled_status_excludes_expired_rows","Output":"=== RUN   TestSearchRedemptionsFiltersAndPaginates/enabled_status_excludes_expired_rows\n"}
{"Time":"2026-09-10T08:23:42.8246181-04:00","Action":"output","Package":"github.com/QuantumNous/new-api/model","Test":"TestSearchRedemptionsFiltersAndPaginates/enabled_status_excludes_expired_rows","Output":"--- PASS: TestSearchRedemptionsFiltersAndPaginates/enabled_status_excludes_expired_rows (0.00s)\n"}
{"Time":"2026-09-10T08:23:42.8251378-04:00","Action":"pass","Package":"github.com/QuantumNous/new-api/model","Test":"TestSearchRedemptionsFiltersAndPaginates/enabled_status_excludes_expired_rows","Elapsed":0}
{"Time":"2026-09-10T08:23:42.8251378-04:00","Action":"run","Package":"github.com/QuantumNous/new-api/model","Test":"TestSearchRedemptionsFiltersAndPaginates/expired_status_returns_enabled_expired_rows"}
{"Time":"2026-09-10T08:23:42.8251378-04:00","Action":"output","Package":"github.com/QuantumNous/new-api/model","Test":"TestSearchRedemptionsFiltersAndPaginates/expired_status_returns_enabled_expired_rows","Output":"=== RUN   TestSearchRedemptionsFiltersAndPaginates/expired_status_returns_enabled_expired_rows\n"}
{"Time":"2026-09-10T08:23:42.8251378-04:00","Action":"output","Package":"github.com/QuantumNous/new-api/model","Test":"TestSearchRedemptionsFiltersAndPaginates/expired_status_returns_enabled_expired_rows","Output":"--- PASS: TestSearchRedemptionsFiltersAndPaginates/expired_status_returns_enabled_expired_rows (0.00s)\n"}
{"Time":"2026-09-10T08:23:42.8251378-04:00","Action":"pass","Package":"github.com/QuantumNous/new-api/model","Test":"TestSearchRedemptionsFiltersAndPaginates/expired_status_returns_enabled_expired_rows","Elapsed":0}
{"Time":"2026-09-10T08:23:42.8251378-04:00","Action":"run","Package":"github.com/QuantumNous/new-api/model","Test":"TestSearchRedemptionsFiltersAndPaginates/disabled_status"}
{"Time":"2026-09-10T08:23:42.8251378-04:00","Action":"output","Package":"github.com/QuantumNous/new-api/model","Test":"TestSearchRedemptionsFiltersAndPaginates/disabled_status","Output":"=== RUN   TestSearchRedemptionsFiltersAndPaginates/disabled_status\n"}
{"Time":"2026-09-10T08:23:42.8251378-04:00","Action":"output","Package":"github.com/QuantumNous/new-api/model","Test":"TestSearchRedemptionsFiltersAndPaginates/disabled_status","Output":"--- PASS: TestSearchRedemptionsFiltersAndPaginates/disabled_status (0.00s)\n"}
{"Time":"2026-09-10T08:23:42.8251378-04:00","Action":"pass","Package":"github.com/QuantumNous/new-api/model","Test":"TestSearchRedemptionsFiltersAndPaginates/disabled_status","Elapsed":0}
{"Time":"2026-09-10T08:23:42.8251378-04:00","Action":"run","Package":"github.com/QuantumNous/new-api/model","Test":"TestSearchRedemptionsFiltersAndPaginates/used_status"}
{"Time":"2026-09-10T08:23:42.8251378-04:00","Action":"output","Package":"github.com/QuantumNous/new-api/model","Test":"TestSearchRedemptionsFiltersAndPaginates/used_status","Output":"=== RUN   TestSearchRedemptionsFiltersAndPaginates/used_status\n"}
{"Time":"2026-09-10T08:23:42.8251378-04:00","Action":"output","Package":"github.com/QuantumNous/new-api/model","Test":"TestSearchRedemptionsFiltersAndPaginates/used_status","Output":"--- PASS: TestSearchRedemptionsFiltersAndPaginates/used_status (0.00s)\n"}
{"Time":"2026-09-10T08:23:42.8251378-04:00","Action":"pass","Package":"github.com/QuantumNous/new-api/model","Test":"TestSearchRedemptionsFiltersAndPaginates/used_status","Elapsed":0}
{"Time":"2026-09-10T08:23:42.8251378-04:00","Action":"run","Package":"github.com/QuantumNous/new-api/model","Test":"TestSearchRedemptionsFiltersAndPaginates/pagination_keeps_unpaged_total"}
{"Time":"2026-09-10T08:23:42.8251378-04:00","Action":"output","Package":"github.com/QuantumNous/new-api/model","Test":"TestSearchRedemptionsFiltersAndPaginates/pagination_keeps_unpaged_total","Output":"=== RUN   TestSearchRedemptionsFiltersAndPaginates/pagination_keeps_unpaged_total\n"}
{"Time":"2026-09-10T08:23:42.8251378-04:00","Action":"output","Package":"github.com/QuantumNous/new-api/model","Test":"TestSearchRedemptionsFiltersAndPaginates/pagination_keeps_unpaged_total","Output":"--- PASS: TestSearchRedemptionsFiltersAndPaginates/pagination_keeps_unpaged_total (0.00s)\n"}
{"Time":"2026-09-10T08:23:42.8251378-04:00","Action":"pass","Package":"github.com/QuantumNous/new-api/model","Test":"TestSearchRedemptionsFiltersAndPaginates/pagination_keeps_unpaged_total","Elapsed":0}
{"Time":"2026-09-10T08:23:42.8256582-04:00","Action":"output","Package":"github.com/QuantumNous/new-api/model","Test":"TestSearchRedemptionsFiltersAndPaginates","Output":"--- PASS: TestSearchRedemptionsFiltersAndPaginates (0.00s)\n"}
{"Time":"2026-09-10T08:23:42.8256582-04:00","Action":"pass","Package":"github.com/QuantumNous/new-api/model","Test":"TestSearchRedemptionsFiltersAndPaginates","Elapsed":0}
{"Time":"2026-09-10T08:23:42.8256582-04:00","Action":"run","Package":"github.com/QuantumNous/new-api/model","Test":"TestExhaustedRegistrationCodesAreInvalidAndDeleted"}
{"Time":"2026-09-10T08:23:42.8256582-04:00","Action":"output","Package":"github.com/QuantumNous/new-api/model","Test":"TestExhaustedRegistrationCodesAreInvalidAndDeleted","Output":"=== RUN   TestExhaustedRegistrationCodesAreInvalidAndDeleted\n"}
{"Time":"2026-09-10T08:23:42.8267254-04:00","Action":"output","Package":"github.com/QuantumNous/new-api/model","Test":"TestExhaustedRegistrationCodesAreInvalidAndDeleted","Output":"--- PASS: TestExhaustedRegistrationCodesAreInvalidAndDeleted (0.00s)\n"}
{"Time":"2026-09-10T08:23:42.8267254-04:00","Action":"pass","Package":"github.com/QuantumNous/new-api/model","Test":"TestExhaustedRegistrationCodesAreInvalidAndDeleted","Elapsed":0}
{"Time":"2026-09-10T08:23:42.8267254-04:00","Action":"run","Package":"github.com/QuantumNous/new-api/model","Test":"TestGetRedemptionsForExportSupportsSelectionAndFilters"}
{"Time":"2026-09-10T08:23:42.8267254-04:00","Action":"output","Package":"github.com/QuantumNous/new-api/model","Test":"TestGetRedemptionsForExportSupportsSelectionAndFilters","Output":"=== RUN   TestGetRedemptionsForExportSupportsSelectionAndFilters\n"}
{"Time":"2026-09-10T08:23:42.8277721-04:00","Action":"output","Package":"github.com/QuantumNous/new-api/model","Test":"TestGetRedemptionsForExportSupportsSelectionAndFilters","Output":"--- PASS: TestGetRedemptionsForExportSupportsSelectionAndFilters (0.00s)\n"}
{"Time":"2026-09-10T08:23:42.8277721-04:00","Action":"pass","Package":"github.com/QuantumNous/new-api/model","Test":"TestGetRedemptionsForExportSupportsSelectionAndFilters","Elapsed":0}
{"Time":"2026-09-10T08:23:42.8277721-04:00","Action":"run","Package":"github.com/QuantumNous/new-api/model","Test":"TestRedeemCreditsQuotaExactlyOnce"}
{"Time":"2026-09-10T08:23:42.8277721-04:00","Action":"output","Package":"github.com/QuantumNous/new-api/model","Test":"TestRedeemCreditsQuotaExactlyOnce","Output":"=== RUN   TestRedeemCreditsQuotaExactlyOnce\n"}
{"Time":"2026-09-10T08:23:45.1253804-04:00","Action":"output","Package":"github.com/QuantumNous/new-api/model","Test":"TestRedeemCreditsQuotaExactlyOnce","Output":"[SYS] 2026/09/10 - 08:23:45 | redemption failed: 该兑换码已被使用 \n"}
{"Time":"2026-09-10T08:23:45.1253804-04:00","Action":"output","Package":"github.com/QuantumNous/new-api/model","Test":"TestRedeemCreditsQuotaExactlyOnce","Output":"--- PASS: TestRedeemCreditsQuotaExactlyOnce (2.30s)\n"}
{"Time":"2026-09-10T08:23:45.1258854-04:00","Action":"pass","Package":"github.com/QuantumNous/new-api/model","Test":"TestRedeemCreditsQuotaExactlyOnce","Elapsed":2.3}
{"Time":"2026-09-10T08:23:45.1258854-04:00","Action":"run","Package":"github.com/QuantumNous/new-api/model","Test":"TestRedeemCreatesSubscriptionAtomically"}
{"Time":"2026-09-10T08:23:45.1258854-04:00","Action":"output","Package":"github.com/QuantumNous/new-api/model","Test":"TestRedeemCreatesSubscriptionAtomically","Output":"=== RUN   TestRedeemCreatesSubscriptionAtomically\n"}
{"Time":"2026-09-10T08:23:48.0628354-04:00","Action":"output","Package":"github.com/QuantumNous/new-api/model","Test":"TestRedeemCreatesSubscriptionAtomically","Output":"--- PASS: TestRedeemCreatesSubscriptionAtomically (2.94s)\n"}
{"Time":"2026-09-10T08:23:48.0628354-04:00","Action":"pass","Package":"github.com/QuantumNous/new-api/model","Test":"TestRedeemCreatesSubscriptionAtomically","Elapsed":2.94}
{"Time":"2026-09-10T08:23:48.0628354-04:00","Action":"run","Package":"github.com/QuantumNous/new-api/model","Test":"TestRedeemDisabledSubscriptionPlanKeepsCodeUnused"}
{"Time":"2026-09-10T08:23:48.0628354-04:00","Action":"output","Package":"github.com/QuantumNous/new-api/model","Test":"TestRedeemDisabledSubscriptionPlanKeepsCodeUnused","Output":"=== RUN   TestRedeemDisabledSubscriptionPlanKeepsCodeUnused\n"}
{"Time":"2026-09-10T08:23:49.7903836-04:00","Action":"output","Package":"github.com/QuantumNous/new-api/model","Test":"TestRedeemDisabledSubscriptionPlanKeepsCodeUnused","Output":"[SYS] 2026/09/10 - 08:23:49 | redemption failed: 兑换码关联的套餐已禁用 \n"}
{"Time":"2026-09-10T08:23:49.7909034-04:00","Action":"output","Package":"github.com/QuantumNous/new-api/model","Test":"TestRedeemDisabledSubscriptionPlanKeepsCodeUnused","Output":"--- PASS: TestRedeemDisabledSubscriptionPlanKeepsCodeUnused (1.73s)\n"}
{"Time":"2026-09-10T08:23:49.7909034-04:00","Action":"pass","Package":"github.com/QuantumNous/new-api/model","Test":"TestRedeemDisabledSubscriptionPlanKeepsCodeUnused","Elapsed":1.73}
{"Time":"2026-09-10T08:23:49.7909034-04:00","Action":"run","Package":"github.com/QuantumNous/new-api/model","Test":"TestRedeemSubscriptionPurchaseLimitKeepsCodeUnused"}
{"Time":"2026-09-10T08:23:49.7909034-04:00","Action":"output","Package":"github.com/QuantumNous/new-api/model","Test":"TestRedeemSubscriptionPurchaseLimitKeepsCodeUnused","Output":"=== RUN   TestRedeemSubscriptionPurchaseLimitKeepsCodeUnused\n"}
{"Time":"2026-09-10T08:23:49.8864334-04:00","Action":"output","Package":"github.com/QuantumNous/new-api/model","Test":"TestRedeemSubscriptionPurchaseLimitKeepsCodeUnused","Output":"[SYS] 2026/09/10 - 08:23:49 | redemption failed: 已达到该套餐购买上限 \n"}
{"Time":"2026-09-10T08:23:49.8864334-04:00","Action":"output","Package":"github.com/QuantumNous/new-api/model","Test":"TestRedeemSubscriptionPurchaseLimitKeepsCodeUnused","Output":"--- PASS: TestRedeemSubscriptionPurchaseLimitKeepsCodeUnused (0.10s)\n"}
{"Time":"2026-09-10T08:23:49.8864334-04:00","Action":"pass","Package":"github.com/QuantumNous/new-api/model","Test":"TestRedeemSubscriptionPurchaseLimitKeepsCodeUnused","Elapsed":0.1}
{"Time":"2026-09-10T08:23:49.8864334-04:00","Action":"run","Package":"github.com/QuantumNous/new-api/model","Test":"TestRedeemConcurrentSingleSuccess"}
{"Time":"2026-09-10T08:23:49.8864334-04:00","Action":"output","Package":"github.com/QuantumNous/new-api/model","Test":"TestRedeemConcurrentSingleSuccess","Output":"=== RUN   TestRedeemConcurrentSingleSuccess\n"}
{"Time":"2026-09-10T08:23:50.5107911-04:00","Action":"output","Package":"github.com/QuantumNous/new-api/model","Test":"TestRedeemConcurrentSingleSuccess","Output":"[SYS] 2026/09/10 - 08:23:50 | redemption failed: 该兑换码已被使用 \n"}
{"Time":"2026-09-10T08:23:51.5342522-04:00","Action":"output","Package":"github.com/QuantumNous/new-api/model","Test":"TestRedeemConcurrentSingleSuccess","Output":"[SYS] 2026/09/10 - 08:23:51 | redemption failed: 该兑换码已被使用 \n"}
{"Time":"2026-09-10T08:23:52.7169364-04:00","Action":"output","Package":"github.com/QuantumNous/new-api/model","Test":"TestRedeemConcurrentSingleSuccess","Output":"[SYS] 2026/09/10 - 08:23:52 | redemption failed: 该兑换码已被使用 \n"}
{"Time":"2026-09-10T08:23:52.8252807-04:00","Action":"output","Package":"github.com/QuantumNous/new-api/model","Test":"TestRedeemConcurrentSingleSuccess","Output":"[SYS] 2026/09/10 - 08:23:52 | redemption failed: 该兑换码已被使用 \n"}
{"Time":"2026-09-10T08:23:52.8252807-04:00","Action":"output","Package":"github.com/QuantumNous/new-api/model","Test":"TestRedeemConcurrentSingleSuccess","Output":"--- PASS: TestRedeemConcurrentSingleSuccess (2.94s)\n"}
{"Time":"2026-09-10T08:23:52.8252807-04:00","Action":"pass","Package":"github.com/QuantumNous/new-api/model","Test":"TestRedeemConcurrentSingleSuccess","Elapsed":2.94}
{"Time":"2026-09-10T08:23:52.8252807-04:00","Action":"run","Package":"github.com/QuantumNous/new-api/model","Test":"TestConsumeRegistrationCodeWithTxHonorsUsageLimit"}
{"Time":"2026-09-10T08:23:52.8252807-04:00","Action":"output","Package":"github.com/QuantumNous/new-api/model","Test":"TestConsumeRegistrationCodeWithTxHonorsUsageLimit","Output":"=== RUN   TestConsumeRegistrationCodeWithTxHonorsUsageLimit\n"}
{"Time":"2026-09-10T08:23:52.8273586-04:00","Action":"output","Package":"github.com/QuantumNous/new-api/model","Test":"TestConsumeRegistrationCodeWithTxHonorsUsageLimit","Output":"--- PASS: TestConsumeRegistrationCodeWithTxHonorsUsageLimit (0.00s)\n"}
{"Time":"2026-09-10T08:23:52.8273586-04:00","Action":"pass","Package":"github.com/QuantumNous/new-api/model","Test":"TestConsumeRegistrationCodeWithTxHonorsUsageLimit","Elapsed":0}
{"Time":"2026-09-10T08:23:52.8273586-04:00","Action":"run","Package":"github.com/QuantumNous/new-api/model","Test":"TestRequestDebugBodyStoresAndRetrievesFullPayload"}
{"Time":"2026-09-10T08:23:52.8273586-04:00","Action":"output","Package":"github.com/QuantumNous/new-api/model","Test":"TestRequestDebugBodyStoresAndRetrievesFullPayload","Output":"=== RUN   TestRequestDebugBodyStoresAndRetrievesFullPayload\n"}
{"Time":"2026-09-10T08:23:52.8310287-04:00","Action":"output","Package":"github.com/QuantumNous/new-api/model","Test":"TestRequestDebugBodyStoresAndRetrievesFullPayload","Output":"--- PASS: TestRequestDebugBodyStoresAndRetrievesFullPayload (0.00s)\n"}
{"Time":"2026-09-10T08:23:52.8310287-04:00","Action":"pass","Package":"github.com/QuantumNous/new-api/model","Test":"TestRequestDebugBodyStoresAndRetrievesFullPayload","Elapsed":0}
{"Time":"2026-09-10T08:23:52.8310287-04:00","Action":"run","Package":"github.com/QuantumNous/new-api/model","Test":"TestDeleteOldRequestDebugBodyBatchRemovesMetadataAndChunks"}
{"Time":"2026-09-10T08:23:52.8310287-04:00","Action":"output","Package":"github.com/QuantumNous/new-api/model","Test":"TestDeleteOldRequestDebugBodyBatchRemovesMetadataAndChunks","Output":"=== RUN   TestDeleteOldRequestDebugBodyBatchRemovesMetadataAndChunks\n"}
{"Time":"2026-09-10T08:23:52.8315507-04:00","Action":"output","Package":"github.com/QuantumNous/new-api/model","Test":"TestDeleteOldRequestDebugBodyBatchRemovesMetadataAndChunks","Output":"\r\n"}
{"Time":"2026-09-10T08:23:52.8315507-04:00","Action":"output","Package":"github.com/QuantumNous/new-api/model","Test":"TestDeleteOldRequestDebugBodyBatchRemovesMetadataAndChunks","Output":"2026/09/10 08:23:52 \u001b[31;1mD:/10178/Projects/new-api-upstream-sync/model/request_debug_body.go:120 \u001b[35;1mrecord not found\n"}
{"Time":"2026-09-10T08:23:52.8315507-04:00","Action":"output","Package":"github.com/QuantumNous/new-api/model","Test":"TestDeleteOldRequestDebugBodyBatchRemovesMetadataAndChunks","Output":"\u001b[0m\u001b[33m[0.000ms] \u001b[34;1m[rows:0]\u001b[0m SELECT * FROM `request_debug_body_records` WHERE request_id = \"request-debug-cleanup\" ORDER BY `request_debug_body_records`.`request_id` LIMIT 1\n"}
{"Time":"2026-09-10T08:23:52.8315507-04:00","Action":"output","Package":"github.com/QuantumNous/new-api/model","Test":"TestDeleteOldRequestDebugBodyBatchRemovesMetadataAndChunks","Output":"--- PASS: TestDeleteOldRequestDebugBodyBatchRemovesMetadataAndChunks (0.00s)\n"}
{"Time":"2026-09-10T08:23:52.8315507-04:00","Action":"pass","Package":"github.com/QuantumNous/new-api/model","Test":"TestDeleteOldRequestDebugBodyBatchRemovesMetadataAndChunks","Elapsed":0}
{"Time":"2026-09-10T08:23:52.8315507-04:00","Action":"run","Package":"github.com/QuantumNous/new-api/model","Test":"TestSubscriptionGroupTransitionsPreserveAuthVersionAndSessions"}
{"Time":"2026-09-10T08:23:52.8315507-04:00","Action":"output","Package":"github.com/QuantumNous/new-api/model","Test":"TestSubscriptionGroupTransitionsPreserveAuthVersionAndSessions","Output":"=== RUN   TestSubscriptionGroupTransitionsPreserveAuthVersionAndSessions\n"}
{"Time":"2026-09-10T08:23:52.8362679-04:00","Action":"output","Package":"github.com/QuantumNous/new-api/model","Test":"TestSubscriptionGroupTransitionsPreserveAuthVersionAndSessions","Output":"--- PASS: TestSubscriptionGroupTransitionsPreserveAuthVersionAndSessions (0.00s)\n"}
{"Time":"2026-09-10T08:23:52.8362679-04:00","Action":"pass","Package":"github.com/QuantumNous/new-api/model","Test":"TestSubscriptionGroupTransitionsPreserveAuthVersionAndSessions","Elapsed":0}
{"Time":"2026-09-10T08:23:52.8362679-04:00","Action":"run","Package":"github.com/QuantumNous/new-api/model","Test":"TestSubscriptionGroupCacheRefreshFailureDoesNotChangeCommittedResult"}
{"Time":"2026-09-10T08:23:52.8362679-04:00","Action":"output","Package":"github.com/QuantumNous/new-api/model","Test":"TestSubscriptionGroupCacheRefreshFailureDoesNotChangeCommittedResult","Output":"=== RUN   TestSubscriptionGroupCacheRefreshFailureDoesNotChangeCommittedResult\n"}
{"Time":"2026-09-10T08:23:52.8388672-04:00","Action":"output","Package":"github.com/QuantumNous/new-api/model","Test":"TestSubscriptionGroupCacheRefreshFailureDoesNotChangeCommittedResult","Output":"[SYS] 2026/09/10 - 08:23:52 | failed to refresh user group cache after admin subscription creation for user 1: forced redis failure \n"}
{"Time":"2026-09-10T08:23:52.8388672-04:00","Action":"output","Package":"github.com/QuantumNous/new-api/model","Test":"TestSubscriptionGroupCacheRefreshFailureDoesNotChangeCommittedResult","Output":"--- PASS: TestSubscriptionGroupCacheRefreshFailureDoesNotChangeCommittedResult (0.00s)\n"}
{"Time":"2026-09-10T08:23:52.8388672-04:00","Action":"pass","Package":"github.com/QuantumNous/new-api/model","Test":"TestSubscriptionGroupCacheRefreshFailureDoesNotChangeCommittedResult","Elapsed":0}
{"Time":"2026-09-10T08:23:52.8388672-04:00","Action":"run","Package":"github.com/QuantumNous/new-api/model","Test":"TestAdminResetUserSubscriptionsByPlanResetsAllActiveMatchesAndAdvancesTime"}
{"Time":"2026-09-10T08:23:52.8388672-04:00","Action":"output","Package":"github.com/QuantumNous/new-api/model","Test":"TestAdminResetUserSubscriptionsByPlanResetsAllActiveMatchesAndAdvancesTime","Output":"=== RUN   TestAdminResetUserSubscriptionsByPlanResetsAllActiveMatchesAndAdvancesTime\n"}
{"Time":"2026-09-10T08:23:52.8404133-04:00","Action":"output","Package":"github.com/QuantumNous/new-api/model","Test":"TestAdminResetUserSubscriptionsByPlanResetsAllActiveMatchesAndAdvancesTime","Output":"--- PASS: TestAdminResetUserSubscriptionsByPlanResetsAllActiveMatchesAndAdvancesTime (0.00s)\n"}
{"Time":"2026-09-10T08:23:52.8404133-04:00","Action":"pass","Package":"github.com/QuantumNous/new-api/model","Test":"TestAdminResetUserSubscriptionsByPlanResetsAllActiveMatchesAndAdvancesTime","Elapsed":0}
{"Time":"2026-09-10T08:23:52.8404133-04:00","Action":"run","Package":"github.com/QuantumNous/new-api/model","Test":"TestAdminResetUserSubscriptionsByPlanKeepsResetTimes"}
{"Time":"2026-09-10T08:23:52.8404133-04:00","Action":"output","Package":"github.com/QuantumNous/new-api/model","Test":"TestAdminResetUserSubscriptionsByPlanKeepsResetTimes","Output":"=== RUN   TestAdminResetUserSubscriptionsByPlanKeepsResetTimes\n"}
{"Time":"2026-09-10T08:23:52.8409368-04:00","Action":"output","Package":"github.com/QuantumNous/new-api/model","Test":"TestAdminResetUserSubscriptionsByPlanKeepsResetTimes","Output":"--- PASS: TestAdminResetUserSubscriptionsByPlanKeepsResetTimes (0.00s)\n"}
{"Time":"2026-09-10T08:23:52.8409368-04:00","Action":"pass","Package":"github.com/QuantumNous/new-api/model","Test":"TestAdminResetUserSubscriptionsByPlanKeepsResetTimes","Elapsed":0}
{"Time":"2026-09-10T08:23:52.8409368-04:00","Action":"run","Package":"github.com/QuantumNous/new-api/model","Test":"TestAdminResetUserSubscriptionsByPlanNoActiveMatchReturnsError"}
{"Time":"2026-09-10T08:23:52.8409368-04:00","Action":"output","Package":"github.com/QuantumNous/new-api/model","Test":"TestAdminResetUserSubscriptionsByPlanNoActiveMatchReturnsError","Output":"=== RUN   TestAdminResetUserSubscriptionsByPlanNoActiveMatchReturnsError\n"}
{"Time":"2026-09-10T08:23:52.8414509-04:00","Action":"output","Package":"github.com/QuantumNous/new-api/model","Test":"TestAdminResetUserSubscriptionsByPlanNoActiveMatchReturnsError","Output":"--- PASS: TestAdminResetUserSubscriptionsByPlanNoActiveMatchReturnsError (0.00s)\n"}
{"Time":"2026-09-10T08:23:52.8414509-04:00","Action":"pass","Package":"github.com/QuantumNous/new-api/model","Test":"TestAdminResetUserSubscriptionsByPlanNoActiveMatchReturnsError","Elapsed":0}
{"Time":"2026-09-10T08:23:52.8414509-04:00","Action":"run","Package":"github.com/QuantumNous/new-api/model","Test":"TestAdminResetPlanSubscriptionsResetsAllActiveUsers"}
{"Time":"2026-09-10T08:23:52.8414509-04:00","Action":"output","Package":"github.com/QuantumNous/new-api/model","Test":"TestAdminResetPlanSubscriptionsResetsAllActiveUsers","Output":"=== RUN   TestAdminResetPlanSubscriptionsResetsAllActiveUsers\n"}
{"Time":"2026-09-10T08:23:52.842492-04:00","Action":"output","Package":"github.com/QuantumNous/new-api/model","Test":"TestAdminResetPlanSubscriptionsResetsAllActiveUsers","Output":"--- PASS: TestAdminResetPlanSubscriptionsResetsAllActiveUsers (0.00s)\n"}
{"Time":"2026-09-10T08:23:52.842492-04:00","Action":"pass","Package":"github.com/QuantumNous/new-api/model","Test":"TestAdminResetPlanSubscriptionsResetsAllActiveUsers","Elapsed":0}
{"Time":"2026-09-10T08:23:52.842492-04:00","Action":"run","Package":"github.com/QuantumNous/new-api/model","Test":"TestAdminResetPlanSubscriptionsNoMatchSucceeds"}
{"Time":"2026-09-10T08:23:52.842492-04:00","Action":"output","Package":"github.com/QuantumNous/new-api/model","Test":"TestAdminResetPlanSubscriptionsNoMatchSucceeds","Output":"=== RUN   TestAdminResetPlanSubscriptionsNoMatchSucceeds\n"}
{"Time":"2026-09-10T08:23:52.8430151-04:00","Action":"output","Package":"github.com/QuantumNous/new-api/model","Test":"TestAdminResetPlanSubscriptionsNoMatchSucceeds","Output":"--- PASS: TestAdminResetPlanSubscriptionsNoMatchSucceeds (0.00s)\n"}
{"Time":"2026-09-10T08:23:52.8430151-04:00","Action":"pass","Package":"github.com/QuantumNous/new-api/model","Test":"TestAdminResetPlanSubscriptionsNoMatchSucceeds","Elapsed":0}
{"Time":"2026-09-10T08:23:52.8430151-04:00","Action":"run","Package":"github.com/QuantumNous/new-api/model","Test":"TestSystemTaskCreateAndActiveLifecycle"}
{"Time":"2026-09-10T08:23:52.8430151-04:00","Action":"output","Package":"github.com/QuantumNous/new-api/model","Test":"TestSystemTaskCreateAndActiveLifecycle","Output":"=== RUN   TestSystemTaskCreateAndActiveLifecycle\n"}
{"Time":"2026-09-10T08:23:52.8435301-04:00","Action":"output","Package":"github.com/QuantumNous/new-api/model","Test":"TestSystemTaskCreateAndActiveLifecycle","Output":"\r\n"}
{"Time":"2026-09-10T08:23:52.8435301-04:00","Action":"output","Package":"github.com/QuantumNous/new-api/model","Test":"TestSystemTaskCreateAndActiveLifecycle","Output":"2026/09/10 08:23:52 \u001b[31;1mD:/10178/Projects/new-api-upstream-sync/model/system_task.go:151 \u001b[35;1mrecord not found\n"}
{"Time":"2026-09-10T08:23:52.8435301-04:00","Action":"output","Package":"github.com/QuantumNous/new-api/model","Test":"TestSystemTaskCreateAndActiveLifecycle","Output":"\u001b[0m\u001b[33m[0.000ms] \u001b[34;1m[rows:0]\u001b[0m SELECT * FROM `system_tasks` WHERE type = \"log_cleanup\" AND status IN (\"pending\",\"running\") ORDER BY id desc,`system_tasks`.`id` LIMIT 1\n"}
{"Time":"2026-09-10T08:23:52.8440668-04:00","Action":"output","Package":"github.com/QuantumNous/new-api/model","Test":"TestSystemTaskCreateAndActiveLifecycle","Output":"--- PASS: TestSystemTaskCreateAndActiveLifecycle (0.00s)\n"}
{"Time":"2026-09-10T08:23:52.8440668-04:00","Action":"pass","Package":"github.com/QuantumNous/new-api/model","Test":"TestSystemTaskCreateAndActiveLifecycle","Elapsed":0}
{"Time":"2026-09-10T08:23:52.8440668-04:00","Action":"run","Package":"github.com/QuantumNous/new-api/model","Test":"TestSystemTaskActiveKeyPreventsDuplicateActiveRun"}
{"Time":"2026-09-10T08:23:52.8440668-04:00","Action":"output","Package":"github.com/QuantumNous/new-api/model","Test":"TestSystemTaskActiveKeyPreventsDuplicateActiveRun","Output":"=== RUN   TestSystemTaskActiveKeyPreventsDuplicateActiveRun\n"}
{"Time":"2026-09-10T08:23:52.8440668-04:00","Action":"output","Package":"github.com/QuantumNous/new-api/model","Test":"TestSystemTaskActiveKeyPreventsDuplicateActiveRun","Output":"\r\n"}
{"Time":"2026-09-10T08:23:52.8440668-04:00","Action":"output","Package":"github.com/QuantumNous/new-api/model","Test":"TestSystemTaskActiveKeyPreventsDuplicateActiveRun","Output":"2026/09/10 08:23:52 \u001b[31;1mD:/10178/Projects/new-api-upstream-sync/model/system_task.go:130 \u001b[35;1mconstraint failed: UNIQUE constraint failed: system_tasks.active_key (2067)\n"}
{"Time":"2026-09-10T08:23:52.8440668-04:00","Action":"output","Package":"github.com/QuantumNous/new-api/model","Test":"TestSystemTaskActiveKeyPreventsDuplicateActiveRun","Output":"\u001b[0m\u001b[33m[0.000ms] \u001b[34;1m[rows:0]\u001b[0m INSERT INTO `system_tasks` (`task_id`,`type`,`status`,`active_key`,`payload`,`state`,`result`,`error`,`locked_by`,`created_at`,`updated_at`) VALUES (\"systask_HaMaZjGe39bgxjqbe8c6iwzPfAot1Ll5\",\"log_cleanup\",\"pending\",\"log_cleanup\",\"{\"\"target_timestamp\"\":1000,\"\"batch_size\"\":100}\",\"{\"\"total\"\":0,\"\"processed\"\":0,\"\"progress\"\":0,\"\"remaining\"\":0}\",\"\",\"\",\"\",1789043032,1789043032) RETURNING `id`\n"}
{"Time":"2026-09-10T08:23:52.8445887-04:00","Action":"output","Package":"github.com/QuantumNous/new-api/model","Test":"TestSystemTaskActiveKeyPreventsDuplicateActiveRun","Output":"--- PASS: TestSystemTaskActiveKeyPreventsDuplicateActiveRun (0.00s)\n"}
{"Time":"2026-09-10T08:23:52.8445887-04:00","Action":"pass","Package":"github.com/QuantumNous/new-api/model","Test":"TestSystemTaskActiveKeyPreventsDuplicateActiveRun","Elapsed":0}
{"Time":"2026-09-10T08:23:52.8445887-04:00","Action":"run","Package":"github.com/QuantumNous/new-api/model","Test":"TestSystemTaskLockPreventsConcurrentClaim"}
{"Time":"2026-09-10T08:23:52.8445887-04:00","Action":"output","Package":"github.com/QuantumNous/new-api/model","Test":"TestSystemTaskLockPreventsConcurrentClaim","Output":"=== RUN   TestSystemTaskLockPreventsConcurrentClaim\n"}
{"Time":"2026-09-10T08:23:52.845107-04:00","Action":"output","Package":"github.com/QuantumNous/new-api/model","Test":"TestSystemTaskLockPreventsConcurrentClaim","Output":"\r\n"}
{"Time":"2026-09-10T08:23:52.845107-04:00","Action":"output","Package":"github.com/QuantumNous/new-api/model","Test":"TestSystemTaskLockPreventsConcurrentClaim","Output":"2026/09/10 08:23:52 \u001b[31;1mD:/10178/Projects/new-api-upstream-sync/model/system_task.go:291 \u001b[35;1mconstraint failed: UNIQUE constraint failed: system_task_locks.type (1555)\n"}
{"Time":"2026-09-10T08:23:52.845107-04:00","Action":"output","Package":"github.com/QuantumNous/new-api/model","Test":"TestSystemTaskLockPreventsConcurrentClaim","Output":"\u001b[0m\u001b[33m[0.000ms] \u001b[34;1m[rows:0]\u001b[0m INSERT INTO `system_task_locks` (`type`,`task_id`,`locked_by`,`locked_until`,`updated_at`) VALUES (\"log_cleanup\",\"systask_vUBGmTA8f9k7gLgtoc1e8JGRJHq0UWFj\",\"runner-b\",1789043092,1789043032)\n"}
{"Time":"2026-09-10T08:23:52.845107-04:00","Action":"output","Package":"github.com/QuantumNous/new-api/model","Test":"TestSystemTaskLockPreventsConcurrentClaim","Output":"--- PASS: TestSystemTaskLockPreventsConcurrentClaim (0.00s)\n"}
{"Time":"2026-09-10T08:23:52.845107-04:00","Action":"pass","Package":"github.com/QuantumNous/new-api/model","Test":"TestSystemTaskLockPreventsConcurrentClaim","Elapsed":0}
{"Time":"2026-09-10T08:23:52.845107-04:00","Action":"run","Package":"github.com/QuantumNous/new-api/model","Test":"TestExpiredSystemTaskLockFailsOldRunAndClaimsLegacyPendingRun"}
{"Time":"2026-09-10T08:23:52.845107-04:00","Action":"output","Package":"github.com/QuantumNous/new-api/model","Test":"TestExpiredSystemTaskLockFailsOldRunAndClaimsLegacyPendingRun","Output":"=== RUN   TestExpiredSystemTaskLockFailsOldRunAndClaimsLegacyPendingRun\n"}
{"Time":"2026-09-10T08:23:52.8456296-04:00","Action":"output","Package":"github.com/QuantumNous/new-api/model","Test":"TestExpiredSystemTaskLockFailsOldRunAndClaimsLegacyPendingRun","Output":"\r\n"}
{"Time":"2026-09-10T08:23:52.8456296-04:00","Action":"output","Package":"github.com/QuantumNous/new-api/model","Test":"TestExpiredSystemTaskLockFailsOldRunAndClaimsLegacyPendingRun","Output":"2026/09/10 08:23:52 \u001b[31;1mD:/10178/Projects/new-api-upstream-sync/model/system_task.go:291 \u001b[35;1mconstraint failed: UNIQUE constraint failed: system_task_locks.type (1555)\n"}
{"Time":"2026-09-10T08:23:52.8456296-04:00","Action":"output","Package":"github.com/QuantumNous/new-api/model","Test":"TestExpiredSystemTaskLockFailsOldRunAndClaimsLegacyPendingRun","Output":"\u001b[0m\u001b[33m[0.000ms] \u001b[34;1m[rows:0]\u001b[0m INSERT INTO `system_task_locks` (`type`,`task_id`,`locked_by`,`locked_until`,`updated_at`) VALUES (\"log_cleanup\",\"systask_WgZ7QsOJesLTE8FY7pwCxqYarv9TKfph\",\"runner-b\",1789043092,1789043032)\n"}
{"Time":"2026-09-10T08:23:52.8461397-04:00","Action":"output","Package":"github.com/QuantumNous/new-api/model","Test":"TestExpiredSystemTaskLockFailsOldRunAndClaimsLegacyPendingRun","Output":"--- PASS: TestExpiredSystemTaskLockFailsOldRunAndClaimsLegacyPendingRun (0.00s)\n"}
{"Time":"2026-09-10T08:23:52.8461397-04:00","Action":"pass","Package":"github.com/QuantumNous/new-api/model","Test":"TestExpiredSystemTaskLockFailsOldRunAndClaimsLegacyPendingRun","Elapsed":0}
{"Time":"2026-09-10T08:23:52.8461397-04:00","Action":"run","Package":"github.com/QuantumNous/new-api/model","Test":"TestExpireStaleSystemTaskLockFailsOldRunAndAllowsNewRun"}
{"Time":"2026-09-10T08:23:52.8461397-04:00","Action":"output","Package":"github.com/QuantumNous/new-api/model","Test":"TestExpireStaleSystemTaskLockFailsOldRunAndAllowsNewRun","Output":"=== RUN   TestExpireStaleSystemTaskLockFailsOldRunAndAllowsNewRun\n"}
{"Time":"2026-09-10T08:23:52.8466493-04:00","Action":"output","Package":"github.com/QuantumNous/new-api/model","Test":"TestExpireStaleSystemTaskLockFailsOldRunAndAllowsNewRun","Output":"--- PASS: TestExpireStaleSystemTaskLockFailsOldRunAndAllowsNewRun (0.00s)\n"}
{"Time":"2026-09-10T08:23:52.8466493-04:00","Action":"pass","Package":"github.com/QuantumNous/new-api/model","Test":"TestExpireStaleSystemTaskLockFailsOldRunAndAllowsNewRun","Elapsed":0}
{"Time":"2026-09-10T08:23:52.8466493-04:00","Action":"run","Package":"github.com/QuantumNous/new-api/model","Test":"TestFindEarliestPendingSystemTasks"}
{"Time":"2026-09-10T08:23:52.8466493-04:00","Action":"output","Package":"github.com/QuantumNous/new-api/model","Test":"TestFindEarliestPendingSystemTasks","Output":"=== RUN   TestFindEarliestPendingSystemTasks\n"}
{"Time":"2026-09-10T08:23:52.8482399-04:00","Action":"output","Package":"github.com/QuantumNous/new-api/model","Test":"TestFindEarliestPendingSystemTasks","Output":"--- PASS: TestFindEarliestPendingSystemTasks (0.00s)\n"}
{"Time":"2026-09-10T08:23:52.8482399-04:00","Action":"pass","Package":"github.com/QuantumNous/new-api/model","Test":"TestFindEarliestPendingSystemTasks","Elapsed":0}
{"Time":"2026-09-10T08:23:52.8482399-04:00","Action":"run","Package":"github.com/QuantumNous/new-api/model","Test":"TestGetLatestSystemTask"}
{"Time":"2026-09-10T08:23:52.8482399-04:00","Action":"output","Package":"github.com/QuantumNous/new-api/model","Test":"TestGetLatestSystemTask","Output":"=== RUN   TestGetLatestSystemTask\n"}
{"Time":"2026-09-10T08:23:52.8482399-04:00","Action":"output","Package":"github.com/QuantumNous/new-api/model","Test":"TestGetLatestSystemTask","Output":"\r\n"}
{"Time":"2026-09-10T08:23:52.8482399-04:00","Action":"output","Package":"github.com/QuantumNous/new-api/model","Test":"TestGetLatestSystemTask","Output":"2026/09/10 08:23:52 \u001b[31;1mD:/10178/Projects/new-api-upstream-sync/model/system_task.go:210 \u001b[35;1mrecord not found\n"}
{"Time":"2026-09-10T08:23:52.8482399-04:00","Action":"output","Package":"github.com/QuantumNous/new-api/model","Test":"TestGetLatestSystemTask","Output":"\u001b[0m\u001b[33m[0.000ms] \u001b[34;1m[rows:0]\u001b[0m SELECT * FROM `system_tasks` WHERE type = \"channel_test\" ORDER BY id desc,`system_tasks`.`id` LIMIT 1\n"}
{"Time":"2026-09-10T08:23:52.8492983-04:00","Action":"output","Package":"github.com/QuantumNous/new-api/model","Test":"TestGetLatestSystemTask","Output":"--- PASS: TestGetLatestSystemTask (0.00s)\n"}
{"Time":"2026-09-10T08:23:52.8492983-04:00","Action":"pass","Package":"github.com/QuantumNous/new-api/model","Test":"TestGetLatestSystemTask","Elapsed":0}
{"Time":"2026-09-10T08:23:52.8492983-04:00","Action":"run","Package":"github.com/QuantumNous/new-api/model","Test":"TestGetLatestSystemTasks"}
{"Time":"2026-09-10T08:23:52.8492983-04:00","Action":"output","Package":"github.com/QuantumNous/new-api/model","Test":"TestGetLatestSystemTasks","Output":"=== RUN   TestGetLatestSystemTasks\n"}
{"Time":"2026-09-10T08:23:52.8503579-04:00","Action":"output","Package":"github.com/QuantumNous/new-api/model","Test":"TestGetLatestSystemTasks","Output":"--- PASS: TestGetLatestSystemTasks (0.00s)\n"}
{"Time":"2026-09-10T08:23:52.8503579-04:00","Action":"pass","Package":"github.com/QuantumNous/new-api/model","Test":"TestGetLatestSystemTasks","Elapsed":0}
{"Time":"2026-09-10T08:23:52.8503579-04:00","Action":"run","Package":"github.com/QuantumNous/new-api/model","Test":"TestRenewSystemTaskLock"}
{"Time":"2026-09-10T08:23:52.8503579-04:00","Action":"output","Package":"github.com/QuantumNous/new-api/model","Test":"TestRenewSystemTaskLock","Output":"=== RUN   TestRenewSystemTaskLock\n"}
{"Time":"2026-09-10T08:23:52.8508782-04:00","Action":"output","Package":"github.com/QuantumNous/new-api/model","Test":"TestRenewSystemTaskLock","Output":"--- PASS: TestRenewSystemTaskLock (0.00s)\n"}
{"Time":"2026-09-10T08:23:52.8508782-04:00","Action":"pass","Package":"github.com/QuantumNous/new-api/model","Test":"TestRenewSystemTaskLock","Elapsed":0}
{"Time":"2026-09-10T08:23:52.8508782-04:00","Action":"run","Package":"github.com/QuantumNous/new-api/model","Test":"TestFinishSystemTaskRetainsExecutor"}
{"Time":"2026-09-10T08:23:52.8508782-04:00","Action":"output","Package":"github.com/QuantumNous/new-api/model","Test":"TestFinishSystemTaskRetainsExecutor","Output":"=== RUN   TestFinishSystemTaskRetainsExecutor\n"}
{"Time":"2026-09-10T08:23:52.8519142-04:00","Action":"output","Package":"github.com/QuantumNous/new-api/model","Test":"TestFinishSystemTaskRetainsExecutor","Output":"--- PASS: TestFinishSystemTaskRetainsExecutor (0.00s)\n"}
{"Time":"2026-09-10T08:23:52.8519142-04:00","Action":"pass","Package":"github.com/QuantumNous/new-api/model","Test":"TestFinishSystemTaskRetainsExecutor","Elapsed":0}
{"Time":"2026-09-10T08:23:52.8519142-04:00","Action":"run","Package":"github.com/QuantumNous/new-api/model","Test":"TestSystemTaskUpdatesRequireCurrentLock"}
{"Time":"2026-09-10T08:23:52.8519142-04:00","Action":"output","Package":"github.com/QuantumNous/new-api/model","Test":"TestSystemTaskUpdatesRequireCurrentLock","Output":"=== RUN   TestSystemTaskUpdatesRequireCurrentLock\n"}
{"Time":"2026-09-10T08:23:52.8529528-04:00","Action":"output","Package":"github.com/QuantumNous/new-api/model","Test":"TestSystemTaskUpdatesRequireCurrentLock","Output":"--- PASS: TestSystemTaskUpdatesRequireCurrentLock (0.00s)\n"}
{"Time":"2026-09-10T08:23:52.8529528-04:00","Action":"pass","Package":"github.com/QuantumNous/new-api/model","Test":"TestSystemTaskUpdatesRequireCurrentLock","Elapsed":0}
{"Time":"2026-09-10T08:23:52.8529528-04:00","Action":"run","Package":"github.com/QuantumNous/new-api/model","Test":"TestSystemTaskUpdatesRequireUnexpiredLock"}
{"Time":"2026-09-10T08:23:52.8529528-04:00","Action":"output","Package":"github.com/QuantumNous/new-api/model","Test":"TestSystemTaskUpdatesRequireUnexpiredLock","Output":"=== RUN   TestSystemTaskUpdatesRequireUnexpiredLock\n"}
{"Time":"2026-09-10T08:23:52.8534617-04:00","Action":"output","Package":"github.com/QuantumNous/new-api/model","Test":"TestSystemTaskUpdatesRequireUnexpiredLock","Output":"--- PASS: TestSystemTaskUpdatesRequireUnexpiredLock (0.00s)\n"}
{"Time":"2026-09-10T08:23:52.8534617-04:00","Action":"pass","Package":"github.com/QuantumNous/new-api/model","Test":"TestSystemTaskUpdatesRequireUnexpiredLock","Elapsed":0}
{"Time":"2026-09-10T08:23:52.8534617-04:00","Action":"run","Package":"github.com/QuantumNous/new-api/model","Test":"TestUpdateSystemTaskStateIdenticalPayloadDoesNotLoseLock"}
{"Time":"2026-09-10T08:23:52.8534617-04:00","Action":"output","Package":"github.com/QuantumNous/new-api/model","Test":"TestUpdateSystemTaskStateIdenticalPayloadDoesNotLoseLock","Output":"=== RUN   TestUpdateSystemTaskStateIdenticalPayloadDoesNotLoseLock\n"}
{"Time":"2026-09-10T08:23:52.8539822-04:00","Action":"output","Package":"github.com/QuantumNous/new-api/model","Test":"TestUpdateSystemTaskStateIdenticalPayloadDoesNotLoseLock","Output":"--- PASS: TestUpdateSystemTaskStateIdenticalPayloadDoesNotLoseLock (0.00s)\n"}
{"Time":"2026-09-10T08:23:52.8539822-04:00","Action":"pass","Package":"github.com/QuantumNous/new-api/model","Test":"TestUpdateSystemTaskStateIdenticalPayloadDoesNotLoseLock","Elapsed":0}
{"Time":"2026-09-10T08:23:52.8539822-04:00","Action":"run","Package":"github.com/QuantumNous/new-api/model","Test":"TestCreateSystemTaskTxRollbackAndActiveKey"}
{"Time":"2026-09-10T08:23:52.8539822-04:00","Action":"output","Package":"github.com/QuantumNous/new-api/model","Test":"TestCreateSystemTaskTxRollbackAndActiveKey","Output":"=== RUN   TestCreateSystemTaskTxRollbackAndActiveKey\n"}
{"Time":"2026-09-10T08:23:52.8544919-04:00","Action":"output","Package":"github.com/QuantumNous/new-api/model","Test":"TestCreateSystemTaskTxRollbackAndActiveKey","Output":"\r\n"}
{"Time":"2026-09-10T08:23:52.8544919-04:00","Action":"output","Package":"github.com/QuantumNous/new-api/model","Test":"TestCreateSystemTaskTxRollbackAndActiveKey","Output":"2026/09/10 08:23:52 \u001b[31;1mD:/10178/Projects/new-api-upstream-sync/model/system_task.go:130 \u001b[35;1mconstraint failed: UNIQUE constraint failed: system_tasks.active_key (2067)\n"}
{"Time":"2026-09-10T08:23:52.8544919-04:00","Action":"output","Package":"github.com/QuantumNous/new-api/model","Test":"TestCreateSystemTaskTxRollbackAndActiveKey","Output":"\u001b[0m\u001b[33m[0.510ms] \u001b[34;1m[rows:0]\u001b[0m INSERT INTO `system_tasks` (`task_id`,`type`,`status`,`active_key`,`payload`,`state`,`result`,`error`,`locked_by`,`created_at`,`updated_at`) VALUES (\"systask_06fxBqJnxzBahHlstbILrpVDU7ykITEa\",\"tx_task\",\"pending\",\"tx_task\",\"\",\"\",\"\",\"\",\"\",1789043032,1789043032) RETURNING `id`\n"}
{"Time":"2026-09-10T08:23:52.8544919-04:00","Action":"output","Package":"github.com/QuantumNous/new-api/model","Test":"TestCreateSystemTaskTxRollbackAndActiveKey","Output":"--- PASS: TestCreateSystemTaskTxRollbackAndActiveKey (0.00s)\n"}
{"Time":"2026-09-10T08:23:52.8544919-04:00","Action":"pass","Package":"github.com/QuantumNous/new-api/model","Test":"TestCreateSystemTaskTxRollbackAndActiveKey","Elapsed":0}
{"Time":"2026-09-10T08:23:52.8544919-04:00","Action":"run","Package":"github.com/QuantumNous/new-api/model","Test":"TestFinishSystemTaskTxRollsBackWithCallerTransaction"}
{"Time":"2026-09-10T08:23:52.8544919-04:00","Action":"output","Package":"github.com/QuantumNous/new-api/model","Test":"TestFinishSystemTaskTxRollsBackWithCallerTransaction","Output":"=== RUN   TestFinishSystemTaskTxRollsBackWithCallerTransaction\n"}
{"Time":"2026-09-10T08:23:52.8550009-04:00","Action":"output","Package":"github.com/QuantumNous/new-api/model","Test":"TestFinishSystemTaskTxRollsBackWithCallerTransaction","Output":"--- PASS: TestFinishSystemTaskTxRollsBackWithCallerTransaction (0.00s)\n"}
{"Time":"2026-09-10T08:23:52.8550009-04:00","Action":"pass","Package":"github.com/QuantumNous/new-api/model","Test":"TestFinishSystemTaskTxRollsBackWithCallerTransaction","Elapsed":0}
{"Time":"2026-09-10T08:23:52.8550009-04:00","Action":"run","Package":"github.com/QuantumNous/new-api/model","Test":"TestSnapshotEqual_Same"}
{"Time":"2026-09-10T08:23:52.8550009-04:00","Action":"output","Package":"github.com/QuantumNous/new-api/model","Test":"TestSnapshotEqual_Same","Output":"=== RUN   TestSnapshotEqual_Same\n"}
{"Time":"2026-09-10T08:23:52.8550009-04:00","Action":"output","Package":"github.com/QuantumNous/new-api/model","Test":"TestSnapshotEqual_Same","Output":"--- PASS: TestSnapshotEqual_Same (0.00s)\n"}
{"Time":"2026-09-10T08:23:52.8550009-04:00","Action":"pass","Package":"github.com/QuantumNous/new-api/model","Test":"TestSnapshotEqual_Same","Elapsed":0}
{"Time":"2026-09-10T08:23:52.8550009-04:00","Action":"run","Package":"github.com/QuantumNous/new-api/model","Test":"TestSnapshotEqual_DifferentStatus"}
{"Time":"2026-09-10T08:23:52.8550009-04:00","Action":"output","Package":"github.com/QuantumNous/new-api/model","Test":"TestSnapshotEqual_DifferentStatus","Output":"=== RUN   TestSnapshotEqual_DifferentStatus\n"}
{"Time":"2026-09-10T08:23:52.8550009-04:00","Action":"output","Package":"github.com/QuantumNous/new-api/model","Test":"TestSnapshotEqual_DifferentStatus","Output":"--- PASS: TestSnapshotEqual_DifferentStatus (0.00s)\n"}
{"Time":"2026-09-10T08:23:52.8550009-04:00","Action":"pass","Package":"github.com/QuantumNous/new-api/model","Test":"TestSnapshotEqual_DifferentStatus","Elapsed":0}
{"Time":"2026-09-10T08:23:52.8555135-04:00","Action":"run","Package":"github.com/QuantumNous/new-api/model","Test":"TestSnapshotEqual_DifferentProgress"}
{"Time":"2026-09-10T08:23:52.8555135-04:00","Action":"output","Package":"github.com/QuantumNous/new-api/model","Test":"TestSnapshotEqual_DifferentProgress","Output":"=== RUN   TestSnapshotEqual_DifferentProgress\n"}
{"Time":"2026-09-10T08:23:52.8555135-04:00","Action":"output","Package":"github.com/QuantumNous/new-api/model","Test":"TestSnapshotEqual_DifferentProgress","Output":"--- PASS: TestSnapshotEqual_DifferentProgress (0.00s)\n"}
{"Time":"2026-09-10T08:23:52.8555135-04:00","Action":"pass","Package":"github.com/QuantumNous/new-api/model","Test":"TestSnapshotEqual_DifferentProgress","Elapsed":0}
{"Time":"2026-09-10T08:23:52.8555135-04:00","Action":"run","Package":"github.com/QuantumNous/new-api/model","Test":"TestSnapshotEqual_DifferentData"}
{"Time":"2026-09-10T08:23:52.8555135-04:00","Action":"output","Package":"github.com/QuantumNous/new-api/model","Test":"TestSnapshotEqual_DifferentData","Output":"=== RUN   TestSnapshotEqual_DifferentData\n"}
{"Time":"2026-09-10T08:23:52.8555135-04:00","Action":"output","Package":"github.com/QuantumNous/new-api/model","Test":"TestSnapshotEqual_DifferentData","Output":"--- PASS: TestSnapshotEqual_DifferentData (0.00s)\n"}
{"Time":"2026-09-10T08:23:52.8555135-04:00","Action":"pass","Package":"github.com/QuantumNous/new-api/model","Test":"TestSnapshotEqual_DifferentData","Elapsed":0}
{"Time":"2026-09-10T08:23:52.8555135-04:00","Action":"run","Package":"github.com/QuantumNous/new-api/model","Test":"TestSnapshotEqual_NilVsEmpty"}
{"Time":"2026-09-10T08:23:52.8555135-04:00","Action":"output","Package":"github.com/QuantumNous/new-api/model","Test":"TestSnapshotEqual_NilVsEmpty","Output":"=== RUN   TestSnapshotEqual_NilVsEmpty\n"}
{"Time":"2026-09-10T08:23:52.8555135-04:00","Action":"output","Package":"github.com/QuantumNous/new-api/model","Test":"TestSnapshotEqual_NilVsEmpty","Output":"--- PASS: TestSnapshotEqual_NilVsEmpty (0.00s)\n"}
{"Time":"2026-09-10T08:23:52.8555135-04:00","Action":"pass","Package":"github.com/QuantumNous/new-api/model","Test":"TestSnapshotEqual_NilVsEmpty","Elapsed":0}
{"Time":"2026-09-10T08:23:52.8555135-04:00","Action":"run","Package":"github.com/QuantumNous/new-api/model","Test":"TestSnapshot_Roundtrip"}
{"Time":"2026-09-10T08:23:52.8555135-04:00","Action":"output","Package":"github.com/QuantumNous/new-api/model","Test":"TestSnapshot_Roundtrip","Output":"=== RUN   TestSnapshot_Roundtrip\n"}
{"Time":"2026-09-10T08:23:52.8555135-04:00","Action":"output","Package":"github.com/QuantumNous/new-api/model","Test":"TestSnapshot_Roundtrip","Output":"--- PASS: TestSnapshot_Roundtrip (0.00s)\n"}
{"Time":"2026-09-10T08:23:52.8555135-04:00","Action":"pass","Package":"github.com/QuantumNous/new-api/model","Test":"TestSnapshot_Roundtrip","Elapsed":0}
{"Time":"2026-09-10T08:23:52.8555135-04:00","Action":"run","Package":"github.com/QuantumNous/new-api/model","Test":"TestUpdateWithStatus_Win"}
{"Time":"2026-09-10T08:23:52.8555135-04:00","Action":"output","Package":"github.com/QuantumNous/new-api/model","Test":"TestUpdateWithStatus_Win","Output":"=== RUN   TestUpdateWithStatus_Win\n"}
{"Time":"2026-09-10T08:23:52.8560456-04:00","Action":"output","Package":"github.com/QuantumNous/new-api/model","Test":"TestUpdateWithStatus_Win","Output":"--- PASS: TestUpdateWithStatus_Win (0.00s)\n"}
{"Time":"2026-09-10T08:23:52.8560456-04:00","Action":"pass","Package":"github.com/QuantumNous/new-api/model","Test":"TestUpdateWithStatus_Win","Elapsed":0}
{"Time":"2026-09-10T08:23:52.8560456-04:00","Action":"run","Package":"github.com/QuantumNous/new-api/model","Test":"TestUpdateWithStatus_Lose"}
{"Time":"2026-09-10T08:23:52.8560456-04:00","Action":"output","Package":"github.com/QuantumNous/new-api/model","Test":"TestUpdateWithStatus_Lose","Output":"=== RUN   TestUpdateWithStatus_Lose\n"}
{"Time":"2026-09-10T08:23:52.8565597-04:00","Action":"output","Package":"github.com/QuantumNous/new-api/model","Test":"TestUpdateWithStatus_Lose","Output":"--- PASS: TestUpdateWithStatus_Lose (0.00s)\n"}
{"Time":"2026-09-10T08:23:52.8565597-04:00","Action":"pass","Package":"github.com/QuantumNous/new-api/model","Test":"TestUpdateWithStatus_Lose","Elapsed":0}
{"Time":"2026-09-10T08:23:52.8565597-04:00","Action":"run","Package":"github.com/QuantumNous/new-api/model","Test":"TestUpdateWithStatus_ConcurrentWinner"}
{"Time":"2026-09-10T08:23:52.8565597-04:00","Action":"output","Package":"github.com/QuantumNous/new-api/model","Test":"TestUpdateWithStatus_ConcurrentWinner","Output":"=== RUN   TestUpdateWithStatus_ConcurrentWinner\n"}
{"Time":"2026-09-10T08:23:52.8576344-04:00","Action":"output","Package":"github.com/QuantumNous/new-api/model","Test":"TestUpdateWithStatus_ConcurrentWinner","Output":"--- PASS: TestUpdateWithStatus_ConcurrentWinner (0.00s)\n"}
{"Time":"2026-09-10T08:23:52.8576344-04:00","Action":"pass","Package":"github.com/QuantumNous/new-api/model","Test":"TestUpdateWithStatus_ConcurrentWinner","Elapsed":0}
{"Time":"2026-09-10T08:23:52.8576344-04:00","Action":"run","Package":"github.com/QuantumNous/new-api/model","Test":"TestMigrateTokenKeyUniquenessSQLite"}
{"Time":"2026-09-10T08:23:52.8576344-04:00","Action":"output","Package":"github.com/QuantumNous/new-api/model","Test":"TestMigrateTokenKeyUniquenessSQLite","Output":"=== RUN   TestMigrateTokenKeyUniquenessSQLite\n"}
{"Time":"2026-09-10T08:23:52.8586758-04:00","Action":"output","Package":"github.com/QuantumNous/new-api/model","Test":"TestMigrateTokenKeyUniquenessSQLite","Output":"--- PASS: TestMigrateTokenKeyUniquenessSQLite (0.00s)\n"}
{"Time":"2026-09-10T08:23:52.8586758-04:00","Action":"pass","Package":"github.com/QuantumNous/new-api/model","Test":"TestMigrateTokenKeyUniquenessSQLite","Elapsed":0}
{"Time":"2026-09-10T08:23:52.8586758-04:00","Action":"run","Package":"github.com/QuantumNous/new-api/model","Test":"TestMigrateTokenKeyUniquenessMySQL"}
{"Time":"2026-09-10T08:23:52.8586758-04:00","Action":"output","Package":"github.com/QuantumNous/new-api/model","Test":"TestMigrateTokenKeyUniquenessMySQL","Output":"=== RUN   TestMigrateTokenKeyUniquenessMySQL\n"}
{"Time":"2026-09-10T08:23:55.0114936-04:00","Action":"output","Package":"github.com/QuantumNous/new-api/model","Test":"TestMigrateTokenKeyUniquenessMySQL","Output":"--- PASS: TestMigrateTokenKeyUniquenessMySQL (2.15s)\n"}
{"Time":"2026-09-10T08:23:55.0114936-04:00","Action":"pass","Package":"github.com/QuantumNous/new-api/model","Test":"TestMigrateTokenKeyUniquenessMySQL","Elapsed":2.15}
{"Time":"2026-09-10T08:23:55.0114936-04:00","Action":"run","Package":"github.com/QuantumNous/new-api/model","Test":"TestMigrateTokenKeyUniquenessPostgreSQL"}
{"Time":"2026-09-10T08:23:55.0114936-04:00","Action":"output","Package":"github.com/QuantumNous/new-api/model","Test":"TestMigrateTokenKeyUniquenessPostgreSQL","Output":"=== RUN   TestMigrateTokenKeyUniquenessPostgreSQL\n"}
{"Time":"2026-09-10T08:23:55.0158356-04:00","Action":"run","Package":"github.com/QuantumNous/new-api/model","Test":"TestMigrateTokenKeyUniquenessPostgreSQL/fresh"}
{"Time":"2026-09-10T08:23:55.0158356-04:00","Action":"output","Package":"github.com/QuantumNous/new-api/model","Test":"TestMigrateTokenKeyUniquenessPostgreSQL/fresh","Output":"=== RUN   TestMigrateTokenKeyUniquenessPostgreSQL/fresh\n"}
{"Time":"2026-09-10T08:23:55.1092559-04:00","Action":"output","Package":"github.com/QuantumNous/new-api/model","Test":"TestMigrateTokenKeyUniquenessPostgreSQL/fresh","Output":"\r\n"}
{"Time":"2026-09-10T08:23:55.1092559-04:00","Action":"output","Package":"github.com/QuantumNous/new-api/model","Test":"TestMigrateTokenKeyUniquenessPostgreSQL/fresh","Output":"2026/09/10 08:23:55 \u001b[31;1mD:/10178/Projects/new-api-upstream-sync/model/token_migration_test.go:286 \u001b[35;1mERROR: duplicate key value violates unique constraint \"idx_tokens_key\" (SQLSTATE 23505)\n"}
{"Time":"2026-09-10T08:23:55.1092559-04:00","Action":"output","Package":"github.com/QuantumNous/new-api/model","Test":"TestMigrateTokenKeyUniquenessPostgreSQL/fresh","Output":"\u001b[0m\u001b[33m[1.242ms] \u001b[34;1m[rows:0]\u001b[0m INSERT INTO \"tokens\" (\"user_id\",\"key\",\"status\",\"name\",\"created_time\",\"accessed_time\",\"expired_time\",\"remain_quota\",\"unlimited_quota\",\"model_limits_enabled\",\"model_limits\",\"allow_ips\",\"used_quota\",\"group\",\"cross_group_retry\",\"deleted_at\") VALUES (2,'preserved-key',1,'',0,0,-1,0,false,false,'','',0,'',false,NULL) RETURNING \"id\"\n"}
{"Time":"2026-09-10T08:23:55.110858-04:00","Action":"output","Package":"github.com/QuantumNous/new-api/model","Test":"TestMigrateTokenKeyUniquenessPostgreSQL/fresh","Output":"--- PASS: TestMigrateTokenKeyUniquenessPostgreSQL/fresh (0.09s)\n"}
{"Time":"2026-09-10T08:23:55.110858-04:00","Action":"pass","Package":"github.com/QuantumNous/new-api/model","Test":"TestMigrateTokenKeyUniquenessPostgreSQL/fresh","Elapsed":0.09}
{"Time":"2026-09-10T08:23:55.110858-04:00","Action":"run","Package":"github.com/QuantumNous/new-api/model","Test":"TestMigrateTokenKeyUniquenessPostgreSQL/legacy_idx_constraint"}
{"Time":"2026-09-10T08:23:55.110858-04:00","Action":"output","Package":"github.com/QuantumNous/new-api/model","Test":"TestMigrateTokenKeyUniquenessPostgreSQL/legacy_idx_constraint","Output":"=== RUN   TestMigrateTokenKeyUniquenessPostgreSQL/legacy_idx_constraint\n"}
{"Time":"2026-09-10T08:23:55.2093685-04:00","Action":"output","Package":"github.com/QuantumNous/new-api/model","Test":"TestMigrateTokenKeyUniquenessPostgreSQL/legacy_idx_constraint","Output":"\r\n"}
{"Time":"2026-09-10T08:23:55.2093685-04:00","Action":"output","Package":"github.com/QuantumNous/new-api/model","Test":"TestMigrateTokenKeyUniquenessPostgreSQL/legacy_idx_constraint","Output":"2026/09/10 08:23:55 \u001b[31;1mD:/10178/Projects/new-api-upstream-sync/model/token_migration_test.go:286 \u001b[35;1mERROR: duplicate key value violates unique constraint \"idx_tokens_key\" (SQLSTATE 23505)\n"}
{"Time":"2026-09-10T08:23:55.2093685-04:00","Action":"output","Package":"github.com/QuantumNous/new-api/model","Test":"TestMigrateTokenKeyUniquenessPostgreSQL/legacy_idx_constraint","Output":"\u001b[0m\u001b[33m[1.034ms] \u001b[34;1m[rows:0]\u001b[0m INSERT INTO \"tokens\" (\"user_id\",\"key\",\"status\",\"name\",\"created_time\",\"accessed_time\",\"expired_time\",\"remain_quota\",\"unlimited_quota\",\"model_limits_enabled\",\"model_limits\",\"allow_ips\",\"used_quota\",\"group\",\"cross_group_retry\",\"deleted_at\") VALUES (2,'preserved-key',1,'',0,0,-1,0,false,false,'','',0,'',false,NULL) RETURNING \"id\"\n"}
{"Time":"2026-09-10T08:23:55.2109449-04:00","Action":"output","Package":"github.com/QuantumNous/new-api/model","Test":"TestMigrateTokenKeyUniquenessPostgreSQL/legacy_idx_constraint","Output":"--- PASS: TestMigrateTokenKeyUniquenessPostgreSQL/legacy_idx_constraint (0.10s)\n"}
{"Time":"2026-09-10T08:23:55.2109449-04:00","Action":"pass","Package":"github.com/QuantumNous/new-api/model","Test":"TestMigrateTokenKeyUniquenessPostgreSQL/legacy_idx_constraint","Elapsed":0.1}
{"Time":"2026-09-10T08:23:55.2109449-04:00","Action":"run","Package":"github.com/QuantumNous/new-api/model","Test":"TestMigrateTokenKeyUniquenessPostgreSQL/gorm_generated_constraint"}
{"Time":"2026-09-10T08:23:55.2109449-04:00","Action":"output","Package":"github.com/QuantumNous/new-api/model","Test":"TestMigrateTokenKeyUniquenessPostgreSQL/gorm_generated_constraint","Output":"=== RUN   TestMigrateTokenKeyUniquenessPostgreSQL/gorm_generated_constraint\n"}
{"Time":"2026-09-10T08:23:55.3083045-04:00","Action":"output","Package":"github.com/QuantumNous/new-api/model","Test":"TestMigrateTokenKeyUniquenessPostgreSQL/gorm_generated_constraint","Output":"\r\n"}
{"Time":"2026-09-10T08:23:55.3083045-04:00","Action":"output","Package":"github.com/QuantumNous/new-api/model","Test":"TestMigrateTokenKeyUniquenessPostgreSQL/gorm_generated_constraint","Output":"2026/09/10 08:23:55 \u001b[31;1mD:/10178/Projects/new-api-upstream-sync/model/token_migration_test.go:286 \u001b[35;1mERROR: duplicate key value violates unique constraint \"idx_tokens_key\" (SQLSTATE 23505)\n"}
{"Time":"2026-09-10T08:23:55.3083045-04:00","Action":"output","Package":"github.com/QuantumNous/new-api/model","Test":"TestMigrateTokenKeyUniquenessPostgreSQL/gorm_generated_constraint","Output":"\u001b[0m\u001b[33m[1.006ms] \u001b[34;1m[rows:0]\u001b[0m INSERT INTO \"tokens\" (\"user_id\",\"key\",\"status\",\"name\",\"created_time\",\"accessed_time\",\"expired_time\",\"remain_quota\",\"unlimited_quota\",\"model_limits_enabled\",\"model_limits\",\"allow_ips\",\"used_quota\",\"group\",\"cross_group_retry\",\"deleted_at\") VALUES (2,'preserved-key',1,'',0,0,-1,0,false,false,'','',0,'',false,NULL) RETURNING \"id\"\n"}
{"Time":"2026-09-10T08:23:55.3098834-04:00","Action":"output","Package":"github.com/QuantumNous/new-api/model","Test":"TestMigrateTokenKeyUniquenessPostgreSQL/gorm_generated_constraint","Output":"--- PASS: TestMigrateTokenKeyUniquenessPostgreSQL/gorm_generated_constraint (0.10s)\n"}
{"Time":"2026-09-10T08:23:55.310407-04:00","Action":"pass","Package":"github.com/QuantumNous/new-api/model","Test":"TestMigrateTokenKeyUniquenessPostgreSQL/gorm_generated_constraint","Elapsed":0.1}
{"Time":"2026-09-10T08:23:55.310407-04:00","Action":"run","Package":"github.com/QuantumNous/new-api/model","Test":"TestMigrateTokenKeyUniquenessPostgreSQL/postgres_default_constraint_without_target_index"}
{"Time":"2026-09-10T08:23:55.310407-04:00","Action":"output","Package":"github.com/QuantumNous/new-api/model","Test":"TestMigrateTokenKeyUniquenessPostgreSQL/postgres_default_constraint_without_target_index","Output":"=== RUN   TestMigrateTokenKeyUniquenessPostgreSQL/postgres_default_constraint_without_target_index\n"}
{"Time":"2026-09-10T08:23:55.4129424-04:00","Action":"output","Package":"github.com/QuantumNous/new-api/model","Test":"TestMigrateTokenKeyUniquenessPostgreSQL/postgres_default_constraint_without_target_index","Output":"\r\n"}
{"Time":"2026-09-10T08:23:55.4129424-04:00","Action":"output","Package":"github.com/QuantumNous/new-api/model","Test":"TestMigrateTokenKeyUniquenessPostgreSQL/postgres_default_constraint_without_target_index","Output":"2026/09/10 08:23:55 \u001b[31;1mD:/10178/Projects/new-api-upstream-sync/model/token_migration_test.go:286 \u001b[35;1mERROR: duplicate key value violates unique constraint \"idx_tokens_key\" (SQLSTATE 23505)\n"}
{"Time":"2026-09-10T08:23:55.4129424-04:00","Action":"output","Package":"github.com/QuantumNous/new-api/model","Test":"TestMigrateTokenKeyUniquenessPostgreSQL/postgres_default_constraint_without_target_index","Output":"\u001b[0m\u001b[33m[0.504ms] \u001b[34;1m[rows:0]\u001b[0m INSERT INTO \"tokens\" (\"user_id\",\"key\",\"status\",\"name\",\"created_time\",\"accessed_time\",\"expired_time\",\"remain_quota\",\"unlimited_quota\",\"model_limits_enabled\",\"model_limits\",\"allow_ips\",\"used_quota\",\"group\",\"cross_group_retry\",\"deleted_at\") VALUES (2,'preserved-key',1,'',0,0,-1,0,false,false,'','',0,'',false,NULL) RETURNING \"id\"\n"}
{"Time":"2026-09-10T08:23:55.4146617-04:00","Action":"output","Package":"github.com/QuantumNous/new-api/model","Test":"TestMigrateTokenKeyUniquenessPostgreSQL/postgres_default_constraint_without_target_index","Output":"--- PASS: TestMigrateTokenKeyUniquenessPostgreSQL/postgres_default_constraint_without_target_index (0.10s)\n"}
{"Time":"2026-09-10T08:23:55.4146617-04:00","Action":"pass","Package":"github.com/QuantumNous/new-api/model","Test":"TestMigrateTokenKeyUniquenessPostgreSQL/postgres_default_constraint_without_target_index","Elapsed":0.1}
{"Time":"2026-09-10T08:23:55.4146617-04:00","Action":"run","Package":"github.com/QuantumNous/new-api/model","Test":"TestMigrateTokenKeyUniquenessPostgreSQL/non_conflicting_uniqueness_is_preserved"}
{"Time":"2026-09-10T08:23:55.4146617-04:00","Action":"output","Package":"github.com/QuantumNous/new-api/model","Test":"TestMigrateTokenKeyUniquenessPostgreSQL/non_conflicting_uniqueness_is_preserved","Output":"=== RUN   TestMigrateTokenKeyUniquenessPostgreSQL/non_conflicting_uniqueness_is_preserved\n"}
{"Time":"2026-09-10T08:23:55.5204307-04:00","Action":"output","Package":"github.com/QuantumNous/new-api/model","Test":"TestMigrateTokenKeyUniquenessPostgreSQL/non_conflicting_uniqueness_is_preserved","Output":"\r\n"}
{"Time":"2026-09-10T08:23:55.5204307-04:00","Action":"output","Package":"github.com/QuantumNous/new-api/model","Test":"TestMigrateTokenKeyUniquenessPostgreSQL/non_conflicting_uniqueness_is_preserved","Output":"2026/09/10 08:23:55 \u001b[31;1mD:/10178/Projects/new-api-upstream-sync/model/token_migration_test.go:286 \u001b[35;1mERROR: duplicate key value violates unique constraint \"idx_tokens_key\" (SQLSTATE 23505)\n"}
{"Time":"2026-09-10T08:23:55.5204307-04:00","Action":"output","Package":"github.com/QuantumNous/new-api/model","Test":"TestMigrateTokenKeyUniquenessPostgreSQL/non_conflicting_uniqueness_is_preserved","Output":"\u001b[0m\u001b[33m[1.045ms] \u001b[34;1m[rows:0]\u001b[0m INSERT INTO \"tokens\" (\"user_id\",\"key\",\"status\",\"name\",\"created_time\",\"accessed_time\",\"expired_time\",\"remain_quota\",\"unlimited_quota\",\"model_limits_enabled\",\"model_limits\",\"allow_ips\",\"used_quota\",\"group\",\"cross_group_retry\",\"deleted_at\") VALUES (2,'preserved-key',1,'',0,0,-1,0,false,false,'','',0,'',false,NULL) RETURNING \"id\"\n"}
{"Time":"2026-09-10T08:23:55.5221027-04:00","Action":"output","Package":"github.com/QuantumNous/new-api/model","Test":"TestMigrateTokenKeyUniquenessPostgreSQL/non_conflicting_uniqueness_is_preserved","Output":"--- PASS: TestMigrateTokenKeyUniquenessPostgreSQL/non_conflicting_uniqueness_is_preserved (0.11s)\n"}
{"Time":"2026-09-10T08:23:55.5221027-04:00","Action":"pass","Package":"github.com/QuantumNous/new-api/model","Test":"TestMigrateTokenKeyUniquenessPostgreSQL/non_conflicting_uniqueness_is_preserved","Elapsed":0.11}
{"Time":"2026-09-10T08:23:55.5221027-04:00","Action":"run","Package":"github.com/QuantumNous/new-api/model","Test":"TestMigrateTokenKeyUniquenessPostgreSQL/arbitrary_constraint_is_rejected"}
{"Time":"2026-09-10T08:23:55.5221027-04:00","Action":"output","Package":"github.com/QuantumNous/new-api/model","Test":"TestMigrateTokenKeyUniquenessPostgreSQL/arbitrary_constraint_is_rejected","Output":"=== RUN   TestMigrateTokenKeyUniquenessPostgreSQL/arbitrary_constraint_is_rejected\n"}
{"Time":"2026-09-10T08:23:55.5471449-04:00","Action":"output","Package":"github.com/QuantumNous/new-api/model","Test":"TestMigrateTokenKeyUniquenessPostgreSQL/arbitrary_constraint_is_rejected","Output":"--- PASS: TestMigrateTokenKeyUniquenessPostgreSQL/arbitrary_constraint_is_rejected (0.02s)\n"}
{"Time":"2026-09-10T08:23:55.5471449-04:00","Action":"pass","Package":"github.com/QuantumNous/new-api/model","Test":"TestMigrateTokenKeyUniquenessPostgreSQL/arbitrary_constraint_is_rejected","Elapsed":0.02}
{"Time":"2026-09-10T08:23:55.5471449-04:00","Action":"run","Package":"github.com/QuantumNous/new-api/model","Test":"TestMigrateTokenKeyUniquenessPostgreSQL/deferrable_constraint_is_rejected"}
{"Time":"2026-09-10T08:23:55.5471449-04:00","Action":"output","Package":"github.com/QuantumNous/new-api/model","Test":"TestMigrateTokenKeyUniquenessPostgreSQL/deferrable_constraint_is_rejected","Output":"=== RUN   TestMigrateTokenKeyUniquenessPostgreSQL/deferrable_constraint_is_rejected\n"}
{"Time":"2026-09-10T08:23:55.5742079-04:00","Action":"output","Package":"github.com/QuantumNous/new-api/model","Test":"TestMigrateTokenKeyUniquenessPostgreSQL/deferrable_constraint_is_rejected","Output":"--- PASS: TestMigrateTokenKeyUniquenessPostgreSQL/deferrable_constraint_is_rejected (0.03s)\n"}
{"Time":"2026-09-10T08:23:55.5742079-04:00","Action":"pass","Package":"github.com/QuantumNous/new-api/model","Test":"TestMigrateTokenKeyUniquenessPostgreSQL/deferrable_constraint_is_rejected","Elapsed":0.03}
{"Time":"2026-09-10T08:23:55.5742079-04:00","Action":"run","Package":"github.com/QuantumNous/new-api/model","Test":"TestMigrateTokenKeyUniquenessPostgreSQL/invalid_target_index_is_rejected"}
{"Time":"2026-09-10T08:23:55.5742079-04:00","Action":"output","Package":"github.com/QuantumNous/new-api/model","Test":"TestMigrateTokenKeyUniquenessPostgreSQL/invalid_target_index_is_rejected","Output":"=== RUN   TestMigrateTokenKeyUniquenessPostgreSQL/invalid_target_index_is_rejected\n"}
{"Time":"2026-09-10T08:23:55.6060492-04:00","Action":"output","Package":"github.com/QuantumNous/new-api/model","Test":"TestMigrateTokenKeyUniquenessPostgreSQL/invalid_target_index_is_rejected","Output":"--- PASS: TestMigrateTokenKeyUniquenessPostgreSQL/invalid_target_index_is_rejected (0.03s)\n"}
{"Time":"2026-09-10T08:23:55.6060492-04:00","Action":"pass","Package":"github.com/QuantumNous/new-api/model","Test":"TestMigrateTokenKeyUniquenessPostgreSQL/invalid_target_index_is_rejected","Elapsed":0.03}
{"Time":"2026-09-10T08:23:55.6060492-04:00","Action":"output","Package":"github.com/QuantumNous/new-api/model","Test":"TestMigrateTokenKeyUniquenessPostgreSQL","Output":"--- PASS: TestMigrateTokenKeyUniquenessPostgreSQL (0.59s)\n"}
{"Time":"2026-09-10T08:23:55.6060492-04:00","Action":"pass","Package":"github.com/QuantumNous/new-api/model","Test":"TestMigrateTokenKeyUniquenessPostgreSQL","Elapsed":0.59}
{"Time":"2026-09-10T08:23:55.6060492-04:00","Action":"run","Package":"github.com/QuantumNous/new-api/model","Test":"TestGetFlowQuotaDataUsesQuotaDataRoleSpecificDimensions"}
{"Time":"2026-09-10T08:23:55.6060492-04:00","Action":"output","Package":"github.com/QuantumNous/new-api/model","Test":"TestGetFlowQuotaDataUsesQuotaDataRoleSpecificDimensions","Output":"=== RUN   TestGetFlowQuotaDataUsesQuotaDataRoleSpecificDimensions\n"}
{"Time":"2026-09-10T08:23:55.6076068-04:00","Action":"output","Package":"github.com/QuantumNous/new-api/model","Test":"TestGetFlowQuotaDataUsesQuotaDataRoleSpecificDimensions","Output":"--- PASS: TestGetFlowQuotaDataUsesQuotaDataRoleSpecificDimensions (0.00s)\n"}
{"Time":"2026-09-10T08:23:55.6076068-04:00","Action":"pass","Package":"github.com/QuantumNous/new-api/model","Test":"TestGetFlowQuotaDataUsesQuotaDataRoleSpecificDimensions","Elapsed":0}
{"Time":"2026-09-10T08:23:55.6076068-04:00","Action":"run","Package":"github.com/QuantumNous/new-api/model","Test":"TestLogQuotaDataSplitsRowsByUseGroupTokenChannelAndNode"}
{"Time":"2026-09-10T08:23:55.6076068-04:00","Action":"output","Package":"github.com/QuantumNous/new-api/model","Test":"TestLogQuotaDataSplitsRowsByUseGroupTokenChannelAndNode","Output":"=== RUN   TestLogQuotaDataSplitsRowsByUseGroupTokenChannelAndNode\n"}
{"Time":"2026-09-10T08:23:55.6076068-04:00","Action":"output","Package":"github.com/QuantumNous/new-api/model","Test":"TestLogQuotaDataSplitsRowsByUseGroupTokenChannelAndNode","Output":"\r\n"}
{"Time":"2026-09-10T08:23:55.6076068-04:00","Action":"output","Package":"github.com/QuantumNous/new-api/model","Test":"TestLogQuotaDataSplitsRowsByUseGroupTokenChannelAndNode","Output":"2026/09/10 08:23:55 \u001b[31;1mD:/10178/Projects/new-api-upstream-sync/model/usedata.go:113 \u001b[35;1mrecord not found\n"}
{"Time":"2026-09-10T08:23:55.6076068-04:00","Action":"output","Package":"github.com/QuantumNous/new-api/model","Test":"TestLogQuotaDataSplitsRowsByUseGroupTokenChannelAndNode","Output":"\u001b[0m\u001b[33m[0.000ms] \u001b[34;1m[rows:0]\u001b[0m SELECT * FROM `quota_data` WHERE user_id = 1 and username = \"alice\" and model_name = \"gpt-a\" and created_at = 3600 and use_group = \"vip\" and token_id = 11 and channel_id = 1 and node_name = \"node-a\" ORDER BY `quota_data`.`id` LIMIT 1\n"}
{"Time":"2026-09-10T08:23:55.6081547-04:00","Action":"output","Package":"github.com/QuantumNous/new-api/model","Test":"TestLogQuotaDataSplitsRowsByUseGroupTokenChannelAndNode","Output":"\r\n"}
{"Time":"2026-09-10T08:23:55.6081547-04:00","Action":"output","Package":"github.com/QuantumNous/new-api/model","Test":"TestLogQuotaDataSplitsRowsByUseGroupTokenChannelAndNode","Output":"2026/09/10 08:23:55 \u001b[31;1mD:/10178/Projects/new-api-upstream-sync/model/usedata.go:113 \u001b[35;1mrecord not found\n"}
{"Time":"2026-09-10T08:23:55.6081547-04:00","Action":"output","Package":"github.com/QuantumNous/new-api/model","Test":"TestLogQuotaDataSplitsRowsByUseGroupTokenChannelAndNode","Output":"\u001b[0m\u001b[33m[0.000ms] \u001b[34;1m[rows:0]\u001b[0m SELECT * FROM `quota_data` WHERE user_id = 1 and username = \"alice\" and model_name = \"gpt-a\" and created_at = 3600 and use_group = \"default\" and token_id = 11 and channel_id = 1 and node_name = \"node-a\" ORDER BY `quota_data`.`id` LIMIT 1\n"}
{"Time":"2026-09-10T08:23:55.6081547-04:00","Action":"output","Package":"github.com/QuantumNous/new-api/model","Test":"TestLogQuotaDataSplitsRowsByUseGroupTokenChannelAndNode","Output":"[SYS] 2026/09/10 - 08:23:55 | 保存数据看板数据成功，共保存2条数据 \n"}
{"Time":"2026-09-10T08:23:55.6086769-04:00","Action":"output","Package":"github.com/QuantumNous/new-api/model","Test":"TestLogQuotaDataSplitsRowsByUseGroupTokenChannelAndNode","Output":"--- PASS: TestLogQuotaDataSplitsRowsByUseGroupTokenChannelAndNode (0.00s)\n"}
{"Time":"2026-09-10T08:23:55.6086769-04:00","Action":"pass","Package":"github.com/QuantumNous/new-api/model","Test":"TestLogQuotaDataSplitsRowsByUseGroupTokenChannelAndNode","Elapsed":0}
{"Time":"2026-09-10T08:23:55.6086769-04:00","Action":"run","Package":"github.com/QuantumNous/new-api/model","Test":"TestHardDeleteUserFailsClosedWhenAuthFenceCannotPublish"}
{"Time":"2026-09-10T08:23:55.6086769-04:00","Action":"output","Package":"github.com/QuantumNous/new-api/model","Test":"TestHardDeleteUserFailsClosedWhenAuthFenceCannotPublish","Output":"=== RUN   TestHardDeleteUserFailsClosedWhenAuthFenceCannotPublish\n"}
{"Time":"2026-09-10T08:23:55.6097096-04:00","Action":"output","Package":"github.com/QuantumNous/new-api/model","Test":"TestHardDeleteUserFailsClosedWhenAuthFenceCannotPublish","Output":"--- PASS: TestHardDeleteUserFailsClosedWhenAuthFenceCannotPublish (0.00s)\n"}
{"Time":"2026-09-10T08:23:55.6097096-04:00","Action":"pass","Package":"github.com/QuantumNous/new-api/model","Test":"TestHardDeleteUserFailsClosedWhenAuthFenceCannotPublish","Elapsed":0}
{"Time":"2026-09-10T08:23:55.6097096-04:00","Action":"run","Package":"github.com/QuantumNous/new-api/model","Test":"TestHardDeleteUserPublishesTombstoneAndPurgesAuthenticationData"}
{"Time":"2026-09-10T08:23:55.6097096-04:00","Action":"output","Package":"github.com/QuantumNous/new-api/model","Test":"TestHardDeleteUserPublishesTombstoneAndPurgesAuthenticationData","Output":"=== RUN   TestHardDeleteUserPublishesTombstoneAndPurgesAuthenticationData\n"}
{"Time":"2026-09-10T08:23:55.6139552-04:00","Action":"output","Package":"github.com/QuantumNous/new-api/model","Test":"TestHardDeleteUserPublishesTombstoneAndPurgesAuthenticationData","Output":"--- PASS: TestHardDeleteUserPublishesTombstoneAndPurgesAuthenticationData (0.00s)\n"}
{"Time":"2026-09-10T08:23:55.6139552-04:00","Action":"pass","Package":"github.com/QuantumNous/new-api/model","Test":"TestHardDeleteUserPublishesTombstoneAndPurgesAuthenticationData","Elapsed":0}
{"Time":"2026-09-10T08:23:55.6139552-04:00","Action":"run","Package":"github.com/QuantumNous/new-api/model","Test":"TestIncrementFailedAttemptsCountsConcurrentFailures"}
{"Time":"2026-09-10T08:23:55.6139552-04:00","Action":"output","Package":"github.com/QuantumNous/new-api/model","Test":"TestIncrementFailedAttemptsCountsConcurrentFailures","Output":"=== RUN   TestIncrementFailedAttemptsCountsConcurrentFailures\n"}
{"Time":"2026-09-10T08:23:55.6150004-04:00","Action":"output","Package":"github.com/QuantumNous/new-api/model","Test":"TestIncrementFailedAttemptsCountsConcurrentFailures","Output":"--- PASS: TestIncrementFailedAttemptsCountsConcurrentFailures (0.00s)\n"}
{"Time":"2026-09-10T08:23:55.6150004-04:00","Action":"pass","Package":"github.com/QuantumNous/new-api/model","Test":"TestIncrementFailedAttemptsCountsConcurrentFailures","Elapsed":0}
{"Time":"2026-09-10T08:23:55.6150004-04:00","Action":"run","Package":"github.com/QuantumNous/new-api/model","Test":"TestValidateBackupCodeCanOnlySucceedOnce"}
{"Time":"2026-09-10T08:23:55.6150004-04:00","Action":"output","Package":"github.com/QuantumNous/new-api/model","Test":"TestValidateBackupCodeCanOnlySucceedOnce","Output":"=== RUN   TestValidateBackupCodeCanOnlySucceedOnce\n"}
{"Time":"2026-09-10T08:23:55.6919921-04:00","Action":"output","Package":"github.com/QuantumNous/new-api/model","Test":"TestValidateBackupCodeCanOnlySucceedOnce","Output":"--- PASS: TestValidateBackupCodeCanOnlySucceedOnce (0.08s)\n"}
{"Time":"2026-09-10T08:23:55.6923819-04:00","Action":"pass","Package":"github.com/QuantumNous/new-api/model","Test":"TestValidateBackupCodeCanOnlySucceedOnce","Elapsed":0.08}
{"Time":"2026-09-10T08:23:55.6923819-04:00","Action":"run","Package":"github.com/QuantumNous/new-api/model","Test":"TestPendingTwoFASetupAPIsRejectEnabledFactor"}
{"Time":"2026-09-10T08:23:55.6923819-04:00","Action":"output","Package":"github.com/QuantumNous/new-api/model","Test":"TestPendingTwoFASetupAPIsRejectEnabledFactor","Output":"=== RUN   TestPendingTwoFASetupAPIsRejectEnabledFactor\n"}
{"Time":"2026-09-10T08:23:55.6923819-04:00","Action":"output","Package":"github.com/QuantumNous/new-api/model","Test":"TestPendingTwoFASetupAPIsRejectEnabledFactor","Output":"\r\n"}
{"Time":"2026-09-10T08:23:55.6923819-04:00","Action":"output","Package":"github.com/QuantumNous/new-api/model","Test":"TestPendingTwoFASetupAPIsRejectEnabledFactor","Output":"2026/09/10 08:23:55 \u001b[31;1mD:/10178/Projects/new-api-upstream-sync/model/twofa.go:192 \u001b[35;1mrecord not found\n"}
{"Time":"2026-09-10T08:23:55.6923819-04:00","Action":"output","Package":"github.com/QuantumNous/new-api/model","Test":"TestPendingTwoFASetupAPIsRejectEnabledFactor","Output":"\u001b[0m\u001b[33m[0.000ms] \u001b[34;1m[rows:0]\u001b[0m SELECT * FROM `two_fas` WHERE (user_id = 313 AND is_enabled = false) AND `two_fas`.`deleted_at` IS NULL ORDER BY `two_fas`.`id` LIMIT 1\n"}
{"Time":"2026-09-10T08:23:55.6923819-04:00","Action":"output","Package":"github.com/QuantumNous/new-api/model","Test":"TestPendingTwoFASetupAPIsRejectEnabledFactor","Output":"\r\n"}
{"Time":"2026-09-10T08:23:55.6923819-04:00","Action":"output","Package":"github.com/QuantumNous/new-api/model","Test":"TestPendingTwoFASetupAPIsRejectEnabledFactor","Output":"2026/09/10 08:23:55 \u001b[31;1mD:/10178/Projects/new-api-upstream-sync/model/twofa.go:114 \u001b[35;1mrecord not found\n"}
{"Time":"2026-09-10T08:23:55.6923819-04:00","Action":"output","Package":"github.com/QuantumNous/new-api/model","Test":"TestPendingTwoFASetupAPIsRejectEnabledFactor","Output":"\u001b[0m\u001b[33m[0.000ms] \u001b[34;1m[rows:0]\u001b[0m SELECT * FROM `two_fas` WHERE (id = 5 AND user_id = 313 AND is_enabled = false) AND `two_fas`.`deleted_at` IS NULL ORDER BY `two_fas`.`id` LIMIT 1\n"}
{"Time":"2026-09-10T08:23:55.6928863-04:00","Action":"output","Package":"github.com/QuantumNous/new-api/model","Test":"TestPendingTwoFASetupAPIsRejectEnabledFactor","Output":"--- PASS: TestPendingTwoFASetupAPIsRejectEnabledFactor (0.00s)\n"}
{"Time":"2026-09-10T08:23:55.6928863-04:00","Action":"pass","Package":"github.com/QuantumNous/new-api/model","Test":"TestPendingTwoFASetupAPIsRejectEnabledFactor","Elapsed":0}
{"Time":"2026-09-10T08:23:55.6928863-04:00","Action":"run","Package":"github.com/QuantumNous/new-api/model","Test":"TestSecurityFactorMutationsAdvanceUserAuthVersion"}
{"Time":"2026-09-10T08:23:55.6928863-04:00","Action":"output","Package":"github.com/QuantumNous/new-api/model","Test":"TestSecurityFactorMutationsAdvanceUserAuthVersion","Output":"=== RUN   TestSecurityFactorMutationsAdvanceUserAuthVersion\n"}
{"Time":"2026-09-10T08:23:55.693411-04:00","Action":"output","Package":"github.com/QuantumNous/new-api/model","Test":"TestSecurityFactorMutationsAdvanceUserAuthVersion","Output":"\r\n"}
{"Time":"2026-09-10T08:23:55.693411-04:00","Action":"output","Package":"github.com/QuantumNous/new-api/model","Test":"TestSecurityFactorMutationsAdvanceUserAuthVersion","Output":"2026/09/10 08:23:55 \u001b[31;1mD:/10178/Projects/new-api-upstream-sync/model/twofa.go:309 \u001b[35;1mrecord not found\n"}
{"Time":"2026-09-10T08:23:55.693411-04:00","Action":"output","Package":"github.com/QuantumNous/new-api/model","Test":"TestSecurityFactorMutationsAdvanceUserAuthVersion","Output":"\u001b[0m\u001b[33m[0.000ms] \u001b[34;1m[rows:0]\u001b[0m SELECT * FROM `two_fas` WHERE (id = 6 AND user_id = 314 AND is_enabled = false) AND `two_fas`.`deleted_at` IS NULL ORDER BY `two_fas`.`id` LIMIT 1\n"}
{"Time":"2026-09-10T08:23:55.7319849-04:00","Action":"output","Package":"github.com/QuantumNous/new-api/model","Test":"TestSecurityFactorMutationsAdvanceUserAuthVersion","Output":"--- PASS: TestSecurityFactorMutationsAdvanceUserAuthVersion (0.04s)\n"}
{"Time":"2026-09-10T08:23:55.7326081-04:00","Action":"pass","Package":"github.com/QuantumNous/new-api/model","Test":"TestSecurityFactorMutationsAdvanceUserAuthVersion","Elapsed":0.04}
{"Time":"2026-09-10T08:23:55.7326081-04:00","Action":"run","Package":"github.com/QuantumNous/new-api/model","Test":"TestUpdatePasskeyAssertionStateCannotRewriteRegistrationIdentity"}
{"Time":"2026-09-10T08:23:55.7326081-04:00","Action":"output","Package":"github.com/QuantumNous/new-api/model","Test":"TestUpdatePasskeyAssertionStateCannotRewriteRegistrationIdentity","Output":"=== RUN   TestUpdatePasskeyAssertionStateCannotRewriteRegistrationIdentity\n"}
{"Time":"2026-09-10T08:23:55.7331134-04:00","Action":"output","Package":"github.com/QuantumNous/new-api/model","Test":"TestUpdatePasskeyAssertionStateCannotRewriteRegistrationIdentity","Output":"--- PASS: TestUpdatePasskeyAssertionStateCannotRewriteRegistrationIdentity (0.00s)\n"}
{"Time":"2026-09-10T08:23:55.7331134-04:00","Action":"pass","Package":"github.com/QuantumNous/new-api/model","Test":"TestUpdatePasskeyAssertionStateCannotRewriteRegistrationIdentity","Elapsed":0}
{"Time":"2026-09-10T08:23:55.7331134-04:00","Action":"run","Package":"github.com/QuantumNous/new-api/model","Test":"TestMultiplePasskeysRemainIndependentAcrossCreateAndDelete"}
{"Time":"2026-09-10T08:23:55.7331134-04:00","Action":"output","Package":"github.com/QuantumNous/new-api/model","Test":"TestMultiplePasskeysRemainIndependentAcrossCreateAndDelete","Output":"=== RUN   TestMultiplePasskeysRemainIndependentAcrossCreateAndDelete\n"}
{"Time":"2026-09-10T08:23:55.734176-04:00","Action":"output","Package":"github.com/QuantumNous/new-api/model","Test":"TestMultiplePasskeysRemainIndependentAcrossCreateAndDelete","Output":"\r\n"}
{"Time":"2026-09-10T08:23:55.734176-04:00","Action":"output","Package":"github.com/QuantumNous/new-api/model","Test":"TestMultiplePasskeysRemainIndependentAcrossCreateAndDelete","Output":"2026/09/10 08:23:55 \u001b[31;1mD:/10178/Projects/new-api-upstream-sync/model/passkey.go:319 \u001b[35;1mrecord not found\n"}
{"Time":"2026-09-10T08:23:55.734176-04:00","Action":"output","Package":"github.com/QuantumNous/new-api/model","Test":"TestMultiplePasskeysRemainIndependentAcrossCreateAndDelete","Output":"\u001b[0m\u001b[33m[0.000ms] \u001b[34;1m[rows:0]\u001b[0m SELECT * FROM `passkey_credentials` WHERE (id = 6 AND user_id = 317) AND `passkey_credentials`.`deleted_at` IS NULL ORDER BY `passkey_credentials`.`id` LIMIT 1\n"}
{"Time":"2026-09-10T08:23:55.7346934-04:00","Action":"output","Package":"github.com/QuantumNous/new-api/model","Test":"TestMultiplePasskeysRemainIndependentAcrossCreateAndDelete","Output":"--- PASS: TestMultiplePasskeysRemainIndependentAcrossCreateAndDelete (0.00s)\n"}
{"Time":"2026-09-10T08:23:55.7346934-04:00","Action":"pass","Package":"github.com/QuantumNous/new-api/model","Test":"TestMultiplePasskeysRemainIndependentAcrossCreateAndDelete","Elapsed":0}
{"Time":"2026-09-10T08:23:55.7346934-04:00","Action":"run","Package":"github.com/QuantumNous/new-api/model","Test":"TestCreatePasskeyRejectsDuplicateNameAndEleventhCredentialWithoutVersionChange"}
{"Time":"2026-09-10T08:23:55.7346934-04:00","Action":"output","Package":"github.com/QuantumNous/new-api/model","Test":"TestCreatePasskeyRejectsDuplicateNameAndEleventhCredentialWithoutVersionChange","Output":"=== RUN   TestCreatePasskeyRejectsDuplicateNameAndEleventhCredentialWithoutVersionChange\n"}
{"Time":"2026-09-10T08:23:55.7383705-04:00","Action":"output","Package":"github.com/QuantumNous/new-api/model","Test":"TestCreatePasskeyRejectsDuplicateNameAndEleventhCredentialWithoutVersionChange","Output":"--- PASS: TestCreatePasskeyRejectsDuplicateNameAndEleventhCredentialWithoutVersionChange (0.00s)\n"}
{"Time":"2026-09-10T08:23:55.7383705-04:00","Action":"pass","Package":"github.com/QuantumNous/new-api/model","Test":"TestCreatePasskeyRejectsDuplicateNameAndEleventhCredentialWithoutVersionChange","Elapsed":0}
{"Time":"2026-09-10T08:23:55.7383705-04:00","Action":"run","Package":"github.com/QuantumNous/new-api/model","Test":"TestCreatePasskeyTrimsDisplayNameBeforeCaseInsensitiveUniquenessCheck"}
{"Time":"2026-09-10T08:23:55.7383705-04:00","Action":"output","Package":"github.com/QuantumNous/new-api/model","Test":"TestCreatePasskeyTrimsDisplayNameBeforeCaseInsensitiveUniquenessCheck","Output":"=== RUN   TestCreatePasskeyTrimsDisplayNameBeforeCaseInsensitiveUniquenessCheck\n"}
{"Time":"2026-09-10T08:23:55.7388791-04:00","Action":"output","Package":"github.com/QuantumNous/new-api/model","Test":"TestCreatePasskeyTrimsDisplayNameBeforeCaseInsensitiveUniquenessCheck","Output":"--- PASS: TestCreatePasskeyTrimsDisplayNameBeforeCaseInsensitiveUniquenessCheck (0.00s)\n"}
{"Time":"2026-09-10T08:23:55.7388791-04:00","Action":"pass","Package":"github.com/QuantumNous/new-api/model","Test":"TestCreatePasskeyTrimsDisplayNameBeforeCaseInsensitiveUniquenessCheck","Elapsed":0}
{"Time":"2026-09-10T08:23:55.7388791-04:00","Action":"run","Package":"github.com/QuantumNous/new-api/model","Test":"TestApplyAndReleaseUserAutoBan"}
{"Time":"2026-09-10T08:23:55.7388791-04:00","Action":"output","Package":"github.com/QuantumNous/new-api/model","Test":"TestApplyAndReleaseUserAutoBan","Output":"=== RUN   TestApplyAndReleaseUserAutoBan\n"}
{"Time":"2026-09-10T08:23:55.7436287-04:00","Action":"output","Package":"github.com/QuantumNous/new-api/model","Test":"TestApplyAndReleaseUserAutoBan","Output":"--- PASS: TestApplyAndReleaseUserAutoBan (0.00s)\n"}
{"Time":"2026-09-10T08:23:55.7436287-04:00","Action":"pass","Package":"github.com/QuantumNous/new-api/model","Test":"TestApplyAndReleaseUserAutoBan","Elapsed":0}
{"Time":"2026-09-10T08:23:55.7436287-04:00","Action":"run","Package":"github.com/QuantumNous/new-api/model","Test":"TestAutoBanObservationIsDeduplicatedWithinWindow"}
{"Time":"2026-09-10T08:23:55.7436287-04:00","Action":"output","Package":"github.com/QuantumNous/new-api/model","Test":"TestAutoBanObservationIsDeduplicatedWithinWindow","Output":"=== RUN   TestAutoBanObservationIsDeduplicatedWithinWindow\n"}
{"Time":"2026-09-10T08:23:55.7457042-04:00","Action":"output","Package":"github.com/QuantumNous/new-api/model","Test":"TestAutoBanObservationIsDeduplicatedWithinWindow","Output":"\r\n"}
{"Time":"2026-09-10T08:23:55.7457042-04:00","Action":"output","Package":"github.com/QuantumNous/new-api/model","Test":"TestAutoBanObservationIsDeduplicatedWithinWindow","Output":"2026/09/10 08:23:55 \u001b[31;1mD:/10178/Projects/new-api-upstream-sync/model/user_auto_ban.go:232 \u001b[35;1mrecord not found\n"}
{"Time":"2026-09-10T08:23:55.7457042-04:00","Action":"output","Package":"github.com/QuantumNous/new-api/model","Test":"TestAutoBanObservationIsDeduplicatedWithinWindow","Output":"\u001b[0m\u001b[33m[0.000ms] \u001b[34;1m[rows:0]\u001b[0m SELECT * FROM `user_auto_ban_records` WHERE user_id = 1 AND rule_type = \"model_probing\" AND status = \"observed\" AND created_at \u003e= 1789042735 ORDER BY id DESC,`user_auto_ban_records`.`id` LIMIT 1\n"}
{"Time":"2026-09-10T08:23:55.7457042-04:00","Action":"output","Package":"github.com/QuantumNous/new-api/model","Test":"TestAutoBanObservationIsDeduplicatedWithinWindow","Output":"--- PASS: TestAutoBanObservationIsDeduplicatedWithinWindow (0.00s)\n"}
{"Time":"2026-09-10T08:23:55.7457042-04:00","Action":"pass","Package":"github.com/QuantumNous/new-api/model","Test":"TestAutoBanObservationIsDeduplicatedWithinWindow","Elapsed":0}
{"Time":"2026-09-10T08:23:55.7457042-04:00","Action":"run","Package":"github.com/QuantumNous/new-api/model","Test":"TestExpiredAutoBanAllowsAccess"}
{"Time":"2026-09-10T08:23:55.7457042-04:00","Action":"output","Package":"github.com/QuantumNous/new-api/model","Test":"TestExpiredAutoBanAllowsAccess","Output":"=== RUN   TestExpiredAutoBanAllowsAccess\n"}
{"Time":"2026-09-10T08:23:55.7457042-04:00","Action":"output","Package":"github.com/QuantumNous/new-api/model","Test":"TestExpiredAutoBanAllowsAccess","Output":"--- PASS: TestExpiredAutoBanAllowsAccess (0.00s)\n"}
{"Time":"2026-09-10T08:23:55.7457042-04:00","Action":"pass","Package":"github.com/QuantumNous/new-api/model","Test":"TestExpiredAutoBanAllowsAccess","Elapsed":0}
{"Time":"2026-09-10T08:23:55.7457042-04:00","Action":"run","Package":"github.com/QuantumNous/new-api/model","Test":"TestPermanentUserAutoBanRemainsActiveAndCanBeReleased"}
{"Time":"2026-09-10T08:23:55.7457042-04:00","Action":"output","Package":"github.com/QuantumNous/new-api/model","Test":"TestPermanentUserAutoBanRemainsActiveAndCanBeReleased","Output":"=== RUN   TestPermanentUserAutoBanRemainsActiveAndCanBeReleased\n"}
{"Time":"2026-09-10T08:23:55.74882-04:00","Action":"output","Package":"github.com/QuantumNous/new-api/model","Test":"TestPermanentUserAutoBanRemainsActiveAndCanBeReleased","Output":"--- PASS: TestPermanentUserAutoBanRemainsActiveAndCanBeReleased (0.00s)\n"}
{"Time":"2026-09-10T08:23:55.74882-04:00","Action":"pass","Package":"github.com/QuantumNous/new-api/model","Test":"TestPermanentUserAutoBanRemainsActiveAndCanBeReleased","Elapsed":0}
{"Time":"2026-09-10T08:23:55.74882-04:00","Action":"run","Package":"github.com/QuantumNous/new-api/model","Test":"TestUserAvatarSaveGetAndDelete"}
{"Time":"2026-09-10T08:23:55.74882-04:00","Action":"output","Package":"github.com/QuantumNous/new-api/model","Test":"TestUserAvatarSaveGetAndDelete","Output":"=== RUN   TestUserAvatarSaveGetAndDelete\n"}
{"Time":"2026-09-10T08:23:55.749329-04:00","Action":"output","Package":"github.com/QuantumNous/new-api/model","Test":"TestUserAvatarSaveGetAndDelete","Output":"\r\n"}
{"Time":"2026-09-10T08:23:55.749329-04:00","Action":"output","Package":"github.com/QuantumNous/new-api/model","Test":"TestUserAvatarSaveGetAndDelete","Output":"2026/09/10 08:23:55 \u001b[31;1mD:/10178/Projects/new-api-upstream-sync/model/user_avatar.go:67 \u001b[35;1mrecord not found\n"}
{"Time":"2026-09-10T08:23:55.749329-04:00","Action":"output","Package":"github.com/QuantumNous/new-api/model","Test":"TestUserAvatarSaveGetAndDelete","Output":"\u001b[0m\u001b[33m[0.000ms] \u001b[34;1m[rows:0]\u001b[0m SELECT * FROM `user_avatars` WHERE user_id = 7 ORDER BY `user_avatars`.`id` LIMIT 1\n"}
{"Time":"2026-09-10T08:23:55.7498576-04:00","Action":"output","Package":"github.com/QuantumNous/new-api/model","Test":"TestUserAvatarSaveGetAndDelete","Output":"\r\n"}
{"Time":"2026-09-10T08:23:55.7498576-04:00","Action":"output","Package":"github.com/QuantumNous/new-api/model","Test":"TestUserAvatarSaveGetAndDelete","Output":"2026/09/10 08:23:55 \u001b[31;1mD:/10178/Projects/new-api-upstream-sync/model/user_avatar.go:38 \u001b[35;1mrecord not found\n"}
{"Time":"2026-09-10T08:23:55.7498576-04:00","Action":"output","Package":"github.com/QuantumNous/new-api/model","Test":"TestUserAvatarSaveGetAndDelete","Output":"\u001b[0m\u001b[33m[0.000ms] \u001b[34;1m[rows:0]\u001b[0m SELECT * FROM `user_avatars` WHERE user_id = 7 ORDER BY `user_avatars`.`id` LIMIT 1\n"}
{"Time":"2026-09-10T08:23:55.7498576-04:00","Action":"output","Package":"github.com/QuantumNous/new-api/model","Test":"TestUserAvatarSaveGetAndDelete","Output":"--- PASS: TestUserAvatarSaveGetAndDelete (0.00s)\n"}
{"Time":"2026-09-10T08:23:55.7498576-04:00","Action":"pass","Package":"github.com/QuantumNous/new-api/model","Test":"TestUserAvatarSaveGetAndDelete","Elapsed":0}
{"Time":"2026-09-10T08:23:55.7498576-04:00","Action":"run","Package":"github.com/QuantumNous/new-api/model","Test":"TestDeleteUserAvatarWithTxSkipsLegacyFixtureWithoutTable"}
{"Time":"2026-09-10T08:23:55.7498576-04:00","Action":"output","Package":"github.com/QuantumNous/new-api/model","Test":"TestDeleteUserAvatarWithTxSkipsLegacyFixtureWithoutTable","Output":"=== RUN   TestDeleteUserAvatarWithTxSkipsLegacyFixtureWithoutTable\n"}
{"Time":"2026-09-10T08:23:55.7498576-04:00","Action":"output","Package":"github.com/QuantumNous/new-api/model","Test":"TestDeleteUserAvatarWithTxSkipsLegacyFixtureWithoutTable","Output":"--- PASS: TestDeleteUserAvatarWithTxSkipsLegacyFixtureWithoutTable (0.00s)\n"}
{"Time":"2026-09-10T08:23:55.7498576-04:00","Action":"pass","Package":"github.com/QuantumNous/new-api/model","Test":"TestDeleteUserAvatarWithTxSkipsLegacyFixtureWithoutTable","Elapsed":0}
{"Time":"2026-09-10T08:23:55.7498576-04:00","Action":"run","Package":"github.com/QuantumNous/new-api/model","Test":"TestUserAuthFenceRollbackExpiresAndRecovers"}
{"Time":"2026-09-10T08:23:55.7498576-04:00","Action":"output","Package":"github.com/QuantumNous/new-api/model","Test":"TestUserAuthFenceRollbackExpiresAndRecovers","Output":"=== RUN   TestUserAuthFenceRollbackExpiresAndRecovers\n"}
{"Time":"2026-09-10T08:23:55.7524007-04:00","Action":"output","Package":"github.com/QuantumNous/new-api/model","Test":"TestUserAuthFenceRollbackExpiresAndRecovers","Output":"--- PASS: TestUserAuthFenceRollbackExpiresAndRecovers (0.00s)\n"}
{"Time":"2026-09-10T08:23:55.7531855-04:00","Action":"pass","Package":"github.com/QuantumNous/new-api/model","Test":"TestUserAuthFenceRollbackExpiresAndRecovers","Elapsed":0}
{"Time":"2026-09-10T08:23:55.7531855-04:00","Action":"run","Package":"github.com/QuantumNous/new-api/model","Test":"TestPendingUserAuthFenceRejectsStaleCacheWrite"}
{"Time":"2026-09-10T08:23:55.7531855-04:00","Action":"output","Package":"github.com/QuantumNous/new-api/model","Test":"TestPendingUserAuthFenceRejectsStaleCacheWrite","Output":"=== RUN   TestPendingUserAuthFenceRejectsStaleCacheWrite\n"}
{"Time":"2026-09-10T08:23:55.7536894-04:00","Action":"output","Package":"github.com/QuantumNous/new-api/model","Test":"TestPendingUserAuthFenceRejectsStaleCacheWrite","Output":"--- PASS: TestPendingUserAuthFenceRejectsStaleCacheWrite (0.00s)\n"}
{"Time":"2026-09-10T08:23:55.7536894-04:00","Action":"pass","Package":"github.com/QuantumNous/new-api/model","Test":"TestPendingUserAuthFenceRejectsStaleCacheWrite","Elapsed":0}
{"Time":"2026-09-10T08:23:55.7536894-04:00","Action":"run","Package":"github.com/QuantumNous/new-api/model","Test":"TestUserAuthFieldUpdateRejectsVersionMismatch"}
{"Time":"2026-09-10T08:23:55.7536894-04:00","Action":"output","Package":"github.com/QuantumNous/new-api/model","Test":"TestUserAuthFieldUpdateRejectsVersionMismatch","Output":"=== RUN   TestUserAuthFieldUpdateRejectsVersionMismatch\n"}
{"Time":"2026-09-10T08:23:55.7547291-04:00","Action":"output","Package":"github.com/QuantumNous/new-api/model","Test":"TestUserAuthFieldUpdateRejectsVersionMismatch","Output":"--- PASS: TestUserAuthFieldUpdateRejectsVersionMismatch (0.00s)\n"}
{"Time":"2026-09-10T08:23:55.7547291-04:00","Action":"pass","Package":"github.com/QuantumNous/new-api/model","Test":"TestUserAuthFieldUpdateRejectsVersionMismatch","Elapsed":0}
{"Time":"2026-09-10T08:23:55.7547291-04:00","Action":"run","Package":"github.com/QuantumNous/new-api/model","Test":"TestRefreshUserGroupCacheRepairsDelayedSameVersionWrite"}
{"Time":"2026-09-10T08:23:55.7547291-04:00","Action":"output","Package":"github.com/QuantumNous/new-api/model","Test":"TestRefreshUserGroupCacheRepairsDelayedSameVersionWrite","Output":"=== RUN   TestRefreshUserGroupCacheRepairsDelayedSameVersionWrite\n"}
{"Time":"2026-09-10T08:23:55.7574691-04:00","Action":"output","Package":"github.com/QuantumNous/new-api/model","Test":"TestRefreshUserGroupCacheRepairsDelayedSameVersionWrite","Output":"\r\n"}
{"Time":"2026-09-10T08:23:55.7574691-04:00","Action":"output","Package":"github.com/QuantumNous/new-api/model","Test":"TestRefreshUserGroupCacheRepairsDelayedSameVersionWrite","Output":"2026/09/10 08:23:55 \u001b[34;1mD:/10178/Projects/new-api-upstream-sync/model/user_cache_auth_version_test.go:130\n"}
{"Time":"2026-09-10T08:23:55.7574691-04:00","Action":"output","Package":"github.com/QuantumNous/new-api/model","Test":"TestRefreshUserGroupCacheRepairsDelayedSameVersionWrite","Output":"\u001b[0m\u001b[35m[warn] \u001b[0mremoving callback `test:block_delayed_group_refresh` from D:/10178/Projects/new-api-upstream-sync/model/user_cache_auth_version_test.go:130\n"}
{"Time":"2026-09-10T08:23:55.7585362-04:00","Action":"output","Package":"github.com/QuantumNous/new-api/model","Test":"TestRefreshUserGroupCacheRepairsDelayedSameVersionWrite","Output":"--- PASS: TestRefreshUserGroupCacheRepairsDelayedSameVersionWrite (0.00s)\n"}
{"Time":"2026-09-10T08:23:55.7585362-04:00","Action":"pass","Package":"github.com/QuantumNous/new-api/model","Test":"TestRefreshUserGroupCacheRepairsDelayedSameVersionWrite","Elapsed":0}
{"Time":"2026-09-10T08:23:55.7585362-04:00","Action":"run","Package":"github.com/QuantumNous/new-api/model","Test":"TestCommittedUserAuthVersionPermanentlyRejectsDelayedCacheFill"}
{"Time":"2026-09-10T08:23:55.7585362-04:00","Action":"output","Package":"github.com/QuantumNous/new-api/model","Test":"TestCommittedUserAuthVersionPermanentlyRejectsDelayedCacheFill","Output":"=== RUN   TestCommittedUserAuthVersionPermanentlyRejectsDelayedCacheFill\n"}
{"Time":"2026-09-10T08:23:55.7606196-04:00","Action":"output","Package":"github.com/QuantumNous/new-api/model","Test":"TestCommittedUserAuthVersionPermanentlyRejectsDelayedCacheFill","Output":"--- PASS: TestCommittedUserAuthVersionPermanentlyRejectsDelayedCacheFill (0.00s)\n"}
{"Time":"2026-09-10T08:23:55.7606196-04:00","Action":"pass","Package":"github.com/QuantumNous/new-api/model","Test":"TestCommittedUserAuthVersionPermanentlyRejectsDelayedCacheFill","Elapsed":0}
{"Time":"2026-09-10T08:23:55.7606196-04:00","Action":"run","Package":"github.com/QuantumNous/new-api/model","Test":"TestUserAuthVersionFenceAndCommittedFloorAreMonotonic"}
{"Time":"2026-09-10T08:23:55.7606196-04:00","Action":"output","Package":"github.com/QuantumNous/new-api/model","Test":"TestUserAuthVersionFenceAndCommittedFloorAreMonotonic","Output":"=== RUN   TestUserAuthVersionFenceAndCommittedFloorAreMonotonic\n"}
{"Time":"2026-09-10T08:23:55.7627048-04:00","Action":"output","Package":"github.com/QuantumNous/new-api/model","Test":"TestUserAuthVersionFenceAndCommittedFloorAreMonotonic","Output":"--- PASS: TestUserAuthVersionFenceAndCommittedFloorAreMonotonic (0.00s)\n"}
{"Time":"2026-09-10T08:23:55.7627048-04:00","Action":"pass","Package":"github.com/QuantumNous/new-api/model","Test":"TestUserAuthVersionFenceAndCommittedFloorAreMonotonic","Elapsed":0}
{"Time":"2026-09-10T08:23:55.7627048-04:00","Action":"run","Package":"github.com/QuantumNous/new-api/model","Test":"TestGetAllUsersSortsBeforePagination"}
{"Time":"2026-09-10T08:23:55.7627048-04:00","Action":"output","Package":"github.com/QuantumNous/new-api/model","Test":"TestGetAllUsersSortsBeforePagination","Output":"=== RUN   TestGetAllUsersSortsBeforePagination\n"}
{"Time":"2026-09-10T08:23:55.7710048-04:00","Action":"output","Package":"github.com/QuantumNous/new-api/model","Test":"TestGetAllUsersSortsBeforePagination","Output":"--- PASS: TestGetAllUsersSortsBeforePagination (0.01s)\n"}
{"Time":"2026-09-10T08:23:55.7710048-04:00","Action":"pass","Package":"github.com/QuantumNous/new-api/model","Test":"TestGetAllUsersSortsBeforePagination","Elapsed":0.01}
{"Time":"2026-09-10T08:23:55.7710048-04:00","Action":"run","Package":"github.com/QuantumNous/new-api/model","Test":"TestSearchUsersSortsBeforePagination"}
{"Time":"2026-09-10T08:23:55.7710048-04:00","Action":"output","Package":"github.com/QuantumNous/new-api/model","Test":"TestSearchUsersSortsBeforePagination","Output":"=== RUN   TestSearchUsersSortsBeforePagination\n"}
{"Time":"2026-09-10T08:23:55.7787009-04:00","Action":"output","Package":"github.com/QuantumNous/new-api/model","Test":"TestSearchUsersSortsBeforePagination","Output":"--- PASS: TestSearchUsersSortsBeforePagination (0.01s)\n"}
{"Time":"2026-09-10T08:23:55.7787009-04:00","Action":"pass","Package":"github.com/QuantumNous/new-api/model","Test":"TestSearchUsersSortsBeforePagination","Elapsed":0.01}
{"Time":"2026-09-10T08:23:55.7787009-04:00","Action":"run","Package":"github.com/QuantumNous/new-api/model","Test":"TestUserRequestRateLimitCacheAndContextPreserveNilAndZero"}
{"Time":"2026-09-10T08:23:55.7787009-04:00","Action":"output","Package":"github.com/QuantumNous/new-api/model","Test":"TestUserRequestRateLimitCacheAndContextPreserveNilAndZero","Output":"=== RUN   TestUserRequestRateLimitCacheAndContextPreserveNilAndZero\n"}
{"Time":"2026-09-10T08:23:55.7808729-04:00","Action":"output","Package":"github.com/QuantumNous/new-api/model","Test":"TestUserRequestRateLimitCacheAndContextPreserveNilAndZero","Output":"--- PASS: TestUserRequestRateLimitCacheAndContextPreserveNilAndZero (0.00s)\n"}
{"Time":"2026-09-10T08:23:55.7808729-04:00","Action":"pass","Package":"github.com/QuantumNous/new-api/model","Test":"TestUserRequestRateLimitCacheAndContextPreserveNilAndZero","Elapsed":0}
{"Time":"2026-09-10T08:23:55.7808729-04:00","Action":"run","Package":"github.com/QuantumNous/new-api/model","Test":"TestUserSessionPreviousRefreshHashSchemaUsesNullableVarchar"}
{"Time":"2026-09-10T08:23:55.7808729-04:00","Action":"output","Package":"github.com/QuantumNous/new-api/model","Test":"TestUserSessionPreviousRefreshHashSchemaUsesNullableVarchar","Output":"=== RUN   TestUserSessionPreviousRefreshHashSchemaUsesNullableVarchar\n"}
{"Time":"2026-09-10T08:23:55.7808729-04:00","Action":"output","Package":"github.com/QuantumNous/new-api/model","Test":"TestUserSessionPreviousRefreshHashSchemaUsesNullableVarchar","Output":"--- PASS: TestUserSessionPreviousRefreshHashSchemaUsesNullableVarchar (0.00s)\n"}
{"Time":"2026-09-10T08:23:55.7808729-04:00","Action":"pass","Package":"github.com/QuantumNous/new-api/model","Test":"TestUserSessionPreviousRefreshHashSchemaUsesNullableVarchar","Elapsed":0}
{"Time":"2026-09-10T08:23:55.7808729-04:00","Action":"run","Package":"github.com/QuantumNous/new-api/model","Test":"TestUserSessionPreviousRefreshHashMigrationSQLite"}
{"Time":"2026-09-10T08:23:55.7808729-04:00","Action":"output","Package":"github.com/QuantumNous/new-api/model","Test":"TestUserSessionPreviousRefreshHashMigrationSQLite","Output":"=== RUN   TestUserSessionPreviousRefreshHashMigrationSQLite\n"}
{"Time":"2026-09-10T08:23:55.7830738-04:00","Action":"output","Package":"github.com/QuantumNous/new-api/model","Test":"TestUserSessionPreviousRefreshHashMigrationSQLite","Output":"--- PASS: TestUserSessionPreviousRefreshHashMigrationSQLite (0.00s)\n"}
{"Time":"2026-09-10T08:23:55.7830738-04:00","Action":"pass","Package":"github.com/QuantumNous/new-api/model","Test":"TestUserSessionPreviousRefreshHashMigrationSQLite","Elapsed":0}
{"Time":"2026-09-10T08:23:55.7830738-04:00","Action":"run","Package":"github.com/QuantumNous/new-api/model","Test":"TestUserSessionPreviousRefreshHashMigrationConfiguredDatabases"}
{"Time":"2026-09-10T08:23:55.7830738-04:00","Action":"output","Package":"github.com/QuantumNous/new-api/model","Test":"TestUserSessionPreviousRefreshHashMigrationConfiguredDatabases","Output":"=== RUN   TestUserSessionPreviousRefreshHashMigrationConfiguredDatabases\n"}
{"Time":"2026-09-10T08:23:55.7830738-04:00","Action":"run","Package":"github.com/QuantumNous/new-api/model","Test":"TestUserSessionPreviousRefreshHashMigrationConfiguredDatabases/mysql"}
{"Time":"2026-09-10T08:23:55.7830738-04:00","Action":"output","Package":"github.com/QuantumNous/new-api/model","Test":"TestUserSessionPreviousRefreshHashMigrationConfiguredDatabases/mysql","Output":"=== RUN   TestUserSessionPreviousRefreshHashMigrationConfiguredDatabases/mysql\n"}
{"Time":"2026-09-10T08:23:56.6652684-04:00","Action":"output","Package":"github.com/QuantumNous/new-api/model","Test":"TestUserSessionPreviousRefreshHashMigrationConfiguredDatabases/mysql","Output":"--- PASS: TestUserSessionPreviousRefreshHashMigrationConfiguredDatabases/mysql (0.88s)\n"}
{"Time":"2026-09-10T08:23:56.6652684-04:00","Action":"pass","Package":"github.com/QuantumNous/new-api/model","Test":"TestUserSessionPreviousRefreshHashMigrationConfiguredDatabases/mysql","Elapsed":0.88}
{"Time":"2026-09-10T08:23:56.6652684-04:00","Action":"run","Package":"github.com/QuantumNous/new-api/model","Test":"TestUserSessionPreviousRefreshHashMigrationConfiguredDatabases/postgres"}
{"Time":"2026-09-10T08:23:56.6652684-04:00","Action":"output","Package":"github.com/QuantumNous/new-api/model","Test":"TestUserSessionPreviousRefreshHashMigrationConfiguredDatabases/postgres","Output":"=== RUN   TestUserSessionPreviousRefreshHashMigrationConfiguredDatabases/postgres\n"}
{"Time":"2026-09-10T08:23:56.7344089-04:00","Action":"output","Package":"github.com/QuantumNous/new-api/model","Test":"TestUserSessionPreviousRefreshHashMigrationConfiguredDatabases/postgres","Output":"--- PASS: TestUserSessionPreviousRefreshHashMigrationConfiguredDatabases/postgres (0.07s)\n"}
{"Time":"2026-09-10T08:23:56.7344089-04:00","Action":"pass","Package":"github.com/QuantumNous/new-api/model","Test":"TestUserSessionPreviousRefreshHashMigrationConfiguredDatabases/postgres","Elapsed":0.07}
{"Time":"2026-09-10T08:23:56.7344089-04:00","Action":"output","Package":"github.com/QuantumNous/new-api/model","Test":"TestUserSessionPreviousRefreshHashMigrationConfiguredDatabases","Output":"--- PASS: TestUserSessionPreviousRefreshHashMigrationConfiguredDatabases (0.95s)\n"}
{"Time":"2026-09-10T08:23:56.7344089-04:00","Action":"pass","Package":"github.com/QuantumNous/new-api/model","Test":"TestUserSessionPreviousRefreshHashMigrationConfiguredDatabases","Elapsed":0.95}
{"Time":"2026-09-10T08:23:56.7344089-04:00","Action":"run","Package":"github.com/QuantumNous/new-api/model","Test":"TestUserSessionCacheTTLUsesShortCacheWindow"}
{"Time":"2026-09-10T08:23:56.7344089-04:00","Action":"output","Package":"github.com/QuantumNous/new-api/model","Test":"TestUserSessionCacheTTLUsesShortCacheWindow","Output":"=== RUN   TestUserSessionCacheTTLUsesShortCacheWindow\n"}
{"Time":"2026-09-10T08:23:56.739326-04:00","Action":"output","Package":"github.com/QuantumNous/new-api/model","Test":"TestUserSessionCacheTTLUsesShortCacheWindow","Output":"--- PASS: TestUserSessionCacheTTLUsesShortCacheWindow (0.00s)\n"}
{"Time":"2026-09-10T08:23:56.739326-04:00","Action":"pass","Package":"github.com/QuantumNous/new-api/model","Test":"TestUserSessionCacheTTLUsesShortCacheWindow","Elapsed":0}
{"Time":"2026-09-10T08:23:56.739326-04:00","Action":"run","Package":"github.com/QuantumNous/new-api/model","Test":"TestStaleActiveSessionCacheFillCannotRestartWindowAfterDenyExpires"}
{"Time":"2026-09-10T08:23:56.739326-04:00","Action":"output","Package":"github.com/QuantumNous/new-api/model","Test":"TestStaleActiveSessionCacheFillCannotRestartWindowAfterDenyExpires","Output":"=== RUN   TestStaleActiveSessionCacheFillCannotRestartWindowAfterDenyExpires\n"}
{"Time":"2026-09-10T08:23:56.7414206-04:00","Action":"output","Package":"github.com/QuantumNous/new-api/model","Test":"TestStaleActiveSessionCacheFillCannotRestartWindowAfterDenyExpires","Output":"--- PASS: TestStaleActiveSessionCacheFillCannotRestartWindowAfterDenyExpires (0.00s)\n"}
{"Time":"2026-09-10T08:23:56.7414206-04:00","Action":"pass","Package":"github.com/QuantumNous/new-api/model","Test":"TestStaleActiveSessionCacheFillCannotRestartWindowAfterDenyExpires","Elapsed":0}
{"Time":"2026-09-10T08:23:56.7414206-04:00","Action":"run","Package":"github.com/QuantumNous/new-api/model","Test":"TestActiveSessionCacheFillUsesRemainingObservationWindow"}
{"Time":"2026-09-10T08:23:56.7414206-04:00","Action":"output","Package":"github.com/QuantumNous/new-api/model","Test":"TestActiveSessionCacheFillUsesRemainingObservationWindow","Output":"=== RUN   TestActiveSessionCacheFillUsesRemainingObservationWindow\n"}
{"Time":"2026-09-10T08:23:56.7440413-04:00","Action":"output","Package":"github.com/QuantumNous/new-api/model","Test":"TestActiveSessionCacheFillUsesRemainingObservationWindow","Output":"--- PASS: TestActiveSessionCacheFillUsesRemainingObservationWindow (0.00s)\n"}
{"Time":"2026-09-10T08:23:56.7440413-04:00","Action":"pass","Package":"github.com/QuantumNous/new-api/model","Test":"TestActiveSessionCacheFillUsesRemainingObservationWindow","Elapsed":0}
{"Time":"2026-09-10T08:23:56.7440413-04:00","Action":"run","Package":"github.com/QuantumNous/new-api/model","Test":"TestSessionCacheLuaUsesAbsoluteActiveAndRelativeDenyExpiry"}
{"Time":"2026-09-10T08:23:56.7445581-04:00","Action":"output","Package":"github.com/QuantumNous/new-api/model","Test":"TestSessionCacheLuaUsesAbsoluteActiveAndRelativeDenyExpiry","Output":"=== RUN   TestSessionCacheLuaUsesAbsoluteActiveAndRelativeDenyExpiry\n"}
{"Time":"2026-09-10T08:23:56.7461154-04:00","Action":"output","Package":"github.com/QuantumNous/new-api/model","Test":"TestSessionCacheLuaUsesAbsoluteActiveAndRelativeDenyExpiry","Output":"--- PASS: TestSessionCacheLuaUsesAbsoluteActiveAndRelativeDenyExpiry (0.00s)\n"}
{"Time":"2026-09-10T08:23:56.7461154-04:00","Action":"pass","Package":"github.com/QuantumNous/new-api/model","Test":"TestSessionCacheLuaUsesAbsoluteActiveAndRelativeDenyExpiry","Elapsed":0}
{"Time":"2026-09-10T08:23:56.7461154-04:00","Action":"run","Package":"github.com/QuantumNous/new-api/model","Test":"TestUserSessionCreateListAndRevokeOne"}
{"Time":"2026-09-10T08:23:56.7461154-04:00","Action":"output","Package":"github.com/QuantumNous/new-api/model","Test":"TestUserSessionCreateListAndRevokeOne","Output":"=== RUN   TestUserSessionCreateListAndRevokeOne\n"}
{"Time":"2026-09-10T08:23:56.7487186-04:00","Action":"output","Package":"github.com/QuantumNous/new-api/model","Test":"TestUserSessionCreateListAndRevokeOne","Output":"--- PASS: TestUserSessionCreateListAndRevokeOne (0.00s)\n"}
{"Time":"2026-09-10T08:23:56.7487186-04:00","Action":"pass","Package":"github.com/QuantumNous/new-api/model","Test":"TestUserSessionCreateListAndRevokeOne","Elapsed":0}
{"Time":"2026-09-10T08:23:56.7487186-04:00","Action":"run","Package":"github.com/QuantumNous/new-api/model","Test":"TestRotateUserSessionRefreshRaceAndReuse"}
{"Time":"2026-09-10T08:23:56.7487186-04:00","Action":"output","Package":"github.com/QuantumNous/new-api/model","Test":"TestRotateUserSessionRefreshRaceAndReuse","Output":"=== RUN   TestRotateUserSessionRefreshRaceAndReuse\n"}
{"Time":"2026-09-10T08:23:56.7513866-04:00","Action":"output","Package":"github.com/QuantumNous/new-api/model","Test":"TestRotateUserSessionRefreshRaceAndReuse","Output":"--- PASS: TestRotateUserSessionRefreshRaceAndReuse (0.00s)\n"}
{"Time":"2026-09-10T08:23:56.7513866-04:00","Action":"pass","Package":"github.com/QuantumNous/new-api/model","Test":"TestRotateUserSessionRefreshRaceAndReuse","Elapsed":0}
{"Time":"2026-09-10T08:23:56.7513866-04:00","Action":"run","Package":"github.com/QuantumNous/new-api/model","Test":"TestUserSessionPreviousRefreshHashNormalizesLegacyPadding"}
{"Time":"2026-09-10T08:23:56.7513866-04:00","Action":"output","Package":"github.com/QuantumNous/new-api/model","Test":"TestUserSessionPreviousRefreshHashNormalizesLegacyPadding","Output":"=== RUN   TestUserSessionPreviousRefreshHashNormalizesLegacyPadding\n"}
{"Time":"2026-09-10T08:23:56.7529453-04:00","Action":"output","Package":"github.com/QuantumNous/new-api/model","Test":"TestUserSessionPreviousRefreshHashNormalizesLegacyPadding","Output":"--- PASS: TestUserSessionPreviousRefreshHashNormalizesLegacyPadding (0.00s)\n"}
{"Time":"2026-09-10T08:23:56.7529453-04:00","Action":"pass","Package":"github.com/QuantumNous/new-api/model","Test":"TestUserSessionPreviousRefreshHashNormalizesLegacyPadding","Elapsed":0}
{"Time":"2026-09-10T08:23:56.7529453-04:00","Action":"run","Package":"github.com/QuantumNous/new-api/model","Test":"TestUserSessionCacheExcludesRefreshDigests"}
{"Time":"2026-09-10T08:23:56.7529453-04:00","Action":"output","Package":"github.com/QuantumNous/new-api/model","Test":"TestUserSessionCacheExcludesRefreshDigests","Output":"=== RUN   TestUserSessionCacheExcludesRefreshDigests\n"}
{"Time":"2026-09-10T08:23:56.7550192-04:00","Action":"output","Package":"github.com/QuantumNous/new-api/model","Test":"TestUserSessionCacheExcludesRefreshDigests","Output":"--- PASS: TestUserSessionCacheExcludesRefreshDigests (0.00s)\n"}
{"Time":"2026-09-10T08:23:56.7550192-04:00","Action":"pass","Package":"github.com/QuantumNous/new-api/model","Test":"TestUserSessionCacheExcludesRefreshDigests","Elapsed":0}
{"Time":"2026-09-10T08:23:56.7550192-04:00","Action":"run","Package":"github.com/QuantumNous/new-api/model","Test":"TestRevokeOtherUserSessionsKeepsCurrent"}
{"Time":"2026-09-10T08:23:56.7550192-04:00","Action":"output","Package":"github.com/QuantumNous/new-api/model","Test":"TestRevokeOtherUserSessionsKeepsCurrent","Output":"=== RUN   TestRevokeOtherUserSessionsKeepsCurrent\n"}
{"Time":"2026-09-10T08:23:56.7582475-04:00","Action":"output","Package":"github.com/QuantumNous/new-api/model","Test":"TestRevokeOtherUserSessionsKeepsCurrent","Output":"--- PASS: TestRevokeOtherUserSessionsKeepsCurrent (0.00s)\n"}
{"Time":"2026-09-10T08:23:56.7582475-04:00","Action":"pass","Package":"github.com/QuantumNous/new-api/model","Test":"TestRevokeOtherUserSessionsKeepsCurrent","Elapsed":0}
{"Time":"2026-09-10T08:23:56.7582475-04:00","Action":"run","Package":"github.com/QuantumNous/new-api/model","Test":"TestRevokeUserSessionByRefreshHashRequiresSecret"}
{"Time":"2026-09-10T08:23:56.7582475-04:00","Action":"output","Package":"github.com/QuantumNous/new-api/model","Test":"TestRevokeUserSessionByRefreshHashRequiresSecret","Output":"=== RUN   TestRevokeUserSessionByRefreshHashRequiresSecret\n"}
{"Time":"2026-09-10T08:23:56.7598083-04:00","Action":"output","Package":"github.com/QuantumNous/new-api/model","Test":"TestRevokeUserSessionByRefreshHashRequiresSecret","Output":"--- PASS: TestRevokeUserSessionByRefreshHashRequiresSecret (0.00s)\n"}
{"Time":"2026-09-10T08:23:56.7598083-04:00","Action":"pass","Package":"github.com/QuantumNous/new-api/model","Test":"TestRevokeUserSessionByRefreshHashRequiresSecret","Elapsed":0}
{"Time":"2026-09-10T08:23:56.7598083-04:00","Action":"run","Package":"github.com/QuantumNous/new-api/model","Test":"TestUserSessionGrowthCountsUseBroadActiveAndStrictIssuancePredicates"}
{"Time":"2026-09-10T08:23:56.7598083-04:00","Action":"output","Package":"github.com/QuantumNous/new-api/model","Test":"TestUserSessionGrowthCountsUseBroadActiveAndStrictIssuancePredicates","Output":"=== RUN   TestUserSessionGrowthCountsUseBroadActiveAndStrictIssuancePredicates\n"}
{"Time":"2026-09-10T08:23:56.761359-04:00","Action":"output","Package":"github.com/QuantumNous/new-api/model","Test":"TestUserSessionGrowthCountsUseBroadActiveAndStrictIssuancePredicates","Output":"--- PASS: TestUserSessionGrowthCountsUseBroadActiveAndStrictIssuancePredicates (0.00s)\n"}
{"Time":"2026-09-10T08:23:56.761359-04:00","Action":"pass","Package":"github.com/QuantumNous/new-api/model","Test":"TestUserSessionGrowthCountsUseBroadActiveAndStrictIssuancePredicates","Elapsed":0}
{"Time":"2026-09-10T08:23:56.761359-04:00","Action":"run","Package":"github.com/QuantumNous/new-api/model","Test":"TestListActiveUserSessionsKeepsCurrentAndBoundsOtherSessions"}
{"Time":"2026-09-10T08:23:56.761359-04:00","Action":"output","Package":"github.com/QuantumNous/new-api/model","Test":"TestListActiveUserSessionsKeepsCurrentAndBoundsOtherSessions","Output":"=== RUN   TestListActiveUserSessionsKeepsCurrentAndBoundsOtherSessions\n"}
{"Time":"2026-09-10T08:23:56.7661961-04:00","Action":"output","Package":"github.com/QuantumNous/new-api/model","Test":"TestListActiveUserSessionsKeepsCurrentAndBoundsOtherSessions","Output":"--- PASS: TestListActiveUserSessionsKeepsCurrentAndBoundsOtherSessions (0.01s)\n"}
{"Time":"2026-09-10T08:23:56.7661961-04:00","Action":"pass","Package":"github.com/QuantumNous/new-api/model","Test":"TestListActiveUserSessionsKeepsCurrentAndBoundsOtherSessions","Elapsed":0.01}
{"Time":"2026-09-10T08:23:56.7661961-04:00","Action":"run","Package":"github.com/QuantumNous/new-api/model","Test":"TestRevokeUserSessionsReturnsCumulativeProgressAndSupportsRetry"}
{"Time":"2026-09-10T08:23:56.7661961-04:00","Action":"output","Package":"github.com/QuantumNous/new-api/model","Test":"TestRevokeUserSessionsReturnsCumulativeProgressAndSupportsRetry","Output":"=== RUN   TestRevokeUserSessionsReturnsCumulativeProgressAndSupportsRetry\n"}
{"Time":"2026-09-10T08:23:56.7820328-04:00","Action":"output","Package":"github.com/QuantumNous/new-api/model","Test":"TestRevokeUserSessionsReturnsCumulativeProgressAndSupportsRetry","Output":"\r\n"}
{"Time":"2026-09-10T08:23:56.7827217-04:00","Action":"output","Package":"github.com/QuantumNous/new-api/model","Test":"TestRevokeUserSessionsReturnsCumulativeProgressAndSupportsRetry","Output":"2026/09/10 08:23:56 \u001b[34;1mD:/10178/Projects/new-api-upstream-sync/model/user_session_test.go:490\n"}
{"Time":"2026-09-10T08:23:56.7827217-04:00","Action":"output","Package":"github.com/QuantumNous/new-api/model","Test":"TestRevokeUserSessionsReturnsCumulativeProgressAndSupportsRetry","Output":"\u001b[0m\u001b[35m[warn] \u001b[0mremoving callback `test:fail_second_user_session_revoke_batch` from D:/10178/Projects/new-api-upstream-sync/model/user_session_test.go:490\n"}
{"Time":"2026-09-10T08:23:56.7827217-04:00","Action":"output","Package":"github.com/QuantumNous/new-api/model","Test":"TestRevokeUserSessionsReturnsCumulativeProgressAndSupportsRetry","Output":"--- PASS: TestRevokeUserSessionsReturnsCumulativeProgressAndSupportsRetry (0.02s)\n"}
{"Time":"2026-09-10T08:23:56.7827217-04:00","Action":"pass","Package":"github.com/QuantumNous/new-api/model","Test":"TestRevokeUserSessionsReturnsCumulativeProgressAndSupportsRetry","Elapsed":0.02}
{"Time":"2026-09-10T08:23:56.7827217-04:00","Action":"run","Package":"github.com/QuantumNous/new-api/model","Test":"TestDeleteExpiredUserSessionsLoopsInChunksAndRechecksPredicate"}
{"Time":"2026-09-10T08:23:56.7827217-04:00","Action":"output","Package":"github.com/QuantumNous/new-api/model","Test":"TestDeleteExpiredUserSessionsLoopsInChunksAndRechecksPredicate","Output":"=== RUN   TestDeleteExpiredUserSessionsLoopsInChunksAndRechecksPredicate\n"}
{"Time":"2026-09-10T08:23:56.8011032-04:00","Action":"output","Package":"github.com/QuantumNous/new-api/model","Test":"TestDeleteExpiredUserSessionsLoopsInChunksAndRechecksPredicate","Output":"\r\n"}
{"Time":"2026-09-10T08:23:56.8011032-04:00","Action":"output","Package":"github.com/QuantumNous/new-api/model","Test":"TestDeleteExpiredUserSessionsLoopsInChunksAndRechecksPredicate","Output":"2026/09/10 08:23:56 \u001b[34;1mD:/10178/Projects/new-api-upstream-sync/model/user_session_test.go:558\n"}
{"Time":"2026-09-10T08:23:56.8011032-04:00","Action":"output","Package":"github.com/QuantumNous/new-api/model","Test":"TestDeleteExpiredUserSessionsLoopsInChunksAndRechecksPredicate","Output":"\u001b[0m\u001b[35m[warn] \u001b[0mremoving callback `test:recheck_user_session_cleanup_predicate` from D:/10178/Projects/new-api-upstream-sync/model/user_session_test.go:558\n"}
{"Time":"2026-09-10T08:23:56.8026071-04:00","Action":"output","Package":"github.com/QuantumNous/new-api/model","Test":"TestDeleteExpiredUserSessionsLoopsInChunksAndRechecksPredicate","Output":"--- PASS: TestDeleteExpiredUserSessionsLoopsInChunksAndRechecksPredicate (0.02s)\n"}
{"Time":"2026-09-10T08:23:56.8026071-04:00","Action":"pass","Package":"github.com/QuantumNous/new-api/model","Test":"TestDeleteExpiredUserSessionsLoopsInChunksAndRechecksPredicate","Elapsed":0.02}
{"Time":"2026-09-10T08:23:56.8026071-04:00","Action":"run","Package":"github.com/QuantumNous/new-api/model","Test":"TestUserSessionGrowthQueryIndexesExist"}
{"Time":"2026-09-10T08:23:56.8026071-04:00","Action":"output","Package":"github.com/QuantumNous/new-api/model","Test":"TestUserSessionGrowthQueryIndexesExist","Output":"=== RUN   TestUserSessionGrowthQueryIndexesExist\n"}
{"Time":"2026-09-10T08:23:56.8036444-04:00","Action":"output","Package":"github.com/QuantumNous/new-api/model","Test":"TestUserSessionGrowthQueryIndexesExist","Output":"--- PASS: TestUserSessionGrowthQueryIndexesExist (0.00s)\n"}
{"Time":"2026-09-10T08:23:56.8036444-04:00","Action":"pass","Package":"github.com/QuantumNous/new-api/model","Test":"TestUserSessionGrowthQueryIndexesExist","Elapsed":0}
{"Time":"2026-09-10T08:23:56.8036444-04:00","Action":"run","Package":"github.com/QuantumNous/new-api/model","Test":"TestUserBaseIncludesAuthorizationFields"}
{"Time":"2026-09-10T08:23:56.8036444-04:00","Action":"output","Package":"github.com/QuantumNous/new-api/model","Test":"TestUserBaseIncludesAuthorizationFields","Output":"=== RUN   TestUserBaseIncludesAuthorizationFields\n"}
{"Time":"2026-09-10T08:23:56.8036444-04:00","Action":"output","Package":"github.com/QuantumNous/new-api/model","Test":"TestUserBaseIncludesAuthorizationFields","Output":"--- PASS: TestUserBaseIncludesAuthorizationFields (0.00s)\n"}
{"Time":"2026-09-10T08:23:56.8036444-04:00","Action":"pass","Package":"github.com/QuantumNous/new-api/model","Test":"TestUserBaseIncludesAuthorizationFields","Elapsed":0}
{"Time":"2026-09-10T08:23:56.8036444-04:00","Action":"run","Package":"github.com/QuantumNous/new-api/model","Test":"TestUserUpdateBumpsAuthVersionOnlyForAuthorizationChanges"}
{"Time":"2026-09-10T08:23:56.8036444-04:00","Action":"output","Package":"github.com/QuantumNous/new-api/model","Test":"TestUserUpdateBumpsAuthVersionOnlyForAuthorizationChanges","Output":"=== RUN   TestUserUpdateBumpsAuthVersionOnlyForAuthorizationChanges\n"}
{"Time":"2026-09-10T08:23:56.8063921-04:00","Action":"output","Package":"github.com/QuantumNous/new-api/model","Test":"TestUserUpdateBumpsAuthVersionOnlyForAuthorizationChanges","Output":"--- PASS: TestUserUpdateBumpsAuthVersionOnlyForAuthorizationChanges (0.00s)\n"}
{"Time":"2026-09-10T08:23:56.8063921-04:00","Action":"pass","Package":"github.com/QuantumNous/new-api/model","Test":"TestUserUpdateBumpsAuthVersionOnlyForAuthorizationChanges","Elapsed":0}
{"Time":"2026-09-10T08:23:56.8063921-04:00","Action":"run","Package":"github.com/QuantumNous/new-api/model","Test":"TestPasswordResetBumpsAuthVersionAndRevokesSessions"}
{"Time":"2026-09-10T08:23:56.8063921-04:00","Action":"output","Package":"github.com/QuantumNous/new-api/model","Test":"TestPasswordResetBumpsAuthVersionAndRevokesSessions","Output":"=== RUN   TestPasswordResetBumpsAuthVersionAndRevokesSessions\n"}
{"Time":"2026-09-10T08:23:56.8458454-04:00","Action":"output","Package":"github.com/QuantumNous/new-api/model","Test":"TestPasswordResetBumpsAuthVersionAndRevokesSessions","Output":"--- PASS: TestPasswordResetBumpsAuthVersionAndRevokesSessions (0.04s)\n"}
{"Time":"2026-09-10T08:23:56.8458454-04:00","Action":"pass","Package":"github.com/QuantumNous/new-api/model","Test":"TestPasswordResetBumpsAuthVersionAndRevokesSessions","Elapsed":0.04}
{"Time":"2026-09-10T08:23:56.8458454-04:00","Action":"run","Package":"github.com/QuantumNous/new-api/model","Test":"TestUserUpdateDoesNotOverwriteAccountingFields"}
{"Time":"2026-09-10T08:23:56.8458454-04:00","Action":"output","Package":"github.com/QuantumNous/new-api/model","Test":"TestUserUpdateDoesNotOverwriteAccountingFields","Output":"=== RUN   TestUserUpdateDoesNotOverwriteAccountingFields\n"}
{"Time":"2026-09-10T08:23:56.8468674-04:00","Action":"output","Package":"github.com/QuantumNous/new-api/model","Test":"TestUserUpdateDoesNotOverwriteAccountingFields","Output":"--- PASS: TestUserUpdateDoesNotOverwriteAccountingFields (0.00s)\n"}
{"Time":"2026-09-10T08:23:56.8468674-04:00","Action":"pass","Package":"github.com/QuantumNous/new-api/model","Test":"TestUserUpdateDoesNotOverwriteAccountingFields","Elapsed":0}
{"Time":"2026-09-10T08:23:56.8468674-04:00","Action":"run","Package":"github.com/QuantumNous/new-api/model","Test":"TestUpdateUserSettingOnlyUpdatesSetting"}
{"Time":"2026-09-10T08:23:56.8468674-04:00","Action":"output","Package":"github.com/QuantumNous/new-api/model","Test":"TestUpdateUserSettingOnlyUpdatesSetting","Output":"=== RUN   TestUpdateUserSettingOnlyUpdatesSetting\n"}
{"Time":"2026-09-10T08:23:56.8479003-04:00","Action":"output","Package":"github.com/QuantumNous/new-api/model","Test":"TestUpdateUserSettingOnlyUpdatesSetting","Output":"--- PASS: TestUpdateUserSettingOnlyUpdatesSetting (0.00s)\n"}
{"Time":"2026-09-10T08:23:56.8479003-04:00","Action":"pass","Package":"github.com/QuantumNous/new-api/model","Test":"TestUpdateUserSettingOnlyUpdatesSetting","Elapsed":0}
{"Time":"2026-09-10T08:23:56.8479003-04:00","Action":"run","Package":"github.com/QuantumNous/new-api/model","Test":"TestEnsureEmailAvailableRejectsExistingEmailCaseInsensitive"}
{"Time":"2026-09-10T08:23:56.8479003-04:00","Action":"output","Package":"github.com/QuantumNous/new-api/model","Test":"TestEnsureEmailAvailableRejectsExistingEmailCaseInsensitive","Output":"=== RUN   TestEnsureEmailAvailableRejectsExistingEmailCaseInsensitive\n"}
{"Time":"2026-09-10T08:23:56.8484205-04:00","Action":"output","Package":"github.com/QuantumNous/new-api/model","Test":"TestEnsureEmailAvailableRejectsExistingEmailCaseInsensitive","Output":"--- PASS: TestEnsureEmailAvailableRejectsExistingEmailCaseInsensitive (0.00s)\n"}
{"Time":"2026-09-10T08:23:56.8489391-04:00","Action":"pass","Package":"github.com/QuantumNous/new-api/model","Test":"TestEnsureEmailAvailableRejectsExistingEmailCaseInsensitive","Elapsed":0}
{"Time":"2026-09-10T08:23:56.8489391-04:00","Action":"run","Package":"github.com/QuantumNous/new-api/model","Test":"TestInsertRejectsDuplicateEmailWithoutUniqueIndex"}
{"Time":"2026-09-10T08:23:56.8489391-04:00","Action":"output","Package":"github.com/QuantumNous/new-api/model","Test":"TestInsertRejectsDuplicateEmailWithoutUniqueIndex","Output":"=== RUN   TestInsertRejectsDuplicateEmailWithoutUniqueIndex\n"}
{"Time":"2026-09-10T08:23:56.850161-04:00","Action":"output","Package":"github.com/QuantumNous/new-api/model","Test":"TestInsertRejectsDuplicateEmailWithoutUniqueIndex","Output":"--- PASS: TestInsertRejectsDuplicateEmailWithoutUniqueIndex (0.00s)\n"}
{"Time":"2026-09-10T08:23:56.850161-04:00","Action":"pass","Package":"github.com/QuantumNous/new-api/model","Test":"TestInsertRejectsDuplicateEmailWithoutUniqueIndex","Elapsed":0}
{"Time":"2026-09-10T08:23:56.850161-04:00","Action":"run","Package":"github.com/QuantumNous/new-api/model","Test":"TestInsertKeepsBlankPasswordForPasswordlessUser"}
{"Time":"2026-09-10T08:23:56.850161-04:00","Action":"output","Package":"github.com/QuantumNous/new-api/model","Test":"TestInsertKeepsBlankPasswordForPasswordlessUser","Output":"=== RUN   TestInsertKeepsBlankPasswordForPasswordlessUser\n"}
{"Time":"2026-09-10T08:23:56.8506793-04:00","Action":"output","Package":"github.com/QuantumNous/new-api/model","Test":"TestInsertKeepsBlankPasswordForPasswordlessUser","Output":"[SYS] 2026/09/10 - 08:23:56 | 为新用户 passwordless-user (角色: 1) 初始化边栏配置 \n"}
{"Time":"2026-09-10T08:23:56.851198-04:00","Action":"output","Package":"github.com/QuantumNous/new-api/model","Test":"TestInsertKeepsBlankPasswordForPasswordlessUser","Output":"--- PASS: TestInsertKeepsBlankPasswordForPasswordlessUser (0.00s)\n"}
{"Time":"2026-09-10T08:23:56.851198-04:00","Action":"pass","Package":"github.com/QuantumNous/new-api/model","Test":"TestInsertKeepsBlankPasswordForPasswordlessUser","Elapsed":0}
{"Time":"2026-09-10T08:23:56.851198-04:00","Action":"run","Package":"github.com/QuantumNous/new-api/model","Test":"TestValidateAndFillRejectsPasswordlessUser"}
{"Time":"2026-09-10T08:23:56.851198-04:00","Action":"output","Package":"github.com/QuantumNous/new-api/model","Test":"TestValidateAndFillRejectsPasswordlessUser","Output":"=== RUN   TestValidateAndFillRejectsPasswordlessUser\n"}
{"Time":"2026-09-10T08:23:56.852236-04:00","Action":"output","Package":"github.com/QuantumNous/new-api/model","Test":"TestValidateAndFillRejectsPasswordlessUser","Output":"--- PASS: TestValidateAndFillRejectsPasswordlessUser (0.00s)\n"}
{"Time":"2026-09-10T08:23:56.852236-04:00","Action":"pass","Package":"github.com/QuantumNous/new-api/model","Test":"TestValidateAndFillRejectsPasswordlessUser","Elapsed":0}
{"Time":"2026-09-10T08:23:56.852236-04:00","Action":"run","Package":"github.com/QuantumNous/new-api/model","Test":"TestResetUserPasswordByEmailRequiresSingleActiveMatch"}
{"Time":"2026-09-10T08:23:56.852236-04:00","Action":"output","Package":"github.com/QuantumNous/new-api/model","Test":"TestResetUserPasswordByEmailRequiresSingleActiveMatch","Output":"=== RUN   TestResetUserPasswordByEmailRequiresSingleActiveMatch\n"}
{"Time":"2026-09-10T08:23:56.9272322-04:00","Action":"output","Package":"github.com/QuantumNous/new-api/model","Test":"TestResetUserPasswordByEmailRequiresSingleActiveMatch","Output":"--- PASS: TestResetUserPasswordByEmailRequiresSingleActiveMatch (0.08s)\n"}
{"Time":"2026-09-10T08:23:56.9272322-04:00","Action":"pass","Package":"github.com/QuantumNous/new-api/model","Test":"TestResetUserPasswordByEmailRequiresSingleActiveMatch","Elapsed":0.08}
{"Time":"2026-09-10T08:23:56.9287352-04:00","Action":"output","Package":"github.com/QuantumNous/new-api/model","Output":"PASS\n"}
{"Time":"2026-09-10T08:23:56.936007-04:00","Action":"output","Package":"github.com/QuantumNous/new-api/model","Output":"ok  \tgithub.com/QuantumNous/new-api/model\t18.272s\n"}
{"Time":"2026-09-10T08:23:56.936007-04:00","Action":"pass","Package":"github.com/QuantumNous/new-api/model","Elapsed":18.273}
{"Time":"2026-09-10T08:24:13.0290849-04:00","Action":"start","Package":"github.com/QuantumNous/new-api/controller"}
{"Time":"2026-09-10T08:24:13.793899-04:00","Action":"run","Package":"github.com/QuantumNous/new-api/controller","Test":"TestGenerateOAuthCodeCarriesAffiliateInLoginFlow"}
{"Time":"2026-09-10T08:24:13.793899-04:00","Action":"output","Package":"github.com/QuantumNous/new-api/controller","Test":"TestGenerateOAuthCodeCarriesAffiliateInLoginFlow","Output":"=== RUN   TestGenerateOAuthCodeCarriesAffiliateInLoginFlow\n"}
{"Time":"2026-09-10T08:24:13.7965106-04:00","Action":"output","Package":"github.com/QuantumNous/new-api/controller","Test":"TestGenerateOAuthCodeCarriesAffiliateInLoginFlow","Output":"[GIN-debug] [WARNING] Running in \"debug\" mode. Switch to \"release\" mode in production.\n"}
{"Time":"2026-09-10T08:24:13.7965106-04:00","Action":"output","Package":"github.com/QuantumNous/new-api/controller","Test":"TestGenerateOAuthCodeCarriesAffiliateInLoginFlow","Output":" - using env:\texport GIN_MODE=release\n"}
{"Time":"2026-09-10T08:24:13.7965106-04:00","Action":"output","Package":"github.com/QuantumNous/new-api/controller","Test":"TestGenerateOAuthCodeCarriesAffiliateInLoginFlow","Output":" - using code:\tgin.SetMode(gin.ReleaseMode)\n"}
{"Time":"2026-09-10T08:24:13.7965106-04:00","Action":"output","Package":"github.com/QuantumNous/new-api/controller","Test":"TestGenerateOAuthCodeCarriesAffiliateInLoginFlow","Output":"\n"}
{"Time":"2026-09-10T08:24:13.8165155-04:00","Action":"output","Package":"github.com/QuantumNous/new-api/controller","Test":"TestGenerateOAuthCodeCarriesAffiliateInLoginFlow","Output":"--- PASS: TestGenerateOAuthCodeCarriesAffiliateInLoginFlow (0.02s)\n"}
{"Time":"2026-09-10T08:24:13.8165155-04:00","Action":"pass","Package":"github.com/QuantumNous/new-api/controller","Test":"TestGenerateOAuthCodeCarriesAffiliateInLoginFlow","Elapsed":0.02}
{"Time":"2026-09-10T08:24:13.8165155-04:00","Action":"run","Package":"github.com/QuantumNous/new-api/controller","Test":"TestGenerateOAuthCodeBindsFlowToAuthenticatedSession"}
{"Time":"2026-09-10T08:24:13.8165155-04:00","Action":"output","Package":"github.com/QuantumNous/new-api/controller","Test":"TestGenerateOAuthCodeBindsFlowToAuthenticatedSession","Output":"=== RUN   TestGenerateOAuthCodeBindsFlowToAuthenticatedSession\n"}
{"Time":"2026-09-10T08:24:13.8170752-04:00","Action":"output","Package":"github.com/QuantumNous/new-api/controller","Test":"TestGenerateOAuthCodeBindsFlowToAuthenticatedSession","Output":"[GIN-debug] [WARNING] Running in \"debug\" mode. Switch to \"release\" mode in production.\n"}
{"Time":"2026-09-10T08:24:13.8170752-04:00","Action":"output","Package":"github.com/QuantumNous/new-api/controller","Test":"TestGenerateOAuthCodeBindsFlowToAuthenticatedSession","Output":" - using env:\texport GIN_MODE=release\n"}
{"Time":"2026-09-10T08:24:13.8170752-04:00","Action":"output","Package":"github.com/QuantumNous/new-api/controller","Test":"TestGenerateOAuthCodeBindsFlowToAuthenticatedSession","Output":" - using code:\tgin.SetMode(gin.ReleaseMode)\n"}
{"Time":"2026-09-10T08:24:13.8170752-04:00","Action":"output","Package":"github.com/QuantumNous/new-api/controller","Test":"TestGenerateOAuthCodeBindsFlowToAuthenticatedSession","Output":"\n"}
{"Time":"2026-09-10T08:24:13.8175986-04:00","Action":"output","Package":"github.com/QuantumNous/new-api/controller","Test":"TestGenerateOAuthCodeBindsFlowToAuthenticatedSession","Output":"--- PASS: TestGenerateOAuthCodeBindsFlowToAuthenticatedSession (0.00s)\n"}
{"Time":"2026-09-10T08:24:13.8175986-04:00","Action":"pass","Package":"github.com/QuantumNous/new-api/controller","Test":"TestGenerateOAuthCodeBindsFlowToAuthenticatedSession","Elapsed":0}
{"Time":"2026-09-10T08:24:13.8175986-04:00","Action":"run","Package":"github.com/QuantumNous/new-api/controller","Test":"TestOAuthLoginConsumesFlowOnlyAfterProviderIdentity"}
{"Time":"2026-09-10T08:24:13.8175986-04:00","Action":"output","Package":"github.com/QuantumNous/new-api/controller","Test":"TestOAuthLoginConsumesFlowOnlyAfterProviderIdentity","Output":"=== RUN   TestOAuthLoginConsumesFlowOnlyAfterProviderIdentity\n"}
{"Time":"2026-09-10T08:24:13.8186452-04:00","Action":"run","Package":"github.com/QuantumNous/new-api/controller","Test":"TestOAuthLoginConsumesFlowOnlyAfterProviderIdentity/exchange_failure"}
{"Time":"2026-09-10T08:24:13.8186452-04:00","Action":"output","Package":"github.com/QuantumNous/new-api/controller","Test":"TestOAuthLoginConsumesFlowOnlyAfterProviderIdentity/exchange_failure","Output":"=== RUN   TestOAuthLoginConsumesFlowOnlyAfterProviderIdentity/exchange_failure\n"}
{"Time":"2026-09-10T08:24:13.8186452-04:00","Action":"output","Package":"github.com/QuantumNous/new-api/controller","Test":"TestOAuthLoginConsumesFlowOnlyAfterProviderIdentity/exchange_failure","Output":"[GIN-debug] [WARNING] Running in \"debug\" mode. Switch to \"release\" mode in production.\n"}
{"Time":"2026-09-10T08:24:13.8186452-04:00","Action":"output","Package":"github.com/QuantumNous/new-api/controller","Test":"TestOAuthLoginConsumesFlowOnlyAfterProviderIdentity/exchange_failure","Output":" - using env:\texport GIN_MODE=release\n"}
{"Time":"2026-09-10T08:24:13.8186452-04:00","Action":"output","Package":"github.com/QuantumNous/new-api/controller","Test":"TestOAuthLoginConsumesFlowOnlyAfterProviderIdentity/exchange_failure","Output":" - using code:\tgin.SetMode(gin.ReleaseMode)\n"}
{"Time":"2026-09-10T08:24:13.8186452-04:00","Action":"output","Package":"github.com/QuantumNous/new-api/controller","Test":"TestOAuthLoginConsumesFlowOnlyAfterProviderIdentity/exchange_failure","Output":"\n"}
{"Time":"2026-09-10T08:24:13.8186452-04:00","Action":"output","Package":"github.com/QuantumNous/new-api/controller","Test":"TestOAuthLoginConsumesFlowOnlyAfterProviderIdentity/exchange_failure","Output":"[GIN-debug] GET    /api/oauth/:provider      --\u003e github.com/QuantumNous/new-api/controller.HandleOAuth (1 handlers)\n"}
{"Time":"2026-09-10T08:24:13.8191676-04:00","Action":"output","Package":"github.com/QuantumNous/new-api/controller","Test":"TestOAuthLoginConsumesFlowOnlyAfterProviderIdentity/exchange_failure","Output":"--- PASS: TestOAuthLoginConsumesFlowOnlyAfterProviderIdentity/exchange_failure (0.00s)\n"}
{"Time":"2026-09-10T08:24:13.8191676-04:00","Action":"pass","Package":"github.com/QuantumNous/new-api/controller","Test":"TestOAuthLoginConsumesFlowOnlyAfterProviderIdentity/exchange_failure","Elapsed":0}
{"Time":"2026-09-10T08:24:13.8191676-04:00","Action":"run","Package":"github.com/QuantumNous/new-api/controller","Test":"TestOAuthLoginConsumesFlowOnlyAfterProviderIdentity/user_info_failure"}
{"Time":"2026-09-10T08:24:13.8191676-04:00","Action":"output","Package":"github.com/QuantumNous/new-api/controller","Test":"TestOAuthLoginConsumesFlowOnlyAfterProviderIdentity/user_info_failure","Output":"=== RUN   TestOAuthLoginConsumesFlowOnlyAfterProviderIdentity/user_info_failure\n"}
{"Time":"2026-09-10T08:24:13.8191676-04:00","Action":"output","Package":"github.com/QuantumNous/new-api/controller","Test":"TestOAuthLoginConsumesFlowOnlyAfterProviderIdentity/user_info_failure","Output":"[GIN-debug] [WARNING] Running in \"debug\" mode. Switch to \"release\" mode in production.\n"}
{"Time":"2026-09-10T08:24:13.8191676-04:00","Action":"output","Package":"github.com/QuantumNous/new-api/controller","Test":"TestOAuthLoginConsumesFlowOnlyAfterProviderIdentity/user_info_failure","Output":" - using env:\texport GIN_MODE=release\n"}
{"Time":"2026-09-10T08:24:13.8191676-04:00","Action":"output","Package":"github.com/QuantumNous/new-api/controller","Test":"TestOAuthLoginConsumesFlowOnlyAfterProviderIdentity/user_info_failure","Output":" - using code:\tgin.SetMode(gin.ReleaseMode)\n"}
{"Time":"2026-09-10T08:24:13.8191676-04:00","Action":"output","Package":"github.com/QuantumNous/new-api/controller","Test":"TestOAuthLoginConsumesFlowOnlyAfterProviderIdentity/user_info_failure","Output":"\n"}
{"Time":"2026-09-10T08:24:13.8191676-04:00","Action":"output","Package":"github.com/QuantumNous/new-api/controller","Test":"TestOAuthLoginConsumesFlowOnlyAfterProviderIdentity/user_info_failure","Output":"[GIN-debug] GET    /api/oauth/:provider      --\u003e github.com/QuantumNous/new-api/controller.HandleOAuth (1 handlers)\n"}
{"Time":"2026-09-10T08:24:13.8191676-04:00","Action":"output","Package":"github.com/QuantumNous/new-api/controller","Test":"TestOAuthLoginConsumesFlowOnlyAfterProviderIdentity/user_info_failure","Output":"--- PASS: TestOAuthLoginConsumesFlowOnlyAfterProviderIdentity/user_info_failure (0.00s)\n"}
{"Time":"2026-09-10T08:24:13.8191676-04:00","Action":"pass","Package":"github.com/QuantumNous/new-api/controller","Test":"TestOAuthLoginConsumesFlowOnlyAfterProviderIdentity/user_info_failure","Elapsed":0}
{"Time":"2026-09-10T08:24:13.8191676-04:00","Action":"output","Package":"github.com/QuantumNous/new-api/controller","Test":"TestOAuthLoginConsumesFlowOnlyAfterProviderIdentity","Output":"--- PASS: TestOAuthLoginConsumesFlowOnlyAfterProviderIdentity (0.00s)\n"}
{"Time":"2026-09-10T08:24:13.8191676-04:00","Action":"pass","Package":"github.com/QuantumNous/new-api/controller","Test":"TestOAuthLoginConsumesFlowOnlyAfterProviderIdentity","Elapsed":0}
{"Time":"2026-09-10T08:24:13.8191676-04:00","Action":"run","Package":"github.com/QuantumNous/new-api/controller","Test":"TestOAuthLoginConsumesFlowAfterProviderIdentityAndOnProviderError"}
{"Time":"2026-09-10T08:24:13.8191676-04:00","Action":"output","Package":"github.com/QuantumNous/new-api/controller","Test":"TestOAuthLoginConsumesFlowAfterProviderIdentityAndOnProviderError","Output":"=== RUN   TestOAuthLoginConsumesFlowAfterProviderIdentityAndOnProviderError\n"}
{"Time":"2026-09-10T08:24:13.8196865-04:00","Action":"output","Package":"github.com/QuantumNous/new-api/controller","Test":"TestOAuthLoginConsumesFlowAfterProviderIdentityAndOnProviderError","Output":"[GIN-debug] [WARNING] Running in \"debug\" mode. Switch to \"release\" mode in production.\n"}
{"Time":"2026-09-10T08:24:13.8196865-04:00","Action":"output","Package":"github.com/QuantumNous/new-api/controller","Test":"TestOAuthLoginConsumesFlowAfterProviderIdentityAndOnProviderError","Output":" - using env:\texport GIN_MODE=release\n"}
{"Time":"2026-09-10T08:24:13.8196865-04:00","Action":"output","Package":"github.com/QuantumNous/new-api/controller","Test":"TestOAuthLoginConsumesFlowAfterProviderIdentityAndOnProviderError","Output":" - using code:\tgin.SetMode(gin.ReleaseMode)\n"}
{"Time":"2026-09-10T08:24:13.8196865-04:00","Action":"output","Package":"github.com/QuantumNous/new-api/controller","Test":"TestOAuthLoginConsumesFlowAfterProviderIdentityAndOnProviderError","Output":"\n"}
{"Time":"2026-09-10T08:24:13.8196865-04:00","Action":"output","Package":"github.com/QuantumNous/new-api/controller","Test":"TestOAuthLoginConsumesFlowAfterProviderIdentityAndOnProviderError","Output":"[GIN-debug] GET    /api/oauth/:provider      --\u003e github.com/QuantumNous/new-api/controller.HandleOAuth (1 handlers)\n"}
{"Time":"2026-09-10T08:24:13.8202049-04:00","Action":"output","Package":"github.com/QuantumNous/new-api/controller","Test":"TestOAuthLoginConsumesFlowAfterProviderIdentityAndOnProviderError","Output":"--- PASS: TestOAuthLoginConsumesFlowAfterProviderIdentityAndOnProviderError (0.00s)\n"}
{"Time":"2026-09-10T08:24:13.8202049-04:00","Action":"pass","Package":"github.com/QuantumNous/new-api/controller","Test":"TestOAuthLoginConsumesFlowAfterProviderIdentityAndOnProviderError","Elapsed":0}
{"Time":"2026-09-10T08:24:13.8202049-04:00","Action":"run","Package":"github.com/QuantumNous/new-api/controller","Test":"TestOAuthBindProviderErrorConsumesSessionBoundFlow"}
{"Time":"2026-09-10T08:24:13.8202049-04:00","Action":"output","Package":"github.com/QuantumNous/new-api/controller","Test":"TestOAuthBindProviderErrorConsumesSessionBoundFlow","Output":"=== RUN   TestOAuthBindProviderErrorConsumesSessionBoundFlow\n"}
{"Time":"2026-09-10T08:24:13.8207211-04:00","Action":"output","Package":"github.com/QuantumNous/new-api/controller","Test":"TestOAuthBindProviderErrorConsumesSessionBoundFlow","Output":"[GIN-debug] [WARNING] Running in \"debug\" mode. Switch to \"release\" mode in production.\n"}
{"Time":"2026-09-10T08:24:13.8207211-04:00","Action":"output","Package":"github.com/QuantumNous/new-api/controller","Test":"TestOAuthBindProviderErrorConsumesSessionBoundFlow","Output":" - using env:\texport GIN_MODE=release\n"}
{"Time":"2026-09-10T08:24:13.8207211-04:00","Action":"output","Package":"github.com/QuantumNous/new-api/controller","Test":"TestOAuthBindProviderErrorConsumesSessionBoundFlow","Output":" - using code:\tgin.SetMode(gin.ReleaseMode)\n"}
{"Time":"2026-09-10T08:24:13.8212407-04:00","Action":"output","Package":"github.com/QuantumNous/new-api/controller","Test":"TestOAuthBindProviderErrorConsumesSessionBoundFlow","Output":"\n"}
{"Time":"2026-09-10T08:24:13.8212407-04:00","Action":"output","Package":"github.com/QuantumNous/new-api/controller","Test":"TestOAuthBindProviderErrorConsumesSessionBoundFlow","Output":"[GIN-debug] GET    /api/oauth/:provider      --\u003e github.com/QuantumNous/new-api/controller.HandleOAuth (2 handlers)\n"}
{"Time":"2026-09-10T08:24:13.8212407-04:00","Action":"output","Package":"github.com/QuantumNous/new-api/controller","Test":"TestOAuthBindProviderErrorConsumesSessionBoundFlow","Output":"--- PASS: TestOAuthBindProviderErrorConsumesSessionBoundFlow (0.00s)\n"}
{"Time":"2026-09-10T08:24:13.8212407-04:00","Action":"pass","Package":"github.com/QuantumNous/new-api/controller","Test":"TestOAuthBindProviderErrorConsumesSessionBoundFlow","Elapsed":0}
{"Time":"2026-09-10T08:24:13.8212407-04:00","Action":"run","Package":"github.com/QuantumNous/new-api/controller","Test":"TestAuthLogoutRejectsRefreshCookieSessionMismatch"}
{"Time":"2026-09-10T08:24:13.8212407-04:00","Action":"output","Package":"github.com/QuantumNous/new-api/controller","Test":"TestAuthLogoutRejectsRefreshCookieSessionMismatch","Output":"=== RUN   TestAuthLogoutRejectsRefreshCookieSessionMismatch\n"}
{"Time":"2026-09-10T08:24:13.8232839-04:00","Action":"output","Package":"github.com/QuantumNous/new-api/controller","Test":"TestAuthLogoutRejectsRefreshCookieSessionMismatch","Output":"--- PASS: TestAuthLogoutRejectsRefreshCookieSessionMismatch (0.00s)\n"}
{"Time":"2026-09-10T08:24:13.8232839-04:00","Action":"pass","Package":"github.com/QuantumNous/new-api/controller","Test":"TestAuthLogoutRejectsRefreshCookieSessionMismatch","Elapsed":0}
{"Time":"2026-09-10T08:24:13.8232839-04:00","Action":"run","Package":"github.com/QuantumNous/new-api/controller","Test":"TestWriteAuthSessionErrorMapsSessionGrowthLimits"}
{"Time":"2026-09-10T08:24:13.8232839-04:00","Action":"output","Package":"github.com/QuantumNous/new-api/controller","Test":"TestWriteAuthSessionErrorMapsSessionGrowthLimits","Output":"=== RUN   TestWriteAuthSessionErrorMapsSessionGrowthLimits\n"}
{"Time":"2026-09-10T08:24:13.8232839-04:00","Action":"run","Package":"github.com/QuantumNous/new-api/controller","Test":"TestWriteAuthSessionErrorMapsSessionGrowthLimits/active_session_limit"}
{"Time":"2026-09-10T08:24:13.8232839-04:00","Action":"output","Package":"github.com/QuantumNous/new-api/controller","Test":"TestWriteAuthSessionErrorMapsSessionGrowthLimits/active_session_limit","Output":"=== RUN   TestWriteAuthSessionErrorMapsSessionGrowthLimits/active_session_limit\n"}
{"Time":"2026-09-10T08:24:13.8232839-04:00","Action":"output","Package":"github.com/QuantumNous/new-api/controller","Test":"TestWriteAuthSessionErrorMapsSessionGrowthLimits/active_session_limit","Output":"--- PASS: TestWriteAuthSessionErrorMapsSessionGrowthLimits/active_session_limit (0.00s)\n"}
{"Time":"2026-09-10T08:24:13.8232839-04:00","Action":"pass","Package":"github.com/QuantumNous/new-api/controller","Test":"TestWriteAuthSessionErrorMapsSessionGrowthLimits/active_session_limit","Elapsed":0}
{"Time":"2026-09-10T08:24:13.8232839-04:00","Action":"run","Package":"github.com/QuantumNous/new-api/controller","Test":"TestWriteAuthSessionErrorMapsSessionGrowthLimits/issuance_limit"}
{"Time":"2026-09-10T08:24:13.8232839-04:00","Action":"output","Package":"github.com/QuantumNous/new-api/controller","Test":"TestWriteAuthSessionErrorMapsSessionGrowthLimits/issuance_limit","Output":"=== RUN   TestWriteAuthSessionErrorMapsSessionGrowthLimits/issuance_limit\n"}
{"Time":"2026-09-10T08:24:13.8232839-04:00","Action":"output","Package":"github.com/QuantumNous/new-api/controller","Test":"TestWriteAuthSessionErrorMapsSessionGrowthLimits/issuance_limit","Output":"--- PASS: TestWriteAuthSessionErrorMapsSessionGrowthLimits/issuance_limit (0.00s)\n"}
{"Time":"2026-09-10T08:24:13.8232839-04:00","Action":"pass","Package":"github.com/QuantumNous/new-api/controller","Test":"TestWriteAuthSessionErrorMapsSessionGrowthLimits/issuance_limit","Elapsed":0}
{"Time":"2026-09-10T08:24:13.8232839-04:00","Action":"output","Package":"github.com/QuantumNous/new-api/controller","Test":"TestWriteAuthSessionErrorMapsSessionGrowthLimits","Output":"--- PASS: TestWriteAuthSessionErrorMapsSessionGrowthLimits (0.00s)\n"}
{"Time":"2026-09-10T08:24:13.8232839-04:00","Action":"pass","Package":"github.com/QuantumNous/new-api/controller","Test":"TestWriteAuthSessionErrorMapsSessionGrowthLimits","Elapsed":0}
{"Time":"2026-09-10T08:24:13.8232839-04:00","Action":"run","Package":"github.com/QuantumNous/new-api/controller","Test":"TestSessionLimitDoesNotRecordRejectedLoginAsSuccessful"}
{"Time":"2026-09-10T08:24:13.8232839-04:00","Action":"output","Package":"github.com/QuantumNous/new-api/controller","Test":"TestSessionLimitDoesNotRecordRejectedLoginAsSuccessful","Output":"=== RUN   TestSessionLimitDoesNotRecordRejectedLoginAsSuccessful\n"}
{"Time":"2026-09-10T08:24:13.8259331-04:00","Action":"output","Package":"github.com/QuantumNous/new-api/controller","Test":"TestSessionLimitDoesNotRecordRejectedLoginAsSuccessful","Output":"--- PASS: TestSessionLimitDoesNotRecordRejectedLoginAsSuccessful (0.00s)\n"}
{"Time":"2026-09-10T08:24:13.8259331-04:00","Action":"pass","Package":"github.com/QuantumNous/new-api/controller","Test":"TestSessionLimitDoesNotRecordRejectedLoginAsSuccessful","Elapsed":0}
{"Time":"2026-09-10T08:24:13.8259331-04:00","Action":"run","Package":"github.com/QuantumNous/new-api/controller","Test":"TestSetupLoginReturnsConfiguredAutoBanResponse"}
{"Time":"2026-09-10T08:24:13.8259331-04:00","Action":"output","Package":"github.com/QuantumNous/new-api/controller","Test":"TestSetupLoginReturnsConfiguredAutoBanResponse","Output":"=== RUN   TestSetupLoginReturnsConfiguredAutoBanResponse\n"}
{"Time":"2026-09-10T08:24:13.8274697-04:00","Action":"output","Package":"github.com/QuantumNous/new-api/controller","Test":"TestSetupLoginReturnsConfiguredAutoBanResponse","Output":"--- PASS: TestSetupLoginReturnsConfiguredAutoBanResponse (0.00s)\n"}
{"Time":"2026-09-10T08:24:13.8274697-04:00","Action":"pass","Package":"github.com/QuantumNous/new-api/controller","Test":"TestSetupLoginReturnsConfiguredAutoBanResponse","Elapsed":0}
{"Time":"2026-09-10T08:24:13.8274697-04:00","Action":"run","Package":"github.com/QuantumNous/new-api/controller","Test":"TestAutoPriceSyncConfigRequiresSourceAndDoesNotEnqueue"}
{"Time":"2026-09-10T08:24:13.8274697-04:00","Action":"output","Package":"github.com/QuantumNous/new-api/controller","Test":"TestAutoPriceSyncConfigRequiresSourceAndDoesNotEnqueue","Output":"=== RUN   TestAutoPriceSyncConfigRequiresSourceAndDoesNotEnqueue\n"}
{"Time":"2026-09-10T08:24:13.8290235-04:00","Action":"output","Package":"github.com/QuantumNous/new-api/controller","Test":"TestAutoPriceSyncConfigRequiresSourceAndDoesNotEnqueue","Output":"\r\n"}
{"Time":"2026-09-10T08:24:13.829541-04:00","Action":"output","Package":"github.com/QuantumNous/new-api/controller","Test":"TestAutoPriceSyncConfigRequiresSourceAndDoesNotEnqueue","Output":"2026/09/10 08:24:13 \u001b[31;1mD:/10178/Projects/new-api-upstream-sync/service/auto_sync_status.go:137 \u001b[35;1mrecord not found\n"}
{"Time":"2026-09-10T08:24:13.829541-04:00","Action":"output","Package":"github.com/QuantumNous/new-api/controller","Test":"TestAutoPriceSyncConfigRequiresSourceAndDoesNotEnqueue","Output":"\u001b[0m\u001b[33m[0.000ms] \u001b[34;1m[rows:0]\u001b[0m SELECT * FROM `options` WHERE `options`.`key` = \"auto_price_sync.enabled\" ORDER BY `options`.`key` LIMIT 1\n"}
{"Time":"2026-09-10T08:24:13.829541-04:00","Action":"output","Package":"github.com/QuantumNous/new-api/controller","Test":"TestAutoPriceSyncConfigRequiresSourceAndDoesNotEnqueue","Output":"\r\n"}
{"Time":"2026-09-10T08:24:13.829541-04:00","Action":"output","Package":"github.com/QuantumNous/new-api/controller","Test":"TestAutoPriceSyncConfigRequiresSourceAndDoesNotEnqueue","Output":"2026/09/10 08:24:13 \u001b[31;1mD:/10178/Projects/new-api-upstream-sync/service/auto_sync_status.go:137 \u001b[35;1mrecord not found\n"}
{"Time":"2026-09-10T08:24:13.829541-04:00","Action":"output","Package":"github.com/QuantumNous/new-api/controller","Test":"TestAutoPriceSyncConfigRequiresSourceAndDoesNotEnqueue","Output":"\u001b[0m\u001b[33m[0.000ms] \u001b[34;1m[rows:0]\u001b[0m SELECT * FROM `options` WHERE `options`.`key` = \"auto_price_sync.source_descriptor\" ORDER BY `options`.`key` LIMIT 1\n"}
{"Time":"2026-09-10T08:24:13.829541-04:00","Action":"output","Package":"github.com/QuantumNous/new-api/controller","Test":"TestAutoPriceSyncConfigRequiresSourceAndDoesNotEnqueue","Output":"\r\n"}
{"Time":"2026-09-10T08:24:13.829541-04:00","Action":"output","Package":"github.com/QuantumNous/new-api/controller","Test":"TestAutoPriceSyncConfigRequiresSourceAndDoesNotEnqueue","Output":"2026/09/10 08:24:13 \u001b[31;1mD:/10178/Projects/new-api-upstream-sync/model/user.go:1444 \u001b[35;1mSQL logic error: no such table: users (1)\n"}
{"Time":"2026-09-10T08:24:13.829541-04:00","Action":"output","Package":"github.com/QuantumNous/new-api/controller","Test":"TestAutoPriceSyncConfigRequiresSourceAndDoesNotEnqueue","Output":"\u001b[0m\u001b[33m[0.000ms] \u001b[34;1m[rows:0]\u001b[0m SELECT `username` FROM `users` WHERE id = 1 AND `users`.`deleted_at` IS NULL\n"}
{"Time":"2026-09-10T08:24:13.8300559-04:00","Action":"output","Package":"github.com/QuantumNous/new-api/controller","Test":"TestAutoPriceSyncConfigRequiresSourceAndDoesNotEnqueue","Output":"\r\n"}
{"Time":"2026-09-10T08:24:13.8300559-04:00","Action":"output","Package":"github.com/QuantumNous/new-api/controller","Test":"TestAutoPriceSyncConfigRequiresSourceAndDoesNotEnqueue","Output":"2026/09/10 08:24:13 \u001b[31;1mD:/10178/Projects/new-api-upstream-sync/service/auto_sync_status.go:152 \u001b[35;1mrecord not found\n"}
{"Time":"2026-09-10T08:24:13.8300559-04:00","Action":"output","Package":"github.com/QuantumNous/new-api/controller","Test":"TestAutoPriceSyncConfigRequiresSourceAndDoesNotEnqueue","Output":"\u001b[0m\u001b[33m[0.000ms] \u001b[34;1m[rows:0]\u001b[0m SELECT * FROM `channel_auto_sync_cursors` WHERE type = \"auto_price_sync\" ORDER BY `channel_auto_sync_cursors`.`type` LIMIT 1\n"}
{"Time":"2026-09-10T08:24:13.8300559-04:00","Action":"output","Package":"github.com/QuantumNous/new-api/controller","Test":"TestAutoPriceSyncConfigRequiresSourceAndDoesNotEnqueue","Output":"\r\n"}
{"Time":"2026-09-10T08:24:13.8300559-04:00","Action":"output","Package":"github.com/QuantumNous/new-api/controller","Test":"TestAutoPriceSyncConfigRequiresSourceAndDoesNotEnqueue","Output":"2026/09/10 08:24:13 \u001b[31;1mD:/10178/Projects/new-api-upstream-sync/model/system_task.go:151 \u001b[35;1mrecord not found\n"}
{"Time":"2026-09-10T08:24:13.8300559-04:00","Action":"output","Package":"github.com/QuantumNous/new-api/controller","Test":"TestAutoPriceSyncConfigRequiresSourceAndDoesNotEnqueue","Output":"\u001b[0m\u001b[33m[0.000ms] \u001b[34;1m[rows:0]\u001b[0m SELECT * FROM `system_tasks` WHERE type = \"auto_price_sync\" AND status IN (\"pending\",\"running\") ORDER BY id desc,`system_tasks`.`id` LIMIT 1\n"}
{"Time":"2026-09-10T08:24:13.8300559-04:00","Action":"output","Package":"github.com/QuantumNous/new-api/controller","Test":"TestAutoPriceSyncConfigRequiresSourceAndDoesNotEnqueue","Output":"\r\n"}
{"Time":"2026-09-10T08:24:13.8300559-04:00","Action":"output","Package":"github.com/QuantumNous/new-api/controller","Test":"TestAutoPriceSyncConfigRequiresSourceAndDoesNotEnqueue","Output":"2026/09/10 08:24:13 \u001b[31;1mD:/10178/Projects/new-api-upstream-sync/service/auto_sync_status.go:164 \u001b[35;1mrecord not found\n"}
{"Time":"2026-09-10T08:24:13.8300559-04:00","Action":"output","Package":"github.com/QuantumNous/new-api/controller","Test":"TestAutoPriceSyncConfigRequiresSourceAndDoesNotEnqueue","Output":"\u001b[0m\u001b[33m[0.000ms] \u001b[34;1m[rows:0]\u001b[0m SELECT * FROM `system_tasks` WHERE type = \"auto_price_sync\" AND status IN (\"succeeded\",\"failed\") ORDER BY id DESC,`system_tasks`.`id` LIMIT 1\n"}
{"Time":"2026-09-10T08:24:13.8300559-04:00","Action":"output","Package":"github.com/QuantumNous/new-api/controller","Test":"TestAutoPriceSyncConfigRequiresSourceAndDoesNotEnqueue","Output":"--- PASS: TestAutoPriceSyncConfigRequiresSourceAndDoesNotEnqueue (0.00s)\n"}
{"Time":"2026-09-10T08:24:13.8300559-04:00","Action":"pass","Package":"github.com/QuantumNous/new-api/controller","Test":"TestAutoPriceSyncConfigRequiresSourceAndDoesNotEnqueue","Elapsed":0}
{"Time":"2026-09-10T08:24:13.8300559-04:00","Action":"run","Package":"github.com/QuantumNous/new-api/controller","Test":"TestAutoModelSyncConfigAndStatus"}
{"Time":"2026-09-10T08:24:13.8300559-04:00","Action":"output","Package":"github.com/QuantumNous/new-api/controller","Test":"TestAutoModelSyncConfigAndStatus","Output":"=== RUN   TestAutoModelSyncConfigAndStatus\n"}
{"Time":"2026-09-10T08:24:13.8332486-04:00","Action":"output","Package":"github.com/QuantumNous/new-api/controller","Test":"TestAutoModelSyncConfigAndStatus","Output":"\r\n"}
{"Time":"2026-09-10T08:24:13.8332486-04:00","Action":"output","Package":"github.com/QuantumNous/new-api/controller","Test":"TestAutoModelSyncConfigAndStatus","Output":"2026/09/10 08:24:13 \u001b[31;1mD:/10178/Projects/new-api-upstream-sync/model/user.go:1444 \u001b[35;1mSQL logic error: no such table: users (1)\n"}
{"Time":"2026-09-10T08:24:13.8332486-04:00","Action":"output","Package":"github.com/QuantumNous/new-api/controller","Test":"TestAutoModelSyncConfigAndStatus","Output":"\u001b[0m\u001b[33m[0.000ms] \u001b[34;1m[rows:0]\u001b[0m SELECT `username` FROM `users` WHERE id = 1 AND `users`.`deleted_at` IS NULL\n"}
{"Time":"2026-09-10T08:24:13.8332486-04:00","Action":"output","Package":"github.com/QuantumNous/new-api/controller","Test":"TestAutoModelSyncConfigAndStatus","Output":"\r\n"}
{"Time":"2026-09-10T08:24:13.8332486-04:00","Action":"output","Package":"github.com/QuantumNous/new-api/controller","Test":"TestAutoModelSyncConfigAndStatus","Output":"2026/09/10 08:24:13 \u001b[31;1mD:/10178/Projects/new-api-upstream-sync/service/auto_sync_status.go:152 \u001b[35;1mrecord not found\n"}
{"Time":"2026-09-10T08:24:13.8332486-04:00","Action":"output","Package":"github.com/QuantumNous/new-api/controller","Test":"TestAutoModelSyncConfigAndStatus","Output":"\u001b[0m\u001b[33m[0.000ms] \u001b[34;1m[rows:0]\u001b[0m SELECT * FROM `channel_auto_sync_cursors` WHERE type = \"auto_model_metadata_sync\" ORDER BY `channel_auto_sync_cursors`.`type` LIMIT 1\n"}
{"Time":"2026-09-10T08:24:13.8332486-04:00","Action":"output","Package":"github.com/QuantumNous/new-api/controller","Test":"TestAutoModelSyncConfigAndStatus","Output":"\r\n"}
{"Time":"2026-09-10T08:24:13.8332486-04:00","Action":"output","Package":"github.com/QuantumNous/new-api/controller","Test":"TestAutoModelSyncConfigAndStatus","Output":"2026/09/10 08:24:13 \u001b[31;1mD:/10178/Projects/new-api-upstream-sync/model/system_task.go:151 \u001b[35;1mrecord not found\n"}
{"Time":"2026-09-10T08:24:13.8332486-04:00","Action":"output","Package":"github.com/QuantumNous/new-api/controller","Test":"TestAutoModelSyncConfigAndStatus","Output":"\u001b[0m\u001b[33m[0.000ms] \u001b[34;1m[rows:0]\u001b[0m SELECT * FROM `system_tasks` WHERE type = \"auto_model_metadata_sync\" AND status IN (\"pending\",\"running\") ORDER BY id desc,`system_tasks`.`id` LIMIT 1\n"}
{"Time":"2026-09-10T08:24:13.8332486-04:00","Action":"output","Package":"github.com/QuantumNous/new-api/controller","Test":"TestAutoModelSyncConfigAndStatus","Output":"\r\n"}
{"Time":"2026-09-10T08:24:13.8332486-04:00","Action":"output","Package":"github.com/QuantumNous/new-api/controller","Test":"TestAutoModelSyncConfigAndStatus","Output":"2026/09/10 08:24:13 \u001b[31;1mD:/10178/Projects/new-api-upstream-sync/service/auto_sync_status.go:164 \u001b[35;1mrecord not found\n"}
{"Time":"2026-09-10T08:24:13.8332486-04:00","Action":"output","Package":"github.com/QuantumNous/new-api/controller","Test":"TestAutoModelSyncConfigAndStatus","Output":"\u001b[0m\u001b[33m[0.000ms] \u001b[34;1m[rows:0]\u001b[0m SELECT * FROM `system_tasks` WHERE type = \"auto_model_metadata_sync\" AND status IN (\"succeeded\",\"failed\") ORDER BY id DESC,`system_tasks`.`id` LIMIT 1\n"}
{"Time":"2026-09-10T08:24:13.8332486-04:00","Action":"output","Package":"github.com/QuantumNous/new-api/controller","Test":"TestAutoModelSyncConfigAndStatus","Output":"\r\n"}
{"Time":"2026-09-10T08:24:13.8332486-04:00","Action":"output","Package":"github.com/QuantumNous/new-api/controller","Test":"TestAutoModelSyncConfigAndStatus","Output":"2026/09/10 08:24:13 \u001b[31;1mD:/10178/Projects/new-api-upstream-sync/service/auto_sync_status.go:152 \u001b[35;1mrecord not found\n"}
{"Time":"2026-09-10T08:24:13.8332486-04:00","Action":"output","Package":"github.com/QuantumNous/new-api/controller","Test":"TestAutoModelSyncConfigAndStatus","Output":"\u001b[0m\u001b[33m[0.000ms] \u001b[34;1m[rows:0]\u001b[0m SELECT * FROM `channel_auto_sync_cursors` WHERE type = \"auto_model_metadata_sync\" ORDER BY `channel_auto_sync_cursors`.`type` LIMIT 1\n"}
{"Time":"2026-09-10T08:24:13.8332486-04:00","Action":"output","Package":"github.com/QuantumNous/new-api/controller","Test":"TestAutoModelSyncConfigAndStatus","Output":"\r\n"}
{"Time":"2026-09-10T08:24:13.8332486-04:00","Action":"output","Package":"github.com/QuantumNous/new-api/controller","Test":"TestAutoModelSyncConfigAndStatus","Output":"2026/09/10 08:24:13 \u001b[31;1mD:/10178/Projects/new-api-upstream-sync/model/system_task.go:151 \u001b[35;1mrecord not found\n"}
{"Time":"2026-09-10T08:24:13.8332486-04:00","Action":"output","Package":"github.com/QuantumNous/new-api/controller","Test":"TestAutoModelSyncConfigAndStatus","Output":"\u001b[0m\u001b[33m[0.000ms] \u001b[34;1m[rows:0]\u001b[0m SELECT * FROM `system_tasks` WHERE type = \"auto_model_metadata_sync\" AND status IN (\"pending\",\"running\") ORDER BY id desc,`system_tasks`.`id` LIMIT 1\n"}
{"Time":"2026-09-10T08:24:13.8332486-04:00","Action":"output","Package":"github.com/QuantumNous/new-api/controller","Test":"TestAutoModelSyncConfigAndStatus","Output":"\r\n"}
{"Time":"2026-09-10T08:24:13.8332486-04:00","Action":"output","Package":"github.com/QuantumNous/new-api/controller","Test":"TestAutoModelSyncConfigAndStatus","Output":"2026/09/10 08:24:13 \u001b[31;1mD:/10178/Projects/new-api-upstream-sync/service/auto_sync_status.go:164 \u001b[35;1mrecord not found\n"}
{"Time":"2026-09-10T08:24:13.8332486-04:00","Action":"output","Package":"github.com/QuantumNous/new-api/controller","Test":"TestAutoModelSyncConfigAndStatus","Output":"\u001b[0m\u001b[33m[0.000ms] \u001b[34;1m[rows:0]\u001b[0m SELECT * FROM `system_tasks` WHERE type = \"auto_model_metadata_sync\" AND status IN (\"succeeded\",\"failed\") ORDER BY id DESC,`system_tasks`.`id` LIMIT 1\n"}
{"Time":"2026-09-10T08:24:13.8332486-04:00","Action":"output","Package":"github.com/QuantumNous/new-api/controller","Test":"TestAutoModelSyncConfigAndStatus","Output":"--- PASS: TestAutoModelSyncConfigAndStatus (0.00s)\n"}
{"Time":"2026-09-10T08:24:13.8332486-04:00","Action":"pass","Package":"github.com/QuantumNous/new-api/controller","Test":"TestAutoModelSyncConfigAndStatus","Elapsed":0}
{"Time":"2026-09-10T08:24:13.8332486-04:00","Action":"run","Package":"github.com/QuantumNous/new-api/controller","Test":"TestChannelHasSensitiveChanges"}
{"Time":"2026-09-10T08:24:13.8332486-04:00","Action":"output","Package":"github.com/QuantumNous/new-api/controller","Test":"TestChannelHasSensitiveChanges","Output":"=== RUN   TestChannelHasSensitiveChanges\n"}
{"Time":"2026-09-10T08:24:13.8332486-04:00","Action":"run","Package":"github.com/QuantumNous/new-api/controller","Test":"TestChannelHasSensitiveChanges/non-sensitive_routing_fields"}
{"Time":"2026-09-10T08:24:13.8332486-04:00","Action":"output","Package":"github.com/QuantumNous/new-api/controller","Test":"TestChannelHasSensitiveChanges/non-sensitive_routing_fields","Output":"=== RUN   TestChannelHasSensitiveChanges/non-sensitive_routing_fields\n"}
{"Time":"2026-09-10T08:24:13.8332486-04:00","Action":"output","Package":"github.com/QuantumNous/new-api/controller","Test":"TestChannelHasSensitiveChanges/non-sensitive_routing_fields","Output":"--- PASS: TestChannelHasSensitiveChanges/non-sensitive_routing_fields (0.00s)\n"}
{"Time":"2026-09-10T08:24:13.8332486-04:00","Action":"pass","Package":"github.com/QuantumNous/new-api/controller","Test":"TestChannelHasSensitiveChanges/non-sensitive_routing_fields","Elapsed":0}
{"Time":"2026-09-10T08:24:13.8332486-04:00","Action":"run","Package":"github.com/QuantumNous/new-api/controller","Test":"TestChannelHasSensitiveChanges/key_change"}
{"Time":"2026-09-10T08:24:13.8332486-04:00","Action":"output","Package":"github.com/QuantumNous/new-api/controller","Test":"TestChannelHasSensitiveChanges/key_change","Output":"=== RUN   TestChannelHasSensitiveChanges/key_change\n"}
{"Time":"2026-09-10T08:24:13.8332486-04:00","Action":"output","Package":"github.com/QuantumNous/new-api/controller","Test":"TestChannelHasSensitiveChanges/key_change","Output":"--- PASS: TestChannelHasSensitiveChanges/key_change (0.00s)\n"}
{"Time":"2026-09-10T08:24:13.8332486-04:00","Action":"pass","Package":"github.com/QuantumNous/new-api/controller","Test":"TestChannelHasSensitiveChanges/key_change","Elapsed":0}
{"Time":"2026-09-10T08:24:13.8332486-04:00","Action":"run","Package":"github.com/QuantumNous/new-api/controller","Test":"TestChannelHasSensitiveChanges/base_url_change"}
{"Time":"2026-09-10T08:24:13.8332486-04:00","Action":"output","Package":"github.com/QuantumNous/new-api/controller","Test":"TestChannelHasSensitiveChanges/base_url_change","Output":"=== RUN   TestChannelHasSensitiveChanges/base_url_change\n"}
{"Time":"2026-09-10T08:24:13.8332486-04:00","Action":"output","Package":"github.com/QuantumNous/new-api/controller","Test":"TestChannelHasSensitiveChanges/base_url_change","Output":"--- PASS: TestChannelHasSensitiveChanges/base_url_change (0.00s)\n"}
{"Time":"2026-09-10T08:24:13.8332486-04:00","Action":"pass","Package":"github.com/QuantumNous/new-api/controller","Test":"TestChannelHasSensitiveChanges/base_url_change","Elapsed":0}
{"Time":"2026-09-10T08:24:13.8332486-04:00","Action":"run","Package":"github.com/QuantumNous/new-api/controller","Test":"TestChannelHasSensitiveChanges/header_override_change"}
{"Time":"2026-09-10T08:24:13.8332486-04:00","Action":"output","Package":"github.com/QuantumNous/new-api/controller","Test":"TestChannelHasSensitiveChanges/header_override_change","Output":"=== RUN   TestChannelHasSensitiveChanges/header_override_change\n"}
{"Time":"2026-09-10T08:24:13.8332486-04:00","Action":"output","Package":"github.com/QuantumNous/new-api/controller","Test":"TestChannelHasSensitiveChanges/header_override_change","Output":"--- PASS: TestChannelHasSensitiveChanges/header_override_change (0.00s)\n"}
{"Time":"2026-09-10T08:24:13.8332486-04:00","Action":"pass","Package":"github.com/QuantumNous/new-api/controller","Test":"TestChannelHasSensitiveChanges/header_override_change","Elapsed":0}
{"Time":"2026-09-10T08:24:13.8332486-04:00","Action":"run","Package":"github.com/QuantumNous/new-api/controller","Test":"TestChannelHasSensitiveChanges/omitted_sensitive_fields_do_not_use_zero_values"}
{"Time":"2026-09-10T08:24:13.8332486-04:00","Action":"output","Package":"github.com/QuantumNous/new-api/controller","Test":"TestChannelHasSensitiveChanges/omitted_sensitive_fields_do_not_use_zero_values","Output":"=== RUN   TestChannelHasSensitiveChanges/omitted_sensitive_fields_do_not_use_zero_values\n"}
{"Time":"2026-09-10T08:24:13.8332486-04:00","Action":"output","Package":"github.com/QuantumNous/new-api/controller","Test":"TestChannelHasSensitiveChanges/omitted_sensitive_fields_do_not_use_zero_values","Output":"--- PASS: TestChannelHasSensitiveChanges/omitted_sensitive_fields_do_not_use_zero_values (0.00s)\n"}
{"Time":"2026-09-10T08:24:13.8332486-04:00","Action":"pass","Package":"github.com/QuantumNous/new-api/controller","Test":"TestChannelHasSensitiveChanges/omitted_sensitive_fields_do_not_use_zero_values","Elapsed":0}
{"Time":"2026-09-10T08:24:13.8332486-04:00","Action":"run","Package":"github.com/QuantumNous/new-api/controller","Test":"TestChannelHasSensitiveChanges/unknown_field_fails_closed"}
{"Time":"2026-09-10T08:24:13.8332486-04:00","Action":"output","Package":"github.com/QuantumNous/new-api/controller","Test":"TestChannelHasSensitiveChanges/unknown_field_fails_closed","Output":"=== RUN   TestChannelHasSensitiveChanges/unknown_field_fails_closed\n"}
{"Time":"2026-09-10T08:24:13.8332486-04:00","Action":"output","Package":"github.com/QuantumNous/new-api/controller","Test":"TestChannelHasSensitiveChanges/unknown_field_fails_closed","Output":"--- PASS: TestChannelHasSensitiveChanges/unknown_field_fails_closed (0.00s)\n"}
{"Time":"2026-09-10T08:24:13.8332486-04:00","Action":"pass","Package":"github.com/QuantumNous/new-api/controller","Test":"TestChannelHasSensitiveChanges/unknown_field_fails_closed","Elapsed":0}
{"Time":"2026-09-10T08:24:13.8332486-04:00","Action":"run","Package":"github.com/QuantumNous/new-api/controller","Test":"TestChannelHasSensitiveChanges/status_is_operational"}
{"Time":"2026-09-10T08:24:13.8332486-04:00","Action":"output","Package":"github.com/QuantumNous/new-api/controller","Test":"TestChannelHasSensitiveChanges/status_is_operational","Output":"=== RUN   TestChannelHasSensitiveChanges/status_is_operational\n"}
{"Time":"2026-09-10T08:24:13.8332486-04:00","Action":"output","Package":"github.com/QuantumNous/new-api/controller","Test":"TestChannelHasSensitiveChanges/status_is_operational","Output":"--- PASS: TestChannelHasSensitiveChanges/status_is_operational (0.00s)\n"}
{"Time":"2026-09-10T08:24:13.8332486-04:00","Action":"pass","Package":"github.com/QuantumNous/new-api/controller","Test":"TestChannelHasSensitiveChanges/status_is_operational","Elapsed":0}
{"Time":"2026-09-10T08:24:13.8332486-04:00","Action":"run","Package":"github.com/QuantumNous/new-api/controller","Test":"TestChannelHasSensitiveChanges/read-only_fields_are_ignored_by_sensitivity_check"}
{"Time":"2026-09-10T08:24:13.8332486-04:00","Action":"output","Package":"github.com/QuantumNous/new-api/controller","Test":"TestChannelHasSensitiveChanges/read-only_fields_are_ignored_by_sensitivity_check","Output":"=== RUN   TestChannelHasSensitiveChanges/read-only_fields_are_ignored_by_sensitivity_check\n"}
{"Time":"2026-09-10T08:24:13.8332486-04:00","Action":"output","Package":"github.com/QuantumNous/new-api/controller","Test":"TestChannelHasSensitiveChanges/read-only_fields_are_ignored_by_sensitivity_check","Output":"--- PASS: TestChannelHasSensitiveChanges/read-only_fields_are_ignored_by_sensitivity_check (0.00s)\n"}
{"Time":"2026-09-10T08:24:13.8332486-04:00","Action":"pass","Package":"github.com/QuantumNous/new-api/controller","Test":"TestChannelHasSensitiveChanges/read-only_fields_are_ignored_by_sensitivity_check","Elapsed":0}
{"Time":"2026-09-10T08:24:13.8332486-04:00","Action":"output","Package":"github.com/QuantumNous/new-api/controller","Test":"TestChannelHasSensitiveChanges","Output":"--- PASS: TestChannelHasSensitiveChanges (0.00s)\n"}
{"Time":"2026-09-10T08:24:13.8332486-04:00","Action":"pass","Package":"github.com/QuantumNous/new-api/controller","Test":"TestChannelHasSensitiveChanges","Elapsed":0}
{"Time":"2026-09-10T08:24:13.8332486-04:00","Action":"run","Package":"github.com/QuantumNous/new-api/controller","Test":"TestClearChannelReadOnlyFields"}
{"Time":"2026-09-10T08:24:13.8332486-04:00","Action":"output","Package":"github.com/QuantumNous/new-api/controller","Test":"TestClearChannelReadOnlyFields","Output":"=== RUN   TestClearChannelReadOnlyFields\n"}
{"Time":"2026-09-10T08:24:13.8332486-04:00","Action":"output","Package":"github.com/QuantumNous/new-api/controller","Test":"TestClearChannelReadOnlyFields","Output":"--- PASS: TestClearChannelReadOnlyFields (0.00s)\n"}
{"Time":"2026-09-10T08:24:13.8332486-04:00","Action":"pass","Package":"github.com/QuantumNous/new-api/controller","Test":"TestClearChannelReadOnlyFields","Elapsed":0}
{"Time":"2026-09-10T08:24:13.8332486-04:00","Action":"run","Package":"github.com/QuantumNous/new-api/controller","Test":"TestUpdateChannelRejectsStatusField"}
{"Time":"2026-09-10T08:24:13.8332486-04:00","Action":"output","Package":"github.com/QuantumNous/new-api/controller","Test":"TestUpdateChannelRejectsStatusField","Output":"=== RUN   TestUpdateChannelRejectsStatusField\n"}
{"Time":"2026-09-10T08:24:13.8332486-04:00","Action":"output","Package":"github.com/QuantumNous/new-api/controller","Test":"TestUpdateChannelRejectsStatusField","Output":"--- PASS: TestUpdateChannelRejectsStatusField (0.00s)\n"}
{"Time":"2026-09-10T08:24:13.8332486-04:00","Action":"pass","Package":"github.com/QuantumNous/new-api/controller","Test":"TestUpdateChannelRejectsStatusField","Elapsed":0}
{"Time":"2026-09-10T08:24:13.8332486-04:00","Action":"run","Package":"github.com/QuantumNous/new-api/controller","Test":"TestChannelStatusValidation"}
{"Time":"2026-09-10T08:24:13.8332486-04:00","Action":"output","Package":"github.com/QuantumNous/new-api/controller","Test":"TestChannelStatusValidation","Output":"=== RUN   TestChannelStatusValidation\n"}
{"Time":"2026-09-10T08:24:13.8332486-04:00","Action":"output","Package":"github.com/QuantumNous/new-api/controller","Test":"TestChannelStatusValidation","Output":"--- PASS: TestChannelStatusValidation (0.00s)\n"}
{"Time":"2026-09-10T08:24:13.8332486-04:00","Action":"pass","Package":"github.com/QuantumNous/new-api/controller","Test":"TestChannelStatusValidation","Elapsed":0}
{"Time":"2026-09-10T08:24:13.8332486-04:00","Action":"run","Package":"github.com/QuantumNous/new-api/controller","Test":"TestChannelFieldsAreClassified"}
{"Time":"2026-09-10T08:24:13.8332486-04:00","Action":"output","Package":"github.com/QuantumNous/new-api/controller","Test":"TestChannelFieldsAreClassified","Output":"=== RUN   TestChannelFieldsAreClassified\n"}
{"Time":"2026-09-10T08:24:13.8332486-04:00","Action":"output","Package":"github.com/QuantumNous/new-api/controller","Test":"TestChannelFieldsAreClassified","Output":"--- PASS: TestChannelFieldsAreClassified (0.00s)\n"}
{"Time":"2026-09-10T08:24:13.8332486-04:00","Action":"pass","Package":"github.com/QuantumNous/new-api/controller","Test":"TestChannelFieldsAreClassified","Elapsed":0}
{"Time":"2026-09-10T08:24:13.8332486-04:00","Action":"run","Package":"github.com/QuantumNous/new-api/controller","Test":"TestChannelCustomBalanceAPIDoesNotReturnCredential"}
{"Time":"2026-09-10T08:24:13.8332486-04:00","Action":"output","Package":"github.com/QuantumNous/new-api/controller","Test":"TestChannelCustomBalanceAPIDoesNotReturnCredential","Output":"=== RUN   TestChannelCustomBalanceAPIDoesNotReturnCredential\n"}
{"Time":"2026-09-10T08:24:13.8357908-04:00","Action":"output","Package":"github.com/QuantumNous/new-api/controller","Test":"TestChannelCustomBalanceAPIDoesNotReturnCredential","Output":"\r\n"}
{"Time":"2026-09-10T08:24:13.8357908-04:00","Action":"output","Package":"github.com/QuantumNous/new-api/controller","Test":"TestChannelCustomBalanceAPIDoesNotReturnCredential","Output":"2026/09/10 08:24:13 \u001b[31;1mD:/10178/Projects/new-api-upstream-sync/model/channel_custom_balance.go:76 \u001b[35;1mrecord not found\n"}
{"Time":"2026-09-10T08:24:13.8357908-04:00","Action":"output","Package":"github.com/QuantumNous/new-api/controller","Test":"TestChannelCustomBalanceAPIDoesNotReturnCredential","Output":"\u001b[0m\u001b[33m[0.000ms] \u001b[34;1m[rows:0]\u001b[0m SELECT * FROM `channel_custom_balances` WHERE channel_id = 1 ORDER BY `channel_custom_balances`.`channel_id` LIMIT 1\n"}
{"Time":"2026-09-10T08:24:13.8368309-04:00","Action":"output","Package":"github.com/QuantumNous/new-api/controller","Test":"TestChannelCustomBalanceAPIDoesNotReturnCredential","Output":"--- PASS: TestChannelCustomBalanceAPIDoesNotReturnCredential (0.00s)\n"}
{"Time":"2026-09-10T08:24:13.8368309-04:00","Action":"pass","Package":"github.com/QuantumNous/new-api/controller","Test":"TestChannelCustomBalanceAPIDoesNotReturnCredential","Elapsed":0}
{"Time":"2026-09-10T08:24:13.8368309-04:00","Action":"run","Package":"github.com/QuantumNous/new-api/controller","Test":"TestChannelCustomBalanceAPIRejectsInvalidQuota"}
{"Time":"2026-09-10T08:24:13.8368309-04:00","Action":"output","Package":"github.com/QuantumNous/new-api/controller","Test":"TestChannelCustomBalanceAPIRejectsInvalidQuota","Output":"=== RUN   TestChannelCustomBalanceAPIRejectsInvalidQuota\n"}
{"Time":"2026-09-10T08:24:13.8378664-04:00","Action":"output","Package":"github.com/QuantumNous/new-api/controller","Test":"TestChannelCustomBalanceAPIRejectsInvalidQuota","Output":"\r\n"}
{"Time":"2026-09-10T08:24:13.8388266-04:00","Action":"output","Package":"github.com/QuantumNous/new-api/controller","Test":"TestChannelCustomBalanceAPIRejectsInvalidQuota","Output":"2026/09/10 08:24:13 \u001b[31;1mD:/10178/Projects/new-api-upstream-sync/model/channel_custom_balance.go:76 \u001b[35;1mrecord not found\n"}
{"Time":"2026-09-10T08:24:13.8388266-04:00","Action":"output","Package":"github.com/QuantumNous/new-api/controller","Test":"TestChannelCustomBalanceAPIRejectsInvalidQuota","Output":"\u001b[0m\u001b[33m[0.000ms] \u001b[34;1m[rows:0]\u001b[0m SELECT * FROM `channel_custom_balances` WHERE channel_id = 1 ORDER BY `channel_custom_balances`.`channel_id` LIMIT 1\n"}
{"Time":"2026-09-10T08:24:13.8388266-04:00","Action":"output","Package":"github.com/QuantumNous/new-api/controller","Test":"TestChannelCustomBalanceAPIRejectsInvalidQuota","Output":"--- PASS: TestChannelCustomBalanceAPIRejectsInvalidQuota (0.00s)\n"}
{"Time":"2026-09-10T08:24:13.8388266-04:00","Action":"pass","Package":"github.com/QuantumNous/new-api/controller","Test":"TestChannelCustomBalanceAPIRejectsInvalidQuota","Elapsed":0}
{"Time":"2026-09-10T08:24:13.8388266-04:00","Action":"run","Package":"github.com/QuantumNous/new-api/controller","Test":"TestChannelCustomBalanceAPIAcceptsNumericUserID"}
{"Time":"2026-09-10T08:24:13.8388266-04:00","Action":"output","Package":"github.com/QuantumNous/new-api/controller","Test":"TestChannelCustomBalanceAPIAcceptsNumericUserID","Output":"=== RUN   TestChannelCustomBalanceAPIAcceptsNumericUserID\n"}
{"Time":"2026-09-10T08:24:13.8408869-04:00","Action":"output","Package":"github.com/QuantumNous/new-api/controller","Test":"TestChannelCustomBalanceAPIAcceptsNumericUserID","Output":"\r\n"}
{"Time":"2026-09-10T08:24:13.8408869-04:00","Action":"output","Package":"github.com/QuantumNous/new-api/controller","Test":"TestChannelCustomBalanceAPIAcceptsNumericUserID","Output":"2026/09/10 08:24:13 \u001b[31;1mD:/10178/Projects/new-api-upstream-sync/model/channel_custom_balance.go:76 \u001b[35;1mrecord not found\n"}
{"Time":"2026-09-10T08:24:13.8408869-04:00","Action":"output","Package":"github.com/QuantumNous/new-api/controller","Test":"TestChannelCustomBalanceAPIAcceptsNumericUserID","Output":"\u001b[0m\u001b[33m[0.000ms] \u001b[34;1m[rows:0]\u001b[0m SELECT * FROM `channel_custom_balances` WHERE channel_id = 1 ORDER BY `channel_custom_balances`.`channel_id` LIMIT 1\n"}
{"Time":"2026-09-10T08:24:13.8408869-04:00","Action":"output","Package":"github.com/QuantumNous/new-api/controller","Test":"TestChannelCustomBalanceAPIAcceptsNumericUserID","Output":"--- PASS: TestChannelCustomBalanceAPIAcceptsNumericUserID (0.00s)\n"}
{"Time":"2026-09-10T08:24:13.8408869-04:00","Action":"pass","Package":"github.com/QuantumNous/new-api/controller","Test":"TestChannelCustomBalanceAPIAcceptsNumericUserID","Elapsed":0}
{"Time":"2026-09-10T08:24:13.8414081-04:00","Action":"run","Package":"github.com/QuantumNous/new-api/controller","Test":"TestUpdateChannelBalanceUsesConfiguredCustomBalance"}
{"Time":"2026-09-10T08:24:13.8414081-04:00","Action":"output","Package":"github.com/QuantumNous/new-api/controller","Test":"TestUpdateChannelBalanceUsesConfiguredCustomBalance","Output":"=== RUN   TestUpdateChannelBalanceUsesConfiguredCustomBalance\n"}
{"Time":"2026-09-10T08:24:13.8441706-04:00","Action":"output","Package":"github.com/QuantumNous/new-api/controller","Test":"TestUpdateChannelBalanceUsesConfiguredCustomBalance","Output":"\r\n"}
{"Time":"2026-09-10T08:24:13.8441706-04:00","Action":"output","Package":"github.com/QuantumNous/new-api/controller","Test":"TestUpdateChannelBalanceUsesConfiguredCustomBalance","Output":"2026/09/10 08:24:13 \u001b[31;1mD:/10178/Projects/new-api-upstream-sync/model/channel_custom_balance.go:76 \u001b[35;1mrecord not found\n"}
{"Time":"2026-09-10T08:24:13.8441706-04:00","Action":"output","Package":"github.com/QuantumNous/new-api/controller","Test":"TestUpdateChannelBalanceUsesConfiguredCustomBalance","Output":"\u001b[0m\u001b[33m[0.000ms] \u001b[34;1m[rows:0]\u001b[0m SELECT * FROM `channel_custom_balances` WHERE channel_id = 1 ORDER BY `channel_custom_balances`.`channel_id` LIMIT 1\n"}
{"Time":"2026-09-10T08:24:13.8457285-04:00","Action":"output","Package":"github.com/QuantumNous/new-api/controller","Test":"TestUpdateChannelBalanceUsesConfiguredCustomBalance","Output":"--- PASS: TestUpdateChannelBalanceUsesConfiguredCustomBalance (0.00s)\n"}
{"Time":"2026-09-10T08:24:13.8457285-04:00","Action":"pass","Package":"github.com/QuantumNous/new-api/controller","Test":"TestUpdateChannelBalanceUsesConfiguredCustomBalance","Elapsed":0}
{"Time":"2026-09-10T08:24:13.8457285-04:00","Action":"run","Package":"github.com/QuantumNous/new-api/controller","Test":"TestChannelCustomBalanceAPIPreservesLargeNumericUserID"}
{"Time":"2026-09-10T08:24:13.8457285-04:00","Action":"output","Package":"github.com/QuantumNous/new-api/controller","Test":"TestChannelCustomBalanceAPIPreservesLargeNumericUserID","Output":"=== RUN   TestChannelCustomBalanceAPIPreservesLargeNumericUserID\n"}
{"Time":"2026-09-10T08:24:13.8478483-04:00","Action":"output","Package":"github.com/QuantumNous/new-api/controller","Test":"TestChannelCustomBalanceAPIPreservesLargeNumericUserID","Output":"\r\n"}
{"Time":"2026-09-10T08:24:13.8478483-04:00","Action":"output","Package":"github.com/QuantumNous/new-api/controller","Test":"TestChannelCustomBalanceAPIPreservesLargeNumericUserID","Output":"2026/09/10 08:24:13 \u001b[31;1mD:/10178/Projects/new-api-upstream-sync/model/channel_custom_balance.go:76 \u001b[35;1mrecord not found\n"}
{"Time":"2026-09-10T08:24:13.8478483-04:00","Action":"output","Package":"github.com/QuantumNous/new-api/controller","Test":"TestChannelCustomBalanceAPIPreservesLargeNumericUserID","Output":"\u001b[0m\u001b[33m[0.529ms] \u001b[34;1m[rows:0]\u001b[0m SELECT * FROM `channel_custom_balances` WHERE channel_id = 1 ORDER BY `channel_custom_balances`.`channel_id` LIMIT 1\n"}
{"Time":"2026-09-10T08:24:13.8478483-04:00","Action":"output","Package":"github.com/QuantumNous/new-api/controller","Test":"TestChannelCustomBalanceAPIPreservesLargeNumericUserID","Output":"--- PASS: TestChannelCustomBalanceAPIPreservesLargeNumericUserID (0.00s)\n"}
{"Time":"2026-09-10T08:24:13.8478483-04:00","Action":"pass","Package":"github.com/QuantumNous/new-api/controller","Test":"TestChannelCustomBalanceAPIPreservesLargeNumericUserID","Elapsed":0}
{"Time":"2026-09-10T08:24:13.8478483-04:00","Action":"run","Package":"github.com/QuantumNous/new-api/controller","Test":"TestOllamaUserOperationsAuthorizeRequestGuard"}
{"Time":"2026-09-10T08:24:13.8478483-04:00","Action":"output","Package":"github.com/QuantumNous/new-api/controller","Test":"TestOllamaUserOperationsAuthorizeRequestGuard","Output":"=== RUN   TestOllamaUserOperationsAuthorizeRequestGuard\n"}
{"Time":"2026-09-10T08:24:13.8478483-04:00","Action":"run","Package":"github.com/QuantumNous/new-api/controller","Test":"TestOllamaUserOperationsAuthorizeRequestGuard/pull"}
{"Time":"2026-09-10T08:24:13.8478483-04:00","Action":"output","Package":"github.com/QuantumNous/new-api/controller","Test":"TestOllamaUserOperationsAuthorizeRequestGuard/pull","Output":"=== RUN   TestOllamaUserOperationsAuthorizeRequestGuard/pull\n"}
{"Time":"2026-09-10T08:24:13.8478483-04:00","Action":"run","Package":"github.com/QuantumNous/new-api/controller","Test":"TestOllamaUserOperationsAuthorizeRequestGuard/pull/pending_is_consumed"}
{"Time":"2026-09-10T08:24:13.8478483-04:00","Action":"output","Package":"github.com/QuantumNous/new-api/controller","Test":"TestOllamaUserOperationsAuthorizeRequestGuard/pull/pending_is_consumed","Output":"=== RUN   TestOllamaUserOperationsAuthorizeRequestGuard/pull/pending_is_consumed\n"}
{"Time":"2026-09-10T08:24:13.8478483-04:00","Action":"output","Package":"github.com/QuantumNous/new-api/controller","Test":"TestOllamaUserOperationsAuthorizeRequestGuard/pull/pending_is_consumed","Output":"[SYS] 2026/09/10 - 08:24:13 | SQL_DSN not set, using SQLite as database \n"}
{"Time":"2026-09-10T08:24:13.8520427-04:00","Action":"output","Package":"github.com/QuantumNous/new-api/controller","Test":"TestOllamaUserOperationsAuthorizeRequestGuard/pull/pending_is_consumed","Output":"--- PASS: TestOllamaUserOperationsAuthorizeRequestGuard/pull/pending_is_consumed (0.00s)\n"}
{"Time":"2026-09-10T08:24:13.8520427-04:00","Action":"pass","Package":"github.com/QuantumNous/new-api/controller","Test":"TestOllamaUserOperationsAuthorizeRequestGuard/pull/pending_is_consumed","Elapsed":0}
{"Time":"2026-09-10T08:24:13.8520427-04:00","Action":"run","Package":"github.com/QuantumNous/new-api/controller","Test":"TestOllamaUserOperationsAuthorizeRequestGuard/pull/guard_id_zero"}
{"Time":"2026-09-10T08:24:13.8520427-04:00","Action":"output","Package":"github.com/QuantumNous/new-api/controller","Test":"TestOllamaUserOperationsAuthorizeRequestGuard/pull/guard_id_zero","Output":"=== RUN   TestOllamaUserOperationsAuthorizeRequestGuard/pull/guard_id_zero\n"}
{"Time":"2026-09-10T08:24:13.8520427-04:00","Action":"output","Package":"github.com/QuantumNous/new-api/controller","Test":"TestOllamaUserOperationsAuthorizeRequestGuard/pull/guard_id_zero","Output":"[SYS] 2026/09/10 - 08:24:13 | SQL_DSN not set, using SQLite as database \n"}
{"Time":"2026-09-10T08:24:13.8546223-04:00","Action":"output","Package":"github.com/QuantumNous/new-api/controller","Test":"TestOllamaUserOperationsAuthorizeRequestGuard/pull/guard_id_zero","Output":"--- PASS: TestOllamaUserOperationsAuthorizeRequestGuard/pull/guard_id_zero (0.00s)\n"}
{"Time":"2026-09-10T08:24:13.8546223-04:00","Action":"pass","Package":"github.com/QuantumNous/new-api/controller","Test":"TestOllamaUserOperationsAuthorizeRequestGuard/pull/guard_id_zero","Elapsed":0}
{"Time":"2026-09-10T08:24:13.8546223-04:00","Action":"run","Package":"github.com/QuantumNous/new-api/controller","Test":"TestOllamaUserOperationsAuthorizeRequestGuard/pull/used_accepted"}
{"Time":"2026-09-10T08:24:13.8546223-04:00","Action":"output","Package":"github.com/QuantumNous/new-api/controller","Test":"TestOllamaUserOperationsAuthorizeRequestGuard/pull/used_accepted","Output":"=== RUN   TestOllamaUserOperationsAuthorizeRequestGuard/pull/used_accepted\n"}
{"Time":"2026-09-10T08:24:13.8546223-04:00","Action":"output","Package":"github.com/QuantumNous/new-api/controller","Test":"TestOllamaUserOperationsAuthorizeRequestGuard/pull/used_accepted","Output":"[SYS] 2026/09/10 - 08:24:13 | SQL_DSN not set, using SQLite as database \n"}
{"Time":"2026-09-10T08:24:13.8577367-04:00","Action":"output","Package":"github.com/QuantumNous/new-api/controller","Test":"TestOllamaUserOperationsAuthorizeRequestGuard/pull/used_accepted","Output":"--- PASS: TestOllamaUserOperationsAuthorizeRequestGuard/pull/used_accepted (0.00s)\n"}
{"Time":"2026-09-10T08:24:13.8577367-04:00","Action":"pass","Package":"github.com/QuantumNous/new-api/controller","Test":"TestOllamaUserOperationsAuthorizeRequestGuard/pull/used_accepted","Elapsed":0}
{"Time":"2026-09-10T08:24:13.8577367-04:00","Action":"run","Package":"github.com/QuantumNous/new-api/controller","Test":"TestOllamaUserOperationsAuthorizeRequestGuard/pull/invalidated_accepted"}
{"Time":"2026-09-10T08:24:13.8577367-04:00","Action":"output","Package":"github.com/QuantumNous/new-api/controller","Test":"TestOllamaUserOperationsAuthorizeRequestGuard/pull/invalidated_accepted","Output":"=== RUN   TestOllamaUserOperationsAuthorizeRequestGuard/pull/invalidated_accepted\n"}
{"Time":"2026-09-10T08:24:13.8577367-04:00","Action":"output","Package":"github.com/QuantumNous/new-api/controller","Test":"TestOllamaUserOperationsAuthorizeRequestGuard/pull/invalidated_accepted","Output":"[SYS] 2026/09/10 - 08:24:13 | SQL_DSN not set, using SQLite as database \n"}
{"Time":"2026-09-10T08:24:13.8613106-04:00","Action":"output","Package":"github.com/QuantumNous/new-api/controller","Test":"TestOllamaUserOperationsAuthorizeRequestGuard/pull/invalidated_accepted","Output":"--- PASS: TestOllamaUserOperationsAuthorizeRequestGuard/pull/invalidated_accepted (0.00s)\n"}
{"Time":"2026-09-10T08:24:13.8616878-04:00","Action":"pass","Package":"github.com/QuantumNous/new-api/controller","Test":"TestOllamaUserOperationsAuthorizeRequestGuard/pull/invalidated_accepted","Elapsed":0}
{"Time":"2026-09-10T08:24:13.8616878-04:00","Action":"run","Package":"github.com/QuantumNous/new-api/controller","Test":"TestOllamaUserOperationsAuthorizeRequestGuard/pull/resolved_accepted"}
{"Time":"2026-09-10T08:24:13.8616878-04:00","Action":"output","Package":"github.com/QuantumNous/new-api/controller","Test":"TestOllamaUserOperationsAuthorizeRequestGuard/pull/resolved_accepted","Output":"=== RUN   TestOllamaUserOperationsAuthorizeRequestGuard/pull/resolved_accepted\n"}
{"Time":"2026-09-10T08:24:13.8616878-04:00","Action":"output","Package":"github.com/QuantumNous/new-api/controller","Test":"TestOllamaUserOperationsAuthorizeRequestGuard/pull/resolved_accepted","Output":"[SYS] 2026/09/10 - 08:24:13 | SQL_DSN not set, using SQLite as database \n"}
{"Time":"2026-09-10T08:24:13.8648646-04:00","Action":"output","Package":"github.com/QuantumNous/new-api/controller","Test":"TestOllamaUserOperationsAuthorizeRequestGuard/pull/resolved_accepted","Output":"--- PASS: TestOllamaUserOperationsAuthorizeRequestGuard/pull/resolved_accepted (0.00s)\n"}
{"Time":"2026-09-10T08:24:13.8648646-04:00","Action":"pass","Package":"github.com/QuantumNous/new-api/controller","Test":"TestOllamaUserOperationsAuthorizeRequestGuard/pull/resolved_accepted","Elapsed":0}
{"Time":"2026-09-10T08:24:13.8648646-04:00","Action":"run","Package":"github.com/QuantumNous/new-api/controller","Test":"TestOllamaUserOperationsAuthorizeRequestGuard/pull/deleting_rejected"}
{"Time":"2026-09-10T08:24:13.8648646-04:00","Action":"output","Package":"github.com/QuantumNous/new-api/controller","Test":"TestOllamaUserOperationsAuthorizeRequestGuard/pull/deleting_rejected","Output":"=== RUN   TestOllamaUserOperationsAuthorizeRequestGuard/pull/deleting_rejected\n"}
{"Time":"2026-09-10T08:24:13.8648646-04:00","Action":"output","Package":"github.com/QuantumNous/new-api/controller","Test":"TestOllamaUserOperationsAuthorizeRequestGuard/pull/deleting_rejected","Output":"[SYS] 2026/09/10 - 08:24:13 | SQL_DSN not set, using SQLite as database \n"}
{"Time":"2026-09-10T08:24:13.867016-04:00","Action":"output","Package":"github.com/QuantumNous/new-api/controller","Test":"TestOllamaUserOperationsAuthorizeRequestGuard/pull/deleting_rejected","Output":"--- PASS: TestOllamaUserOperationsAuthorizeRequestGuard/pull/deleting_rejected (0.00s)\n"}
{"Time":"2026-09-10T08:24:13.867016-04:00","Action":"pass","Package":"github.com/QuantumNous/new-api/controller","Test":"TestOllamaUserOperationsAuthorizeRequestGuard/pull/deleting_rejected","Elapsed":0}
{"Time":"2026-09-10T08:24:13.867016-04:00","Action":"run","Package":"github.com/QuantumNous/new-api/controller","Test":"TestOllamaUserOperationsAuthorizeRequestGuard/pull/deleted_rejected"}
{"Time":"2026-09-10T08:24:13.867016-04:00","Action":"output","Package":"github.com/QuantumNous/new-api/controller","Test":"TestOllamaUserOperationsAuthorizeRequestGuard/pull/deleted_rejected","Output":"=== RUN   TestOllamaUserOperationsAuthorizeRequestGuard/pull/deleted_rejected\n"}
{"Time":"2026-09-10T08:24:13.867016-04:00","Action":"output","Package":"github.com/QuantumNous/new-api/controller","Test":"TestOllamaUserOperationsAuthorizeRequestGuard/pull/deleted_rejected","Output":"[SYS] 2026/09/10 - 08:24:13 | SQL_DSN not set, using SQLite as database \n"}
{"Time":"2026-09-10T08:24:13.8702091-04:00","Action":"output","Package":"github.com/QuantumNous/new-api/controller","Test":"TestOllamaUserOperationsAuthorizeRequestGuard/pull/deleted_rejected","Output":"--- PASS: TestOllamaUserOperationsAuthorizeRequestGuard/pull/deleted_rejected (0.00s)\n"}
{"Time":"2026-09-10T08:24:13.8707258-04:00","Action":"pass","Package":"github.com/QuantumNous/new-api/controller","Test":"TestOllamaUserOperationsAuthorizeRequestGuard/pull/deleted_rejected","Elapsed":0}
{"Time":"2026-09-10T08:24:13.8707258-04:00","Action":"output","Package":"github.com/QuantumNous/new-api/controller","Test":"TestOllamaUserOperationsAuthorizeRequestGuard/pull","Output":"--- PASS: TestOllamaUserOperationsAuthorizeRequestGuard/pull (0.02s)\n"}
{"Time":"2026-09-10T08:24:13.8707258-04:00","Action":"pass","Package":"github.com/QuantumNous/new-api/controller","Test":"TestOllamaUserOperationsAuthorizeRequestGuard/pull","Elapsed":0.02}
{"Time":"2026-09-10T08:24:13.8707258-04:00","Action":"run","Package":"github.com/QuantumNous/new-api/controller","Test":"TestOllamaUserOperationsAuthorizeRequestGuard/pull_stream"}
{"Time":"2026-09-10T08:24:13.8707258-04:00","Action":"output","Package":"github.com/QuantumNous/new-api/controller","Test":"TestOllamaUserOperationsAuthorizeRequestGuard/pull_stream","Output":"=== RUN   TestOllamaUserOperationsAuthorizeRequestGuard/pull_stream\n"}
{"Time":"2026-09-10T08:24:13.8707258-04:00","Action":"run","Package":"github.com/QuantumNous/new-api/controller","Test":"TestOllamaUserOperationsAuthorizeRequestGuard/pull_stream/pending_is_consumed"}
{"Time":"2026-09-10T08:24:13.8707258-04:00","Action":"output","Package":"github.com/QuantumNous/new-api/controller","Test":"TestOllamaUserOperationsAuthorizeRequestGuard/pull_stream/pending_is_consumed","Output":"=== RUN   TestOllamaUserOperationsAuthorizeRequestGuard/pull_stream/pending_is_consumed\n"}
{"Time":"2026-09-10T08:24:13.8707258-04:00","Action":"output","Package":"github.com/QuantumNous/new-api/controller","Test":"TestOllamaUserOperationsAuthorizeRequestGuard/pull_stream/pending_is_consumed","Output":"[SYS] 2026/09/10 - 08:24:13 | SQL_DSN not set, using SQLite as database \n"}
{"Time":"2026-09-10T08:24:13.8732914-04:00","Action":"output","Package":"github.com/QuantumNous/new-api/controller","Test":"TestOllamaUserOperationsAuthorizeRequestGuard/pull_stream/pending_is_consumed","Output":"--- PASS: TestOllamaUserOperationsAuthorizeRequestGuard/pull_stream/pending_is_consumed (0.00s)\n"}
{"Time":"2026-09-10T08:24:13.8732914-04:00","Action":"pass","Package":"github.com/QuantumNous/new-api/controller","Test":"TestOllamaUserOperationsAuthorizeRequestGuard/pull_stream/pending_is_consumed","Elapsed":0}
{"Time":"2026-09-10T08:24:13.8732914-04:00","Action":"run","Package":"github.com/QuantumNous/new-api/controller","Test":"TestOllamaUserOperationsAuthorizeRequestGuard/pull_stream/guard_id_zero"}
{"Time":"2026-09-10T08:24:13.8732914-04:00","Action":"output","Package":"github.com/QuantumNous/new-api/controller","Test":"TestOllamaUserOperationsAuthorizeRequestGuard/pull_stream/guard_id_zero","Output":"=== RUN   TestOllamaUserOperationsAuthorizeRequestGuard/pull_stream/guard_id_zero\n"}
{"Time":"2026-09-10T08:24:13.8732914-04:00","Action":"output","Package":"github.com/QuantumNous/new-api/controller","Test":"TestOllamaUserOperationsAuthorizeRequestGuard/pull_stream/guard_id_zero","Output":"[SYS] 2026/09/10 - 08:24:13 | SQL_DSN not set, using SQLite as database \n"}
{"Time":"2026-09-10T08:24:13.8765093-04:00","Action":"output","Package":"github.com/QuantumNous/new-api/controller","Test":"TestOllamaUserOperationsAuthorizeRequestGuard/pull_stream/guard_id_zero","Output":"--- PASS: TestOllamaUserOperationsAuthorizeRequestGuard/pull_stream/guard_id_zero (0.00s)\n"}
{"Time":"2026-09-10T08:24:13.8765093-04:00","Action":"pass","Package":"github.com/QuantumNous/new-api/controller","Test":"TestOllamaUserOperationsAuthorizeRequestGuard/pull_stream/guard_id_zero","Elapsed":0}
{"Time":"2026-09-10T08:24:13.8765093-04:00","Action":"run","Package":"github.com/QuantumNous/new-api/controller","Test":"TestOllamaUserOperationsAuthorizeRequestGuard/pull_stream/used_accepted"}
{"Time":"2026-09-10T08:24:13.8765093-04:00","Action":"output","Package":"github.com/QuantumNous/new-api/controller","Test":"TestOllamaUserOperationsAuthorizeRequestGuard/pull_stream/used_accepted","Output":"=== RUN   TestOllamaUserOperationsAuthorizeRequestGuard/pull_stream/used_accepted\n"}
{"Time":"2026-09-10T08:24:13.8765093-04:00","Action":"output","Package":"github.com/QuantumNous/new-api/controller","Test":"TestOllamaUserOperationsAuthorizeRequestGuard/pull_stream/used_accepted","Output":"[SYS] 2026/09/10 - 08:24:13 | SQL_DSN not set, using SQLite as database \n"}
{"Time":"2026-09-10T08:24:13.8796371-04:00","Action":"output","Package":"github.com/QuantumNous/new-api/controller","Test":"TestOllamaUserOperationsAuthorizeRequestGuard/pull_stream/used_accepted","Output":"--- PASS: TestOllamaUserOperationsAuthorizeRequestGuard/pull_stream/used_accepted (0.00s)\n"}
{"Time":"2026-09-10T08:24:13.8801422-04:00","Action":"pass","Package":"github.com/QuantumNous/new-api/controller","Test":"TestOllamaUserOperationsAuthorizeRequestGuard/pull_stream/used_accepted","Elapsed":0}
{"Time":"2026-09-10T08:24:13.8801422-04:00","Action":"run","Package":"github.com/QuantumNous/new-api/controller","Test":"TestOllamaUserOperationsAuthorizeRequestGuard/pull_stream/invalidated_accepted"}
{"Time":"2026-09-10T08:24:13.8801422-04:00","Action":"output","Package":"github.com/QuantumNous/new-api/controller","Test":"TestOllamaUserOperationsAuthorizeRequestGuard/pull_stream/invalidated_accepted","Output":"=== RUN   TestOllamaUserOperationsAuthorizeRequestGuard/pull_stream/invalidated_accepted\n"}
{"Time":"2026-09-10T08:24:13.8801422-04:00","Action":"output","Package":"github.com/QuantumNous/new-api/controller","Test":"TestOllamaUserOperationsAuthorizeRequestGuard/pull_stream/invalidated_accepted","Output":"[SYS] 2026/09/10 - 08:24:13 | SQL_DSN not set, using SQLite as database \n"}
{"Time":"2026-09-10T08:24:13.882759-04:00","Action":"output","Package":"github.com/QuantumNous/new-api/controller","Test":"TestOllamaUserOperationsAuthorizeRequestGuard/pull_stream/invalidated_accepted","Output":"--- PASS: TestOllamaUserOperationsAuthorizeRequestGuard/pull_stream/invalidated_accepted (0.00s)\n"}
{"Time":"2026-09-10T08:24:13.882759-04:00","Action":"pass","Package":"github.com/QuantumNous/new-api/controller","Test":"TestOllamaUserOperationsAuthorizeRequestGuard/pull_stream/invalidated_accepted","Elapsed":0}
{"Time":"2026-09-10T08:24:13.882759-04:00","Action":"run","Package":"github.com/QuantumNous/new-api/controller","Test":"TestOllamaUserOperationsAuthorizeRequestGuard/pull_stream/resolved_accepted"}
{"Time":"2026-09-10T08:24:13.882759-04:00","Action":"output","Package":"github.com/QuantumNous/new-api/controller","Test":"TestOllamaUserOperationsAuthorizeRequestGuard/pull_stream/resolved_accepted","Output":"=== RUN   TestOllamaUserOperationsAuthorizeRequestGuard/pull_stream/resolved_accepted\n"}
{"Time":"2026-09-10T08:24:13.882759-04:00","Action":"output","Package":"github.com/QuantumNous/new-api/controller","Test":"TestOllamaUserOperationsAuthorizeRequestGuard/pull_stream/resolved_accepted","Output":"[SYS] 2026/09/10 - 08:24:13 | SQL_DSN not set, using SQLite as database \n"}
{"Time":"2026-09-10T08:24:13.8863981-04:00","Action":"output","Package":"github.com/QuantumNous/new-api/controller","Test":"TestOllamaUserOperationsAuthorizeRequestGuard/pull_stream/resolved_accepted","Output":"--- PASS: TestOllamaUserOperationsAuthorizeRequestGuard/pull_stream/resolved_accepted (0.00s)\n"}
{"Time":"2026-09-10T08:24:13.8863981-04:00","Action":"pass","Package":"github.com/QuantumNous/new-api/controller","Test":"TestOllamaUserOperationsAuthorizeRequestGuard/pull_stream/resolved_accepted","Elapsed":0}
{"Time":"2026-09-10T08:24:13.8863981-04:00","Action":"run","Package":"github.com/QuantumNous/new-api/controller","Test":"TestOllamaUserOperationsAuthorizeRequestGuard/pull_stream/deleting_rejected"}
{"Time":"2026-09-10T08:24:13.8863981-04:00","Action":"output","Package":"github.com/QuantumNous/new-api/controller","Test":"TestOllamaUserOperationsAuthorizeRequestGuard/pull_stream/deleting_rejected","Output":"=== RUN   TestOllamaUserOperationsAuthorizeRequestGuard/pull_stream/deleting_rejected\n"}
{"Time":"2026-09-10T08:24:13.8863981-04:00","Action":"output","Package":"github.com/QuantumNous/new-api/controller","Test":"TestOllamaUserOperationsAuthorizeRequestGuard/pull_stream/deleting_rejected","Output":"[SYS] 2026/09/10 - 08:24:13 | SQL_DSN not set, using SQLite as database \n"}
{"Time":"2026-09-10T08:24:13.8890087-04:00","Action":"output","Package":"github.com/QuantumNous/new-api/controller","Test":"TestOllamaUserOperationsAuthorizeRequestGuard/pull_stream/deleting_rejected","Output":"--- PASS: TestOllamaUserOperationsAuthorizeRequestGuard/pull_stream/deleting_rejected (0.00s)\n"}
{"Time":"2026-09-10T08:24:13.8890087-04:00","Action":"pass","Package":"github.com/QuantumNous/new-api/controller","Test":"TestOllamaUserOperationsAuthorizeRequestGuard/pull_stream/deleting_rejected","Elapsed":0}
{"Time":"2026-09-10T08:24:13.8890087-04:00","Action":"run","Package":"github.com/QuantumNous/new-api/controller","Test":"TestOllamaUserOperationsAuthorizeRequestGuard/pull_stream/deleted_rejected"}
{"Time":"2026-09-10T08:24:13.8890087-04:00","Action":"output","Package":"github.com/QuantumNous/new-api/controller","Test":"TestOllamaUserOperationsAuthorizeRequestGuard/pull_stream/deleted_rejected","Output":"=== RUN   TestOllamaUserOperationsAuthorizeRequestGuard/pull_stream/deleted_rejected\n"}
{"Time":"2026-09-10T08:24:13.8890087-04:00","Action":"output","Package":"github.com/QuantumNous/new-api/controller","Test":"TestOllamaUserOperationsAuthorizeRequestGuard/pull_stream/deleted_rejected","Output":"[SYS] 2026/09/10 - 08:24:13 | SQL_DSN not set, using SQLite as database \n"}
{"Time":"2026-09-10T08:24:13.8910788-04:00","Action":"output","Package":"github.com/QuantumNous/new-api/controller","Test":"TestOllamaUserOperationsAuthorizeRequestGuard/pull_stream/deleted_rejected","Output":"--- PASS: TestOllamaUserOperationsAuthorizeRequestGuard/pull_stream/deleted_rejected (0.00s)\n"}
{"Time":"2026-09-10T08:24:13.8910788-04:00","Action":"pass","Package":"github.com/QuantumNous/new-api/controller","Test":"TestOllamaUserOperationsAuthorizeRequestGuard/pull_stream/deleted_rejected","Elapsed":0}
{"Time":"2026-09-10T08:24:13.8910788-04:00","Action":"output","Package":"github.com/QuantumNous/new-api/controller","Test":"TestOllamaUserOperationsAuthorizeRequestGuard/pull_stream","Output":"--- PASS: TestOllamaUserOperationsAuthorizeRequestGuard/pull_stream (0.02s)\n"}
{"Time":"2026-09-10T08:24:13.8910788-04:00","Action":"pass","Package":"github.com/QuantumNous/new-api/controller","Test":"TestOllamaUserOperationsAuthorizeRequestGuard/pull_stream","Elapsed":0.02}
{"Time":"2026-09-10T08:24:13.8910788-04:00","Action":"run","Package":"github.com/QuantumNous/new-api/controller","Test":"TestOllamaUserOperationsAuthorizeRequestGuard/delete"}
{"Time":"2026-09-10T08:24:13.8910788-04:00","Action":"output","Package":"github.com/QuantumNous/new-api/controller","Test":"TestOllamaUserOperationsAuthorizeRequestGuard/delete","Output":"=== RUN   TestOllamaUserOperationsAuthorizeRequestGuard/delete\n"}
{"Time":"2026-09-10T08:24:13.8910788-04:00","Action":"run","Package":"github.com/QuantumNous/new-api/controller","Test":"TestOllamaUserOperationsAuthorizeRequestGuard/delete/pending_is_consumed"}
{"Time":"2026-09-10T08:24:13.8910788-04:00","Action":"output","Package":"github.com/QuantumNous/new-api/controller","Test":"TestOllamaUserOperationsAuthorizeRequestGuard/delete/pending_is_consumed","Output":"=== RUN   TestOllamaUserOperationsAuthorizeRequestGuard/delete/pending_is_consumed\n"}
{"Time":"2026-09-10T08:24:13.8910788-04:00","Action":"output","Package":"github.com/QuantumNous/new-api/controller","Test":"TestOllamaUserOperationsAuthorizeRequestGuard/delete/pending_is_consumed","Output":"[SYS] 2026/09/10 - 08:24:13 | SQL_DSN not set, using SQLite as database \n"}
{"Time":"2026-09-10T08:24:13.8948142-04:00","Action":"output","Package":"github.com/QuantumNous/new-api/controller","Test":"TestOllamaUserOperationsAuthorizeRequestGuard/delete/pending_is_consumed","Output":"--- PASS: TestOllamaUserOperationsAuthorizeRequestGuard/delete/pending_is_consumed (0.00s)\n"}
{"Time":"2026-09-10T08:24:13.8948142-04:00","Action":"pass","Package":"github.com/QuantumNous/new-api/controller","Test":"TestOllamaUserOperationsAuthorizeRequestGuard/delete/pending_is_consumed","Elapsed":0}
{"Time":"2026-09-10T08:24:13.8948142-04:00","Action":"run","Package":"github.com/QuantumNous/new-api/controller","Test":"TestOllamaUserOperationsAuthorizeRequestGuard/delete/guard_id_zero"}
{"Time":"2026-09-10T08:24:13.8948142-04:00","Action":"output","Package":"github.com/QuantumNous/new-api/controller","Test":"TestOllamaUserOperationsAuthorizeRequestGuard/delete/guard_id_zero","Output":"=== RUN   TestOllamaUserOperationsAuthorizeRequestGuard/delete/guard_id_zero\n"}
{"Time":"2026-09-10T08:24:13.8948142-04:00","Action":"output","Package":"github.com/QuantumNous/new-api/controller","Test":"TestOllamaUserOperationsAuthorizeRequestGuard/delete/guard_id_zero","Output":"[SYS] 2026/09/10 - 08:24:13 | SQL_DSN not set, using SQLite as database \n"}
{"Time":"2026-09-10T08:24:13.8984313-04:00","Action":"output","Package":"github.com/QuantumNous/new-api/controller","Test":"TestOllamaUserOperationsAuthorizeRequestGuard/delete/guard_id_zero","Output":"--- PASS: TestOllamaUserOperationsAuthorizeRequestGuard/delete/guard_id_zero (0.00s)\n"}
{"Time":"2026-09-10T08:24:13.8984313-04:00","Action":"pass","Package":"github.com/QuantumNous/new-api/controller","Test":"TestOllamaUserOperationsAuthorizeRequestGuard/delete/guard_id_zero","Elapsed":0}
{"Time":"2026-09-10T08:24:13.8984313-04:00","Action":"run","Package":"github.com/QuantumNous/new-api/controller","Test":"TestOllamaUserOperationsAuthorizeRequestGuard/delete/used_accepted"}
{"Time":"2026-09-10T08:24:13.8984313-04:00","Action":"output","Package":"github.com/QuantumNous/new-api/controller","Test":"TestOllamaUserOperationsAuthorizeRequestGuard/delete/used_accepted","Output":"=== RUN   TestOllamaUserOperationsAuthorizeRequestGuard/delete/used_accepted\n"}
{"Time":"2026-09-10T08:24:13.8984313-04:00","Action":"output","Package":"github.com/QuantumNous/new-api/controller","Test":"TestOllamaUserOperationsAuthorizeRequestGuard/delete/used_accepted","Output":"[SYS] 2026/09/10 - 08:24:13 | SQL_DSN not set, using SQLite as database \n"}
{"Time":"2026-09-10T08:24:13.9015271-04:00","Action":"output","Package":"github.com/QuantumNous/new-api/controller","Test":"TestOllamaUserOperationsAuthorizeRequestGuard/delete/used_accepted","Output":"--- PASS: TestOllamaUserOperationsAuthorizeRequestGuard/delete/used_accepted (0.00s)\n"}
{"Time":"2026-09-10T08:24:13.9015271-04:00","Action":"pass","Package":"github.com/QuantumNous/new-api/controller","Test":"TestOllamaUserOperationsAuthorizeRequestGuard/delete/used_accepted","Elapsed":0}
{"Time":"2026-09-10T08:24:13.9015271-04:00","Action":"run","Package":"github.com/QuantumNous/new-api/controller","Test":"TestOllamaUserOperationsAuthorizeRequestGuard/delete/invalidated_accepted"}
{"Time":"2026-09-10T08:24:13.9015271-04:00","Action":"output","Package":"github.com/QuantumNous/new-api/controller","Test":"TestOllamaUserOperationsAuthorizeRequestGuard/delete/invalidated_accepted","Output":"=== RUN   TestOllamaUserOperationsAuthorizeRequestGuard/delete/invalidated_accepted\n"}
{"Time":"2026-09-10T08:24:13.9015271-04:00","Action":"output","Package":"github.com/QuantumNous/new-api/controller","Test":"TestOllamaUserOperationsAuthorizeRequestGuard/delete/invalidated_accepted","Output":"[SYS] 2026/09/10 - 08:24:13 | SQL_DSN not set, using SQLite as database \n"}
{"Time":"2026-09-10T08:24:13.9050776-04:00","Action":"output","Package":"github.com/QuantumNous/new-api/controller","Test":"TestOllamaUserOperationsAuthorizeRequestGuard/delete/invalidated_accepted","Output":"--- PASS: TestOllamaUserOperationsAuthorizeRequestGuard/delete/invalidated_accepted (0.00s)\n"}
{"Time":"2026-09-10T08:24:13.9050776-04:00","Action":"pass","Package":"github.com/QuantumNous/new-api/controller","Test":"TestOllamaUserOperationsAuthorizeRequestGuard/delete/invalidated_accepted","Elapsed":0}
{"Time":"2026-09-10T08:24:13.9050776-04:00","Action":"run","Package":"github.com/QuantumNous/new-api/controller","Test":"TestOllamaUserOperationsAuthorizeRequestGuard/delete/resolved_accepted"}
{"Time":"2026-09-10T08:24:13.9050776-04:00","Action":"output","Package":"github.com/QuantumNous/new-api/controller","Test":"TestOllamaUserOperationsAuthorizeRequestGuard/delete/resolved_accepted","Output":"=== RUN   TestOllamaUserOperationsAuthorizeRequestGuard/delete/resolved_accepted\n"}
{"Time":"2026-09-10T08:24:13.9050776-04:00","Action":"output","Package":"github.com/QuantumNous/new-api/controller","Test":"TestOllamaUserOperationsAuthorizeRequestGuard/delete/resolved_accepted","Output":"[SYS] 2026/09/10 - 08:24:13 | SQL_DSN not set, using SQLite as database \n"}
{"Time":"2026-09-10T08:24:13.9077332-04:00","Action":"output","Package":"github.com/QuantumNous/new-api/controller","Test":"TestOllamaUserOperationsAuthorizeRequestGuard/delete/resolved_accepted","Output":"--- PASS: TestOllamaUserOperationsAuthorizeRequestGuard/delete/resolved_accepted (0.00s)\n"}
{"Time":"2026-09-10T08:24:13.9077332-04:00","Action":"pass","Package":"github.com/QuantumNous/new-api/controller","Test":"TestOllamaUserOperationsAuthorizeRequestGuard/delete/resolved_accepted","Elapsed":0}
{"Time":"2026-09-10T08:24:13.9077332-04:00","Action":"run","Package":"github.com/QuantumNous/new-api/controller","Test":"TestOllamaUserOperationsAuthorizeRequestGuard/delete/deleting_rejected"}
{"Time":"2026-09-10T08:24:13.9077332-04:00","Action":"output","Package":"github.com/QuantumNous/new-api/controller","Test":"TestOllamaUserOperationsAuthorizeRequestGuard/delete/deleting_rejected","Output":"=== RUN   TestOllamaUserOperationsAuthorizeRequestGuard/delete/deleting_rejected\n"}
{"Time":"2026-09-10T08:24:13.9077332-04:00","Action":"output","Package":"github.com/QuantumNous/new-api/controller","Test":"TestOllamaUserOperationsAuthorizeRequestGuard/delete/deleting_rejected","Output":"[SYS] 2026/09/10 - 08:24:13 | SQL_DSN not set, using SQLite as database \n"}
{"Time":"2026-09-10T08:24:13.9103768-04:00","Action":"output","Package":"github.com/QuantumNous/new-api/controller","Test":"TestOllamaUserOperationsAuthorizeRequestGuard/delete/deleting_rejected","Output":"--- PASS: TestOllamaUserOperationsAuthorizeRequestGuard/delete/deleting_rejected (0.00s)\n"}
{"Time":"2026-09-10T08:24:13.9103768-04:00","Action":"pass","Package":"github.com/QuantumNous/new-api/controller","Test":"TestOllamaUserOperationsAuthorizeRequestGuard/delete/deleting_rejected","Elapsed":0}
{"Time":"2026-09-10T08:24:13.9103768-04:00","Action":"run","Package":"github.com/QuantumNous/new-api/controller","Test":"TestOllamaUserOperationsAuthorizeRequestGuard/delete/deleted_rejected"}
{"Time":"2026-09-10T08:24:13.9103768-04:00","Action":"output","Package":"github.com/QuantumNous/new-api/controller","Test":"TestOllamaUserOperationsAuthorizeRequestGuard/delete/deleted_rejected","Output":"=== RUN   TestOllamaUserOperationsAuthorizeRequestGuard/delete/deleted_rejected\n"}
{"Time":"2026-09-10T08:24:13.9103768-04:00","Action":"output","Package":"github.com/QuantumNous/new-api/controller","Test":"TestOllamaUserOperationsAuthorizeRequestGuard/delete/deleted_rejected","Output":"[SYS] 2026/09/10 - 08:24:13 | SQL_DSN not set, using SQLite as database \n"}
{"Time":"2026-09-10T08:24:13.9135017-04:00","Action":"output","Package":"github.com/QuantumNous/new-api/controller","Test":"TestOllamaUserOperationsAuthorizeRequestGuard/delete/deleted_rejected","Output":"--- PASS: TestOllamaUserOperationsAuthorizeRequestGuard/delete/deleted_rejected (0.00s)\n"}
{"Time":"2026-09-10T08:24:13.9135017-04:00","Action":"pass","Package":"github.com/QuantumNous/new-api/controller","Test":"TestOllamaUserOperationsAuthorizeRequestGuard/delete/deleted_rejected","Elapsed":0}
{"Time":"2026-09-10T08:24:13.9135017-04:00","Action":"output","Package":"github.com/QuantumNous/new-api/controller","Test":"TestOllamaUserOperationsAuthorizeRequestGuard/delete","Output":"--- PASS: TestOllamaUserOperationsAuthorizeRequestGuard/delete (0.02s)\n"}
{"Time":"2026-09-10T08:24:13.9135017-04:00","Action":"pass","Package":"github.com/QuantumNous/new-api/controller","Test":"TestOllamaUserOperationsAuthorizeRequestGuard/delete","Elapsed":0.02}
{"Time":"2026-09-10T08:24:13.9135017-04:00","Action":"run","Package":"github.com/QuantumNous/new-api/controller","Test":"TestOllamaUserOperationsAuthorizeRequestGuard/version"}
{"Time":"2026-09-10T08:24:13.9135017-04:00","Action":"output","Package":"github.com/QuantumNous/new-api/controller","Test":"TestOllamaUserOperationsAuthorizeRequestGuard/version","Output":"=== RUN   TestOllamaUserOperationsAuthorizeRequestGuard/version\n"}
{"Time":"2026-09-10T08:24:13.9135017-04:00","Action":"run","Package":"github.com/QuantumNous/new-api/controller","Test":"TestOllamaUserOperationsAuthorizeRequestGuard/version/pending_is_consumed"}
{"Time":"2026-09-10T08:24:13.9135017-04:00","Action":"output","Package":"github.com/QuantumNous/new-api/controller","Test":"TestOllamaUserOperationsAuthorizeRequestGuard/version/pending_is_consumed","Output":"=== RUN   TestOllamaUserOperationsAuthorizeRequestGuard/version/pending_is_consumed\n"}
{"Time":"2026-09-10T08:24:13.9135017-04:00","Action":"output","Package":"github.com/QuantumNous/new-api/controller","Test":"TestOllamaUserOperationsAuthorizeRequestGuard/version/pending_is_consumed","Output":"[SYS] 2026/09/10 - 08:24:13 | SQL_DSN not set, using SQLite as database \n"}
{"Time":"2026-09-10T08:24:13.91609-04:00","Action":"output","Package":"github.com/QuantumNous/new-api/controller","Test":"TestOllamaUserOperationsAuthorizeRequestGuard/version/pending_is_consumed","Output":"--- PASS: TestOllamaUserOperationsAuthorizeRequestGuard/version/pending_is_consumed (0.00s)\n"}
{"Time":"2026-09-10T08:24:13.91609-04:00","Action":"pass","Package":"github.com/QuantumNous/new-api/controller","Test":"TestOllamaUserOperationsAuthorizeRequestGuard/version/pending_is_consumed","Elapsed":0}
{"Time":"2026-09-10T08:24:13.91609-04:00","Action":"run","Package":"github.com/QuantumNous/new-api/controller","Test":"TestOllamaUserOperationsAuthorizeRequestGuard/version/guard_id_zero"}
{"Time":"2026-09-10T08:24:13.91609-04:00","Action":"output","Package":"github.com/QuantumNous/new-api/controller","Test":"TestOllamaUserOperationsAuthorizeRequestGuard/version/guard_id_zero","Output":"=== RUN   TestOllamaUserOperationsAuthorizeRequestGuard/version/guard_id_zero\n"}
{"Time":"2026-09-10T08:24:13.91609-04:00","Action":"output","Package":"github.com/QuantumNous/new-api/controller","Test":"TestOllamaUserOperationsAuthorizeRequestGuard/version/guard_id_zero","Output":"[SYS] 2026/09/10 - 08:24:13 | SQL_DSN not set, using SQLite as database \n"}
{"Time":"2026-09-10T08:24:13.9192026-04:00","Action":"output","Package":"github.com/QuantumNous/new-api/controller","Test":"TestOllamaUserOperationsAuthorizeRequestGuard/version/guard_id_zero","Output":"--- PASS: TestOllamaUserOperationsAuthorizeRequestGuard/version/guard_id_zero (0.00s)\n"}
{"Time":"2026-09-10T08:24:13.9192026-04:00","Action":"pass","Package":"github.com/QuantumNous/new-api/controller","Test":"TestOllamaUserOperationsAuthorizeRequestGuard/version/guard_id_zero","Elapsed":0}
{"Time":"2026-09-10T08:24:13.9192026-04:00","Action":"run","Package":"github.com/QuantumNous/new-api/controller","Test":"TestOllamaUserOperationsAuthorizeRequestGuard/version/used_accepted"}
{"Time":"2026-09-10T08:24:13.9192026-04:00","Action":"output","Package":"github.com/QuantumNous/new-api/controller","Test":"TestOllamaUserOperationsAuthorizeRequestGuard/version/used_accepted","Output":"=== RUN   TestOllamaUserOperationsAuthorizeRequestGuard/version/used_accepted\n"}
{"Time":"2026-09-10T08:24:13.9192026-04:00","Action":"output","Package":"github.com/QuantumNous/new-api/controller","Test":"TestOllamaUserOperationsAuthorizeRequestGuard/version/used_accepted","Output":"[SYS] 2026/09/10 - 08:24:13 | SQL_DSN not set, using SQLite as database \n"}
{"Time":"2026-09-10T08:24:13.9222919-04:00","Action":"output","Package":"github.com/QuantumNous/new-api/controller","Test":"TestOllamaUserOperationsAuthorizeRequestGuard/version/used_accepted","Output":"--- PASS: TestOllamaUserOperationsAuthorizeRequestGuard/version/used_accepted (0.00s)\n"}
{"Time":"2026-09-10T08:24:13.9222919-04:00","Action":"pass","Package":"github.com/QuantumNous/new-api/controller","Test":"TestOllamaUserOperationsAuthorizeRequestGuard/version/used_accepted","Elapsed":0}
{"Time":"2026-09-10T08:24:13.9222919-04:00","Action":"run","Package":"github.com/QuantumNous/new-api/controller","Test":"TestOllamaUserOperationsAuthorizeRequestGuard/version/invalidated_accepted"}
{"Time":"2026-09-10T08:24:13.9222919-04:00","Action":"output","Package":"github.com/QuantumNous/new-api/controller","Test":"TestOllamaUserOperationsAuthorizeRequestGuard/version/invalidated_accepted","Output":"=== RUN   TestOllamaUserOperationsAuthorizeRequestGuard/version/invalidated_accepted\n"}
{"Time":"2026-09-10T08:24:13.9222919-04:00","Action":"output","Package":"github.com/QuantumNous/new-api/controller","Test":"TestOllamaUserOperationsAuthorizeRequestGuard/version/invalidated_accepted","Output":"[SYS] 2026/09/10 - 08:24:13 | SQL_DSN not set, using SQLite as database \n"}
{"Time":"2026-09-10T08:24:13.9260236-04:00","Action":"output","Package":"github.com/QuantumNous/new-api/controller","Test":"TestOllamaUserOperationsAuthorizeRequestGuard/version/invalidated_accepted","Output":"--- PASS: TestOllamaUserOperationsAuthorizeRequestGuard/version/invalidated_accepted (0.00s)\n"}
{"Time":"2026-09-10T08:24:13.9264937-04:00","Action":"pass","Package":"github.com/QuantumNous/new-api/controller","Test":"TestOllamaUserOperationsAuthorizeRequestGuard/version/invalidated_accepted","Elapsed":0}
{"Time":"2026-09-10T08:24:13.9264937-04:00","Action":"run","Package":"github.com/QuantumNous/new-api/controller","Test":"TestOllamaUserOperationsAuthorizeRequestGuard/version/resolved_accepted"}
{"Time":"2026-09-10T08:24:13.9264937-04:00","Action":"output","Package":"github.com/QuantumNous/new-api/controller","Test":"TestOllamaUserOperationsAuthorizeRequestGuard/version/resolved_accepted","Output":"=== RUN   TestOllamaUserOperationsAuthorizeRequestGuard/version/resolved_accepted\n"}
{"Time":"2026-09-10T08:24:13.9264937-04:00","Action":"output","Package":"github.com/QuantumNous/new-api/controller","Test":"TestOllamaUserOperationsAuthorizeRequestGuard/version/resolved_accepted","Output":"[SYS] 2026/09/10 - 08:24:13 | SQL_DSN not set, using SQLite as database \n"}
{"Time":"2026-09-10T08:24:13.9290659-04:00","Action":"output","Package":"github.com/QuantumNous/new-api/controller","Test":"TestOllamaUserOperationsAuthorizeRequestGuard/version/resolved_accepted","Output":"--- PASS: TestOllamaUserOperationsAuthorizeRequestGuard/version/resolved_accepted (0.00s)\n"}
{"Time":"2026-09-10T08:24:13.9290659-04:00","Action":"pass","Package":"github.com/QuantumNous/new-api/controller","Test":"TestOllamaUserOperationsAuthorizeRequestGuard/version/resolved_accepted","Elapsed":0}
{"Time":"2026-09-10T08:24:13.9290659-04:00","Action":"run","Package":"github.com/QuantumNous/new-api/controller","Test":"TestOllamaUserOperationsAuthorizeRequestGuard/version/deleting_rejected"}
{"Time":"2026-09-10T08:24:13.9290659-04:00","Action":"output","Package":"github.com/QuantumNous/new-api/controller","Test":"TestOllamaUserOperationsAuthorizeRequestGuard/version/deleting_rejected","Output":"=== RUN   TestOllamaUserOperationsAuthorizeRequestGuard/version/deleting_rejected\n"}
{"Time":"2026-09-10T08:24:13.9290659-04:00","Action":"output","Package":"github.com/QuantumNous/new-api/controller","Test":"TestOllamaUserOperationsAuthorizeRequestGuard/version/deleting_rejected","Output":"[SYS] 2026/09/10 - 08:24:13 | SQL_DSN not set, using SQLite as database \n"}
{"Time":"2026-09-10T08:24:13.9317457-04:00","Action":"output","Package":"github.com/QuantumNous/new-api/controller","Test":"TestOllamaUserOperationsAuthorizeRequestGuard/version/deleting_rejected","Output":"--- PASS: TestOllamaUserOperationsAuthorizeRequestGuard/version/deleting_rejected (0.00s)\n"}
{"Time":"2026-09-10T08:24:13.9317457-04:00","Action":"pass","Package":"github.com/QuantumNous/new-api/controller","Test":"TestOllamaUserOperationsAuthorizeRequestGuard/version/deleting_rejected","Elapsed":0}
{"Time":"2026-09-10T08:24:13.9317457-04:00","Action":"run","Package":"github.com/QuantumNous/new-api/controller","Test":"TestOllamaUserOperationsAuthorizeRequestGuard/version/deleted_rejected"}
{"Time":"2026-09-10T08:24:13.9317457-04:00","Action":"output","Package":"github.com/QuantumNous/new-api/controller","Test":"TestOllamaUserOperationsAuthorizeRequestGuard/version/deleted_rejected","Output":"=== RUN   TestOllamaUserOperationsAuthorizeRequestGuard/version/deleted_rejected\n"}
{"Time":"2026-09-10T08:24:13.9317457-04:00","Action":"output","Package":"github.com/QuantumNous/new-api/controller","Test":"TestOllamaUserOperationsAuthorizeRequestGuard/version/deleted_rejected","Output":"[SYS] 2026/09/10 - 08:24:13 | SQL_DSN not set, using SQLite as database \n"}
{"Time":"2026-09-10T08:24:13.9338238-04:00","Action":"output","Package":"github.com/QuantumNous/new-api/controller","Test":"TestOllamaUserOperationsAuthorizeRequestGuard/version/deleted_rejected","Output":"--- PASS: TestOllamaUserOperationsAuthorizeRequestGuard/version/deleted_rejected (0.00s)\n"}
{"Time":"2026-09-10T08:24:13.9343419-04:00","Action":"pass","Package":"github.com/QuantumNous/new-api/controller","Test":"TestOllamaUserOperationsAuthorizeRequestGuard/version/deleted_rejected","Elapsed":0}
{"Time":"2026-09-10T08:24:13.9343419-04:00","Action":"output","Package":"github.com/QuantumNous/new-api/controller","Test":"TestOllamaUserOperationsAuthorizeRequestGuard/version","Output":"--- PASS: TestOllamaUserOperationsAuthorizeRequestGuard/version (0.02s)\n"}
{"Time":"2026-09-10T08:24:13.9343419-04:00","Action":"pass","Package":"github.com/QuantumNous/new-api/controller","Test":"TestOllamaUserOperationsAuthorizeRequestGuard/version","Elapsed":0.02}
{"Time":"2026-09-10T08:24:13.9343419-04:00","Action":"output","Package":"github.com/QuantumNous/new-api/controller","Test":"TestOllamaUserOperationsAuthorizeRequestGuard","Output":"--- PASS: TestOllamaUserOperationsAuthorizeRequestGuard (0.09s)\n"}
{"Time":"2026-09-10T08:24:13.9343419-04:00","Action":"pass","Package":"github.com/QuantumNous/new-api/controller","Test":"TestOllamaUserOperationsAuthorizeRequestGuard","Elapsed":0.09}
{"Time":"2026-09-10T08:24:13.9343419-04:00","Action":"run","Package":"github.com/QuantumNous/new-api/controller","Test":"TestOllamaUserOperationsRejectMissingAndDatabaseGuard"}
{"Time":"2026-09-10T08:24:13.9343419-04:00","Action":"output","Package":"github.com/QuantumNous/new-api/controller","Test":"TestOllamaUserOperationsRejectMissingAndDatabaseGuard","Output":"=== RUN   TestOllamaUserOperationsRejectMissingAndDatabaseGuard\n"}
{"Time":"2026-09-10T08:24:13.9343419-04:00","Action":"run","Package":"github.com/QuantumNous/new-api/controller","Test":"TestOllamaUserOperationsRejectMissingAndDatabaseGuard/pull"}
{"Time":"2026-09-10T08:24:13.9343419-04:00","Action":"output","Package":"github.com/QuantumNous/new-api/controller","Test":"TestOllamaUserOperationsRejectMissingAndDatabaseGuard/pull","Output":"=== RUN   TestOllamaUserOperationsRejectMissingAndDatabaseGuard/pull\n"}
{"Time":"2026-09-10T08:24:13.9343419-04:00","Action":"run","Package":"github.com/QuantumNous/new-api/controller","Test":"TestOllamaUserOperationsRejectMissingAndDatabaseGuard/pull/missing_guard"}
{"Time":"2026-09-10T08:24:13.9343419-04:00","Action":"output","Package":"github.com/QuantumNous/new-api/controller","Test":"TestOllamaUserOperationsRejectMissingAndDatabaseGuard/pull/missing_guard","Output":"=== RUN   TestOllamaUserOperationsRejectMissingAndDatabaseGuard/pull/missing_guard\n"}
{"Time":"2026-09-10T08:24:13.9343419-04:00","Action":"output","Package":"github.com/QuantumNous/new-api/controller","Test":"TestOllamaUserOperationsRejectMissingAndDatabaseGuard/pull/missing_guard","Output":"[SYS] 2026/09/10 - 08:24:13 | SQL_DSN not set, using SQLite as database \n"}
{"Time":"2026-09-10T08:24:13.936403-04:00","Action":"output","Package":"github.com/QuantumNous/new-api/controller","Test":"TestOllamaUserOperationsRejectMissingAndDatabaseGuard/pull/missing_guard","Output":"\r\n"}
{"Time":"2026-09-10T08:24:13.936403-04:00","Action":"output","Package":"github.com/QuantumNous/new-api/controller","Test":"TestOllamaUserOperationsRejectMissingAndDatabaseGuard/pull/missing_guard","Output":"2026/09/10 08:24:13 \u001b[31;1mD:/10178/Projects/new-api-upstream-sync/model/auto_price_guard.go:102 \u001b[35;1mrecord not found\n"}
{"Time":"2026-09-10T08:24:13.936403-04:00","Action":"output","Package":"github.com/QuantumNous/new-api/controller","Test":"TestOllamaUserOperationsRejectMissingAndDatabaseGuard/pull/missing_guard","Output":"\u001b[0m\u001b[33m[0.515ms] \u001b[34;1m[rows:0]\u001b[0m SELECT * FROM `channel_auto_price_guards` WHERE id = 987654 ORDER BY `channel_auto_price_guards`.`id` LIMIT 1\n"}
{"Time":"2026-09-10T08:24:13.936403-04:00","Action":"output","Package":"github.com/QuantumNous/new-api/controller","Test":"TestOllamaUserOperationsRejectMissingAndDatabaseGuard/pull/missing_guard","Output":"--- PASS: TestOllamaUserOperationsRejectMissingAndDatabaseGuard/pull/missing_guard (0.00s)\n"}
{"Time":"2026-09-10T08:24:13.936403-04:00","Action":"pass","Package":"github.com/QuantumNous/new-api/controller","Test":"TestOllamaUserOperationsRejectMissingAndDatabaseGuard/pull/missing_guard","Elapsed":0}
{"Time":"2026-09-10T08:24:13.936403-04:00","Action":"run","Package":"github.com/QuantumNous/new-api/controller","Test":"TestOllamaUserOperationsRejectMissingAndDatabaseGuard/pull/guard_database_error"}
{"Time":"2026-09-10T08:24:13.936403-04:00","Action":"output","Package":"github.com/QuantumNous/new-api/controller","Test":"TestOllamaUserOperationsRejectMissingAndDatabaseGuard/pull/guard_database_error","Output":"=== RUN   TestOllamaUserOperationsRejectMissingAndDatabaseGuard/pull/guard_database_error\n"}
{"Time":"2026-09-10T08:24:13.936403-04:00","Action":"output","Package":"github.com/QuantumNous/new-api/controller","Test":"TestOllamaUserOperationsRejectMissingAndDatabaseGuard/pull/guard_database_error","Output":"[SYS] 2026/09/10 - 08:24:13 | SQL_DSN not set, using SQLite as database \n"}
{"Time":"2026-09-10T08:24:13.9400882-04:00","Action":"output","Package":"github.com/QuantumNous/new-api/controller","Test":"TestOllamaUserOperationsRejectMissingAndDatabaseGuard/pull/guard_database_error","Output":"\r\n"}
{"Time":"2026-09-10T08:24:13.9400882-04:00","Action":"output","Package":"github.com/QuantumNous/new-api/controller","Test":"TestOllamaUserOperationsRejectMissingAndDatabaseGuard/pull/guard_database_error","Output":"2026/09/10 08:24:13 \u001b[31;1mD:/10178/Projects/new-api-upstream-sync/model/auto_price_guard.go:60 \u001b[35;1mSQL logic error: no such table: channel_auto_price_guards (1)\n"}
{"Time":"2026-09-10T08:24:13.9400882-04:00","Action":"output","Package":"github.com/QuantumNous/new-api/controller","Test":"TestOllamaUserOperationsRejectMissingAndDatabaseGuard/pull/guard_database_error","Output":"\u001b[0m\u001b[33m[0.000ms] \u001b[34;1m[rows:0]\u001b[0m UPDATE `channel_auto_price_guards` SET `state`=\"used\",`updated_at`=1789043053 WHERE id = 1 AND channel_id = 1 AND state = \"pending\"\n"}
{"Time":"2026-09-10T08:24:13.9400882-04:00","Action":"output","Package":"github.com/QuantumNous/new-api/controller","Test":"TestOllamaUserOperationsRejectMissingAndDatabaseGuard/pull/guard_database_error","Output":"--- PASS: TestOllamaUserOperationsRejectMissingAndDatabaseGuard/pull/guard_database_error (0.00s)\n"}
{"Time":"2026-09-10T08:24:13.9400882-04:00","Action":"pass","Package":"github.com/QuantumNous/new-api/controller","Test":"TestOllamaUserOperationsRejectMissingAndDatabaseGuard/pull/guard_database_error","Elapsed":0}
{"Time":"2026-09-10T08:24:13.9400882-04:00","Action":"output","Package":"github.com/QuantumNous/new-api/controller","Test":"TestOllamaUserOperationsRejectMissingAndDatabaseGuard/pull","Output":"--- PASS: TestOllamaUserOperationsRejectMissingAndDatabaseGuard/pull (0.01s)\n"}
{"Time":"2026-09-10T08:24:13.9400882-04:00","Action":"pass","Package":"github.com/QuantumNous/new-api/controller","Test":"TestOllamaUserOperationsRejectMissingAndDatabaseGuard/pull","Elapsed":0.01}
{"Time":"2026-09-10T08:24:13.9400882-04:00","Action":"run","Package":"github.com/QuantumNous/new-api/controller","Test":"TestOllamaUserOperationsRejectMissingAndDatabaseGuard/pull_stream"}
{"Time":"2026-09-10T08:24:13.9400882-04:00","Action":"output","Package":"github.com/QuantumNous/new-api/controller","Test":"TestOllamaUserOperationsRejectMissingAndDatabaseGuard/pull_stream","Output":"=== RUN   TestOllamaUserOperationsRejectMissingAndDatabaseGuard/pull_stream\n"}
{"Time":"2026-09-10T08:24:13.9400882-04:00","Action":"run","Package":"github.com/QuantumNous/new-api/controller","Test":"TestOllamaUserOperationsRejectMissingAndDatabaseGuard/pull_stream/missing_guard"}
{"Time":"2026-09-10T08:24:13.9400882-04:00","Action":"output","Package":"github.com/QuantumNous/new-api/controller","Test":"TestOllamaUserOperationsRejectMissingAndDatabaseGuard/pull_stream/missing_guard","Output":"=== RUN   TestOllamaUserOperationsRejectMissingAndDatabaseGuard/pull_stream/missing_guard\n"}
{"Time":"2026-09-10T08:24:13.9400882-04:00","Action":"output","Package":"github.com/QuantumNous/new-api/controller","Test":"TestOllamaUserOperationsRejectMissingAndDatabaseGuard/pull_stream/missing_guard","Output":"[SYS] 2026/09/10 - 08:24:13 | SQL_DSN not set, using SQLite as database \n"}
{"Time":"2026-09-10T08:24:13.9421619-04:00","Action":"output","Package":"github.com/QuantumNous/new-api/controller","Test":"TestOllamaUserOperationsRejectMissingAndDatabaseGuard/pull_stream/missing_guard","Output":"\r\n"}
{"Time":"2026-09-10T08:24:13.9421619-04:00","Action":"output","Package":"github.com/QuantumNous/new-api/controller","Test":"TestOllamaUserOperationsRejectMissingAndDatabaseGuard/pull_stream/missing_guard","Output":"2026/09/10 08:24:13 \u001b[31;1mD:/10178/Projects/new-api-upstream-sync/model/auto_price_guard.go:102 \u001b[35;1mrecord not found\n"}
{"Time":"2026-09-10T08:24:13.9421619-04:00","Action":"output","Package":"github.com/QuantumNous/new-api/controller","Test":"TestOllamaUserOperationsRejectMissingAndDatabaseGuard/pull_stream/missing_guard","Output":"\u001b[0m\u001b[33m[0.000ms] \u001b[34;1m[rows:0]\u001b[0m SELECT * FROM `channel_auto_price_guards` WHERE id = 987654 ORDER BY `channel_auto_price_guards`.`id` LIMIT 1\n"}
{"Time":"2026-09-10T08:24:13.9421619-04:00","Action":"output","Package":"github.com/QuantumNous/new-api/controller","Test":"TestOllamaUserOperationsRejectMissingAndDatabaseGuard/pull_stream/missing_guard","Output":"--- PASS: TestOllamaUserOperationsRejectMissingAndDatabaseGuard/pull_stream/missing_guard (0.00s)\n"}
{"Time":"2026-09-10T08:24:13.9426843-04:00","Action":"pass","Package":"github.com/QuantumNous/new-api/controller","Test":"TestOllamaUserOperationsRejectMissingAndDatabaseGuard/pull_stream/missing_guard","Elapsed":0}
{"Time":"2026-09-10T08:24:13.9426843-04:00","Action":"run","Package":"github.com/QuantumNous/new-api/controller","Test":"TestOllamaUserOperationsRejectMissingAndDatabaseGuard/pull_stream/guard_database_error"}
{"Time":"2026-09-10T08:24:13.9426843-04:00","Action":"output","Package":"github.com/QuantumNous/new-api/controller","Test":"TestOllamaUserOperationsRejectMissingAndDatabaseGuard/pull_stream/guard_database_error","Output":"=== RUN   TestOllamaUserOperationsRejectMissingAndDatabaseGuard/pull_stream/guard_database_error\n"}
{"Time":"2026-09-10T08:24:13.9426843-04:00","Action":"output","Package":"github.com/QuantumNous/new-api/controller","Test":"TestOllamaUserOperationsRejectMissingAndDatabaseGuard/pull_stream/guard_database_error","Output":"[SYS] 2026/09/10 - 08:24:13 | SQL_DSN not set, using SQLite as database \n"}
{"Time":"2026-09-10T08:24:13.9458852-04:00","Action":"output","Package":"github.com/QuantumNous/new-api/controller","Test":"TestOllamaUserOperationsRejectMissingAndDatabaseGuard/pull_stream/guard_database_error","Output":"\r\n"}
{"Time":"2026-09-10T08:24:13.9458852-04:00","Action":"output","Package":"github.com/QuantumNous/new-api/controller","Test":"TestOllamaUserOperationsRejectMissingAndDatabaseGuard/pull_stream/guard_database_error","Output":"2026/09/10 08:24:13 \u001b[31;1mD:/10178/Projects/new-api-upstream-sync/model/auto_price_guard.go:60 \u001b[35;1mSQL logic error: no such table: channel_auto_price_guards (1)\n"}
{"Time":"2026-09-10T08:24:13.9458852-04:00","Action":"output","Package":"github.com/QuantumNous/new-api/controller","Test":"TestOllamaUserOperationsRejectMissingAndDatabaseGuard/pull_stream/guard_database_error","Output":"\u001b[0m\u001b[33m[0.000ms] \u001b[34;1m[rows:0]\u001b[0m UPDATE `channel_auto_price_guards` SET `state`=\"used\",`updated_at`=1789043053 WHERE id = 1 AND channel_id = 1 AND state = \"pending\"\n"}
{"Time":"2026-09-10T08:24:13.9464061-04:00","Action":"output","Package":"github.com/QuantumNous/new-api/controller","Test":"TestOllamaUserOperationsRejectMissingAndDatabaseGuard/pull_stream/guard_database_error","Output":"--- PASS: TestOllamaUserOperationsRejectMissingAndDatabaseGuard/pull_stream/guard_database_error (0.00s)\n"}
{"Time":"2026-09-10T08:24:13.9464061-04:00","Action":"pass","Package":"github.com/QuantumNous/new-api/controller","Test":"TestOllamaUserOperationsRejectMissingAndDatabaseGuard/pull_stream/guard_database_error","Elapsed":0}
{"Time":"2026-09-10T08:24:13.9464061-04:00","Action":"output","Package":"github.com/QuantumNous/new-api/controller","Test":"TestOllamaUserOperationsRejectMissingAndDatabaseGuard/pull_stream","Output":"--- PASS: TestOllamaUserOperationsRejectMissingAndDatabaseGuard/pull_stream (0.01s)\n"}
{"Time":"2026-09-10T08:24:13.9464061-04:00","Action":"pass","Package":"github.com/QuantumNous/new-api/controller","Test":"TestOllamaUserOperationsRejectMissingAndDatabaseGuard/pull_stream","Elapsed":0.01}
{"Time":"2026-09-10T08:24:13.9464061-04:00","Action":"run","Package":"github.com/QuantumNous/new-api/controller","Test":"TestOllamaUserOperationsRejectMissingAndDatabaseGuard/delete"}
{"Time":"2026-09-10T08:24:13.9464061-04:00","Action":"output","Package":"github.com/QuantumNous/new-api/controller","Test":"TestOllamaUserOperationsRejectMissingAndDatabaseGuard/delete","Output":"=== RUN   TestOllamaUserOperationsRejectMissingAndDatabaseGuard/delete\n"}
{"Time":"2026-09-10T08:24:13.9464061-04:00","Action":"run","Package":"github.com/QuantumNous/new-api/controller","Test":"TestOllamaUserOperationsRejectMissingAndDatabaseGuard/delete/missing_guard"}
{"Time":"2026-09-10T08:24:13.9464061-04:00","Action":"output","Package":"github.com/QuantumNous/new-api/controller","Test":"TestOllamaUserOperationsRejectMissingAndDatabaseGuard/delete/missing_guard","Output":"=== RUN   TestOllamaUserOperationsRejectMissingAndDatabaseGuard/delete/missing_guard\n"}
{"Time":"2026-09-10T08:24:13.9464061-04:00","Action":"output","Package":"github.com/QuantumNous/new-api/controller","Test":"TestOllamaUserOperationsRejectMissingAndDatabaseGuard/delete/missing_guard","Output":"[SYS] 2026/09/10 - 08:24:13 | SQL_DSN not set, using SQLite as database \n"}
{"Time":"2026-09-10T08:24:13.9484402-04:00","Action":"output","Package":"github.com/QuantumNous/new-api/controller","Test":"TestOllamaUserOperationsRejectMissingAndDatabaseGuard/delete/missing_guard","Output":"\r\n"}
{"Time":"2026-09-10T08:24:13.9484402-04:00","Action":"output","Package":"github.com/QuantumNous/new-api/controller","Test":"TestOllamaUserOperationsRejectMissingAndDatabaseGuard/delete/missing_guard","Output":"2026/09/10 08:24:13 \u001b[31;1mD:/10178/Projects/new-api-upstream-sync/model/auto_price_guard.go:102 \u001b[35;1mrecord not found\n"}
{"Time":"2026-09-10T08:24:13.9484402-04:00","Action":"output","Package":"github.com/QuantumNous/new-api/controller","Test":"TestOllamaUserOperationsRejectMissingAndDatabaseGuard/delete/missing_guard","Output":"\u001b[0m\u001b[33m[0.000ms] \u001b[34;1m[rows:0]\u001b[0m SELECT * FROM `channel_auto_price_guards` WHERE id = 987654 ORDER BY `channel_auto_price_guards`.`id` LIMIT 1\n"}
{"Time":"2026-09-10T08:24:13.9484402-04:00","Action":"output","Package":"github.com/QuantumNous/new-api/controller","Test":"TestOllamaUserOperationsRejectMissingAndDatabaseGuard/delete/missing_guard","Output":"--- PASS: TestOllamaUserOperationsRejectMissingAndDatabaseGuard/delete/missing_guard (0.00s)\n"}
{"Time":"2026-09-10T08:24:13.9484402-04:00","Action":"pass","Package":"github.com/QuantumNous/new-api/controller","Test":"TestOllamaUserOperationsRejectMissingAndDatabaseGuard/delete/missing_guard","Elapsed":0}
{"Time":"2026-09-10T08:24:13.9484402-04:00","Action":"run","Package":"github.com/QuantumNous/new-api/controller","Test":"TestOllamaUserOperationsRejectMissingAndDatabaseGuard/delete/guard_database_error"}
{"Time":"2026-09-10T08:24:13.9484402-04:00","Action":"output","Package":"github.com/QuantumNous/new-api/controller","Test":"TestOllamaUserOperationsRejectMissingAndDatabaseGuard/delete/guard_database_error","Output":"=== RUN   TestOllamaUserOperationsRejectMissingAndDatabaseGuard/delete/guard_database_error\n"}
{"Time":"2026-09-10T08:24:13.9484402-04:00","Action":"output","Package":"github.com/QuantumNous/new-api/controller","Test":"TestOllamaUserOperationsRejectMissingAndDatabaseGuard/delete/guard_database_error","Output":"[SYS] 2026/09/10 - 08:24:13 | SQL_DSN not set, using SQLite as database \n"}
{"Time":"2026-09-10T08:24:13.9512063-04:00","Action":"output","Package":"github.com/QuantumNous/new-api/controller","Test":"TestOllamaUserOperationsRejectMissingAndDatabaseGuard/delete/guard_database_error","Output":"\r\n"}
{"Time":"2026-09-10T08:24:13.9512063-04:00","Action":"output","Package":"github.com/QuantumNous/new-api/controller","Test":"TestOllamaUserOperationsRejectMissingAndDatabaseGuard/delete/guard_database_error","Output":"2026/09/10 08:24:13 \u001b[31;1mD:/10178/Projects/new-api-upstream-sync/model/auto_price_guard.go:60 \u001b[35;1mSQL logic error: no such table: channel_auto_price_guards (1)\n"}
{"Time":"2026-09-10T08:24:13.9512063-04:00","Action":"output","Package":"github.com/QuantumNous/new-api/controller","Test":"TestOllamaUserOperationsRejectMissingAndDatabaseGuard/delete/guard_database_error","Output":"\u001b[0m\u001b[33m[0.000ms] \u001b[34;1m[rows:0]\u001b[0m UPDATE `channel_auto_price_guards` SET `state`=\"used\",`updated_at`=1789043053 WHERE id = 1 AND channel_id = 1 AND state = \"pending\"\n"}
{"Time":"2026-09-10T08:24:13.9512063-04:00","Action":"output","Package":"github.com/QuantumNous/new-api/controller","Test":"TestOllamaUserOperationsRejectMissingAndDatabaseGuard/delete/guard_database_error","Output":"--- PASS: TestOllamaUserOperationsRejectMissingAndDatabaseGuard/delete/guard_database_error (0.00s)\n"}
{"Time":"2026-09-10T08:24:13.9512063-04:00","Action":"pass","Package":"github.com/QuantumNous/new-api/controller","Test":"TestOllamaUserOperationsRejectMissingAndDatabaseGuard/delete/guard_database_error","Elapsed":0}
{"Time":"2026-09-10T08:24:13.9512063-04:00","Action":"output","Package":"github.com/QuantumNous/new-api/controller","Test":"TestOllamaUserOperationsRejectMissingAndDatabaseGuard/delete","Output":"--- PASS: TestOllamaUserOperationsRejectMissingAndDatabaseGuard/delete (0.01s)\n"}
{"Time":"2026-09-10T08:24:13.9512063-04:00","Action":"pass","Package":"github.com/QuantumNous/new-api/controller","Test":"TestOllamaUserOperationsRejectMissingAndDatabaseGuard/delete","Elapsed":0.01}
{"Time":"2026-09-10T08:24:13.9512063-04:00","Action":"run","Package":"github.com/QuantumNous/new-api/controller","Test":"TestOllamaUserOperationsRejectMissingAndDatabaseGuard/version"}
{"Time":"2026-09-10T08:24:13.9512063-04:00","Action":"output","Package":"github.com/QuantumNous/new-api/controller","Test":"TestOllamaUserOperationsRejectMissingAndDatabaseGuard/version","Output":"=== RUN   TestOllamaUserOperationsRejectMissingAndDatabaseGuard/version\n"}
{"Time":"2026-09-10T08:24:13.9512063-04:00","Action":"run","Package":"github.com/QuantumNous/new-api/controller","Test":"TestOllamaUserOperationsRejectMissingAndDatabaseGuard/version/missing_guard"}
{"Time":"2026-09-10T08:24:13.9512063-04:00","Action":"output","Package":"github.com/QuantumNous/new-api/controller","Test":"TestOllamaUserOperationsRejectMissingAndDatabaseGuard/version/missing_guard","Output":"=== RUN   TestOllamaUserOperationsRejectMissingAndDatabaseGuard/version/missing_guard\n"}
{"Time":"2026-09-10T08:24:13.9517236-04:00","Action":"output","Package":"github.com/QuantumNous/new-api/controller","Test":"TestOllamaUserOperationsRejectMissingAndDatabaseGuard/version/missing_guard","Output":"[SYS] 2026/09/10 - 08:24:13 | SQL_DSN not set, using SQLite as database \n"}
{"Time":"2026-09-10T08:24:13.9543344-04:00","Action":"output","Package":"github.com/QuantumNous/new-api/controller","Test":"TestOllamaUserOperationsRejectMissingAndDatabaseGuard/version/missing_guard","Output":"\r\n"}
{"Time":"2026-09-10T08:24:13.9543344-04:00","Action":"output","Package":"github.com/QuantumNous/new-api/controller","Test":"TestOllamaUserOperationsRejectMissingAndDatabaseGuard/version/missing_guard","Output":"2026/09/10 08:24:13 \u001b[31;1mD:/10178/Projects/new-api-upstream-sync/model/auto_price_guard.go:102 \u001b[35;1mrecord not found\n"}
{"Time":"2026-09-10T08:24:13.9543344-04:00","Action":"output","Package":"github.com/QuantumNous/new-api/controller","Test":"TestOllamaUserOperationsRejectMissingAndDatabaseGuard/version/missing_guard","Output":"\u001b[0m\u001b[33m[0.000ms] \u001b[34;1m[rows:0]\u001b[0m SELECT * FROM `channel_auto_price_guards` WHERE id = 987654 ORDER BY `channel_auto_price_guards`.`id` LIMIT 1\n"}
{"Time":"2026-09-10T08:24:13.9548471-04:00","Action":"output","Package":"github.com/QuantumNous/new-api/controller","Test":"TestOllamaUserOperationsRejectMissingAndDatabaseGuard/version/missing_guard","Output":"--- PASS: TestOllamaUserOperationsRejectMissingAndDatabaseGuard/version/missing_guard (0.00s)\n"}
{"Time":"2026-09-10T08:24:13.9548471-04:00","Action":"pass","Package":"github.com/QuantumNous/new-api/controller","Test":"TestOllamaUserOperationsRejectMissingAndDatabaseGuard/version/missing_guard","Elapsed":0}
{"Time":"2026-09-10T08:24:13.9548471-04:00","Action":"run","Package":"github.com/QuantumNous/new-api/controller","Test":"TestOllamaUserOperationsRejectMissingAndDatabaseGuard/version/guard_database_error"}
{"Time":"2026-09-10T08:24:13.9548471-04:00","Action":"output","Package":"github.com/QuantumNous/new-api/controller","Test":"TestOllamaUserOperationsRejectMissingAndDatabaseGuard/version/guard_database_error","Output":"=== RUN   TestOllamaUserOperationsRejectMissingAndDatabaseGuard/version/guard_database_error\n"}
{"Time":"2026-09-10T08:24:13.9548471-04:00","Action":"output","Package":"github.com/QuantumNous/new-api/controller","Test":"TestOllamaUserOperationsRejectMissingAndDatabaseGuard/version/guard_database_error","Output":"[SYS] 2026/09/10 - 08:24:13 | SQL_DSN not set, using SQLite as database \n"}
{"Time":"2026-09-10T08:24:13.9574442-04:00","Action":"output","Package":"github.com/QuantumNous/new-api/controller","Test":"TestOllamaUserOperationsRejectMissingAndDatabaseGuard/version/guard_database_error","Output":"\r\n"}
{"Time":"2026-09-10T08:24:13.9574442-04:00","Action":"output","Package":"github.com/QuantumNous/new-api/controller","Test":"TestOllamaUserOperationsRejectMissingAndDatabaseGuard/version/guard_database_error","Output":"2026/09/10 08:24:13 \u001b[31;1mD:/10178/Projects/new-api-upstream-sync/model/auto_price_guard.go:60 \u001b[35;1mSQL logic error: no such table: channel_auto_price_guards (1)\n"}
{"Time":"2026-09-10T08:24:13.9574442-04:00","Action":"output","Package":"github.com/QuantumNous/new-api/controller","Test":"TestOllamaUserOperationsRejectMissingAndDatabaseGuard/version/guard_database_error","Output":"\u001b[0m\u001b[33m[0.000ms] \u001b[34;1m[rows:0]\u001b[0m UPDATE `channel_auto_price_guards` SET `state`=\"used\",`updated_at`=1789043053 WHERE id = 1 AND channel_id = 1 AND state = \"pending\"\n"}
{"Time":"2026-09-10T08:24:13.9574442-04:00","Action":"output","Package":"github.com/QuantumNous/new-api/controller","Test":"TestOllamaUserOperationsRejectMissingAndDatabaseGuard/version/guard_database_error","Output":"--- PASS: TestOllamaUserOperationsRejectMissingAndDatabaseGuard/version/guard_database_error (0.00s)\n"}
{"Time":"2026-09-10T08:24:13.9574442-04:00","Action":"pass","Package":"github.com/QuantumNous/new-api/controller","Test":"TestOllamaUserOperationsRejectMissingAndDatabaseGuard/version/guard_database_error","Elapsed":0}
{"Time":"2026-09-10T08:24:13.9574442-04:00","Action":"output","Package":"github.com/QuantumNous/new-api/controller","Test":"TestOllamaUserOperationsRejectMissingAndDatabaseGuard/version","Output":"--- PASS: TestOllamaUserOperationsRejectMissingAndDatabaseGuard/version (0.01s)\n"}
{"Time":"2026-09-10T08:24:13.9574442-04:00","Action":"pass","Package":"github.com/QuantumNous/new-api/controller","Test":"TestOllamaUserOperationsRejectMissingAndDatabaseGuard/version","Elapsed":0.01}
{"Time":"2026-09-10T08:24:13.9574442-04:00","Action":"output","Package":"github.com/QuantumNous/new-api/controller","Test":"TestOllamaUserOperationsRejectMissingAndDatabaseGuard","Output":"--- PASS: TestOllamaUserOperationsRejectMissingAndDatabaseGuard (0.02s)\n"}
{"Time":"2026-09-10T08:24:13.9574442-04:00","Action":"pass","Package":"github.com/QuantumNous/new-api/controller","Test":"TestOllamaUserOperationsRejectMissingAndDatabaseGuard","Elapsed":0.02}
{"Time":"2026-09-10T08:24:13.9574442-04:00","Action":"run","Package":"github.com/QuantumNous/new-api/controller","Test":"TestBuildDueChannelQueueWarmupTaskDeduplicates"}
{"Time":"2026-09-10T08:24:13.9574442-04:00","Action":"output","Package":"github.com/QuantumNous/new-api/controller","Test":"TestBuildDueChannelQueueWarmupTaskDeduplicates","Output":"=== RUN   TestBuildDueChannelQueueWarmupTaskDeduplicates\n"}
{"Time":"2026-09-10T08:24:13.958489-04:00","Action":"output","Package":"github.com/QuantumNous/new-api/controller","Test":"TestBuildDueChannelQueueWarmupTaskDeduplicates","Output":"\r\n"}
{"Time":"2026-09-10T08:24:13.958489-04:00","Action":"output","Package":"github.com/QuantumNous/new-api/controller","Test":"TestBuildDueChannelQueueWarmupTaskDeduplicates","Output":"2026/09/10 08:24:13 \u001b[31;1mD:/10178/Projects/new-api-upstream-sync/model/named_lease.go:28 \u001b[35;1mrecord not found\n"}
{"Time":"2026-09-10T08:24:13.958489-04:00","Action":"output","Package":"github.com/QuantumNous/new-api/controller","Test":"TestBuildDueChannelQueueWarmupTaskDeduplicates","Output":"\u001b[0m\u001b[33m[0.000ms] \u001b[34;1m[rows:0]\u001b[0m SELECT * FROM `named_leases` WHERE name = \"upstream_queue:101\" ORDER BY `named_leases`.`name` LIMIT 1\n"}
{"Time":"2026-09-10T08:24:13.958489-04:00","Action":"output","Package":"github.com/QuantumNous/new-api/controller","Test":"TestBuildDueChannelQueueWarmupTaskDeduplicates","Output":"\r\n"}
{"Time":"2026-09-10T08:24:13.958489-04:00","Action":"output","Package":"github.com/QuantumNous/new-api/controller","Test":"TestBuildDueChannelQueueWarmupTaskDeduplicates","Output":"2026/09/10 08:24:13 \u001b[31;1mD:/10178/Projects/new-api-upstream-sync/model/system_task.go:151 \u001b[35;1mrecord not found\n"}
{"Time":"2026-09-10T08:24:13.958489-04:00","Action":"output","Package":"github.com/QuantumNous/new-api/controller","Test":"TestBuildDueChannelQueueWarmupTaskDeduplicates","Output":"\u001b[0m\u001b[33m[0.000ms] \u001b[34;1m[rows:0]\u001b[0m SELECT * FROM `system_tasks` WHERE type = \"channel_queue_warmup\" AND status IN (\"pending\",\"running\") ORDER BY id desc,`system_tasks`.`id` LIMIT 1\n"}
{"Time":"2026-09-10T08:24:13.9590102-04:00","Action":"output","Package":"github.com/QuantumNous/new-api/controller","Test":"TestBuildDueChannelQueueWarmupTaskDeduplicates","Output":"\r\n"}
{"Time":"2026-09-10T08:24:13.9590102-04:00","Action":"output","Package":"github.com/QuantumNous/new-api/controller","Test":"TestBuildDueChannelQueueWarmupTaskDeduplicates","Output":"2026/09/10 08:24:13 \u001b[31;1mD:/10178/Projects/new-api-upstream-sync/model/named_lease.go:28 \u001b[35;1mrecord not found\n"}
{"Time":"2026-09-10T08:24:13.9590102-04:00","Action":"output","Package":"github.com/QuantumNous/new-api/controller","Test":"TestBuildDueChannelQueueWarmupTaskDeduplicates","Output":"\u001b[0m\u001b[33m[0.000ms] \u001b[34;1m[rows:0]\u001b[0m SELECT * FROM `named_leases` WHERE name = \"upstream_queue:101\" ORDER BY `named_leases`.`name` LIMIT 1\n"}
{"Time":"2026-09-10T08:24:13.9590102-04:00","Action":"output","Package":"github.com/QuantumNous/new-api/controller","Test":"TestBuildDueChannelQueueWarmupTaskDeduplicates","Output":"--- PASS: TestBuildDueChannelQueueWarmupTaskDeduplicates (0.00s)\n"}
{"Time":"2026-09-10T08:24:13.9590102-04:00","Action":"pass","Package":"github.com/QuantumNous/new-api/controller","Test":"TestBuildDueChannelQueueWarmupTaskDeduplicates","Elapsed":0}
{"Time":"2026-09-10T08:24:13.9590102-04:00","Action":"run","Package":"github.com/QuantumNous/new-api/controller","Test":"TestBuildDueChannelQueueWarmupTaskSkipsActiveLease"}
{"Time":"2026-09-10T08:24:13.9590102-04:00","Action":"output","Package":"github.com/QuantumNous/new-api/controller","Test":"TestBuildDueChannelQueueWarmupTaskSkipsActiveLease","Output":"=== RUN   TestBuildDueChannelQueueWarmupTaskSkipsActiveLease\n"}
{"Time":"2026-09-10T08:24:13.960056-04:00","Action":"output","Package":"github.com/QuantumNous/new-api/controller","Test":"TestBuildDueChannelQueueWarmupTaskSkipsActiveLease","Output":"--- PASS: TestBuildDueChannelQueueWarmupTaskSkipsActiveLease (0.00s)\n"}
{"Time":"2026-09-10T08:24:13.960056-04:00","Action":"pass","Package":"github.com/QuantumNous/new-api/controller","Test":"TestBuildDueChannelQueueWarmupTaskSkipsActiveLease","Elapsed":0}
{"Time":"2026-09-10T08:24:13.960056-04:00","Action":"run","Package":"github.com/QuantumNous/new-api/controller","Test":"TestQueueWarmerChannelScansOmitKey"}
{"Time":"2026-09-10T08:24:13.960056-04:00","Action":"output","Package":"github.com/QuantumNous/new-api/controller","Test":"TestQueueWarmerChannelScansOmitKey","Output":"=== RUN   TestQueueWarmerChannelScansOmitKey\n"}
{"Time":"2026-09-10T08:24:13.9610963-04:00","Action":"output","Package":"github.com/QuantumNous/new-api/controller","Test":"TestQueueWarmerChannelScansOmitKey","Output":"\r\n"}
{"Time":"2026-09-10T08:24:13.9610963-04:00","Action":"output","Package":"github.com/QuantumNous/new-api/controller","Test":"TestQueueWarmerChannelScansOmitKey","Output":"2026/09/10 08:24:13 \u001b[31;1mD:/10178/Projects/new-api-upstream-sync/model/named_lease.go:28 \u001b[35;1mrecord not found\n"}
{"Time":"2026-09-10T08:24:13.9610963-04:00","Action":"output","Package":"github.com/QuantumNous/new-api/controller","Test":"TestQueueWarmerChannelScansOmitKey","Output":"\u001b[0m\u001b[33m[0.000ms] \u001b[34;1m[rows:0]\u001b[0m SELECT * FROM `named_leases` WHERE name = \"upstream_queue:103\" ORDER BY `named_leases`.`name` LIMIT 1\n"}
{"Time":"2026-09-10T08:24:13.9610963-04:00","Action":"output","Package":"github.com/QuantumNous/new-api/controller","Test":"TestQueueWarmerChannelScansOmitKey","Output":"\r\n"}
{"Time":"2026-09-10T08:24:13.9610963-04:00","Action":"output","Package":"github.com/QuantumNous/new-api/controller","Test":"TestQueueWarmerChannelScansOmitKey","Output":"2026/09/10 08:24:13 \u001b[31;1mD:/10178/Projects/new-api-upstream-sync/model/system_task.go:151 \u001b[35;1mrecord not found\n"}
{"Time":"2026-09-10T08:24:13.9610963-04:00","Action":"output","Package":"github.com/QuantumNous/new-api/controller","Test":"TestQueueWarmerChannelScansOmitKey","Output":"\u001b[0m\u001b[33m[0.000ms] \u001b[34;1m[rows:0]\u001b[0m SELECT * FROM `system_tasks` WHERE type = \"channel_queue_warmup\" AND status IN (\"pending\",\"running\") ORDER BY id desc,`system_tasks`.`id` LIMIT 1\n"}
{"Time":"2026-09-10T08:24:13.9616168-04:00","Action":"output","Package":"github.com/QuantumNous/new-api/controller","Test":"TestQueueWarmerChannelScansOmitKey","Output":"\r\n"}
{"Time":"2026-09-10T08:24:13.9616168-04:00","Action":"output","Package":"github.com/QuantumNous/new-api/controller","Test":"TestQueueWarmerChannelScansOmitKey","Output":"2026/09/10 08:24:13 \u001b[34;1mD:/10178/Projects/new-api-upstream-sync/controller/channel_queue_warmer_test.go:82\n"}
{"Time":"2026-09-10T08:24:13.9616168-04:00","Action":"output","Package":"github.com/QuantumNous/new-api/controller","Test":"TestQueueWarmerChannelScansOmitKey","Output":"\u001b[0m\u001b[35m[warn] \u001b[0mremoving callback `test:channel_queue_warmer_omits_key` from D:/10178/Projects/new-api-upstream-sync/controller/channel_queue_warmer_test.go:82\n"}
{"Time":"2026-09-10T08:24:13.9616168-04:00","Action":"output","Package":"github.com/QuantumNous/new-api/controller","Test":"TestQueueWarmerChannelScansOmitKey","Output":"--- PASS: TestQueueWarmerChannelScansOmitKey (0.00s)\n"}
{"Time":"2026-09-10T08:24:13.9616168-04:00","Action":"pass","Package":"github.com/QuantumNous/new-api/controller","Test":"TestQueueWarmerChannelScansOmitKey","Elapsed":0}
{"Time":"2026-09-10T08:24:13.9616168-04:00","Action":"run","Package":"github.com/QuantumNous/new-api/controller","Test":"TestClassifyWarmupOutcome"}
{"Time":"2026-09-10T08:24:13.9616168-04:00","Action":"output","Package":"github.com/QuantumNous/new-api/controller","Test":"TestClassifyWarmupOutcome","Output":"=== RUN   TestClassifyWarmupOutcome\n"}
{"Time":"2026-09-10T08:24:13.9616168-04:00","Action":"run","Package":"github.com/QuantumNous/new-api/controller","Test":"TestClassifyWarmupOutcome/2xx_success"}
{"Time":"2026-09-10T08:24:13.9616168-04:00","Action":"output","Package":"github.com/QuantumNous/new-api/controller","Test":"TestClassifyWarmupOutcome/2xx_success","Output":"=== RUN   TestClassifyWarmupOutcome/2xx_success\n"}
{"Time":"2026-09-10T08:24:13.9616168-04:00","Action":"output","Package":"github.com/QuantumNous/new-api/controller","Test":"TestClassifyWarmupOutcome/2xx_success","Output":"--- PASS: TestClassifyWarmupOutcome/2xx_success (0.00s)\n"}
{"Time":"2026-09-10T08:24:13.9616168-04:00","Action":"pass","Package":"github.com/QuantumNous/new-api/controller","Test":"TestClassifyWarmupOutcome/2xx_success","Elapsed":0}
{"Time":"2026-09-10T08:24:13.9616168-04:00","Action":"run","Package":"github.com/QuantumNous/new-api/controller","Test":"TestClassifyWarmupOutcome/429_queue_busy"}
{"Time":"2026-09-10T08:24:13.9616168-04:00","Action":"output","Package":"github.com/QuantumNous/new-api/controller","Test":"TestClassifyWarmupOutcome/429_queue_busy","Output":"=== RUN   TestClassifyWarmupOutcome/429_queue_busy\n"}
{"Time":"2026-09-10T08:24:13.9616168-04:00","Action":"output","Package":"github.com/QuantumNous/new-api/controller","Test":"TestClassifyWarmupOutcome/429_queue_busy","Output":"--- PASS: TestClassifyWarmupOutcome/429_queue_busy (0.00s)\n"}
{"Time":"2026-09-10T08:24:13.9616168-04:00","Action":"pass","Package":"github.com/QuantumNous/new-api/controller","Test":"TestClassifyWarmupOutcome/429_queue_busy","Elapsed":0}
{"Time":"2026-09-10T08:24:13.9616168-04:00","Action":"run","Package":"github.com/QuantumNous/new-api/controller","Test":"TestClassifyWarmupOutcome/503_queue_busy"}
{"Time":"2026-09-10T08:24:13.9616168-04:00","Action":"output","Package":"github.com/QuantumNous/new-api/controller","Test":"TestClassifyWarmupOutcome/503_queue_busy","Output":"=== RUN   TestClassifyWarmupOutcome/503_queue_busy\n"}
{"Time":"2026-09-10T08:24:13.9616168-04:00","Action":"output","Package":"github.com/QuantumNous/new-api/controller","Test":"TestClassifyWarmupOutcome/503_queue_busy","Output":"--- PASS: TestClassifyWarmupOutcome/503_queue_busy (0.00s)\n"}
{"Time":"2026-09-10T08:24:13.9616168-04:00","Action":"pass","Package":"github.com/QuantumNous/new-api/controller","Test":"TestClassifyWarmupOutcome/503_queue_busy","Elapsed":0}
{"Time":"2026-09-10T08:24:13.9616168-04:00","Action":"run","Package":"github.com/QuantumNous/new-api/controller","Test":"TestClassifyWarmupOutcome/custom_busy_code"}
{"Time":"2026-09-10T08:24:13.9616168-04:00","Action":"output","Package":"github.com/QuantumNous/new-api/controller","Test":"TestClassifyWarmupOutcome/custom_busy_code","Output":"=== RUN   TestClassifyWarmupOutcome/custom_busy_code\n"}
{"Time":"2026-09-10T08:24:13.9616168-04:00","Action":"output","Package":"github.com/QuantumNous/new-api/controller","Test":"TestClassifyWarmupOutcome/custom_busy_code","Output":"--- PASS: TestClassifyWarmupOutcome/custom_busy_code (0.00s)\n"}
{"Time":"2026-09-10T08:24:13.9616168-04:00","Action":"pass","Package":"github.com/QuantumNous/new-api/controller","Test":"TestClassifyWarmupOutcome/custom_busy_code","Elapsed":0}
{"Time":"2026-09-10T08:24:13.9616168-04:00","Action":"run","Package":"github.com/QuantumNous/new-api/controller","Test":"TestClassifyWarmupOutcome/401_genuine_failure"}
{"Time":"2026-09-10T08:24:13.9616168-04:00","Action":"output","Package":"github.com/QuantumNous/new-api/controller","Test":"TestClassifyWarmupOutcome/401_genuine_failure","Output":"=== RUN   TestClassifyWarmupOutcome/401_genuine_failure\n"}
{"Time":"2026-09-10T08:24:13.9616168-04:00","Action":"output","Package":"github.com/QuantumNous/new-api/controller","Test":"TestClassifyWarmupOutcome/401_genuine_failure","Output":"--- PASS: TestClassifyWarmupOutcome/401_genuine_failure (0.00s)\n"}
{"Time":"2026-09-10T08:24:13.9616168-04:00","Action":"pass","Package":"github.com/QuantumNous/new-api/controller","Test":"TestClassifyWarmupOutcome/401_genuine_failure","Elapsed":0}
{"Time":"2026-09-10T08:24:13.9616168-04:00","Action":"run","Package":"github.com/QuantumNous/new-api/controller","Test":"TestClassifyWarmupOutcome/busy_message_without_busy_code"}
{"Time":"2026-09-10T08:24:13.9616168-04:00","Action":"output","Package":"github.com/QuantumNous/new-api/controller","Test":"TestClassifyWarmupOutcome/busy_message_without_busy_code","Output":"=== RUN   TestClassifyWarmupOutcome/busy_message_without_busy_code\n"}
{"Time":"2026-09-10T08:24:13.9616168-04:00","Action":"output","Package":"github.com/QuantumNous/new-api/controller","Test":"TestClassifyWarmupOutcome/busy_message_without_busy_code","Output":"--- PASS: TestClassifyWarmupOutcome/busy_message_without_busy_code (0.00s)\n"}
{"Time":"2026-09-10T08:24:13.9616168-04:00","Action":"pass","Package":"github.com/QuantumNous/new-api/controller","Test":"TestClassifyWarmupOutcome/busy_message_without_busy_code","Elapsed":0}
{"Time":"2026-09-10T08:24:13.9616168-04:00","Action":"run","Package":"github.com/QuantumNous/new-api/controller","Test":"TestClassifyWarmupOutcome/timeout"}
{"Time":"2026-09-10T08:24:13.9616168-04:00","Action":"output","Package":"github.com/QuantumNous/new-api/controller","Test":"TestClassifyWarmupOutcome/timeout","Output":"=== RUN   TestClassifyWarmupOutcome/timeout\n"}
{"Time":"2026-09-10T08:24:13.9616168-04:00","Action":"output","Package":"github.com/QuantumNous/new-api/controller","Test":"TestClassifyWarmupOutcome/timeout","Output":"--- PASS: TestClassifyWarmupOutcome/timeout (0.00s)\n"}
{"Time":"2026-09-10T08:24:13.9616168-04:00","Action":"pass","Package":"github.com/QuantumNous/new-api/controller","Test":"TestClassifyWarmupOutcome/timeout","Elapsed":0}
{"Time":"2026-09-10T08:24:13.9616168-04:00","Action":"run","Package":"github.com/QuantumNous/new-api/controller","Test":"TestClassifyWarmupOutcome/connection_error"}
{"Time":"2026-09-10T08:24:13.9616168-04:00","Action":"output","Package":"github.com/QuantumNous/new-api/controller","Test":"TestClassifyWarmupOutcome/connection_error","Output":"=== RUN   TestClassifyWarmupOutcome/connection_error\n"}
{"Time":"2026-09-10T08:24:13.9616168-04:00","Action":"output","Package":"github.com/QuantumNous/new-api/controller","Test":"TestClassifyWarmupOutcome/connection_error","Output":"--- PASS: TestClassifyWarmupOutcome/connection_error (0.00s)\n"}
{"Time":"2026-09-10T08:24:13.9616168-04:00","Action":"pass","Package":"github.com/QuantumNous/new-api/controller","Test":"TestClassifyWarmupOutcome/connection_error","Elapsed":0}
{"Time":"2026-09-10T08:24:13.9616168-04:00","Action":"output","Package":"github.com/QuantumNous/new-api/controller","Test":"TestClassifyWarmupOutcome","Output":"--- PASS: TestClassifyWarmupOutcome (0.00s)\n"}
{"Time":"2026-09-10T08:24:13.9616168-04:00","Action":"pass","Package":"github.com/QuantumNous/new-api/controller","Test":"TestClassifyWarmupOutcome","Elapsed":0}
{"Time":"2026-09-10T08:24:13.9616168-04:00","Action":"run","Package":"github.com/QuantumNous/new-api/controller","Test":"TestClassifyWarmupOutcomeDefaultsBusyCodes"}
{"Time":"2026-09-10T08:24:13.9616168-04:00","Action":"output","Package":"github.com/QuantumNous/new-api/controller","Test":"TestClassifyWarmupOutcomeDefaultsBusyCodes","Output":"=== RUN   TestClassifyWarmupOutcomeDefaultsBusyCodes\n"}
{"Time":"2026-09-10T08:24:13.9616168-04:00","Action":"output","Package":"github.com/QuantumNous/new-api/controller","Test":"TestClassifyWarmupOutcomeDefaultsBusyCodes","Output":"--- PASS: TestClassifyWarmupOutcomeDefaultsBusyCodes (0.00s)\n"}
{"Time":"2026-09-10T08:24:13.9616168-04:00","Action":"pass","Package":"github.com/QuantumNous/new-api/controller","Test":"TestClassifyWarmupOutcomeDefaultsBusyCodes","Elapsed":0}
{"Time":"2026-09-10T08:24:13.9616168-04:00","Action":"run","Package":"github.com/QuantumNous/new-api/controller","Test":"TestSanitizeWarmupMessage"}
{"Time":"2026-09-10T08:24:13.9621405-04:00","Action":"output","Package":"github.com/QuantumNous/new-api/controller","Test":"TestSanitizeWarmupMessage","Output":"=== RUN   TestSanitizeWarmupMessage\n"}
{"Time":"2026-09-10T08:24:13.9621405-04:00","Action":"run","Package":"github.com/QuantumNous/new-api/controller","Test":"TestSanitizeWarmupMessage/plain_text_credentials"}
{"Time":"2026-09-10T08:24:13.9621405-04:00","Action":"output","Package":"github.com/QuantumNous/new-api/controller","Test":"TestSanitizeWarmupMessage/plain_text_credentials","Output":"=== RUN   TestSanitizeWarmupMessage/plain_text_credentials\n"}
{"Time":"2026-09-10T08:24:13.9621405-04:00","Action":"output","Package":"github.com/QuantumNous/new-api/controller","Test":"TestSanitizeWarmupMessage/plain_text_credentials","Output":"--- PASS: TestSanitizeWarmupMessage/plain_text_credentials (0.00s)\n"}
{"Time":"2026-09-10T08:24:13.9621405-04:00","Action":"pass","Package":"github.com/QuantumNous/new-api/controller","Test":"TestSanitizeWarmupMessage/plain_text_credentials","Elapsed":0}
{"Time":"2026-09-10T08:24:13.9621405-04:00","Action":"run","Package":"github.com/QuantumNous/new-api/controller","Test":"TestSanitizeWarmupMessage/json_credentials"}
{"Time":"2026-09-10T08:24:13.9621405-04:00","Action":"output","Package":"github.com/QuantumNous/new-api/controller","Test":"TestSanitizeWarmupMessage/json_credentials","Output":"=== RUN   TestSanitizeWarmupMessage/json_credentials\n"}
{"Time":"2026-09-10T08:24:13.9621405-04:00","Action":"output","Package":"github.com/QuantumNous/new-api/controller","Test":"TestSanitizeWarmupMessage/json_credentials","Output":"--- PASS: TestSanitizeWarmupMessage/json_credentials (0.00s)\n"}
{"Time":"2026-09-10T08:24:13.9621405-04:00","Action":"pass","Package":"github.com/QuantumNous/new-api/controller","Test":"TestSanitizeWarmupMessage/json_credentials","Elapsed":0}
{"Time":"2026-09-10T08:24:13.9621405-04:00","Action":"run","Package":"github.com/QuantumNous/new-api/controller","Test":"TestSanitizeWarmupMessage/nested_json_credentials"}
{"Time":"2026-09-10T08:24:13.9621405-04:00","Action":"output","Package":"github.com/QuantumNous/new-api/controller","Test":"TestSanitizeWarmupMessage/nested_json_credentials","Output":"=== RUN   TestSanitizeWarmupMessage/nested_json_credentials\n"}
{"Time":"2026-09-10T08:24:13.9621405-04:00","Action":"output","Package":"github.com/QuantumNous/new-api/controller","Test":"TestSanitizeWarmupMessage/nested_json_credentials","Output":"--- PASS: TestSanitizeWarmupMessage/nested_json_credentials (0.00s)\n"}
{"Time":"2026-09-10T08:24:13.9621405-04:00","Action":"pass","Package":"github.com/QuantumNous/new-api/controller","Test":"TestSanitizeWarmupMessage/nested_json_credentials","Elapsed":0}
{"Time":"2026-09-10T08:24:13.9621405-04:00","Action":"run","Package":"github.com/QuantumNous/new-api/controller","Test":"TestSanitizeWarmupMessage/url_query_credentials"}
{"Time":"2026-09-10T08:24:13.9621405-04:00","Action":"output","Package":"github.com/QuantumNous/new-api/controller","Test":"TestSanitizeWarmupMessage/url_query_credentials","Output":"=== RUN   TestSanitizeWarmupMessage/url_query_credentials\n"}
{"Time":"2026-09-10T08:24:13.9621405-04:00","Action":"output","Package":"github.com/QuantumNous/new-api/controller","Test":"TestSanitizeWarmupMessage/url_query_credentials","Output":"--- PASS: TestSanitizeWarmupMessage/url_query_credentials (0.00s)\n"}
{"Time":"2026-09-10T08:24:13.9621405-04:00","Action":"pass","Package":"github.com/QuantumNous/new-api/controller","Test":"TestSanitizeWarmupMessage/url_query_credentials","Elapsed":0}
{"Time":"2026-09-10T08:24:13.9621405-04:00","Action":"output","Package":"github.com/QuantumNous/new-api/controller","Test":"TestSanitizeWarmupMessage","Output":"--- PASS: TestSanitizeWarmupMessage (0.00s)\n"}
{"Time":"2026-09-10T08:24:13.9621405-04:00","Action":"pass","Package":"github.com/QuantumNous/new-api/controller","Test":"TestSanitizeWarmupMessage","Elapsed":0}
{"Time":"2026-09-10T08:24:13.9621405-04:00","Action":"run","Package":"github.com/QuantumNous/new-api/controller","Test":"TestIsQueueBusyStatusCode"}
{"Time":"2026-09-10T08:24:13.9621405-04:00","Action":"output","Package":"github.com/QuantumNous/new-api/controller","Test":"TestIsQueueBusyStatusCode","Output":"=== RUN   TestIsQueueBusyStatusCode\n"}
{"Time":"2026-09-10T08:24:13.9621405-04:00","Action":"output","Package":"github.com/QuantumNous/new-api/controller","Test":"TestIsQueueBusyStatusCode","Output":"--- PASS: TestIsQueueBusyStatusCode (0.00s)\n"}
{"Time":"2026-09-10T08:24:13.9621405-04:00","Action":"pass","Package":"github.com/QuantumNous/new-api/controller","Test":"TestIsQueueBusyStatusCode","Elapsed":0}
{"Time":"2026-09-10T08:24:13.9621405-04:00","Action":"run","Package":"github.com/QuantumNous/new-api/controller","Test":"TestIsQueueBusyMessage"}
{"Time":"2026-09-10T08:24:13.9621405-04:00","Action":"output","Package":"github.com/QuantumNous/new-api/controller","Test":"TestIsQueueBusyMessage","Output":"=== RUN   TestIsQueueBusyMessage\n"}
{"Time":"2026-09-10T08:24:13.9621405-04:00","Action":"output","Package":"github.com/QuantumNous/new-api/controller","Test":"TestIsQueueBusyMessage","Output":"--- PASS: TestIsQueueBusyMessage (0.00s)\n"}
{"Time":"2026-09-10T08:24:13.9621405-04:00","Action":"pass","Package":"github.com/QuantumNous/new-api/controller","Test":"TestIsQueueBusyMessage","Elapsed":0}
{"Time":"2026-09-10T08:24:13.9621405-04:00","Action":"run","Package":"github.com/QuantumNous/new-api/controller","Test":"TestWarmerStateInFlightGuard"}
{"Time":"2026-09-10T08:24:13.9621405-04:00","Action":"output","Package":"github.com/QuantumNous/new-api/controller","Test":"TestWarmerStateInFlightGuard","Output":"=== RUN   TestWarmerStateInFlightGuard\n"}
{"Time":"2026-09-10T08:24:13.9621405-04:00","Action":"output","Package":"github.com/QuantumNous/new-api/controller","Test":"TestWarmerStateInFlightGuard","Output":"--- PASS: TestWarmerStateInFlightGuard (0.00s)\n"}
{"Time":"2026-09-10T08:24:13.9621405-04:00","Action":"pass","Package":"github.com/QuantumNous/new-api/controller","Test":"TestWarmerStateInFlightGuard","Elapsed":0}
{"Time":"2026-09-10T08:24:13.9621405-04:00","Action":"run","Package":"github.com/QuantumNous/new-api/controller","Test":"TestDurationOrDefault"}
{"Time":"2026-09-10T08:24:13.9621405-04:00","Action":"output","Package":"github.com/QuantumNous/new-api/controller","Test":"TestDurationOrDefault","Output":"=== RUN   TestDurationOrDefault\n"}
{"Time":"2026-09-10T08:24:13.9621405-04:00","Action":"output","Package":"github.com/QuantumNous/new-api/controller","Test":"TestDurationOrDefault","Output":"--- PASS: TestDurationOrDefault (0.00s)\n"}
{"Time":"2026-09-10T08:24:13.9621405-04:00","Action":"pass","Package":"github.com/QuantumNous/new-api/controller","Test":"TestDurationOrDefault","Elapsed":0}
{"Time":"2026-09-10T08:24:13.9621405-04:00","Action":"run","Package":"github.com/QuantumNous/new-api/controller","Test":"TestQueueLeaseName"}
{"Time":"2026-09-10T08:24:13.9621405-04:00","Action":"output","Package":"github.com/QuantumNous/new-api/controller","Test":"TestQueueLeaseName","Output":"=== RUN   TestQueueLeaseName\n"}
{"Time":"2026-09-10T08:24:13.9621405-04:00","Action":"output","Package":"github.com/QuantumNous/new-api/controller","Test":"TestQueueLeaseName","Output":"--- PASS: TestQueueLeaseName (0.00s)\n"}
{"Time":"2026-09-10T08:24:13.9621405-04:00","Action":"pass","Package":"github.com/QuantumNous/new-api/controller","Test":"TestQueueLeaseName","Elapsed":0}
{"Time":"2026-09-10T08:24:13.9621405-04:00","Action":"run","Package":"github.com/QuantumNous/new-api/controller","Test":"TestQueueWarmupResultAggregation"}
{"Time":"2026-09-10T08:24:13.9621405-04:00","Action":"output","Package":"github.com/QuantumNous/new-api/controller","Test":"TestQueueWarmupResultAggregation","Output":"=== RUN   TestQueueWarmupResultAggregation\n"}
{"Time":"2026-09-10T08:24:13.9621405-04:00","Action":"output","Package":"github.com/QuantumNous/new-api/controller","Test":"TestQueueWarmupResultAggregation","Output":"--- PASS: TestQueueWarmupResultAggregation (0.00s)\n"}
{"Time":"2026-09-10T08:24:13.9621405-04:00","Action":"pass","Package":"github.com/QuantumNous/new-api/controller","Test":"TestQueueWarmupResultAggregation","Elapsed":0}
{"Time":"2026-09-10T08:24:13.9621405-04:00","Action":"run","Package":"github.com/QuantumNous/new-api/controller","Test":"TestShouldUseCodexCompatibilityProfileForQueueWarmup"}
{"Time":"2026-09-10T08:24:13.9621405-04:00","Action":"output","Package":"github.com/QuantumNous/new-api/controller","Test":"TestShouldUseCodexCompatibilityProfileForQueueWarmup","Output":"=== RUN   TestShouldUseCodexCompatibilityProfileForQueueWarmup\n"}
{"Time":"2026-09-10T08:24:13.9621405-04:00","Action":"run","Package":"github.com/QuantumNous/new-api/controller","Test":"TestShouldUseCodexCompatibilityProfileForQueueWarmup/Codex_compatibility"}
{"Time":"2026-09-10T08:24:13.9621405-04:00","Action":"output","Package":"github.com/QuantumNous/new-api/controller","Test":"TestShouldUseCodexCompatibilityProfileForQueueWarmup/Codex_compatibility","Output":"=== RUN   TestShouldUseCodexCompatibilityProfileForQueueWarmup/Codex_compatibility\n"}
{"Time":"2026-09-10T08:24:13.9621405-04:00","Action":"output","Package":"github.com/QuantumNous/new-api/controller","Test":"TestShouldUseCodexCompatibilityProfileForQueueWarmup/Codex_compatibility","Output":"--- PASS: TestShouldUseCodexCompatibilityProfileForQueueWarmup/Codex_compatibility (0.00s)\n"}
{"Time":"2026-09-10T08:24:13.9621405-04:00","Action":"pass","Package":"github.com/QuantumNous/new-api/controller","Test":"TestShouldUseCodexCompatibilityProfileForQueueWarmup/Codex_compatibility","Elapsed":0}
{"Time":"2026-09-10T08:24:13.9621405-04:00","Action":"run","Package":"github.com/QuantumNous/new-api/controller","Test":"TestShouldUseCodexCompatibilityProfileForQueueWarmup/legacy_Codex"}
{"Time":"2026-09-10T08:24:13.9621405-04:00","Action":"output","Package":"github.com/QuantumNous/new-api/controller","Test":"TestShouldUseCodexCompatibilityProfileForQueueWarmup/legacy_Codex","Output":"=== RUN   TestShouldUseCodexCompatibilityProfileForQueueWarmup/legacy_Codex\n"}
{"Time":"2026-09-10T08:24:13.9621405-04:00","Action":"output","Package":"github.com/QuantumNous/new-api/controller","Test":"TestShouldUseCodexCompatibilityProfileForQueueWarmup/legacy_Codex","Output":"--- PASS: TestShouldUseCodexCompatibilityProfileForQueueWarmup/legacy_Codex (0.00s)\n"}
{"Time":"2026-09-10T08:24:13.9621405-04:00","Action":"pass","Package":"github.com/QuantumNous/new-api/controller","Test":"TestShouldUseCodexCompatibilityProfileForQueueWarmup/legacy_Codex","Elapsed":0}
{"Time":"2026-09-10T08:24:13.9621405-04:00","Action":"run","Package":"github.com/QuantumNous/new-api/controller","Test":"TestShouldUseCodexCompatibilityProfileForQueueWarmup/non_Codex_channel"}
{"Time":"2026-09-10T08:24:13.9621405-04:00","Action":"output","Package":"github.com/QuantumNous/new-api/controller","Test":"TestShouldUseCodexCompatibilityProfileForQueueWarmup/non_Codex_channel","Output":"=== RUN   TestShouldUseCodexCompatibilityProfileForQueueWarmup/non_Codex_channel\n"}
{"Time":"2026-09-10T08:24:13.9621405-04:00","Action":"output","Package":"github.com/QuantumNous/new-api/controller","Test":"TestShouldUseCodexCompatibilityProfileForQueueWarmup/non_Codex_channel","Output":"--- PASS: TestShouldUseCodexCompatibilityProfileForQueueWarmup/non_Codex_channel (0.00s)\n"}
{"Time":"2026-09-10T08:24:13.9621405-04:00","Action":"pass","Package":"github.com/QuantumNous/new-api/controller","Test":"TestShouldUseCodexCompatibilityProfileForQueueWarmup/non_Codex_channel","Elapsed":0}
{"Time":"2026-09-10T08:24:13.9621405-04:00","Action":"run","Package":"github.com/QuantumNous/new-api/controller","Test":"TestShouldUseCodexCompatibilityProfileForQueueWarmup/nil_channel"}
{"Time":"2026-09-10T08:24:13.9621405-04:00","Action":"output","Package":"github.com/QuantumNous/new-api/controller","Test":"TestShouldUseCodexCompatibilityProfileForQueueWarmup/nil_channel","Output":"=== RUN   TestShouldUseCodexCompatibilityProfileForQueueWarmup/nil_channel\n"}
{"Time":"2026-09-10T08:24:13.9621405-04:00","Action":"output","Package":"github.com/QuantumNous/new-api/controller","Test":"TestShouldUseCodexCompatibilityProfileForQueueWarmup/nil_channel","Output":"--- PASS: TestShouldUseCodexCompatibilityProfileForQueueWarmup/nil_channel (0.00s)\n"}
{"Time":"2026-09-10T08:24:13.9621405-04:00","Action":"pass","Package":"github.com/QuantumNous/new-api/controller","Test":"TestShouldUseCodexCompatibilityProfileForQueueWarmup/nil_channel","Elapsed":0}
{"Time":"2026-09-10T08:24:13.9621405-04:00","Action":"output","Package":"github.com/QuantumNous/new-api/controller","Test":"TestShouldUseCodexCompatibilityProfileForQueueWarmup","Output":"--- PASS: TestShouldUseCodexCompatibilityProfileForQueueWarmup (0.00s)\n"}
{"Time":"2026-09-10T08:24:13.9621405-04:00","Action":"pass","Package":"github.com/QuantumNous/new-api/controller","Test":"TestShouldUseCodexCompatibilityProfileForQueueWarmup","Elapsed":0}
{"Time":"2026-09-10T08:24:13.9621405-04:00","Action":"run","Package":"github.com/QuantumNous/new-api/controller","Test":"TestApplyTestRequestMaxTokens"}
{"Time":"2026-09-10T08:24:13.9621405-04:00","Action":"output","Package":"github.com/QuantumNous/new-api/controller","Test":"TestApplyTestRequestMaxTokens","Output":"=== RUN   TestApplyTestRequestMaxTokens\n"}
{"Time":"2026-09-10T08:24:13.9621405-04:00","Action":"run","Package":"github.com/QuantumNous/new-api/controller","Test":"TestApplyTestRequestMaxTokens/general_request_capped"}
{"Time":"2026-09-10T08:24:13.9621405-04:00","Action":"output","Package":"github.com/QuantumNous/new-api/controller","Test":"TestApplyTestRequestMaxTokens/general_request_capped","Output":"=== RUN   TestApplyTestRequestMaxTokens/general_request_capped\n"}
{"Time":"2026-09-10T08:24:13.9621405-04:00","Action":"output","Package":"github.com/QuantumNous/new-api/controller","Test":"TestApplyTestRequestMaxTokens/general_request_capped","Output":"--- PASS: TestApplyTestRequestMaxTokens/general_request_capped (0.00s)\n"}
{"Time":"2026-09-10T08:24:13.9621405-04:00","Action":"pass","Package":"github.com/QuantumNous/new-api/controller","Test":"TestApplyTestRequestMaxTokens/general_request_capped","Elapsed":0}
{"Time":"2026-09-10T08:24:13.9621405-04:00","Action":"run","Package":"github.com/QuantumNous/new-api/controller","Test":"TestApplyTestRequestMaxTokens/general_request_nil_stays_capped"}
{"Time":"2026-09-10T08:24:13.9621405-04:00","Action":"output","Package":"github.com/QuantumNous/new-api/controller","Test":"TestApplyTestRequestMaxTokens/general_request_nil_stays_capped","Output":"=== RUN   TestApplyTestRequestMaxTokens/general_request_nil_stays_capped\n"}
{"Time":"2026-09-10T08:24:13.9621405-04:00","Action":"output","Package":"github.com/QuantumNous/new-api/controller","Test":"TestApplyTestRequestMaxTokens/general_request_nil_stays_capped","Output":"--- PASS: TestApplyTestRequestMaxTokens/general_request_nil_stays_capped (0.00s)\n"}
{"Time":"2026-09-10T08:24:13.9621405-04:00","Action":"pass","Package":"github.com/QuantumNous/new-api/controller","Test":"TestApplyTestRequestMaxTokens/general_request_nil_stays_capped","Elapsed":0}
{"Time":"2026-09-10T08:24:13.9621405-04:00","Action":"run","Package":"github.com/QuantumNous/new-api/controller","Test":"TestApplyTestRequestMaxTokens/general_request_already_small_stays"}
{"Time":"2026-09-10T08:24:13.9621405-04:00","Action":"output","Package":"github.com/QuantumNous/new-api/controller","Test":"TestApplyTestRequestMaxTokens/general_request_already_small_stays","Output":"=== RUN   TestApplyTestRequestMaxTokens/general_request_already_small_stays\n"}
{"Time":"2026-09-10T08:24:13.9621405-04:00","Action":"output","Package":"github.com/QuantumNous/new-api/controller","Test":"TestApplyTestRequestMaxTokens/general_request_already_small_stays","Output":"--- PASS: TestApplyTestRequestMaxTokens/general_request_already_small_stays (0.00s)\n"}
{"Time":"2026-09-10T08:24:13.9621405-04:00","Action":"pass","Package":"github.com/QuantumNous/new-api/controller","Test":"TestApplyTestRequestMaxTokens/general_request_already_small_stays","Elapsed":0}
{"Time":"2026-09-10T08:24:13.9621405-04:00","Action":"run","Package":"github.com/QuantumNous/new-api/controller","Test":"TestApplyTestRequestMaxTokens/zero_is_a_no-op"}
{"Time":"2026-09-10T08:24:13.9621405-04:00","Action":"output","Package":"github.com/QuantumNous/new-api/controller","Test":"TestApplyTestRequestMaxTokens/zero_is_a_no-op","Output":"=== RUN   TestApplyTestRequestMaxTokens/zero_is_a_no-op\n"}
{"Time":"2026-09-10T08:24:13.9621405-04:00","Action":"output","Package":"github.com/QuantumNous/new-api/controller","Test":"TestApplyTestRequestMaxTokens/zero_is_a_no-op","Output":"--- PASS: TestApplyTestRequestMaxTokens/zero_is_a_no-op (0.00s)\n"}
{"Time":"2026-09-10T08:24:13.9621405-04:00","Action":"pass","Package":"github.com/QuantumNous/new-api/controller","Test":"TestApplyTestRequestMaxTokens/zero_is_a_no-op","Elapsed":0}
{"Time":"2026-09-10T08:24:13.9626589-04:00","Action":"output","Package":"github.com/QuantumNous/new-api/controller","Test":"TestApplyTestRequestMaxTokens","Output":"--- PASS: TestApplyTestRequestMaxTokens (0.00s)\n"}
{"Time":"2026-09-10T08:24:13.9626589-04:00","Action":"pass","Package":"github.com/QuantumNous/new-api/controller","Test":"TestApplyTestRequestMaxTokens","Elapsed":0}
{"Time":"2026-09-10T08:24:13.9626589-04:00","Action":"run","Package":"github.com/QuantumNous/new-api/controller","Test":"TestChannelProbeValidatesProtocolResults"}
{"Time":"2026-09-10T08:24:13.9626589-04:00","Action":"output","Package":"github.com/QuantumNous/new-api/controller","Test":"TestChannelProbeValidatesProtocolResults","Output":"=== RUN   TestChannelProbeValidatesProtocolResults\n"}
{"Time":"2026-09-10T08:24:13.9626589-04:00","Action":"run","Package":"github.com/QuantumNous/new-api/controller","Test":"TestChannelProbeValidatesProtocolResults/chat_text"}
{"Time":"2026-09-10T08:24:13.9626589-04:00","Action":"output","Package":"github.com/QuantumNous/new-api/controller","Test":"TestChannelProbeValidatesProtocolResults/chat_text","Output":"=== RUN   TestChannelProbeValidatesProtocolResults/chat_text\n"}
{"Time":"2026-09-10T08:24:13.9626589-04:00","Action":"output","Package":"github.com/QuantumNous/new-api/controller","Test":"TestChannelProbeValidatesProtocolResults/chat_text","Output":"--- PASS: TestChannelProbeValidatesProtocolResults/chat_text (0.00s)\n"}
{"Time":"2026-09-10T08:24:13.9626589-04:00","Action":"pass","Package":"github.com/QuantumNous/new-api/controller","Test":"TestChannelProbeValidatesProtocolResults/chat_text","Elapsed":0}
{"Time":"2026-09-10T08:24:13.9626589-04:00","Action":"run","Package":"github.com/QuantumNous/new-api/controller","Test":"TestChannelProbeValidatesProtocolResults/chat_empty"}
{"Time":"2026-09-10T08:24:13.9626589-04:00","Action":"output","Package":"github.com/QuantumNous/new-api/controller","Test":"TestChannelProbeValidatesProtocolResults/chat_empty","Output":"=== RUN   TestChannelProbeValidatesProtocolResults/chat_empty\n"}
{"Time":"2026-09-10T08:24:13.9626589-04:00","Action":"output","Package":"github.com/QuantumNous/new-api/controller","Test":"TestChannelProbeValidatesProtocolResults/chat_empty","Output":"--- PASS: TestChannelProbeValidatesProtocolResults/chat_empty (0.00s)\n"}
{"Time":"2026-09-10T08:24:13.9626589-04:00","Action":"pass","Package":"github.com/QuantumNous/new-api/controller","Test":"TestChannelProbeValidatesProtocolResults/chat_empty","Elapsed":0}
{"Time":"2026-09-10T08:24:13.9626589-04:00","Action":"run","Package":"github.com/QuantumNous/new-api/controller","Test":"TestChannelProbeValidatesProtocolResults/empty_body"}
{"Time":"2026-09-10T08:24:13.9626589-04:00","Action":"output","Package":"github.com/QuantumNous/new-api/controller","Test":"TestChannelProbeValidatesProtocolResults/empty_body","Output":"=== RUN   TestChannelProbeValidatesProtocolResults/empty_body\n"}
{"Time":"2026-09-10T08:24:13.9626589-04:00","Action":"output","Package":"github.com/QuantumNous/new-api/controller","Test":"TestChannelProbeValidatesProtocolResults/empty_body","Output":"--- PASS: TestChannelProbeValidatesProtocolResults/empty_body (0.00s)\n"}
{"Time":"2026-09-10T08:24:13.9626589-04:00","Action":"pass","Package":"github.com/QuantumNous/new-api/controller","Test":"TestChannelProbeValidatesProtocolResults/empty_body","Elapsed":0}
{"Time":"2026-09-10T08:24:13.9626589-04:00","Action":"run","Package":"github.com/QuantumNous/new-api/controller","Test":"TestChannelProbeValidatesProtocolResults/malformed_body"}
{"Time":"2026-09-10T08:24:13.9626589-04:00","Action":"output","Package":"github.com/QuantumNous/new-api/controller","Test":"TestChannelProbeValidatesProtocolResults/malformed_body","Output":"=== RUN   TestChannelProbeValidatesProtocolResults/malformed_body\n"}
{"Time":"2026-09-10T08:24:13.9626589-04:00","Action":"output","Package":"github.com/QuantumNous/new-api/controller","Test":"TestChannelProbeValidatesProtocolResults/malformed_body","Output":"--- PASS: TestChannelProbeValidatesProtocolResults/malformed_body (0.00s)\n"}
{"Time":"2026-09-10T08:24:13.9626589-04:00","Action":"pass","Package":"github.com/QuantumNous/new-api/controller","Test":"TestChannelProbeValidatesProtocolResults/malformed_body","Elapsed":0}
{"Time":"2026-09-10T08:24:13.9626589-04:00","Action":"run","Package":"github.com/QuantumNous/new-api/controller","Test":"TestChannelProbeValidatesProtocolResults/error_in_200"}
{"Time":"2026-09-10T08:24:13.9626589-04:00","Action":"output","Package":"github.com/QuantumNous/new-api/controller","Test":"TestChannelProbeValidatesProtocolResults/error_in_200","Output":"=== RUN   TestChannelProbeValidatesProtocolResults/error_in_200\n"}
{"Time":"2026-09-10T08:24:13.9626589-04:00","Action":"output","Package":"github.com/QuantumNous/new-api/controller","Test":"TestChannelProbeValidatesProtocolResults/error_in_200","Output":"--- PASS: TestChannelProbeValidatesProtocolResults/error_in_200 (0.00s)\n"}
{"Time":"2026-09-10T08:24:13.9626589-04:00","Action":"pass","Package":"github.com/QuantumNous/new-api/controller","Test":"TestChannelProbeValidatesProtocolResults/error_in_200","Elapsed":0}
{"Time":"2026-09-10T08:24:13.9626589-04:00","Action":"run","Package":"github.com/QuantumNous/new-api/controller","Test":"TestChannelProbeValidatesProtocolResults/output_limit"}
{"Time":"2026-09-10T08:24:13.9626589-04:00","Action":"output","Package":"github.com/QuantumNous/new-api/controller","Test":"TestChannelProbeValidatesProtocolResults/output_limit","Output":"=== RUN   TestChannelProbeValidatesProtocolResults/output_limit\n"}
{"Time":"2026-09-10T08:24:13.9626589-04:00","Action":"output","Package":"github.com/QuantumNous/new-api/controller","Test":"TestChannelProbeValidatesProtocolResults/output_limit","Output":"--- PASS: TestChannelProbeValidatesProtocolResults/output_limit (0.00s)\n"}
{"Time":"2026-09-10T08:24:13.9626589-04:00","Action":"pass","Package":"github.com/QuantumNous/new-api/controller","Test":"TestChannelProbeValidatesProtocolResults/output_limit","Elapsed":0}
{"Time":"2026-09-10T08:24:13.9626589-04:00","Action":"run","Package":"github.com/QuantumNous/new-api/controller","Test":"TestChannelProbeValidatesProtocolResults/chat_stream"}
{"Time":"2026-09-10T08:24:13.9626589-04:00","Action":"output","Package":"github.com/QuantumNous/new-api/controller","Test":"TestChannelProbeValidatesProtocolResults/chat_stream","Output":"=== RUN   TestChannelProbeValidatesProtocolResults/chat_stream\n"}
{"Time":"2026-09-10T08:24:13.9626589-04:00","Action":"output","Package":"github.com/QuantumNous/new-api/controller","Test":"TestChannelProbeValidatesProtocolResults/chat_stream","Output":"--- PASS: TestChannelProbeValidatesProtocolResults/chat_stream (0.00s)\n"}
{"Time":"2026-09-10T08:24:13.9626589-04:00","Action":"pass","Package":"github.com/QuantumNous/new-api/controller","Test":"TestChannelProbeValidatesProtocolResults/chat_stream","Elapsed":0}
{"Time":"2026-09-10T08:24:13.9626589-04:00","Action":"run","Package":"github.com/QuantumNous/new-api/controller","Test":"TestChannelProbeValidatesProtocolResults/stream_missing_completion"}
{"Time":"2026-09-10T08:24:13.9626589-04:00","Action":"output","Package":"github.com/QuantumNous/new-api/controller","Test":"TestChannelProbeValidatesProtocolResults/stream_missing_completion","Output":"=== RUN   TestChannelProbeValidatesProtocolResults/stream_missing_completion\n"}
{"Time":"2026-09-10T08:24:13.9626589-04:00","Action":"output","Package":"github.com/QuantumNous/new-api/controller","Test":"TestChannelProbeValidatesProtocolResults/stream_missing_completion","Output":"--- PASS: TestChannelProbeValidatesProtocolResults/stream_missing_completion (0.00s)\n"}
{"Time":"2026-09-10T08:24:13.9626589-04:00","Action":"pass","Package":"github.com/QuantumNous/new-api/controller","Test":"TestChannelProbeValidatesProtocolResults/stream_missing_completion","Elapsed":0}
{"Time":"2026-09-10T08:24:13.9626589-04:00","Action":"run","Package":"github.com/QuantumNous/new-api/controller","Test":"TestChannelProbeValidatesProtocolResults/done_alone"}
{"Time":"2026-09-10T08:24:13.9626589-04:00","Action":"output","Package":"github.com/QuantumNous/new-api/controller","Test":"TestChannelProbeValidatesProtocolResults/done_alone","Output":"=== RUN   TestChannelProbeValidatesProtocolResults/done_alone\n"}
{"Time":"2026-09-10T08:24:13.9626589-04:00","Action":"output","Package":"github.com/QuantumNous/new-api/controller","Test":"TestChannelProbeValidatesProtocolResults/done_alone","Output":"--- PASS: TestChannelProbeValidatesProtocolResults/done_alone (0.00s)\n"}
{"Time":"2026-09-10T08:24:13.9626589-04:00","Action":"pass","Package":"github.com/QuantumNous/new-api/controller","Test":"TestChannelProbeValidatesProtocolResults/done_alone","Elapsed":0}
{"Time":"2026-09-10T08:24:13.9626589-04:00","Action":"run","Package":"github.com/QuantumNous/new-api/controller","Test":"TestChannelProbeValidatesProtocolResults/keepalive_alone"}
{"Time":"2026-09-10T08:24:13.9626589-04:00","Action":"output","Package":"github.com/QuantumNous/new-api/controller","Test":"TestChannelProbeValidatesProtocolResults/keepalive_alone","Output":"=== RUN   TestChannelProbeValidatesProtocolResults/keepalive_alone\n"}
{"Time":"2026-09-10T08:24:13.9626589-04:00","Action":"output","Package":"github.com/QuantumNous/new-api/controller","Test":"TestChannelProbeValidatesProtocolResults/keepalive_alone","Output":"--- PASS: TestChannelProbeValidatesProtocolResults/keepalive_alone (0.00s)\n"}
{"Time":"2026-09-10T08:24:13.9626589-04:00","Action":"pass","Package":"github.com/QuantumNous/new-api/controller","Test":"TestChannelProbeValidatesProtocolResults/keepalive_alone","Elapsed":0}
{"Time":"2026-09-10T08:24:13.9626589-04:00","Action":"run","Package":"github.com/QuantumNous/new-api/controller","Test":"TestChannelProbeValidatesProtocolResults/JSON_instead_of_SSE"}
{"Time":"2026-09-10T08:24:13.9626589-04:00","Action":"output","Package":"github.com/QuantumNous/new-api/controller","Test":"TestChannelProbeValidatesProtocolResults/JSON_instead_of_SSE","Output":"=== RUN   TestChannelProbeValidatesProtocolResults/JSON_instead_of_SSE\n"}
{"Time":"2026-09-10T08:24:13.9626589-04:00","Action":"output","Package":"github.com/QuantumNous/new-api/controller","Test":"TestChannelProbeValidatesProtocolResults/JSON_instead_of_SSE","Output":"--- PASS: TestChannelProbeValidatesProtocolResults/JSON_instead_of_SSE (0.00s)\n"}
{"Time":"2026-09-10T08:24:13.9626589-04:00","Action":"pass","Package":"github.com/QuantumNous/new-api/controller","Test":"TestChannelProbeValidatesProtocolResults/JSON_instead_of_SSE","Elapsed":0}
{"Time":"2026-09-10T08:24:13.9626589-04:00","Action":"run","Package":"github.com/QuantumNous/new-api/controller","Test":"TestChannelProbeValidatesProtocolResults/responses_text"}
{"Time":"2026-09-10T08:24:13.9626589-04:00","Action":"output","Package":"github.com/QuantumNous/new-api/controller","Test":"TestChannelProbeValidatesProtocolResults/responses_text","Output":"=== RUN   TestChannelProbeValidatesProtocolResults/responses_text\n"}
{"Time":"2026-09-10T08:24:13.9626589-04:00","Action":"output","Package":"github.com/QuantumNous/new-api/controller","Test":"TestChannelProbeValidatesProtocolResults/responses_text","Output":"--- PASS: TestChannelProbeValidatesProtocolResults/responses_text (0.00s)\n"}
{"Time":"2026-09-10T08:24:13.9626589-04:00","Action":"pass","Package":"github.com/QuantumNous/new-api/controller","Test":"TestChannelProbeValidatesProtocolResults/responses_text","Elapsed":0}
{"Time":"2026-09-10T08:24:13.9626589-04:00","Action":"run","Package":"github.com/QuantumNous/new-api/controller","Test":"TestChannelProbeValidatesProtocolResults/responses_stream"}
{"Time":"2026-09-10T08:24:13.9626589-04:00","Action":"output","Package":"github.com/QuantumNous/new-api/controller","Test":"TestChannelProbeValidatesProtocolResults/responses_stream","Output":"=== RUN   TestChannelProbeValidatesProtocolResults/responses_stream\n"}
{"Time":"2026-09-10T08:24:13.9626589-04:00","Action":"output","Package":"github.com/QuantumNous/new-api/controller","Test":"TestChannelProbeValidatesProtocolResults/responses_stream","Output":"--- PASS: TestChannelProbeValidatesProtocolResults/responses_stream (0.00s)\n"}
{"Time":"2026-09-10T08:24:13.9626589-04:00","Action":"pass","Package":"github.com/QuantumNous/new-api/controller","Test":"TestChannelProbeValidatesProtocolResults/responses_stream","Elapsed":0}
{"Time":"2026-09-10T08:24:13.9626589-04:00","Action":"run","Package":"github.com/QuantumNous/new-api/controller","Test":"TestChannelProbeValidatesProtocolResults/responses_interrupted"}
{"Time":"2026-09-10T08:24:13.9626589-04:00","Action":"output","Package":"github.com/QuantumNous/new-api/controller","Test":"TestChannelProbeValidatesProtocolResults/responses_interrupted","Output":"=== RUN   TestChannelProbeValidatesProtocolResults/responses_interrupted\n"}
{"Time":"2026-09-10T08:24:13.9626589-04:00","Action":"output","Package":"github.com/QuantumNous/new-api/controller","Test":"TestChannelProbeValidatesProtocolResults/responses_interrupted","Output":"--- PASS: TestChannelProbeValidatesProtocolResults/responses_interrupted (0.00s)\n"}
{"Time":"2026-09-10T08:24:13.9626589-04:00","Action":"pass","Package":"github.com/QuantumNous/new-api/controller","Test":"TestChannelProbeValidatesProtocolResults/responses_interrupted","Elapsed":0}
{"Time":"2026-09-10T08:24:13.9626589-04:00","Action":"run","Package":"github.com/QuantumNous/new-api/controller","Test":"TestChannelProbeValidatesProtocolResults/Claude_text"}
{"Time":"2026-09-10T08:24:13.9626589-04:00","Action":"output","Package":"github.com/QuantumNous/new-api/controller","Test":"TestChannelProbeValidatesProtocolResults/Claude_text","Output":"=== RUN   TestChannelProbeValidatesProtocolResults/Claude_text\n"}
{"Time":"2026-09-10T08:24:13.9626589-04:00","Action":"output","Package":"github.com/QuantumNous/new-api/controller","Test":"TestChannelProbeValidatesProtocolResults/Claude_text","Output":"--- PASS: TestChannelProbeValidatesProtocolResults/Claude_text (0.00s)\n"}
{"Time":"2026-09-10T08:24:13.9626589-04:00","Action":"pass","Package":"github.com/QuantumNous/new-api/controller","Test":"TestChannelProbeValidatesProtocolResults/Claude_text","Elapsed":0}
{"Time":"2026-09-10T08:24:13.9626589-04:00","Action":"run","Package":"github.com/QuantumNous/new-api/controller","Test":"TestChannelProbeValidatesProtocolResults/Claude_stream"}
{"Time":"2026-09-10T08:24:13.9626589-04:00","Action":"output","Package":"github.com/QuantumNous/new-api/controller","Test":"TestChannelProbeValidatesProtocolResults/Claude_stream","Output":"=== RUN   TestChannelProbeValidatesProtocolResults/Claude_stream\n"}
{"Time":"2026-09-10T08:24:13.9626589-04:00","Action":"output","Package":"github.com/QuantumNous/new-api/controller","Test":"TestChannelProbeValidatesProtocolResults/Claude_stream","Output":"--- PASS: TestChannelProbeValidatesProtocolResults/Claude_stream (0.00s)\n"}
{"Time":"2026-09-10T08:24:13.9626589-04:00","Action":"pass","Package":"github.com/QuantumNous/new-api/controller","Test":"TestChannelProbeValidatesProtocolResults/Claude_stream","Elapsed":0}
{"Time":"2026-09-10T08:24:13.9626589-04:00","Action":"run","Package":"github.com/QuantumNous/new-api/controller","Test":"TestChannelProbeValidatesProtocolResults/Gemini_text"}
{"Time":"2026-09-10T08:24:13.9626589-04:00","Action":"output","Package":"github.com/QuantumNous/new-api/controller","Test":"TestChannelProbeValidatesProtocolResults/Gemini_text","Output":"=== RUN   TestChannelProbeValidatesProtocolResults/Gemini_text\n"}
{"Time":"2026-09-10T08:24:13.9626589-04:00","Action":"output","Package":"github.com/QuantumNous/new-api/controller","Test":"TestChannelProbeValidatesProtocolResults/Gemini_text","Output":"--- PASS: TestChannelProbeValidatesProtocolResults/Gemini_text (0.00s)\n"}
{"Time":"2026-09-10T08:24:13.9626589-04:00","Action":"pass","Package":"github.com/QuantumNous/new-api/controller","Test":"TestChannelProbeValidatesProtocolResults/Gemini_text","Elapsed":0}
{"Time":"2026-09-10T08:24:13.9626589-04:00","Action":"run","Package":"github.com/QuantumNous/new-api/controller","Test":"TestChannelProbeValidatesProtocolResults/Gemini_stream"}
{"Time":"2026-09-10T08:24:13.9626589-04:00","Action":"output","Package":"github.com/QuantumNous/new-api/controller","Test":"TestChannelProbeValidatesProtocolResults/Gemini_stream","Output":"=== RUN   TestChannelProbeValidatesProtocolResults/Gemini_stream\n"}
{"Time":"2026-09-10T08:24:13.9626589-04:00","Action":"output","Package":"github.com/QuantumNous/new-api/controller","Test":"TestChannelProbeValidatesProtocolResults/Gemini_stream","Output":"--- PASS: TestChannelProbeValidatesProtocolResults/Gemini_stream (0.00s)\n"}
{"Time":"2026-09-10T08:24:13.9626589-04:00","Action":"pass","Package":"github.com/QuantumNous/new-api/controller","Test":"TestChannelProbeValidatesProtocolResults/Gemini_stream","Elapsed":0}
{"Time":"2026-09-10T08:24:13.9626589-04:00","Action":"run","Package":"github.com/QuantumNous/new-api/controller","Test":"TestChannelProbeValidatesProtocolResults/image_JSON"}
{"Time":"2026-09-10T08:24:13.9626589-04:00","Action":"output","Package":"github.com/QuantumNous/new-api/controller","Test":"TestChannelProbeValidatesProtocolResults/image_JSON","Output":"=== RUN   TestChannelProbeValidatesProtocolResults/image_JSON\n"}
{"Time":"2026-09-10T08:24:13.9626589-04:00","Action":"output","Package":"github.com/QuantumNous/new-api/controller","Test":"TestChannelProbeValidatesProtocolResults/image_JSON","Output":"--- PASS: TestChannelProbeValidatesProtocolResults/image_JSON (0.00s)\n"}
{"Time":"2026-09-10T08:24:13.9626589-04:00","Action":"pass","Package":"github.com/QuantumNous/new-api/controller","Test":"TestChannelProbeValidatesProtocolResults/image_JSON","Elapsed":0}
{"Time":"2026-09-10T08:24:13.9626589-04:00","Action":"run","Package":"github.com/QuantumNous/new-api/controller","Test":"TestChannelProbeValidatesProtocolResults/image_empty"}
{"Time":"2026-09-10T08:24:13.9626589-04:00","Action":"output","Package":"github.com/QuantumNous/new-api/controller","Test":"TestChannelProbeValidatesProtocolResults/image_empty","Output":"=== RUN   TestChannelProbeValidatesProtocolResults/image_empty\n"}
{"Time":"2026-09-10T08:24:13.9626589-04:00","Action":"output","Package":"github.com/QuantumNous/new-api/controller","Test":"TestChannelProbeValidatesProtocolResults/image_empty","Output":"--- PASS: TestChannelProbeValidatesProtocolResults/image_empty (0.00s)\n"}
{"Time":"2026-09-10T08:24:13.9626589-04:00","Action":"pass","Package":"github.com/QuantumNous/new-api/controller","Test":"TestChannelProbeValidatesProtocolResults/image_empty","Elapsed":0}
{"Time":"2026-09-10T08:24:13.9626589-04:00","Action":"run","Package":"github.com/QuantumNous/new-api/controller","Test":"TestChannelProbeValidatesProtocolResults/invalid_image_base64"}
{"Time":"2026-09-10T08:24:13.9626589-04:00","Action":"output","Package":"github.com/QuantumNous/new-api/controller","Test":"TestChannelProbeValidatesProtocolResults/invalid_image_base64","Output":"=== RUN   TestChannelProbeValidatesProtocolResults/invalid_image_base64\n"}
{"Time":"2026-09-10T08:24:13.9626589-04:00","Action":"output","Package":"github.com/QuantumNous/new-api/controller","Test":"TestChannelProbeValidatesProtocolResults/invalid_image_base64","Output":"--- PASS: TestChannelProbeValidatesProtocolResults/invalid_image_base64 (0.00s)\n"}
{"Time":"2026-09-10T08:24:13.9626589-04:00","Action":"pass","Package":"github.com/QuantumNous/new-api/controller","Test":"TestChannelProbeValidatesProtocolResults/invalid_image_base64","Elapsed":0}
{"Time":"2026-09-10T08:24:13.9626589-04:00","Action":"run","Package":"github.com/QuantumNous/new-api/controller","Test":"TestChannelProbeValidatesProtocolResults/responses_not_complete"}
{"Time":"2026-09-10T08:24:13.9626589-04:00","Action":"output","Package":"github.com/QuantumNous/new-api/controller","Test":"TestChannelProbeValidatesProtocolResults/responses_not_complete","Output":"=== RUN   TestChannelProbeValidatesProtocolResults/responses_not_complete\n"}
{"Time":"2026-09-10T08:24:13.9626589-04:00","Action":"output","Package":"github.com/QuantumNous/new-api/controller","Test":"TestChannelProbeValidatesProtocolResults/responses_not_complete","Output":"--- PASS: TestChannelProbeValidatesProtocolResults/responses_not_complete (0.00s)\n"}
{"Time":"2026-09-10T08:24:13.9626589-04:00","Action":"pass","Package":"github.com/QuantumNous/new-api/controller","Test":"TestChannelProbeValidatesProtocolResults/responses_not_complete","Elapsed":0}
{"Time":"2026-09-10T08:24:13.9631825-04:00","Action":"run","Package":"github.com/QuantumNous/new-api/controller","Test":"TestChannelProbeValidatesProtocolResults/late_error_event_without_data"}
{"Time":"2026-09-10T08:24:13.9631825-04:00","Action":"output","Package":"github.com/QuantumNous/new-api/controller","Test":"TestChannelProbeValidatesProtocolResults/late_error_event_without_data","Output":"=== RUN   TestChannelProbeValidatesProtocolResults/late_error_event_without_data\n"}
{"Time":"2026-09-10T08:24:13.9631825-04:00","Action":"output","Package":"github.com/QuantumNous/new-api/controller","Test":"TestChannelProbeValidatesProtocolResults/late_error_event_without_data","Output":"--- PASS: TestChannelProbeValidatesProtocolResults/late_error_event_without_data (0.00s)\n"}
{"Time":"2026-09-10T08:24:13.9631825-04:00","Action":"pass","Package":"github.com/QuantumNous/new-api/controller","Test":"TestChannelProbeValidatesProtocolResults/late_error_event_without_data","Elapsed":0}
{"Time":"2026-09-10T08:24:13.9631825-04:00","Action":"run","Package":"github.com/QuantumNous/new-api/controller","Test":"TestChannelProbeValidatesProtocolResults/image_completed"}
{"Time":"2026-09-10T08:24:13.9631825-04:00","Action":"output","Package":"github.com/QuantumNous/new-api/controller","Test":"TestChannelProbeValidatesProtocolResults/image_completed","Output":"=== RUN   TestChannelProbeValidatesProtocolResults/image_completed\n"}
{"Time":"2026-09-10T08:24:13.9631825-04:00","Action":"output","Package":"github.com/QuantumNous/new-api/controller","Test":"TestChannelProbeValidatesProtocolResults/image_completed","Output":"--- PASS: TestChannelProbeValidatesProtocolResults/image_completed (0.00s)\n"}
{"Time":"2026-09-10T08:24:13.9631825-04:00","Action":"pass","Package":"github.com/QuantumNous/new-api/controller","Test":"TestChannelProbeValidatesProtocolResults/image_completed","Elapsed":0}
{"Time":"2026-09-10T08:24:13.9631825-04:00","Action":"run","Package":"github.com/QuantumNous/new-api/controller","Test":"TestChannelProbeValidatesProtocolResults/image_compatibility"}
{"Time":"2026-09-10T08:24:13.9631825-04:00","Action":"output","Package":"github.com/QuantumNous/new-api/controller","Test":"TestChannelProbeValidatesProtocolResults/image_compatibility","Output":"=== RUN   TestChannelProbeValidatesProtocolResults/image_compatibility\n"}
{"Time":"2026-09-10T08:24:13.9631825-04:00","Action":"output","Package":"github.com/QuantumNous/new-api/controller","Test":"TestChannelProbeValidatesProtocolResults/image_compatibility","Output":"--- PASS: TestChannelProbeValidatesProtocolResults/image_compatibility (0.00s)\n"}
{"Time":"2026-09-10T08:24:13.9631825-04:00","Action":"pass","Package":"github.com/QuantumNous/new-api/controller","Test":"TestChannelProbeValidatesProtocolResults/image_compatibility","Elapsed":0}
{"Time":"2026-09-10T08:24:13.9631825-04:00","Action":"run","Package":"github.com/QuantumNous/new-api/controller","Test":"TestChannelProbeValidatesProtocolResults/image_partial_only"}
{"Time":"2026-09-10T08:24:13.9631825-04:00","Action":"output","Package":"github.com/QuantumNous/new-api/controller","Test":"TestChannelProbeValidatesProtocolResults/image_partial_only","Output":"=== RUN   TestChannelProbeValidatesProtocolResults/image_partial_only\n"}
{"Time":"2026-09-10T08:24:13.9631825-04:00","Action":"output","Package":"github.com/QuantumNous/new-api/controller","Test":"TestChannelProbeValidatesProtocolResults/image_partial_only","Output":"--- PASS: TestChannelProbeValidatesProtocolResults/image_partial_only (0.00s)\n"}
{"Time":"2026-09-10T08:24:13.9631825-04:00","Action":"pass","Package":"github.com/QuantumNous/new-api/controller","Test":"TestChannelProbeValidatesProtocolResults/image_partial_only","Elapsed":0}
{"Time":"2026-09-10T08:24:13.9631825-04:00","Action":"run","Package":"github.com/QuantumNous/new-api/controller","Test":"TestChannelProbeValidatesProtocolResults/embedding_result"}
{"Time":"2026-09-10T08:24:13.9631825-04:00","Action":"output","Package":"github.com/QuantumNous/new-api/controller","Test":"TestChannelProbeValidatesProtocolResults/embedding_result","Output":"=== RUN   TestChannelProbeValidatesProtocolResults/embedding_result\n"}
{"Time":"2026-09-10T08:24:13.9631825-04:00","Action":"output","Package":"github.com/QuantumNous/new-api/controller","Test":"TestChannelProbeValidatesProtocolResults/embedding_result","Output":"--- PASS: TestChannelProbeValidatesProtocolResults/embedding_result (0.00s)\n"}
{"Time":"2026-09-10T08:24:13.9631825-04:00","Action":"pass","Package":"github.com/QuantumNous/new-api/controller","Test":"TestChannelProbeValidatesProtocolResults/embedding_result","Elapsed":0}
{"Time":"2026-09-10T08:24:13.9631825-04:00","Action":"run","Package":"github.com/QuantumNous/new-api/controller","Test":"TestChannelProbeValidatesProtocolResults/rerank_result"}
{"Time":"2026-09-10T08:24:13.9631825-04:00","Action":"output","Package":"github.com/QuantumNous/new-api/controller","Test":"TestChannelProbeValidatesProtocolResults/rerank_result","Output":"=== RUN   TestChannelProbeValidatesProtocolResults/rerank_result\n"}
{"Time":"2026-09-10T08:24:13.9631825-04:00","Action":"output","Package":"github.com/QuantumNous/new-api/controller","Test":"TestChannelProbeValidatesProtocolResults/rerank_result","Output":"--- PASS: TestChannelProbeValidatesProtocolResults/rerank_result (0.00s)\n"}
{"Time":"2026-09-10T08:24:13.9631825-04:00","Action":"pass","Package":"github.com/QuantumNous/new-api/controller","Test":"TestChannelProbeValidatesProtocolResults/rerank_result","Elapsed":0}
{"Time":"2026-09-10T08:24:13.9631825-04:00","Action":"run","Package":"github.com/QuantumNous/new-api/controller","Test":"TestChannelProbeValidatesProtocolResults/compaction_result"}
{"Time":"2026-09-10T08:24:13.9631825-04:00","Action":"output","Package":"github.com/QuantumNous/new-api/controller","Test":"TestChannelProbeValidatesProtocolResults/compaction_result","Output":"=== RUN   TestChannelProbeValidatesProtocolResults/compaction_result\n"}
{"Time":"2026-09-10T08:24:13.9631825-04:00","Action":"output","Package":"github.com/QuantumNous/new-api/controller","Test":"TestChannelProbeValidatesProtocolResults/compaction_result","Output":"--- PASS: TestChannelProbeValidatesProtocolResults/compaction_result (0.00s)\n"}
{"Time":"2026-09-10T08:24:13.9631825-04:00","Action":"pass","Package":"github.com/QuantumNous/new-api/controller","Test":"TestChannelProbeValidatesProtocolResults/compaction_result","Elapsed":0}
{"Time":"2026-09-10T08:24:13.9631825-04:00","Action":"run","Package":"github.com/QuantumNous/new-api/controller","Test":"TestChannelProbeValidatesProtocolResults/tool_not_triggered"}
{"Time":"2026-09-10T08:24:13.9631825-04:00","Action":"output","Package":"github.com/QuantumNous/new-api/controller","Test":"TestChannelProbeValidatesProtocolResults/tool_not_triggered","Output":"=== RUN   TestChannelProbeValidatesProtocolResults/tool_not_triggered\n"}
{"Time":"2026-09-10T08:24:13.9631825-04:00","Action":"output","Package":"github.com/QuantumNous/new-api/controller","Test":"TestChannelProbeValidatesProtocolResults/tool_not_triggered","Output":"--- PASS: TestChannelProbeValidatesProtocolResults/tool_not_triggered (0.00s)\n"}
{"Time":"2026-09-10T08:24:13.9631825-04:00","Action":"pass","Package":"github.com/QuantumNous/new-api/controller","Test":"TestChannelProbeValidatesProtocolResults/tool_not_triggered","Elapsed":0}
{"Time":"2026-09-10T08:24:13.9631825-04:00","Action":"run","Package":"github.com/QuantumNous/new-api/controller","Test":"TestChannelProbeValidatesProtocolResults/tool_arguments_invalid"}
{"Time":"2026-09-10T08:24:13.9631825-04:00","Action":"output","Package":"github.com/QuantumNous/new-api/controller","Test":"TestChannelProbeValidatesProtocolResults/tool_arguments_invalid","Output":"=== RUN   TestChannelProbeValidatesProtocolResults/tool_arguments_invalid\n"}
{"Time":"2026-09-10T08:24:13.9631825-04:00","Action":"output","Package":"github.com/QuantumNous/new-api/controller","Test":"TestChannelProbeValidatesProtocolResults/tool_arguments_invalid","Output":"--- PASS: TestChannelProbeValidatesProtocolResults/tool_arguments_invalid (0.00s)\n"}
{"Time":"2026-09-10T08:24:13.9631825-04:00","Action":"pass","Package":"github.com/QuantumNous/new-api/controller","Test":"TestChannelProbeValidatesProtocolResults/tool_arguments_invalid","Elapsed":0}
{"Time":"2026-09-10T08:24:13.9631825-04:00","Action":"run","Package":"github.com/QuantumNous/new-api/controller","Test":"TestChannelProbeValidatesProtocolResults/tool_wrong_name"}
{"Time":"2026-09-10T08:24:13.9631825-04:00","Action":"output","Package":"github.com/QuantumNous/new-api/controller","Test":"TestChannelProbeValidatesProtocolResults/tool_wrong_name","Output":"=== RUN   TestChannelProbeValidatesProtocolResults/tool_wrong_name\n"}
{"Time":"2026-09-10T08:24:13.9631825-04:00","Action":"output","Package":"github.com/QuantumNous/new-api/controller","Test":"TestChannelProbeValidatesProtocolResults/tool_wrong_name","Output":"--- PASS: TestChannelProbeValidatesProtocolResults/tool_wrong_name (0.00s)\n"}
{"Time":"2026-09-10T08:24:13.9631825-04:00","Action":"pass","Package":"github.com/QuantumNous/new-api/controller","Test":"TestChannelProbeValidatesProtocolResults/tool_wrong_name","Elapsed":0}
{"Time":"2026-09-10T08:24:13.9631825-04:00","Action":"output","Package":"github.com/QuantumNous/new-api/controller","Test":"TestChannelProbeValidatesProtocolResults","Output":"--- PASS: TestChannelProbeValidatesProtocolResults (0.00s)\n"}
{"Time":"2026-09-10T08:24:13.9631825-04:00","Action":"pass","Package":"github.com/QuantumNous/new-api/controller","Test":"TestChannelProbeValidatesProtocolResults","Elapsed":0}
{"Time":"2026-09-10T08:24:13.9631825-04:00","Action":"run","Package":"github.com/QuantumNous/new-api/controller","Test":"TestChannelProbeMergesToolArgumentsAcrossProtocols"}
{"Time":"2026-09-10T08:24:13.9631825-04:00","Action":"output","Package":"github.com/QuantumNous/new-api/controller","Test":"TestChannelProbeMergesToolArgumentsAcrossProtocols","Output":"=== RUN   TestChannelProbeMergesToolArgumentsAcrossProtocols\n"}
{"Time":"2026-09-10T08:24:13.9631825-04:00","Action":"run","Package":"github.com/QuantumNous/new-api/controller","Test":"TestChannelProbeMergesToolArgumentsAcrossProtocols/chat_JSON"}
{"Time":"2026-09-10T08:24:13.9631825-04:00","Action":"output","Package":"github.com/QuantumNous/new-api/controller","Test":"TestChannelProbeMergesToolArgumentsAcrossProtocols/chat_JSON","Output":"=== RUN   TestChannelProbeMergesToolArgumentsAcrossProtocols/chat_JSON\n"}
{"Time":"2026-09-10T08:24:13.9631825-04:00","Action":"output","Package":"github.com/QuantumNous/new-api/controller","Test":"TestChannelProbeMergesToolArgumentsAcrossProtocols/chat_JSON","Output":"--- PASS: TestChannelProbeMergesToolArgumentsAcrossProtocols/chat_JSON (0.00s)\n"}
{"Time":"2026-09-10T08:24:13.9631825-04:00","Action":"pass","Package":"github.com/QuantumNous/new-api/controller","Test":"TestChannelProbeMergesToolArgumentsAcrossProtocols/chat_JSON","Elapsed":0}
{"Time":"2026-09-10T08:24:13.9631825-04:00","Action":"run","Package":"github.com/QuantumNous/new-api/controller","Test":"TestChannelProbeMergesToolArgumentsAcrossProtocols/chat_fragments"}
{"Time":"2026-09-10T08:24:13.9631825-04:00","Action":"output","Package":"github.com/QuantumNous/new-api/controller","Test":"TestChannelProbeMergesToolArgumentsAcrossProtocols/chat_fragments","Output":"=== RUN   TestChannelProbeMergesToolArgumentsAcrossProtocols/chat_fragments\n"}
{"Time":"2026-09-10T08:24:13.9631825-04:00","Action":"output","Package":"github.com/QuantumNous/new-api/controller","Test":"TestChannelProbeMergesToolArgumentsAcrossProtocols/chat_fragments","Output":"--- PASS: TestChannelProbeMergesToolArgumentsAcrossProtocols/chat_fragments (0.00s)\n"}
{"Time":"2026-09-10T08:24:13.9631825-04:00","Action":"pass","Package":"github.com/QuantumNous/new-api/controller","Test":"TestChannelProbeMergesToolArgumentsAcrossProtocols/chat_fragments","Elapsed":0}
{"Time":"2026-09-10T08:24:13.9631825-04:00","Action":"run","Package":"github.com/QuantumNous/new-api/controller","Test":"TestChannelProbeMergesToolArgumentsAcrossProtocols/responses_JSON"}
{"Time":"2026-09-10T08:24:13.9631825-04:00","Action":"output","Package":"github.com/QuantumNous/new-api/controller","Test":"TestChannelProbeMergesToolArgumentsAcrossProtocols/responses_JSON","Output":"=== RUN   TestChannelProbeMergesToolArgumentsAcrossProtocols/responses_JSON\n"}
{"Time":"2026-09-10T08:24:13.9631825-04:00","Action":"output","Package":"github.com/QuantumNous/new-api/controller","Test":"TestChannelProbeMergesToolArgumentsAcrossProtocols/responses_JSON","Output":"--- PASS: TestChannelProbeMergesToolArgumentsAcrossProtocols/responses_JSON (0.00s)\n"}
{"Time":"2026-09-10T08:24:13.9631825-04:00","Action":"pass","Package":"github.com/QuantumNous/new-api/controller","Test":"TestChannelProbeMergesToolArgumentsAcrossProtocols/responses_JSON","Elapsed":0}
{"Time":"2026-09-10T08:24:13.9631825-04:00","Action":"run","Package":"github.com/QuantumNous/new-api/controller","Test":"TestChannelProbeMergesToolArgumentsAcrossProtocols/responses_fragments"}
{"Time":"2026-09-10T08:24:13.9631825-04:00","Action":"output","Package":"github.com/QuantumNous/new-api/controller","Test":"TestChannelProbeMergesToolArgumentsAcrossProtocols/responses_fragments","Output":"=== RUN   TestChannelProbeMergesToolArgumentsAcrossProtocols/responses_fragments\n"}
{"Time":"2026-09-10T08:24:13.9631825-04:00","Action":"output","Package":"github.com/QuantumNous/new-api/controller","Test":"TestChannelProbeMergesToolArgumentsAcrossProtocols/responses_fragments","Output":"--- PASS: TestChannelProbeMergesToolArgumentsAcrossProtocols/responses_fragments (0.00s)\n"}
{"Time":"2026-09-10T08:24:13.9631825-04:00","Action":"pass","Package":"github.com/QuantumNous/new-api/controller","Test":"TestChannelProbeMergesToolArgumentsAcrossProtocols/responses_fragments","Elapsed":0}
{"Time":"2026-09-10T08:24:13.9631825-04:00","Action":"run","Package":"github.com/QuantumNous/new-api/controller","Test":"TestChannelProbeMergesToolArgumentsAcrossProtocols/Claude_JSON"}
{"Time":"2026-09-10T08:24:13.9631825-04:00","Action":"output","Package":"github.com/QuantumNous/new-api/controller","Test":"TestChannelProbeMergesToolArgumentsAcrossProtocols/Claude_JSON","Output":"=== RUN   TestChannelProbeMergesToolArgumentsAcrossProtocols/Claude_JSON\n"}
{"Time":"2026-09-10T08:24:13.9631825-04:00","Action":"output","Package":"github.com/QuantumNous/new-api/controller","Test":"TestChannelProbeMergesToolArgumentsAcrossProtocols/Claude_JSON","Output":"--- PASS: TestChannelProbeMergesToolArgumentsAcrossProtocols/Claude_JSON (0.00s)\n"}
{"Time":"2026-09-10T08:24:13.9631825-04:00","Action":"pass","Package":"github.com/QuantumNous/new-api/controller","Test":"TestChannelProbeMergesToolArgumentsAcrossProtocols/Claude_JSON","Elapsed":0}
{"Time":"2026-09-10T08:24:13.9631825-04:00","Action":"run","Package":"github.com/QuantumNous/new-api/controller","Test":"TestChannelProbeMergesToolArgumentsAcrossProtocols/Claude_fragments"}
{"Time":"2026-09-10T08:24:13.9631825-04:00","Action":"output","Package":"github.com/QuantumNous/new-api/controller","Test":"TestChannelProbeMergesToolArgumentsAcrossProtocols/Claude_fragments","Output":"=== RUN   TestChannelProbeMergesToolArgumentsAcrossProtocols/Claude_fragments\n"}
{"Time":"2026-09-10T08:24:13.9631825-04:00","Action":"output","Package":"github.com/QuantumNous/new-api/controller","Test":"TestChannelProbeMergesToolArgumentsAcrossProtocols/Claude_fragments","Output":"--- PASS: TestChannelProbeMergesToolArgumentsAcrossProtocols/Claude_fragments (0.00s)\n"}
{"Time":"2026-09-10T08:24:13.9631825-04:00","Action":"pass","Package":"github.com/QuantumNous/new-api/controller","Test":"TestChannelProbeMergesToolArgumentsAcrossProtocols/Claude_fragments","Elapsed":0}
{"Time":"2026-09-10T08:24:13.9631825-04:00","Action":"run","Package":"github.com/QuantumNous/new-api/controller","Test":"TestChannelProbeMergesToolArgumentsAcrossProtocols/Gemini_JSON"}
{"Time":"2026-09-10T08:24:13.9631825-04:00","Action":"output","Package":"github.com/QuantumNous/new-api/controller","Test":"TestChannelProbeMergesToolArgumentsAcrossProtocols/Gemini_JSON","Output":"=== RUN   TestChannelProbeMergesToolArgumentsAcrossProtocols/Gemini_JSON\n"}
{"Time":"2026-09-10T08:24:13.9631825-04:00","Action":"output","Package":"github.com/QuantumNous/new-api/controller","Test":"TestChannelProbeMergesToolArgumentsAcrossProtocols/Gemini_JSON","Output":"--- PASS: TestChannelProbeMergesToolArgumentsAcrossProtocols/Gemini_JSON (0.00s)\n"}
{"Time":"2026-09-10T08:24:13.9631825-04:00","Action":"pass","Package":"github.com/QuantumNous/new-api/controller","Test":"TestChannelProbeMergesToolArgumentsAcrossProtocols/Gemini_JSON","Elapsed":0}
{"Time":"2026-09-10T08:24:13.9631825-04:00","Action":"run","Package":"github.com/QuantumNous/new-api/controller","Test":"TestChannelProbeMergesToolArgumentsAcrossProtocols/Gemini_stream"}
{"Time":"2026-09-10T08:24:13.9631825-04:00","Action":"output","Package":"github.com/QuantumNous/new-api/controller","Test":"TestChannelProbeMergesToolArgumentsAcrossProtocols/Gemini_stream","Output":"=== RUN   TestChannelProbeMergesToolArgumentsAcrossProtocols/Gemini_stream\n"}
{"Time":"2026-09-10T08:24:13.9631825-04:00","Action":"output","Package":"github.com/QuantumNous/new-api/controller","Test":"TestChannelProbeMergesToolArgumentsAcrossProtocols/Gemini_stream","Output":"--- PASS: TestChannelProbeMergesToolArgumentsAcrossProtocols/Gemini_stream (0.00s)\n"}
{"Time":"2026-09-10T08:24:13.9631825-04:00","Action":"pass","Package":"github.com/QuantumNous/new-api/controller","Test":"TestChannelProbeMergesToolArgumentsAcrossProtocols/Gemini_stream","Elapsed":0}
{"Time":"2026-09-10T08:24:13.9631825-04:00","Action":"output","Package":"github.com/QuantumNous/new-api/controller","Test":"TestChannelProbeMergesToolArgumentsAcrossProtocols","Output":"--- PASS: TestChannelProbeMergesToolArgumentsAcrossProtocols (0.00s)\n"}
{"Time":"2026-09-10T08:24:13.9631825-04:00","Action":"pass","Package":"github.com/QuantumNous/new-api/controller","Test":"TestChannelProbeMergesToolArgumentsAcrossProtocols","Elapsed":0}
{"Time":"2026-09-10T08:24:13.9631825-04:00","Action":"run","Package":"github.com/QuantumNous/new-api/controller","Test":"TestChannelProbeRejectsLateErrorsAndAbnormalStreamEnd"}
{"Time":"2026-09-10T08:24:13.9631825-04:00","Action":"output","Package":"github.com/QuantumNous/new-api/controller","Test":"TestChannelProbeRejectsLateErrorsAndAbnormalStreamEnd","Output":"=== RUN   TestChannelProbeRejectsLateErrorsAndAbnormalStreamEnd\n"}
{"Time":"2026-09-10T08:24:13.9631825-04:00","Action":"output","Package":"github.com/QuantumNous/new-api/controller","Test":"TestChannelProbeRejectsLateErrorsAndAbnormalStreamEnd","Output":"--- PASS: TestChannelProbeRejectsLateErrorsAndAbnormalStreamEnd (0.00s)\n"}
{"Time":"2026-09-10T08:24:13.9631825-04:00","Action":"pass","Package":"github.com/QuantumNous/new-api/controller","Test":"TestChannelProbeRejectsLateErrorsAndAbnormalStreamEnd","Elapsed":0}
{"Time":"2026-09-10T08:24:13.9631825-04:00","Action":"run","Package":"github.com/QuantumNous/new-api/controller","Test":"TestChannelProbeDoesNotMergeDifferentToolCalls"}
{"Time":"2026-09-10T08:24:13.9631825-04:00","Action":"output","Package":"github.com/QuantumNous/new-api/controller","Test":"TestChannelProbeDoesNotMergeDifferentToolCalls","Output":"=== RUN   TestChannelProbeDoesNotMergeDifferentToolCalls\n"}
{"Time":"2026-09-10T08:24:13.9631825-04:00","Action":"output","Package":"github.com/QuantumNous/new-api/controller","Test":"TestChannelProbeDoesNotMergeDifferentToolCalls","Output":"--- PASS: TestChannelProbeDoesNotMergeDifferentToolCalls (0.00s)\n"}
{"Time":"2026-09-10T08:24:13.9631825-04:00","Action":"pass","Package":"github.com/QuantumNous/new-api/controller","Test":"TestChannelProbeDoesNotMergeDifferentToolCalls","Elapsed":0}
{"Time":"2026-09-10T08:24:13.9631825-04:00","Action":"run","Package":"github.com/QuantumNous/new-api/controller","Test":"TestChannelProbeResolvesAliasesAndApplicableTests"}
{"Time":"2026-09-10T08:24:13.9631825-04:00","Action":"output","Package":"github.com/QuantumNous/new-api/controller","Test":"TestChannelProbeResolvesAliasesAndApplicableTests","Output":"=== RUN   TestChannelProbeResolvesAliasesAndApplicableTests\n"}
{"Time":"2026-09-10T08:24:13.9631825-04:00","Action":"output","Package":"github.com/QuantumNous/new-api/controller","Test":"TestChannelProbeResolvesAliasesAndApplicableTests","Output":"--- PASS: TestChannelProbeResolvesAliasesAndApplicableTests (0.00s)\n"}
{"Time":"2026-09-10T08:24:13.9631825-04:00","Action":"pass","Package":"github.com/QuantumNous/new-api/controller","Test":"TestChannelProbeResolvesAliasesAndApplicableTests","Elapsed":0}
{"Time":"2026-09-10T08:24:13.9631825-04:00","Action":"run","Package":"github.com/QuantumNous/new-api/controller","Test":"TestChannelProbeToolRequestPreservesModelBudget"}
{"Time":"2026-09-10T08:24:13.9631825-04:00","Action":"output","Package":"github.com/QuantumNous/new-api/controller","Test":"TestChannelProbeToolRequestPreservesModelBudget","Output":"=== RUN   TestChannelProbeToolRequestPreservesModelBudget\n"}
{"Time":"2026-09-10T08:24:13.9631825-04:00","Action":"run","Package":"github.com/QuantumNous/new-api/controller","Test":"TestChannelProbeToolRequestPreservesModelBudget/openai"}
{"Time":"2026-09-10T08:24:13.9631825-04:00","Action":"output","Package":"github.com/QuantumNous/new-api/controller","Test":"TestChannelProbeToolRequestPreservesModelBudget/openai","Output":"=== RUN   TestChannelProbeToolRequestPreservesModelBudget/openai\n"}
{"Time":"2026-09-10T08:24:13.9637058-04:00","Action":"output","Package":"github.com/QuantumNous/new-api/controller","Test":"TestChannelProbeToolRequestPreservesModelBudget/openai","Output":"--- PASS: TestChannelProbeToolRequestPreservesModelBudget/openai (0.00s)\n"}
{"Time":"2026-09-10T08:24:13.9637058-04:00","Action":"pass","Package":"github.com/QuantumNous/new-api/controller","Test":"TestChannelProbeToolRequestPreservesModelBudget/openai","Elapsed":0}
{"Time":"2026-09-10T08:24:13.9637058-04:00","Action":"run","Package":"github.com/QuantumNous/new-api/controller","Test":"TestChannelProbeToolRequestPreservesModelBudget/openai-response"}
{"Time":"2026-09-10T08:24:13.9637058-04:00","Action":"output","Package":"github.com/QuantumNous/new-api/controller","Test":"TestChannelProbeToolRequestPreservesModelBudget/openai-response","Output":"=== RUN   TestChannelProbeToolRequestPreservesModelBudget/openai-response\n"}
{"Time":"2026-09-10T08:24:13.9637058-04:00","Action":"output","Package":"github.com/QuantumNous/new-api/controller","Test":"TestChannelProbeToolRequestPreservesModelBudget/openai-response","Output":"--- PASS: TestChannelProbeToolRequestPreservesModelBudget/openai-response (0.00s)\n"}
{"Time":"2026-09-10T08:24:13.9637058-04:00","Action":"pass","Package":"github.com/QuantumNous/new-api/controller","Test":"TestChannelProbeToolRequestPreservesModelBudget/openai-response","Elapsed":0}
{"Time":"2026-09-10T08:24:13.9637058-04:00","Action":"run","Package":"github.com/QuantumNous/new-api/controller","Test":"TestChannelProbeToolRequestPreservesModelBudget/anthropic"}
{"Time":"2026-09-10T08:24:13.9637058-04:00","Action":"output","Package":"github.com/QuantumNous/new-api/controller","Test":"TestChannelProbeToolRequestPreservesModelBudget/anthropic","Output":"=== RUN   TestChannelProbeToolRequestPreservesModelBudget/anthropic\n"}
{"Time":"2026-09-10T08:24:13.9637058-04:00","Action":"output","Package":"github.com/QuantumNous/new-api/controller","Test":"TestChannelProbeToolRequestPreservesModelBudget/anthropic","Output":"--- PASS: TestChannelProbeToolRequestPreservesModelBudget/anthropic (0.00s)\n"}
{"Time":"2026-09-10T08:24:13.9637058-04:00","Action":"pass","Package":"github.com/QuantumNous/new-api/controller","Test":"TestChannelProbeToolRequestPreservesModelBudget/anthropic","Elapsed":0}
{"Time":"2026-09-10T08:24:13.9637058-04:00","Action":"run","Package":"github.com/QuantumNous/new-api/controller","Test":"TestChannelProbeToolRequestPreservesModelBudget/gemini"}
{"Time":"2026-09-10T08:24:13.9637058-04:00","Action":"output","Package":"github.com/QuantumNous/new-api/controller","Test":"TestChannelProbeToolRequestPreservesModelBudget/gemini","Output":"=== RUN   TestChannelProbeToolRequestPreservesModelBudget/gemini\n"}
{"Time":"2026-09-10T08:24:13.9637058-04:00","Action":"output","Package":"github.com/QuantumNous/new-api/controller","Test":"TestChannelProbeToolRequestPreservesModelBudget/gemini","Output":"--- PASS: TestChannelProbeToolRequestPreservesModelBudget/gemini (0.00s)\n"}
{"Time":"2026-09-10T08:24:13.9637058-04:00","Action":"pass","Package":"github.com/QuantumNous/new-api/controller","Test":"TestChannelProbeToolRequestPreservesModelBudget/gemini","Elapsed":0}
{"Time":"2026-09-10T08:24:13.9642252-04:00","Action":"output","Package":"github.com/QuantumNous/new-api/controller","Test":"TestChannelProbeToolRequestPreservesModelBudget","Output":"--- PASS: TestChannelProbeToolRequestPreservesModelBudget (0.00s)\n"}
{"Time":"2026-09-10T08:24:13.9642252-04:00","Action":"pass","Package":"github.com/QuantumNous/new-api/controller","Test":"TestChannelProbeToolRequestPreservesModelBudget","Elapsed":0}
{"Time":"2026-09-10T08:24:13.9642252-04:00","Action":"run","Package":"github.com/QuantumNous/new-api/controller","Test":"TestChannelProbeRejectsInvalidTypeBeforeChannelLookup"}
{"Time":"2026-09-10T08:24:13.9642252-04:00","Action":"output","Package":"github.com/QuantumNous/new-api/controller","Test":"TestChannelProbeRejectsInvalidTypeBeforeChannelLookup","Output":"=== RUN   TestChannelProbeRejectsInvalidTypeBeforeChannelLookup\n"}
{"Time":"2026-09-10T08:24:13.9642252-04:00","Action":"output","Package":"github.com/QuantumNous/new-api/controller","Test":"TestChannelProbeRejectsInvalidTypeBeforeChannelLookup","Output":"--- PASS: TestChannelProbeRejectsInvalidTypeBeforeChannelLookup (0.00s)\n"}
{"Time":"2026-09-10T08:24:13.9642252-04:00","Action":"pass","Package":"github.com/QuantumNous/new-api/controller","Test":"TestChannelProbeRejectsInvalidTypeBeforeChannelLookup","Elapsed":0}
{"Time":"2026-09-10T08:24:13.9642252-04:00","Action":"run","Package":"github.com/QuantumNous/new-api/controller","Test":"TestChannelProbeUsesRealRelayAndReturnsFullPreview"}
{"Time":"2026-09-10T08:24:13.9642252-04:00","Action":"output","Package":"github.com/QuantumNous/new-api/controller","Test":"TestChannelProbeUsesRealRelayAndReturnsFullPreview","Output":"=== RUN   TestChannelProbeUsesRealRelayAndReturnsFullPreview\n"}
{"Time":"2026-09-10T08:24:13.9642252-04:00","Action":"output","Package":"github.com/QuantumNous/new-api/controller","Test":"TestChannelProbeUsesRealRelayAndReturnsFullPreview","Output":"[SYS] 2026/09/10 - 08:24:13 | SQL_DSN not set, using SQLite as database \n"}
{"Time":"2026-09-10T08:24:13.9667972-04:00","Action":"output","Package":"github.com/QuantumNous/new-api/controller","Test":"TestChannelProbeUsesRealRelayAndReturnsFullPreview","Output":"[SYS] 2026/09/10 - 08:24:13 | testing channel 9102 with model gpt-4o , info RelayInfo{ RelayFormat: openai, RelayMode: 1, IsStream: true, IsPlayground: false, RequestURLPath: \"/v1/chat/completions\", OriginModelName: \"gpt-4o\", EstimatePromptTokens: 0, ShouldIncludeUsage: false, DisablePing: false, SendResponseCount: 0, FinalPreConsumedQuota: 0, User{ Id: 9101, Email: \"***masked***\", Group: \"default\", UsingGroup: \"default\", Quota: 1000000 }, Token{ Id: 0, Unlimited: false, Key: ***masked*** }, Timing{ Start: 2026-09-10T08:24:13.9667972-04:00, FirstResponse: 2026-09-10T08:24:12.9667972-04:00, LatencyMs: -1000 }, ChannelMeta{ Type: 1, Id: 9102, IsMultiKey: false, MultiKeyIndex: 0, BaseURL: \"http://127.0.0.1:3369\", ApiType: 0, ApiVersion: \"\", Organization: \"\", CreateTime: 0, UpstreamModelName: \"gpt-4o\", IsModelMapped: false, SupportStreamOptions: true, ApiKey: ***masked*** }, }  \n"}
{"Time":"2026-09-10T08:24:13.9678276-04:00","Action":"output","Package":"github.com/QuantumNous/new-api/controller","Test":"TestChannelProbeUsesRealRelayAndReturnsFullPreview","Output":"[INFO] 2026/09/10 - 08:24:13 | SYSTEM | stream ended: reason=done \n"}
{"Time":"2026-09-10T08:24:13.9678276-04:00","Action":"output","Package":"github.com/QuantumNous/new-api/controller","Test":"TestChannelProbeUsesRealRelayAndReturnsFullPreview","Output":"[INFO] 2026/09/10 - 08:24:13 | SYSTEM | record consume log: userId=9101, params={\"channel_id\":9102,\"prompt_tokens\":10,\"completion_tokens\":8,\"model_name\":\"gpt-4o\",\"token_name\":\"模型测试\",\"quota\":42,\"content\":\"模型测试\",\"token_id\":0,\"use_time_seconds\":0,\"is_stream\":true,\"group\":\"default\",\"other\":{\"admin_info\":{\"use_channel\":null},\"cache_ratio\":1,\"cache_tokens\":0,\"completion_ratio\":4,\"frt\":1,\"group_ratio\":1,\"model_price\":-1,\"model_ratio\":1,\"request_conversion\":[\"OpenAI Compatible\"],\"request_path\":\"/v1/chat/completions\",\"stream_status\":{\"end_reason\":\"done\",\"status\":\"ok\"},\"user_group_ratio\":-1}} \n"}
{"Time":"2026-09-10T08:24:13.9683506-04:00","Action":"output","Package":"github.com/QuantumNous/new-api/controller","Test":"TestChannelProbeUsesRealRelayAndReturnsFullPreview","Output":"[SYS] 2026/09/10 - 08:24:13 | testing channel #9102 completed \n"}
{"Time":"2026-09-10T08:24:13.9704565-04:00","Action":"output","Package":"github.com/QuantumNous/new-api/controller","Test":"TestChannelProbeUsesRealRelayAndReturnsFullPreview","Output":"--- PASS: TestChannelProbeUsesRealRelayAndReturnsFullPreview (0.01s)\n"}
{"Time":"2026-09-10T08:24:13.9704565-04:00","Action":"pass","Package":"github.com/QuantumNous/new-api/controller","Test":"TestChannelProbeUsesRealRelayAndReturnsFullPreview","Elapsed":0.01}
{"Time":"2026-09-10T08:24:13.9704565-04:00","Action":"run","Package":"github.com/QuantumNous/new-api/controller","Test":"TestChannelProbeRedactsCompleteSSEPreview"}
{"Time":"2026-09-10T08:24:13.9704565-04:00","Action":"output","Package":"github.com/QuantumNous/new-api/controller","Test":"TestChannelProbeRedactsCompleteSSEPreview","Output":"=== RUN   TestChannelProbeRedactsCompleteSSEPreview\n"}
{"Time":"2026-09-10T08:24:13.9704565-04:00","Action":"output","Package":"github.com/QuantumNous/new-api/controller","Test":"TestChannelProbeRedactsCompleteSSEPreview","Output":"--- PASS: TestChannelProbeRedactsCompleteSSEPreview (0.00s)\n"}
{"Time":"2026-09-10T08:24:13.9704565-04:00","Action":"pass","Package":"github.com/QuantumNous/new-api/controller","Test":"TestChannelProbeRedactsCompleteSSEPreview","Elapsed":0}
{"Time":"2026-09-10T08:24:13.9704565-04:00","Action":"run","Package":"github.com/QuantumNous/new-api/controller","Test":"TestChannelProbeKeepsToolIDsSeparateAndAcceptsMixedIDIndexFragments"}
{"Time":"2026-09-10T08:24:13.9704565-04:00","Action":"output","Package":"github.com/QuantumNous/new-api/controller","Test":"TestChannelProbeKeepsToolIDsSeparateAndAcceptsMixedIDIndexFragments","Output":"=== RUN   TestChannelProbeKeepsToolIDsSeparateAndAcceptsMixedIDIndexFragments\n"}
{"Time":"2026-09-10T08:24:13.9704565-04:00","Action":"output","Package":"github.com/QuantumNous/new-api/controller","Test":"TestChannelProbeKeepsToolIDsSeparateAndAcceptsMixedIDIndexFragments","Output":"--- PASS: TestChannelProbeKeepsToolIDsSeparateAndAcceptsMixedIDIndexFragments (0.00s)\n"}
{"Time":"2026-09-10T08:24:13.9704565-04:00","Action":"pass","Package":"github.com/QuantumNous/new-api/controller","Test":"TestChannelProbeKeepsToolIDsSeparateAndAcceptsMixedIDIndexFragments","Elapsed":0}
{"Time":"2026-09-10T08:24:13.9704565-04:00","Action":"run","Package":"github.com/QuantumNous/new-api/controller","Test":"TestValidateChannelProxy"}
{"Time":"2026-09-10T08:24:13.9704565-04:00","Action":"output","Package":"github.com/QuantumNous/new-api/controller","Test":"TestValidateChannelProxy","Output":"=== RUN   TestValidateChannelProxy\n"}
{"Time":"2026-09-10T08:24:13.9704565-04:00","Action":"run","Package":"github.com/QuantumNous/new-api/controller","Test":"TestValidateChannelProxy/empty"}
{"Time":"2026-09-10T08:24:13.9704565-04:00","Action":"output","Package":"github.com/QuantumNous/new-api/controller","Test":"TestValidateChannelProxy/empty","Output":"=== RUN   TestValidateChannelProxy/empty\n"}
{"Time":"2026-09-10T08:24:13.9704565-04:00","Action":"output","Package":"github.com/QuantumNous/new-api/controller","Test":"TestValidateChannelProxy/empty","Output":"--- PASS: TestValidateChannelProxy/empty (0.00s)\n"}
{"Time":"2026-09-10T08:24:13.9704565-04:00","Action":"pass","Package":"github.com/QuantumNous/new-api/controller","Test":"TestValidateChannelProxy/empty","Elapsed":0}
{"Time":"2026-09-10T08:24:13.9704565-04:00","Action":"run","Package":"github.com/QuantumNous/new-api/controller","Test":"TestValidateChannelProxy/http"}
{"Time":"2026-09-10T08:24:13.9704565-04:00","Action":"output","Package":"github.com/QuantumNous/new-api/controller","Test":"TestValidateChannelProxy/http","Output":"=== RUN   TestValidateChannelProxy/http\n"}
{"Time":"2026-09-10T08:24:13.9704565-04:00","Action":"output","Package":"github.com/QuantumNous/new-api/controller","Test":"TestValidateChannelProxy/http","Output":"--- PASS: TestValidateChannelProxy/http (0.00s)\n"}
{"Time":"2026-09-10T08:24:13.9704565-04:00","Action":"pass","Package":"github.com/QuantumNous/new-api/controller","Test":"TestValidateChannelProxy/http","Elapsed":0}
{"Time":"2026-09-10T08:24:13.9704565-04:00","Action":"run","Package":"github.com/QuantumNous/new-api/controller","Test":"TestValidateChannelProxy/https"}
{"Time":"2026-09-10T08:24:13.9704565-04:00","Action":"output","Package":"github.com/QuantumNous/new-api/controller","Test":"TestValidateChannelProxy/https","Output":"=== RUN   TestValidateChannelProxy/https\n"}
{"Time":"2026-09-10T08:24:13.9704565-04:00","Action":"output","Package":"github.com/QuantumNous/new-api/controller","Test":"TestValidateChannelProxy/https","Output":"--- PASS: TestValidateChannelProxy/https (0.00s)\n"}
{"Time":"2026-09-10T08:24:13.9704565-04:00","Action":"pass","Package":"github.com/QuantumNous/new-api/controller","Test":"TestValidateChannelProxy/https","Elapsed":0}
{"Time":"2026-09-10T08:24:13.9704565-04:00","Action":"run","Package":"github.com/QuantumNous/new-api/controller","Test":"TestValidateChannelProxy/socks5"}
{"Time":"2026-09-10T08:24:13.9704565-04:00","Action":"output","Package":"github.com/QuantumNous/new-api/controller","Test":"TestValidateChannelProxy/socks5","Output":"=== RUN   TestValidateChannelProxy/socks5\n"}
{"Time":"2026-09-10T08:24:13.9704565-04:00","Action":"output","Package":"github.com/QuantumNous/new-api/controller","Test":"TestValidateChannelProxy/socks5","Output":"--- PASS: TestValidateChannelProxy/socks5 (0.00s)\n"}
{"Time":"2026-09-10T08:24:13.9704565-04:00","Action":"pass","Package":"github.com/QuantumNous/new-api/controller","Test":"TestValidateChannelProxy/socks5","Elapsed":0}
{"Time":"2026-09-10T08:24:13.9704565-04:00","Action":"run","Package":"github.com/QuantumNous/new-api/controller","Test":"TestValidateChannelProxy/socks5h"}
{"Time":"2026-09-10T08:24:13.9704565-04:00","Action":"output","Package":"github.com/QuantumNous/new-api/controller","Test":"TestValidateChannelProxy/socks5h","Output":"=== RUN   TestValidateChannelProxy/socks5h\n"}
{"Time":"2026-09-10T08:24:13.9704565-04:00","Action":"output","Package":"github.com/QuantumNous/new-api/controller","Test":"TestValidateChannelProxy/socks5h","Output":"--- PASS: TestValidateChannelProxy/socks5h (0.00s)\n"}
{"Time":"2026-09-10T08:24:13.9704565-04:00","Action":"pass","Package":"github.com/QuantumNous/new-api/controller","Test":"TestValidateChannelProxy/socks5h","Elapsed":0}
{"Time":"2026-09-10T08:24:13.9704565-04:00","Action":"run","Package":"github.com/QuantumNous/new-api/controller","Test":"TestValidateChannelProxy/unsupported"}
{"Time":"2026-09-10T08:24:13.9704565-04:00","Action":"output","Package":"github.com/QuantumNous/new-api/controller","Test":"TestValidateChannelProxy/unsupported","Output":"=== RUN   TestValidateChannelProxy/unsupported\n"}
{"Time":"2026-09-10T08:24:13.9704565-04:00","Action":"output","Package":"github.com/QuantumNous/new-api/controller","Test":"TestValidateChannelProxy/unsupported","Output":"--- PASS: TestValidateChannelProxy/unsupported (0.00s)\n"}
{"Time":"2026-09-10T08:24:13.9704565-04:00","Action":"pass","Package":"github.com/QuantumNous/new-api/controller","Test":"TestValidateChannelProxy/unsupported","Elapsed":0}
{"Time":"2026-09-10T08:24:13.9704565-04:00","Action":"run","Package":"github.com/QuantumNous/new-api/controller","Test":"TestValidateChannelProxy/path"}
{"Time":"2026-09-10T08:24:13.9704565-04:00","Action":"output","Package":"github.com/QuantumNous/new-api/controller","Test":"TestValidateChannelProxy/path","Output":"=== RUN   TestValidateChannelProxy/path\n"}
{"Time":"2026-09-10T08:24:13.9704565-04:00","Action":"output","Package":"github.com/QuantumNous/new-api/controller","Test":"TestValidateChannelProxy/path","Output":"--- PASS: TestValidateChannelProxy/path (0.00s)\n"}
{"Time":"2026-09-10T08:24:13.9704565-04:00","Action":"pass","Package":"github.com/QuantumNous/new-api/controller","Test":"TestValidateChannelProxy/path","Elapsed":0}
{"Time":"2026-09-10T08:24:13.9704565-04:00","Action":"output","Package":"github.com/QuantumNous/new-api/controller","Test":"TestValidateChannelProxy","Output":"--- PASS: TestValidateChannelProxy (0.00s)\n"}
{"Time":"2026-09-10T08:24:13.9704565-04:00","Action":"pass","Package":"github.com/QuantumNous/new-api/controller","Test":"TestValidateChannelProxy","Elapsed":0}
{"Time":"2026-09-10T08:24:13.9704565-04:00","Action":"run","Package":"github.com/QuantumNous/new-api/controller","Test":"TestValidateChannelRequiresCustomBaseURL"}
{"Time":"2026-09-10T08:24:13.9704565-04:00","Action":"output","Package":"github.com/QuantumNous/new-api/controller","Test":"TestValidateChannelRequiresCustomBaseURL","Output":"=== RUN   TestValidateChannelRequiresCustomBaseURL\n"}
{"Time":"2026-09-10T08:24:13.9704565-04:00","Action":"run","Package":"github.com/QuantumNous/new-api/controller","Test":"TestValidateChannelRequiresCustomBaseURL/New_API_missing"}
{"Time":"2026-09-10T08:24:13.9704565-04:00","Action":"output","Package":"github.com/QuantumNous/new-api/controller","Test":"TestValidateChannelRequiresCustomBaseURL/New_API_missing","Output":"=== RUN   TestValidateChannelRequiresCustomBaseURL/New_API_missing\n"}
{"Time":"2026-09-10T08:24:13.9704565-04:00","Action":"output","Package":"github.com/QuantumNous/new-api/controller","Test":"TestValidateChannelRequiresCustomBaseURL/New_API_missing","Output":"--- PASS: TestValidateChannelRequiresCustomBaseURL/New_API_missing (0.00s)\n"}
{"Time":"2026-09-10T08:24:13.9704565-04:00","Action":"pass","Package":"github.com/QuantumNous/new-api/controller","Test":"TestValidateChannelRequiresCustomBaseURL/New_API_missing","Elapsed":0}
{"Time":"2026-09-10T08:24:13.9704565-04:00","Action":"run","Package":"github.com/QuantumNous/new-api/controller","Test":"TestValidateChannelRequiresCustomBaseURL/Codex_blank"}
{"Time":"2026-09-10T08:24:13.9704565-04:00","Action":"output","Package":"github.com/QuantumNous/new-api/controller","Test":"TestValidateChannelRequiresCustomBaseURL/Codex_blank","Output":"=== RUN   TestValidateChannelRequiresCustomBaseURL/Codex_blank\n"}
{"Time":"2026-09-10T08:24:13.9704565-04:00","Action":"output","Package":"github.com/QuantumNous/new-api/controller","Test":"TestValidateChannelRequiresCustomBaseURL/Codex_blank","Output":"--- PASS: TestValidateChannelRequiresCustomBaseURL/Codex_blank (0.00s)\n"}
{"Time":"2026-09-10T08:24:13.9704565-04:00","Action":"pass","Package":"github.com/QuantumNous/new-api/controller","Test":"TestValidateChannelRequiresCustomBaseURL/Codex_blank","Elapsed":0}
{"Time":"2026-09-10T08:24:13.9704565-04:00","Action":"run","Package":"github.com/QuantumNous/new-api/controller","Test":"TestValidateChannelRequiresCustomBaseURL/Claude_Code_configured"}
{"Time":"2026-09-10T08:24:13.9704565-04:00","Action":"output","Package":"github.com/QuantumNous/new-api/controller","Test":"TestValidateChannelRequiresCustomBaseURL/Claude_Code_configured","Output":"=== RUN   TestValidateChannelRequiresCustomBaseURL/Claude_Code_configured\n"}
{"Time":"2026-09-10T08:24:13.9704565-04:00","Action":"output","Package":"github.com/QuantumNous/new-api/controller","Test":"TestValidateChannelRequiresCustomBaseURL/Claude_Code_configured","Output":"--- PASS: TestValidateChannelRequiresCustomBaseURL/Claude_Code_configured (0.00s)\n"}
{"Time":"2026-09-10T08:24:13.9704565-04:00","Action":"pass","Package":"github.com/QuantumNous/new-api/controller","Test":"TestValidateChannelRequiresCustomBaseURL/Claude_Code_configured","Elapsed":0}
{"Time":"2026-09-10T08:24:13.9704565-04:00","Action":"output","Package":"github.com/QuantumNous/new-api/controller","Test":"TestValidateChannelRequiresCustomBaseURL","Output":"--- PASS: TestValidateChannelRequiresCustomBaseURL (0.00s)\n"}
{"Time":"2026-09-10T08:24:13.9704565-04:00","Action":"pass","Package":"github.com/QuantumNous/new-api/controller","Test":"TestValidateChannelRequiresCustomBaseURL","Elapsed":0}
{"Time":"2026-09-10T08:24:13.9704565-04:00","Action":"run","Package":"github.com/QuantumNous/new-api/controller","Test":"TestCompatibilityChannelRegistration"}
{"Time":"2026-09-10T08:24:13.9704565-04:00","Action":"output","Package":"github.com/QuantumNous/new-api/controller","Test":"TestCompatibilityChannelRegistration","Output":"=== RUN   TestCompatibilityChannelRegistration\n"}
{"Time":"2026-09-10T08:24:13.9704565-04:00","Action":"run","Package":"github.com/QuantumNous/new-api/controller","Test":"TestCompatibilityChannelRegistration/Codex"}
{"Time":"2026-09-10T08:24:13.9704565-04:00","Action":"output","Package":"github.com/QuantumNous/new-api/controller","Test":"TestCompatibilityChannelRegistration/Codex","Output":"=== RUN   TestCompatibilityChannelRegistration/Codex\n"}
{"Time":"2026-09-10T08:24:13.9704565-04:00","Action":"output","Package":"github.com/QuantumNous/new-api/controller","Test":"TestCompatibilityChannelRegistration/Codex","Output":"--- PASS: TestCompatibilityChannelRegistration/Codex (0.00s)\n"}
{"Time":"2026-09-10T08:24:13.9704565-04:00","Action":"pass","Package":"github.com/QuantumNous/new-api/controller","Test":"TestCompatibilityChannelRegistration/Codex","Elapsed":0}
{"Time":"2026-09-10T08:24:13.9704565-04:00","Action":"run","Package":"github.com/QuantumNous/new-api/controller","Test":"TestCompatibilityChannelRegistration/Claude_Code"}
{"Time":"2026-09-10T08:24:13.9704565-04:00","Action":"output","Package":"github.com/QuantumNous/new-api/controller","Test":"TestCompatibilityChannelRegistration/Claude_Code","Output":"=== RUN   TestCompatibilityChannelRegistration/Claude_Code\n"}
{"Time":"2026-09-10T08:24:13.9704565-04:00","Action":"output","Package":"github.com/QuantumNous/new-api/controller","Test":"TestCompatibilityChannelRegistration/Claude_Code","Output":"--- PASS: TestCompatibilityChannelRegistration/Claude_Code (0.00s)\n"}
{"Time":"2026-09-10T08:24:13.9704565-04:00","Action":"pass","Package":"github.com/QuantumNous/new-api/controller","Test":"TestCompatibilityChannelRegistration/Claude_Code","Elapsed":0}
{"Time":"2026-09-10T08:24:13.9704565-04:00","Action":"output","Package":"github.com/QuantumNous/new-api/controller","Test":"TestCompatibilityChannelRegistration","Output":"--- PASS: TestCompatibilityChannelRegistration (0.00s)\n"}
{"Time":"2026-09-10T08:24:13.9704565-04:00","Action":"pass","Package":"github.com/QuantumNous/new-api/controller","Test":"TestCompatibilityChannelRegistration","Elapsed":0}
{"Time":"2026-09-10T08:24:13.9704565-04:00","Action":"run","Package":"github.com/QuantumNous/new-api/controller","Test":"TestCodexCompatibilityChannelTestUsesStreamingResponses"}
{"Time":"2026-09-10T08:24:13.9704565-04:00","Action":"output","Package":"github.com/QuantumNous/new-api/controller","Test":"TestCodexCompatibilityChannelTestUsesStreamingResponses","Output":"=== RUN   TestCodexCompatibilityChannelTestUsesStreamingResponses\n"}
{"Time":"2026-09-10T08:24:13.9704565-04:00","Action":"output","Package":"github.com/QuantumNous/new-api/controller","Test":"TestCodexCompatibilityChannelTestUsesStreamingResponses","Output":"--- PASS: TestCodexCompatibilityChannelTestUsesStreamingResponses (0.00s)\n"}
{"Time":"2026-09-10T08:24:13.9704565-04:00","Action":"pass","Package":"github.com/QuantumNous/new-api/controller","Test":"TestCodexCompatibilityChannelTestUsesStreamingResponses","Elapsed":0}
{"Time":"2026-09-10T08:24:13.9704565-04:00","Action":"run","Package":"github.com/QuantumNous/new-api/controller","Test":"TestBuildChannelTestRequestUsesConfiguredMessage"}
{"Time":"2026-09-10T08:24:13.9704565-04:00","Action":"output","Package":"github.com/QuantumNous/new-api/controller","Test":"TestBuildChannelTestRequestUsesConfiguredMessage","Output":"=== RUN   TestBuildChannelTestRequestUsesConfiguredMessage\n"}
{"Time":"2026-09-10T08:24:13.9704565-04:00","Action":"output","Package":"github.com/QuantumNous/new-api/controller","Test":"TestBuildChannelTestRequestUsesConfiguredMessage","Output":"--- PASS: TestBuildChannelTestRequestUsesConfiguredMessage (0.00s)\n"}
{"Time":"2026-09-10T08:24:13.9704565-04:00","Action":"pass","Package":"github.com/QuantumNous/new-api/controller","Test":"TestBuildChannelTestRequestUsesConfiguredMessage","Elapsed":0}
{"Time":"2026-09-10T08:24:13.9704565-04:00","Action":"run","Package":"github.com/QuantumNous/new-api/controller","Test":"TestBuildWarmupRequestInjectsSystemPromptAsInstructions"}
{"Time":"2026-09-10T08:24:13.9719596-04:00","Action":"output","Package":"github.com/QuantumNous/new-api/controller","Test":"TestBuildWarmupRequestInjectsSystemPromptAsInstructions","Output":"=== RUN   TestBuildWarmupRequestInjectsSystemPromptAsInstructions\n"}
{"Time":"2026-09-10T08:24:13.9719596-04:00","Action":"output","Package":"github.com/QuantumNous/new-api/controller","Test":"TestBuildWarmupRequestInjectsSystemPromptAsInstructions","Output":"--- PASS: TestBuildWarmupRequestInjectsSystemPromptAsInstructions (0.00s)\n"}
{"Time":"2026-09-10T08:24:13.9719596-04:00","Action":"pass","Package":"github.com/QuantumNous/new-api/controller","Test":"TestBuildWarmupRequestInjectsSystemPromptAsInstructions","Elapsed":0}
{"Time":"2026-09-10T08:24:13.9719596-04:00","Action":"run","Package":"github.com/QuantumNous/new-api/controller","Test":"TestResolveChannelTestMessageUsesOverrideThenGlobalDefault"}
{"Time":"2026-09-10T08:24:13.9719596-04:00","Action":"output","Package":"github.com/QuantumNous/new-api/controller","Test":"TestResolveChannelTestMessageUsesOverrideThenGlobalDefault","Output":"=== RUN   TestResolveChannelTestMessageUsesOverrideThenGlobalDefault\n"}
{"Time":"2026-09-10T08:24:13.9719596-04:00","Action":"output","Package":"github.com/QuantumNous/new-api/controller","Test":"TestResolveChannelTestMessageUsesOverrideThenGlobalDefault","Output":"--- PASS: TestResolveChannelTestMessageUsesOverrideThenGlobalDefault (0.00s)\n"}
{"Time":"2026-09-10T08:24:13.9719596-04:00","Action":"pass","Package":"github.com/QuantumNous/new-api/controller","Test":"TestResolveChannelTestMessageUsesOverrideThenGlobalDefault","Elapsed":0}
{"Time":"2026-09-10T08:24:13.9719596-04:00","Action":"run","Package":"github.com/QuantumNous/new-api/controller","Test":"TestReadChannelTestResponseBodyBoundsStreamCapture"}
{"Time":"2026-09-10T08:24:13.9719596-04:00","Action":"output","Package":"github.com/QuantumNous/new-api/controller","Test":"TestReadChannelTestResponseBodyBoundsStreamCapture","Output":"=== RUN   TestReadChannelTestResponseBodyBoundsStreamCapture\n"}
{"Time":"2026-09-10T08:24:13.9719596-04:00","Action":"output","Package":"github.com/QuantumNous/new-api/controller","Test":"TestReadChannelTestResponseBodyBoundsStreamCapture","Output":"--- PASS: TestReadChannelTestResponseBodyBoundsStreamCapture (0.00s)\n"}
{"Time":"2026-09-10T08:24:13.9719596-04:00","Action":"pass","Package":"github.com/QuantumNous/new-api/controller","Test":"TestReadChannelTestResponseBodyBoundsStreamCapture","Elapsed":0}
{"Time":"2026-09-10T08:24:13.9719596-04:00","Action":"run","Package":"github.com/QuantumNous/new-api/controller","Test":"TestReadChannelTestResponseBodyKeepsNonStreamBodyForValidation"}
{"Time":"2026-09-10T08:24:13.9719596-04:00","Action":"output","Package":"github.com/QuantumNous/new-api/controller","Test":"TestReadChannelTestResponseBodyKeepsNonStreamBodyForValidation","Output":"=== RUN   TestReadChannelTestResponseBodyKeepsNonStreamBodyForValidation\n"}
{"Time":"2026-09-10T08:24:13.9719596-04:00","Action":"output","Package":"github.com/QuantumNous/new-api/controller","Test":"TestReadChannelTestResponseBodyKeepsNonStreamBodyForValidation","Output":"--- PASS: TestReadChannelTestResponseBodyKeepsNonStreamBodyForValidation (0.00s)\n"}
{"Time":"2026-09-10T08:24:13.9719596-04:00","Action":"pass","Package":"github.com/QuantumNous/new-api/controller","Test":"TestReadChannelTestResponseBodyKeepsNonStreamBodyForValidation","Elapsed":0}
{"Time":"2026-09-10T08:24:13.9719596-04:00","Action":"run","Package":"github.com/QuantumNous/new-api/controller","Test":"TestSanitizeChannelTestResponsePreviewRedactsSecretsButKeepsUsage"}
{"Time":"2026-09-10T08:24:13.9719596-04:00","Action":"output","Package":"github.com/QuantumNous/new-api/controller","Test":"TestSanitizeChannelTestResponsePreviewRedactsSecretsButKeepsUsage","Output":"=== RUN   TestSanitizeChannelTestResponsePreviewRedactsSecretsButKeepsUsage\n"}
{"Time":"2026-09-10T08:24:13.9719596-04:00","Action":"output","Package":"github.com/QuantumNous/new-api/controller","Test":"TestSanitizeChannelTestResponsePreviewRedactsSecretsButKeepsUsage","Output":"--- PASS: TestSanitizeChannelTestResponsePreviewRedactsSecretsButKeepsUsage (0.00s)\n"}
{"Time":"2026-09-10T08:24:13.9719596-04:00","Action":"pass","Package":"github.com/QuantumNous/new-api/controller","Test":"TestSanitizeChannelTestResponsePreviewRedactsSecretsButKeepsUsage","Elapsed":0}
{"Time":"2026-09-10T08:24:13.9719596-04:00","Action":"run","Package":"github.com/QuantumNous/new-api/controller","Test":"TestChannelTestDetailedRejectsOversizedMessageBeforeChannelLookup"}
{"Time":"2026-09-10T08:24:13.9719596-04:00","Action":"output","Package":"github.com/QuantumNous/new-api/controller","Test":"TestChannelTestDetailedRejectsOversizedMessageBeforeChannelLookup","Output":"=== RUN   TestChannelTestDetailedRejectsOversizedMessageBeforeChannelLookup\n"}
{"Time":"2026-09-10T08:24:13.9719596-04:00","Action":"output","Package":"github.com/QuantumNous/new-api/controller","Test":"TestChannelTestDetailedRejectsOversizedMessageBeforeChannelLookup","Output":"--- PASS: TestChannelTestDetailedRejectsOversizedMessageBeforeChannelLookup (0.00s)\n"}
{"Time":"2026-09-10T08:24:13.9719596-04:00","Action":"pass","Package":"github.com/QuantumNous/new-api/controller","Test":"TestChannelTestDetailedRejectsOversizedMessageBeforeChannelLookup","Elapsed":0}
{"Time":"2026-09-10T08:24:13.9719596-04:00","Action":"run","Package":"github.com/QuantumNous/new-api/controller","Test":"TestCodeBuddyChannelUsesOpenAIChatCompletions"}
{"Time":"2026-09-10T08:24:13.9719596-04:00","Action":"output","Package":"github.com/QuantumNous/new-api/controller","Test":"TestCodeBuddyChannelUsesOpenAIChatCompletions","Output":"=== RUN   TestCodeBuddyChannelUsesOpenAIChatCompletions\n"}
{"Time":"2026-09-10T08:24:13.9719596-04:00","Action":"output","Package":"github.com/QuantumNous/new-api/controller","Test":"TestCodeBuddyChannelUsesOpenAIChatCompletions","Output":"--- PASS: TestCodeBuddyChannelUsesOpenAIChatCompletions (0.00s)\n"}
{"Time":"2026-09-10T08:24:13.9719596-04:00","Action":"pass","Package":"github.com/QuantumNous/new-api/controller","Test":"TestCodeBuddyChannelUsesOpenAIChatCompletions","Elapsed":0}
{"Time":"2026-09-10T08:24:13.9719596-04:00","Action":"run","Package":"github.com/QuantumNous/new-api/controller","Test":"TestNewAPIChannelRegistration"}
{"Time":"2026-09-10T08:24:13.9719596-04:00","Action":"output","Package":"github.com/QuantumNous/new-api/controller","Test":"TestNewAPIChannelRegistration","Output":"=== RUN   TestNewAPIChannelRegistration\n"}
{"Time":"2026-09-10T08:24:13.9719596-04:00","Action":"output","Package":"github.com/QuantumNous/new-api/controller","Test":"TestNewAPIChannelRegistration","Output":"--- PASS: TestNewAPIChannelRegistration (0.00s)\n"}
{"Time":"2026-09-10T08:24:13.9719596-04:00","Action":"pass","Package":"github.com/QuantumNous/new-api/controller","Test":"TestNewAPIChannelRegistration","Elapsed":0}
{"Time":"2026-09-10T08:24:13.9719596-04:00","Action":"run","Package":"github.com/QuantumNous/new-api/controller","Test":"TestVercelChannelRegistration"}
{"Time":"2026-09-10T08:24:13.9719596-04:00","Action":"output","Package":"github.com/QuantumNous/new-api/controller","Test":"TestVercelChannelRegistration","Output":"=== RUN   TestVercelChannelRegistration\n"}
{"Time":"2026-09-10T08:24:13.9719596-04:00","Action":"output","Package":"github.com/QuantumNous/new-api/controller","Test":"TestVercelChannelRegistration","Output":"--- PASS: TestVercelChannelRegistration (0.00s)\n"}
{"Time":"2026-09-10T08:24:13.9719596-04:00","Action":"pass","Package":"github.com/QuantumNous/new-api/controller","Test":"TestVercelChannelRegistration","Elapsed":0}
{"Time":"2026-09-10T08:24:13.9719596-04:00","Action":"run","Package":"github.com/QuantumNous/new-api/controller","Test":"TestResponsesCompactAPITypeSupport"}
{"Time":"2026-09-10T08:24:13.9719596-04:00","Action":"output","Package":"github.com/QuantumNous/new-api/controller","Test":"TestResponsesCompactAPITypeSupport","Output":"=== RUN   TestResponsesCompactAPITypeSupport\n"}
{"Time":"2026-09-10T08:24:13.9719596-04:00","Action":"run","Package":"github.com/QuantumNous/new-api/controller","Test":"TestResponsesCompactAPITypeSupport/OpenAI"}
{"Time":"2026-09-10T08:24:13.9719596-04:00","Action":"output","Package":"github.com/QuantumNous/new-api/controller","Test":"TestResponsesCompactAPITypeSupport/OpenAI","Output":"=== RUN   TestResponsesCompactAPITypeSupport/OpenAI\n"}
{"Time":"2026-09-10T08:24:13.9719596-04:00","Action":"output","Package":"github.com/QuantumNous/new-api/controller","Test":"TestResponsesCompactAPITypeSupport/OpenAI","Output":"--- PASS: TestResponsesCompactAPITypeSupport/OpenAI (0.00s)\n"}
{"Time":"2026-09-10T08:24:13.9719596-04:00","Action":"pass","Package":"github.com/QuantumNous/new-api/controller","Test":"TestResponsesCompactAPITypeSupport/OpenAI","Elapsed":0}
{"Time":"2026-09-10T08:24:13.9719596-04:00","Action":"run","Package":"github.com/QuantumNous/new-api/controller","Test":"TestResponsesCompactAPITypeSupport/Codex"}
{"Time":"2026-09-10T08:24:13.9719596-04:00","Action":"output","Package":"github.com/QuantumNous/new-api/controller","Test":"TestResponsesCompactAPITypeSupport/Codex","Output":"=== RUN   TestResponsesCompactAPITypeSupport/Codex\n"}
{"Time":"2026-09-10T08:24:13.9719596-04:00","Action":"output","Package":"github.com/QuantumNous/new-api/controller","Test":"TestResponsesCompactAPITypeSupport/Codex","Output":"--- PASS: TestResponsesCompactAPITypeSupport/Codex (0.00s)\n"}
{"Time":"2026-09-10T08:24:13.9719596-04:00","Action":"pass","Package":"github.com/QuantumNous/new-api/controller","Test":"TestResponsesCompactAPITypeSupport/Codex","Elapsed":0}
{"Time":"2026-09-10T08:24:13.9719596-04:00","Action":"run","Package":"github.com/QuantumNous/new-api/controller","Test":"TestResponsesCompactAPITypeSupport/Advanced_Custom"}
{"Time":"2026-09-10T08:24:13.9719596-04:00","Action":"output","Package":"github.com/QuantumNous/new-api/controller","Test":"TestResponsesCompactAPITypeSupport/Advanced_Custom","Output":"=== RUN   TestResponsesCompactAPITypeSupport/Advanced_Custom\n"}
{"Time":"2026-09-10T08:24:13.9724835-04:00","Action":"output","Package":"github.com/QuantumNous/new-api/controller","Test":"TestResponsesCompactAPITypeSupport/Advanced_Custom","Output":"--- PASS: TestResponsesCompactAPITypeSupport/Advanced_Custom (0.00s)\n"}
{"Time":"2026-09-10T08:24:13.9724835-04:00","Action":"pass","Package":"github.com/QuantumNous/new-api/controller","Test":"TestResponsesCompactAPITypeSupport/Advanced_Custom","Elapsed":0}
{"Time":"2026-09-10T08:24:13.9724835-04:00","Action":"run","Package":"github.com/QuantumNous/new-api/controller","Test":"TestResponsesCompactAPITypeSupport/Sub2API"}
{"Time":"2026-09-10T08:24:13.9724835-04:00","Action":"output","Package":"github.com/QuantumNous/new-api/controller","Test":"TestResponsesCompactAPITypeSupport/Sub2API","Output":"=== RUN   TestResponsesCompactAPITypeSupport/Sub2API\n"}
{"Time":"2026-09-10T08:24:13.9724835-04:00","Action":"output","Package":"github.com/QuantumNous/new-api/controller","Test":"TestResponsesCompactAPITypeSupport/Sub2API","Output":"--- PASS: TestResponsesCompactAPITypeSupport/Sub2API (0.00s)\n"}
{"Time":"2026-09-10T08:24:13.9724835-04:00","Action":"pass","Package":"github.com/QuantumNous/new-api/controller","Test":"TestResponsesCompactAPITypeSupport/Sub2API","Elapsed":0}
{"Time":"2026-09-10T08:24:13.9724835-04:00","Action":"run","Package":"github.com/QuantumNous/new-api/controller","Test":"TestResponsesCompactAPITypeSupport/New_API"}
{"Time":"2026-09-10T08:24:13.9724835-04:00","Action":"output","Package":"github.com/QuantumNous/new-api/controller","Test":"TestResponsesCompactAPITypeSupport/New_API","Output":"=== RUN   TestResponsesCompactAPITypeSupport/New_API\n"}
{"Time":"2026-09-10T08:24:13.9724835-04:00","Action":"output","Package":"github.com/QuantumNous/new-api/controller","Test":"TestResponsesCompactAPITypeSupport/New_API","Output":"--- PASS: TestResponsesCompactAPITypeSupport/New_API (0.00s)\n"}
{"Time":"2026-09-10T08:24:13.9724835-04:00","Action":"pass","Package":"github.com/QuantumNous/new-api/controller","Test":"TestResponsesCompactAPITypeSupport/New_API","Elapsed":0}
{"Time":"2026-09-10T08:24:13.9724835-04:00","Action":"run","Package":"github.com/QuantumNous/new-api/controller","Test":"TestResponsesCompactAPITypeSupport/Anthropic"}
{"Time":"2026-09-10T08:24:13.9724835-04:00","Action":"output","Package":"github.com/QuantumNous/new-api/controller","Test":"TestResponsesCompactAPITypeSupport/Anthropic","Output":"=== RUN   TestResponsesCompactAPITypeSupport/Anthropic\n"}
{"Time":"2026-09-10T08:24:13.9724835-04:00","Action":"output","Package":"github.com/QuantumNous/new-api/controller","Test":"TestResponsesCompactAPITypeSupport/Anthropic","Output":"--- PASS: TestResponsesCompactAPITypeSupport/Anthropic (0.00s)\n"}
{"Time":"2026-09-10T08:24:13.9724835-04:00","Action":"pass","Package":"github.com/QuantumNous/new-api/controller","Test":"TestResponsesCompactAPITypeSupport/Anthropic","Elapsed":0}
{"Time":"2026-09-10T08:24:13.9724835-04:00","Action":"output","Package":"github.com/QuantumNous/new-api/controller","Test":"TestResponsesCompactAPITypeSupport","Output":"--- PASS: TestResponsesCompactAPITypeSupport (0.00s)\n"}
{"Time":"2026-09-10T08:24:13.9724835-04:00","Action":"pass","Package":"github.com/QuantumNous/new-api/controller","Test":"TestResponsesCompactAPITypeSupport","Elapsed":0}
{"Time":"2026-09-10T08:24:13.9724835-04:00","Action":"run","Package":"github.com/QuantumNous/new-api/controller","Test":"TestMultiprotocolGatewayEndpointTypes"}
{"Time":"2026-09-10T08:24:13.9724835-04:00","Action":"output","Package":"github.com/QuantumNous/new-api/controller","Test":"TestMultiprotocolGatewayEndpointTypes","Output":"=== RUN   TestMultiprotocolGatewayEndpointTypes\n"}
{"Time":"2026-09-10T08:24:13.9724835-04:00","Action":"output","Package":"github.com/QuantumNous/new-api/controller","Test":"TestMultiprotocolGatewayEndpointTypes","Output":"--- PASS: TestMultiprotocolGatewayEndpointTypes (0.00s)\n"}
{"Time":"2026-09-10T08:24:13.9724835-04:00","Action":"pass","Package":"github.com/QuantumNous/new-api/controller","Test":"TestMultiprotocolGatewayEndpointTypes","Elapsed":0}
{"Time":"2026-09-10T08:24:13.9724835-04:00","Action":"run","Package":"github.com/QuantumNous/new-api/controller","Test":"TestCopyChannelRejectsInvalidLegacyProxySettings"}
{"Time":"2026-09-10T08:24:13.9724835-04:00","Action":"output","Package":"github.com/QuantumNous/new-api/controller","Test":"TestCopyChannelRejectsInvalidLegacyProxySettings","Output":"=== RUN   TestCopyChannelRejectsInvalidLegacyProxySettings\n"}
{"Time":"2026-09-10T08:24:13.9724835-04:00","Action":"output","Package":"github.com/QuantumNous/new-api/controller","Test":"TestCopyChannelRejectsInvalidLegacyProxySettings","Output":"[SYS] 2026/09/10 - 08:24:13 | SQL_DSN not set, using SQLite as database \n"}
{"Time":"2026-09-10T08:24:13.9745637-04:00","Action":"output","Package":"github.com/QuantumNous/new-api/controller","Test":"TestCopyChannelRejectsInvalidLegacyProxySettings","Output":"[SYS] 2026/09/10 - 08:24:13 | failed to validate cloned channel: invalid channel proxy: proxy URL must not include a path \n"}
{"Time":"2026-09-10T08:24:13.9745637-04:00","Action":"output","Package":"github.com/QuantumNous/new-api/controller","Test":"TestCopyChannelRejectsInvalidLegacyProxySettings","Output":"--- PASS: TestCopyChannelRejectsInvalidLegacyProxySettings (0.00s)\n"}
{"Time":"2026-09-10T08:24:13.9745637-04:00","Action":"pass","Package":"github.com/QuantumNous/new-api/controller","Test":"TestCopyChannelRejectsInvalidLegacyProxySettings","Elapsed":0}
{"Time":"2026-09-10T08:24:13.9745637-04:00","Action":"run","Package":"github.com/QuantumNous/new-api/controller","Test":"TestDeleteChannelResetsProxyCacheWhenPreReadFails"}
{"Time":"2026-09-10T08:24:13.9745637-04:00","Action":"output","Package":"github.com/QuantumNous/new-api/controller","Test":"TestDeleteChannelResetsProxyCacheWhenPreReadFails","Output":"=== RUN   TestDeleteChannelResetsProxyCacheWhenPreReadFails\n"}
{"Time":"2026-09-10T08:24:13.9745637-04:00","Action":"output","Package":"github.com/QuantumNous/new-api/controller","Test":"TestDeleteChannelResetsProxyCacheWhenPreReadFails","Output":"[SYS] 2026/09/10 - 08:24:13 | SQL_DSN not set, using SQLite as database \n"}
{"Time":"2026-09-10T08:24:13.9771631-04:00","Action":"output","Package":"github.com/QuantumNous/new-api/controller","Test":"TestDeleteChannelResetsProxyCacheWhenPreReadFails","Output":"\r\n"}
{"Time":"2026-09-10T08:24:13.9771631-04:00","Action":"output","Package":"github.com/QuantumNous/new-api/controller","Test":"TestDeleteChannelResetsProxyCacheWhenPreReadFails","Output":"2026/09/10 08:24:13 \u001b[31;1mD:/10178/Projects/new-api-upstream-sync/model/channel.go:427 \u001b[35;1mrecord not found\n"}
{"Time":"2026-09-10T08:24:13.9771631-04:00","Action":"output","Package":"github.com/QuantumNous/new-api/controller","Test":"TestDeleteChannelResetsProxyCacheWhenPreReadFails","Output":"\u001b[0m\u001b[33m[0.516ms] \u001b[34;1m[rows:0]\u001b[0m SELECT `channels`.`id`,`channels`.`type`,`channels`.`open_ai_organization`,`channels`.`test_model`,`channels`.`status`,`channels`.`name`,`channels`.`weight`,`channels`.`created_time`,`channels`.`test_time`,`channels`.`response_time`,`channels`.`base_url`,`channels`.`other`,`channels`.`balance`,`channels`.`balance_updated_time`,`channels`.`models`,`channels`.`group`,`channels`.`used_quota`,`channels`.`model_mapping`,`channels`.`status_code_mapping`,`channels`.`priority`,`channels`.`auto_ban`,`channels`.`other_info`,`channels`.`tag`,`channels`.`setting`,`channels`.`param_override`,`channels`.`header_override`,`channels`.`remark`,`channels`.`channel_info`,`channels`.`settings`,`channels`.`auto_price_guard_id`,`channels`.`config_revision` FROM `channels` WHERE id = 999999 AND `channels`.`id` = 999999 ORDER BY `channels`.`id` LIMIT 1\n"}
{"Time":"2026-09-10T08:24:13.9771631-04:00","Action":"output","Package":"github.com/QuantumNous/new-api/controller","Test":"TestDeleteChannelResetsProxyCacheWhenPreReadFails","Output":"--- PASS: TestDeleteChannelResetsProxyCacheWhenPreReadFails (0.00s)\n"}
{"Time":"2026-09-10T08:24:13.9776828-04:00","Action":"pass","Package":"github.com/QuantumNous/new-api/controller","Test":"TestDeleteChannelResetsProxyCacheWhenPreReadFails","Elapsed":0}
{"Time":"2026-09-10T08:24:13.9776828-04:00","Action":"run","Package":"github.com/QuantumNous/new-api/controller","Test":"TestDeleteChannelBatchReportsAndAuditsActualDeletedCount"}
{"Time":"2026-09-10T08:24:13.9776828-04:00","Action":"output","Package":"github.com/QuantumNous/new-api/controller","Test":"TestDeleteChannelBatchReportsAndAuditsActualDeletedCount","Output":"=== RUN   TestDeleteChannelBatchReportsAndAuditsActualDeletedCount\n"}
{"Time":"2026-09-10T08:24:13.9776828-04:00","Action":"output","Package":"github.com/QuantumNous/new-api/controller","Test":"TestDeleteChannelBatchReportsAndAuditsActualDeletedCount","Output":"[SYS] 2026/09/10 - 08:24:13 | SQL_DSN not set, using SQLite as database \n"}
{"Time":"2026-09-10T08:24:13.9807931-04:00","Action":"output","Package":"github.com/QuantumNous/new-api/controller","Test":"TestDeleteChannelBatchReportsAndAuditsActualDeletedCount","Output":"--- PASS: TestDeleteChannelBatchReportsAndAuditsActualDeletedCount (0.00s)\n"}
{"Time":"2026-09-10T08:24:13.9807931-04:00","Action":"pass","Package":"github.com/QuantumNous/new-api/controller","Test":"TestDeleteChannelBatchReportsAndAuditsActualDeletedCount","Elapsed":0}
{"Time":"2026-09-10T08:24:13.9807931-04:00","Action":"run","Package":"github.com/QuantumNous/new-api/controller","Test":"TestSettleTestQuotaUsesTieredBilling"}
{"Time":"2026-09-10T08:24:13.9807931-04:00","Action":"output","Package":"github.com/QuantumNous/new-api/controller","Test":"TestSettleTestQuotaUsesTieredBilling","Output":"=== RUN   TestSettleTestQuotaUsesTieredBilling\n"}
{"Time":"2026-09-10T08:24:13.9813242-04:00","Action":"output","Package":"github.com/QuantumNous/new-api/controller","Test":"TestSettleTestQuotaUsesTieredBilling","Output":"--- PASS: TestSettleTestQuotaUsesTieredBilling (0.00s)\n"}
{"Time":"2026-09-10T08:24:13.9813242-04:00","Action":"pass","Package":"github.com/QuantumNous/new-api/controller","Test":"TestSettleTestQuotaUsesTieredBilling","Elapsed":0}
{"Time":"2026-09-10T08:24:13.9813242-04:00","Action":"run","Package":"github.com/QuantumNous/new-api/controller","Test":"TestBuildTestLogOtherInjectsTieredInfo"}
{"Time":"2026-09-10T08:24:13.9813242-04:00","Action":"output","Package":"github.com/QuantumNous/new-api/controller","Test":"TestBuildTestLogOtherInjectsTieredInfo","Output":"=== RUN   TestBuildTestLogOtherInjectsTieredInfo\n"}
{"Time":"2026-09-10T08:24:13.9813242-04:00","Action":"output","Package":"github.com/QuantumNous/new-api/controller","Test":"TestBuildTestLogOtherInjectsTieredInfo","Output":"--- PASS: TestBuildTestLogOtherInjectsTieredInfo (0.00s)\n"}
{"Time":"2026-09-10T08:24:13.9813242-04:00","Action":"pass","Package":"github.com/QuantumNous/new-api/controller","Test":"TestBuildTestLogOtherInjectsTieredInfo","Elapsed":0}
{"Time":"2026-09-10T08:24:13.981904-04:00","Action":"run","Package":"github.com/QuantumNous/new-api/controller","Test":"TestResolveChannelTestUserIDUsesRequestUser"}
{"Time":"2026-09-10T08:24:13.981904-04:00","Action":"output","Package":"github.com/QuantumNous/new-api/controller","Test":"TestResolveChannelTestUserIDUsesRequestUser","Output":"=== RUN   TestResolveChannelTestUserIDUsesRequestUser\n"}
{"Time":"2026-09-10T08:24:13.981904-04:00","Action":"output","Package":"github.com/QuantumNous/new-api/controller","Test":"TestResolveChannelTestUserIDUsesRequestUser","Output":"--- PASS: TestResolveChannelTestUserIDUsesRequestUser (0.00s)\n"}
{"Time":"2026-09-10T08:24:13.981904-04:00","Action":"pass","Package":"github.com/QuantumNous/new-api/controller","Test":"TestResolveChannelTestUserIDUsesRequestUser","Elapsed":0}
{"Time":"2026-09-10T08:24:13.981904-04:00","Action":"run","Package":"github.com/QuantumNous/new-api/controller","Test":"TestSelectChannelsForAutomaticTestPassiveRecoveryOnlyUsesAutoDisabled"}
{"Time":"2026-09-10T08:24:13.981904-04:00","Action":"output","Package":"github.com/QuantumNous/new-api/controller","Test":"TestSelectChannelsForAutomaticTestPassiveRecoveryOnlyUsesAutoDisabled","Output":"=== RUN   TestSelectChannelsForAutomaticTestPassiveRecoveryOnlyUsesAutoDisabled\n"}
{"Time":"2026-09-10T08:24:13.981904-04:00","Action":"output","Package":"github.com/QuantumNous/new-api/controller","Test":"TestSelectChannelsForAutomaticTestPassiveRecoveryOnlyUsesAutoDisabled","Output":"--- PASS: TestSelectChannelsForAutomaticTestPassiveRecoveryOnlyUsesAutoDisabled (0.00s)\n"}
{"Time":"2026-09-10T08:24:13.981904-04:00","Action":"pass","Package":"github.com/QuantumNous/new-api/controller","Test":"TestSelectChannelsForAutomaticTestPassiveRecoveryOnlyUsesAutoDisabled","Elapsed":0}
{"Time":"2026-09-10T08:24:13.981904-04:00","Action":"run","Package":"github.com/QuantumNous/new-api/controller","Test":"TestSelectChannelsForAutomaticTestScheduledSkipsManualDisabled"}
{"Time":"2026-09-10T08:24:13.981904-04:00","Action":"output","Package":"github.com/QuantumNous/new-api/controller","Test":"TestSelectChannelsForAutomaticTestScheduledSkipsManualDisabled","Output":"=== RUN   TestSelectChannelsForAutomaticTestScheduledSkipsManualDisabled\n"}
{"Time":"2026-09-10T08:24:13.981904-04:00","Action":"output","Package":"github.com/QuantumNous/new-api/controller","Test":"TestSelectChannelsForAutomaticTestScheduledSkipsManualDisabled","Output":"--- PASS: TestSelectChannelsForAutomaticTestScheduledSkipsManualDisabled (0.00s)\n"}
{"Time":"2026-09-10T08:24:13.981904-04:00","Action":"pass","Package":"github.com/QuantumNous/new-api/controller","Test":"TestSelectChannelsForAutomaticTestScheduledSkipsManualDisabled","Elapsed":0}
{"Time":"2026-09-10T08:24:13.981904-04:00","Action":"run","Package":"github.com/QuantumNous/new-api/controller","Test":"TestTestAllChannelsRejectsExistingActiveTask"}
{"Time":"2026-09-10T08:24:13.981904-04:00","Action":"output","Package":"github.com/QuantumNous/new-api/controller","Test":"TestTestAllChannelsRejectsExistingActiveTask","Output":"=== RUN   TestTestAllChannelsRejectsExistingActiveTask\n"}
{"Time":"2026-09-10T08:24:13.981904-04:00","Action":"output","Package":"github.com/QuantumNous/new-api/controller","Test":"TestTestAllChannelsRejectsExistingActiveTask","Output":"[SYS] 2026/09/10 - 08:24:13 | SQL_DSN not set, using SQLite as database \n"}
{"Time":"2026-09-10T08:24:13.9845433-04:00","Action":"output","Package":"github.com/QuantumNous/new-api/controller","Test":"TestTestAllChannelsRejectsExistingActiveTask","Output":"--- PASS: TestTestAllChannelsRejectsExistingActiveTask (0.00s)\n"}
{"Time":"2026-09-10T08:24:13.9845433-04:00","Action":"pass","Package":"github.com/QuantumNous/new-api/controller","Test":"TestTestAllChannelsRejectsExistingActiveTask","Elapsed":0}
{"Time":"2026-09-10T08:24:13.9845433-04:00","Action":"run","Package":"github.com/QuantumNous/new-api/controller","Test":"TestChannelProbeForwardsAllConversationProtocols"}
{"Time":"2026-09-10T08:24:13.9845433-04:00","Action":"output","Package":"github.com/QuantumNous/new-api/controller","Test":"TestChannelProbeForwardsAllConversationProtocols","Output":"=== RUN   TestChannelProbeForwardsAllConversationProtocols\n"}
{"Time":"2026-09-10T08:24:13.9845433-04:00","Action":"output","Package":"github.com/QuantumNous/new-api/controller","Test":"TestChannelProbeForwardsAllConversationProtocols","Output":"[SYS] 2026/09/10 - 08:24:13 | SQL_DSN not set, using SQLite as database \n"}
{"Time":"2026-09-10T08:24:13.9871623-04:00","Action":"run","Package":"github.com/QuantumNous/new-api/controller","Test":"TestChannelProbeForwardsAllConversationProtocols/openai/basic/json/native"}
{"Time":"2026-09-10T08:24:13.9871623-04:00","Action":"output","Package":"github.com/QuantumNous/new-api/controller","Test":"TestChannelProbeForwardsAllConversationProtocols/openai/basic/json/native","Output":"=== RUN   TestChannelProbeForwardsAllConversationProtocols/openai/basic/json/native\n"}
{"Time":"2026-09-10T08:24:13.987693-04:00","Action":"output","Package":"github.com/QuantumNous/new-api/controller","Test":"TestChannelProbeForwardsAllConversationProtocols/openai/basic/json/native","Output":"[SYS] 2026/09/10 - 08:24:13 | testing channel 9112 with model gpt-4o , info RelayInfo{ RelayFormat: openai, RelayMode: 1, IsStream: false, IsPlayground: false, RequestURLPath: \"/v1/chat/completions\", OriginModelName: \"gpt-4o\", EstimatePromptTokens: 0, ShouldIncludeUsage: false, DisablePing: false, SendResponseCount: 0, FinalPreConsumedQuota: 0, User{ Id: 9111, Email: \"***masked***\", Group: \"default\", UsingGroup: \"default\", Quota: 1000000 }, Token{ Id: 0, Unlimited: false, Key: ***masked*** }, Timing{ Start: 2026-09-10T08:24:13.987693-04:00, FirstResponse: 2026-09-10T08:24:12.987693-04:00, LatencyMs: -1000 }, ChannelMeta{ Type: 1, Id: 9112, IsMultiKey: false, MultiKeyIndex: 0, BaseURL: \"http://127.0.0.1:3372\", ApiType: 0, ApiVersion: \"\", Organization: \"\", CreateTime: 0, UpstreamModelName: \"gpt-4o\", IsModelMapped: false, SupportStreamOptions: true, ApiKey: ***masked*** }, }  \n"}
{"Time":"2026-09-10T08:24:13.9882129-04:00","Action":"output","Package":"github.com/QuantumNous/new-api/controller","Test":"TestChannelProbeForwardsAllConversationProtocols/openai/basic/json/native","Output":"[INFO] 2026/09/10 - 08:24:13 | SYSTEM | record consume log: userId=9111, params={\"channel_id\":9112,\"prompt_tokens\":10,\"completion_tokens\":2,\"model_name\":\"gpt-4o\",\"token_name\":\"模型测试\",\"quota\":18,\"content\":\"模型测试\",\"token_id\":0,\"use_time_seconds\":0,\"is_stream\":false,\"group\":\"default\",\"other\":{\"admin_info\":{\"use_channel\":null},\"cache_ratio\":1,\"cache_tokens\":0,\"completion_ratio\":4,\"frt\":-1000,\"group_ratio\":1,\"model_price\":-1,\"model_ratio\":1,\"request_conversion\":[\"OpenAI Compatible\"],\"request_path\":\"/v1/chat/completions\",\"user_group_ratio\":-1}} \n"}
{"Time":"2026-09-10T08:24:13.9882129-04:00","Action":"output","Package":"github.com/QuantumNous/new-api/controller","Test":"TestChannelProbeForwardsAllConversationProtocols/openai/basic/json/native","Output":"[SYS] 2026/09/10 - 08:24:13 | testing channel #9112 completed \n"}
{"Time":"2026-09-10T08:24:13.9887355-04:00","Action":"output","Package":"github.com/QuantumNous/new-api/controller","Test":"TestChannelProbeForwardsAllConversationProtocols/openai/basic/json/native","Output":"--- PASS: TestChannelProbeForwardsAllConversationProtocols/openai/basic/json/native (0.00s)\n"}
{"Time":"2026-09-10T08:24:13.9887355-04:00","Action":"pass","Package":"github.com/QuantumNous/new-api/controller","Test":"TestChannelProbeForwardsAllConversationProtocols/openai/basic/json/native","Elapsed":0}
{"Time":"2026-09-10T08:24:13.9887355-04:00","Action":"run","Package":"github.com/QuantumNous/new-api/controller","Test":"TestChannelProbeForwardsAllConversationProtocols/openai/basic/json/custom"}
{"Time":"2026-09-10T08:24:13.9887355-04:00","Action":"output","Package":"github.com/QuantumNous/new-api/controller","Test":"TestChannelProbeForwardsAllConversationProtocols/openai/basic/json/custom","Output":"=== RUN   TestChannelProbeForwardsAllConversationProtocols/openai/basic/json/custom\n"}
{"Time":"2026-09-10T08:24:13.9892456-04:00","Action":"output","Package":"github.com/QuantumNous/new-api/controller","Test":"TestChannelProbeForwardsAllConversationProtocols/openai/basic/json/custom","Output":"[SYS] 2026/09/10 - 08:24:13 | testing channel 9112 with model gpt-4o , info RelayInfo{ RelayFormat: openai, RelayMode: 1, IsStream: false, IsPlayground: false, RequestURLPath: \"/v1/chat/completions\", OriginModelName: \"gpt-4o\", EstimatePromptTokens: 0, ShouldIncludeUsage: false, DisablePing: false, SendResponseCount: 0, FinalPreConsumedQuota: 0, User{ Id: 9111, Email: \"***masked***\", Group: \"default\", UsingGroup: \"default\", Quota: 1000000 }, Token{ Id: 0, Unlimited: false, Key: ***masked*** }, Timing{ Start: 2026-09-10T08:24:13.9892456-04:00, FirstResponse: 2026-09-10T08:24:12.9892456-04:00, LatencyMs: -1000 }, ChannelMeta{ Type: 58, Id: 9112, IsMultiKey: false, MultiKeyIndex: 0, BaseURL: \"http://127.0.0.1:3374\", ApiType: 35, ApiVersion: \"\", Organization: \"\", CreateTime: 0, UpstreamModelName: \"gpt-4o\", IsModelMapped: false, SupportStreamOptions: true, ApiKey: ***masked*** }, }  \n"}
{"Time":"2026-09-10T08:24:13.9897675-04:00","Action":"output","Package":"github.com/QuantumNous/new-api/controller","Test":"TestChannelProbeForwardsAllConversationProtocols/openai/basic/json/custom","Output":"[INFO] 2026/09/10 - 08:24:13 | SYSTEM | record consume log: userId=9111, params={\"channel_id\":9112,\"prompt_tokens\":10,\"completion_tokens\":2,\"model_name\":\"gpt-4o\",\"token_name\":\"模型测试\",\"quota\":18,\"content\":\"模型测试\",\"token_id\":0,\"use_time_seconds\":0,\"is_stream\":false,\"group\":\"default\",\"other\":{\"admin_info\":{\"use_channel\":null},\"cache_ratio\":1,\"cache_tokens\":0,\"completion_ratio\":4,\"frt\":-1000,\"group_ratio\":1,\"model_price\":-1,\"model_ratio\":1,\"request_conversion\":[\"OpenAI Compatible\"],\"request_path\":\"/v1/chat/completions\",\"user_group_ratio\":-1}} \n"}
{"Time":"2026-09-10T08:24:13.9897675-04:00","Action":"output","Package":"github.com/QuantumNous/new-api/controller","Test":"TestChannelProbeForwardsAllConversationProtocols/openai/basic/json/custom","Output":"[SYS] 2026/09/10 - 08:24:13 | testing channel #9112 completed \n"}
{"Time":"2026-09-10T08:24:13.9902854-04:00","Action":"output","Package":"github.com/QuantumNous/new-api/controller","Test":"TestChannelProbeForwardsAllConversationProtocols/openai/basic/json/custom","Output":"--- PASS: TestChannelProbeForwardsAllConversationProtocols/openai/basic/json/custom (0.00s)\n"}
{"Time":"2026-09-10T08:24:13.9902854-04:00","Action":"pass","Package":"github.com/QuantumNous/new-api/controller","Test":"TestChannelProbeForwardsAllConversationProtocols/openai/basic/json/custom","Elapsed":0}
{"Time":"2026-09-10T08:24:13.9902854-04:00","Action":"run","Package":"github.com/QuantumNous/new-api/controller","Test":"TestChannelProbeForwardsAllConversationProtocols/openai/basic/stream/native"}
{"Time":"2026-09-10T08:24:13.9902854-04:00","Action":"output","Package":"github.com/QuantumNous/new-api/controller","Test":"TestChannelProbeForwardsAllConversationProtocols/openai/basic/stream/native","Output":"=== RUN   TestChannelProbeForwardsAllConversationProtocols/openai/basic/stream/native\n"}
{"Time":"2026-09-10T08:24:13.9902854-04:00","Action":"output","Package":"github.com/QuantumNous/new-api/controller","Test":"TestChannelProbeForwardsAllConversationProtocols/openai/basic/stream/native","Output":"[SYS] 2026/09/10 - 08:24:13 | testing channel 9112 with model gpt-4o , info RelayInfo{ RelayFormat: openai, RelayMode: 1, IsStream: true, IsPlayground: false, RequestURLPath: \"/v1/chat/completions\", OriginModelName: \"gpt-4o\", EstimatePromptTokens: 0, ShouldIncludeUsage: false, DisablePing: false, SendResponseCount: 0, FinalPreConsumedQuota: 0, User{ Id: 9111, Email: \"***masked***\", Group: \"default\", UsingGroup: \"default\", Quota: 1000000 }, Token{ Id: 0, Unlimited: false, Key: ***masked*** }, Timing{ Start: 2026-09-10T08:24:13.9902854-04:00, FirstResponse: 2026-09-10T08:24:12.9902854-04:00, LatencyMs: -1000 }, ChannelMeta{ Type: 1, Id: 9112, IsMultiKey: false, MultiKeyIndex: 0, BaseURL: \"http://127.0.0.1:3376\", ApiType: 0, ApiVersion: \"\", Organization: \"\", CreateTime: 0, UpstreamModelName: \"gpt-4o\", IsModelMapped: false, SupportStreamOptions: true, ApiKey: ***masked*** }, }  \n"}
{"Time":"2026-09-10T08:24:13.9908044-04:00","Action":"output","Package":"github.com/QuantumNous/new-api/controller","Test":"TestChannelProbeForwardsAllConversationProtocols/openai/basic/stream/native","Output":"[INFO] 2026/09/10 - 08:24:13 | SYSTEM | stream ended: reason=done \n"}
{"Time":"2026-09-10T08:24:13.9908044-04:00","Action":"output","Package":"github.com/QuantumNous/new-api/controller","Test":"TestChannelProbeForwardsAllConversationProtocols/openai/basic/stream/native","Output":"[INFO] 2026/09/10 - 08:24:13 | SYSTEM | record consume log: userId=9111, params={\"channel_id\":9112,\"prompt_tokens\":10,\"completion_tokens\":2,\"model_name\":\"gpt-4o\",\"token_name\":\"模型测试\",\"quota\":18,\"content\":\"模型测试\",\"token_id\":0,\"use_time_seconds\":0,\"is_stream\":true,\"group\":\"default\",\"other\":{\"admin_info\":{\"use_channel\":null},\"cache_ratio\":1,\"cache_tokens\":0,\"completion_ratio\":4,\"frt\":0,\"group_ratio\":1,\"model_price\":-1,\"model_ratio\":1,\"request_conversion\":[\"OpenAI Compatible\"],\"request_path\":\"/v1/chat/completions\",\"stream_status\":{\"end_reason\":\"done\",\"status\":\"ok\"},\"user_group_ratio\":-1}} \n"}
{"Time":"2026-09-10T08:24:13.9913208-04:00","Action":"output","Package":"github.com/QuantumNous/new-api/controller","Test":"TestChannelProbeForwardsAllConversationProtocols/openai/basic/stream/native","Output":"[SYS] 2026/09/10 - 08:24:13 | testing channel #9112 completed \n"}
{"Time":"2026-09-10T08:24:13.9913208-04:00","Action":"output","Package":"github.com/QuantumNous/new-api/controller","Test":"TestChannelProbeForwardsAllConversationProtocols/openai/basic/stream/native","Output":"--- PASS: TestChannelProbeForwardsAllConversationProtocols/openai/basic/stream/native (0.00s)\n"}
{"Time":"2026-09-10T08:24:13.9913208-04:00","Action":"pass","Package":"github.com/QuantumNous/new-api/controller","Test":"TestChannelProbeForwardsAllConversationProtocols/openai/basic/stream/native","Elapsed":0}
{"Time":"2026-09-10T08:24:13.9913208-04:00","Action":"run","Package":"github.com/QuantumNous/new-api/controller","Test":"TestChannelProbeForwardsAllConversationProtocols/openai/basic/stream/custom"}
{"Time":"2026-09-10T08:24:13.9913208-04:00","Action":"output","Package":"github.com/QuantumNous/new-api/controller","Test":"TestChannelProbeForwardsAllConversationProtocols/openai/basic/stream/custom","Output":"=== RUN   TestChannelProbeForwardsAllConversationProtocols/openai/basic/stream/custom\n"}
{"Time":"2026-09-10T08:24:13.9918446-04:00","Action":"output","Package":"github.com/QuantumNous/new-api/controller","Test":"TestChannelProbeForwardsAllConversationProtocols/openai/basic/stream/custom","Output":"[SYS] 2026/09/10 - 08:24:13 | testing channel 9112 with model gpt-4o , info RelayInfo{ RelayFormat: openai, RelayMode: 1, IsStream: true, IsPlayground: false, RequestURLPath: \"/v1/chat/completions\", OriginModelName: \"gpt-4o\", EstimatePromptTokens: 0, ShouldIncludeUsage: false, DisablePing: false, SendResponseCount: 0, FinalPreConsumedQuota: 0, User{ Id: 9111, Email: \"***masked***\", Group: \"default\", UsingGroup: \"default\", Quota: 1000000 }, Token{ Id: 0, Unlimited: false, Key: ***masked*** }, Timing{ Start: 2026-09-10T08:24:13.9918446-04:00, FirstResponse: 2026-09-10T08:24:12.9918446-04:00, LatencyMs: -1000 }, ChannelMeta{ Type: 58, Id: 9112, IsMultiKey: false, MultiKeyIndex: 0, BaseURL: \"http://127.0.0.1:3378\", ApiType: 35, ApiVersion: \"\", Organization: \"\", CreateTime: 0, UpstreamModelName: \"gpt-4o\", IsModelMapped: false, SupportStreamOptions: true, ApiKey: ***masked*** }, }  \n"}
{"Time":"2026-09-10T08:24:13.9923629-04:00","Action":"output","Package":"github.com/QuantumNous/new-api/controller","Test":"TestChannelProbeForwardsAllConversationProtocols/openai/basic/stream/custom","Output":"[INFO] 2026/09/10 - 08:24:13 | SYSTEM | stream ended: reason=done \n"}
{"Time":"2026-09-10T08:24:13.9923629-04:00","Action":"output","Package":"github.com/QuantumNous/new-api/controller","Test":"TestChannelProbeForwardsAllConversationProtocols/openai/basic/stream/custom","Output":"[INFO] 2026/09/10 - 08:24:13 | SYSTEM | record consume log: userId=9111, params={\"channel_id\":9112,\"prompt_tokens\":10,\"completion_tokens\":2,\"model_name\":\"gpt-4o\",\"token_name\":\"模型测试\",\"quota\":18,\"content\":\"模型测试\",\"token_id\":0,\"use_time_seconds\":0,\"is_stream\":true,\"group\":\"default\",\"other\":{\"admin_info\":{\"use_channel\":null},\"cache_ratio\":1,\"cache_tokens\":0,\"completion_ratio\":4,\"frt\":1,\"group_ratio\":1,\"model_price\":-1,\"model_ratio\":1,\"request_conversion\":[\"OpenAI Compatible\"],\"request_path\":\"/v1/chat/completions\",\"stream_status\":{\"end_reason\":\"done\",\"status\":\"ok\"},\"user_group_ratio\":-1}} \n"}
{"Time":"2026-09-10T08:24:13.9923629-04:00","Action":"output","Package":"github.com/QuantumNous/new-api/controller","Test":"TestChannelProbeForwardsAllConversationProtocols/openai/basic/stream/custom","Output":"[SYS] 2026/09/10 - 08:24:13 | testing channel #9112 completed \n"}
{"Time":"2026-09-10T08:24:13.99288-04:00","Action":"output","Package":"github.com/QuantumNous/new-api/controller","Test":"TestChannelProbeForwardsAllConversationProtocols/openai/basic/stream/custom","Output":"--- PASS: TestChannelProbeForwardsAllConversationProtocols/openai/basic/stream/custom (0.00s)\n"}
{"Time":"2026-09-10T08:24:13.99288-04:00","Action":"pass","Package":"github.com/QuantumNous/new-api/controller","Test":"TestChannelProbeForwardsAllConversationProtocols/openai/basic/stream/custom","Elapsed":0}
{"Time":"2026-09-10T08:24:13.99288-04:00","Action":"run","Package":"github.com/QuantumNous/new-api/controller","Test":"TestChannelProbeForwardsAllConversationProtocols/openai/tool_call/json/native"}
{"Time":"2026-09-10T08:24:13.99288-04:00","Action":"output","Package":"github.com/QuantumNous/new-api/controller","Test":"TestChannelProbeForwardsAllConversationProtocols/openai/tool_call/json/native","Output":"=== RUN   TestChannelProbeForwardsAllConversationProtocols/openai/tool_call/json/native\n"}
{"Time":"2026-09-10T08:24:13.9934014-04:00","Action":"output","Package":"github.com/QuantumNous/new-api/controller","Test":"TestChannelProbeForwardsAllConversationProtocols/openai/tool_call/json/native","Output":"[SYS] 2026/09/10 - 08:24:13 | testing channel 9112 with model gpt-4o , info RelayInfo{ RelayFormat: openai, RelayMode: 1, IsStream: false, IsPlayground: false, RequestURLPath: \"/v1/chat/completions\", OriginModelName: \"gpt-4o\", EstimatePromptTokens: 0, ShouldIncludeUsage: false, DisablePing: false, SendResponseCount: 0, FinalPreConsumedQuota: 0, User{ Id: 9111, Email: \"***masked***\", Group: \"default\", UsingGroup: \"default\", Quota: 1000000 }, Token{ Id: 0, Unlimited: false, Key: ***masked*** }, Timing{ Start: 2026-09-10T08:24:13.9934014-04:00, FirstResponse: 2026-09-10T08:24:12.9934014-04:00, LatencyMs: -1000 }, ChannelMeta{ Type: 1, Id: 9112, IsMultiKey: false, MultiKeyIndex: 0, BaseURL: \"http://127.0.0.1:3380\", ApiType: 0, ApiVersion: \"\", Organization: \"\", CreateTime: 0, UpstreamModelName: \"gpt-4o\", IsModelMapped: false, SupportStreamOptions: true, ApiKey: ***masked*** }, }  \n"}
{"Time":"2026-09-10T08:24:13.9939207-04:00","Action":"output","Package":"github.com/QuantumNous/new-api/controller","Test":"TestChannelProbeForwardsAllConversationProtocols/openai/tool_call/json/native","Output":"[INFO] 2026/09/10 - 08:24:13 | SYSTEM | record consume log: userId=9111, params={\"channel_id\":9112,\"prompt_tokens\":10,\"completion_tokens\":8,\"model_name\":\"gpt-4o\",\"token_name\":\"模型测试\",\"quota\":42,\"content\":\"模型测试\",\"token_id\":0,\"use_time_seconds\":0,\"is_stream\":false,\"group\":\"default\",\"other\":{\"admin_info\":{\"use_channel\":null},\"cache_ratio\":1,\"cache_tokens\":0,\"completion_ratio\":4,\"frt\":-1000,\"group_ratio\":1,\"model_price\":-1,\"model_ratio\":1,\"request_conversion\":[\"OpenAI Compatible\"],\"request_path\":\"/v1/chat/completions\",\"user_group_ratio\":-1}} \n"}
{"Time":"2026-09-10T08:24:13.9939207-04:00","Action":"output","Package":"github.com/QuantumNous/new-api/controller","Test":"TestChannelProbeForwardsAllConversationProtocols/openai/tool_call/json/native","Output":"[SYS] 2026/09/10 - 08:24:13 | testing channel #9112 completed \n"}
{"Time":"2026-09-10T08:24:13.994438-04:00","Action":"output","Package":"github.com/QuantumNous/new-api/controller","Test":"TestChannelProbeForwardsAllConversationProtocols/openai/tool_call/json/native","Output":"--- PASS: TestChannelProbeForwardsAllConversationProtocols/openai/tool_call/json/native (0.00s)\n"}
{"Time":"2026-09-10T08:24:13.994438-04:00","Action":"pass","Package":"github.com/QuantumNous/new-api/controller","Test":"TestChannelProbeForwardsAllConversationProtocols/openai/tool_call/json/native","Elapsed":0}
{"Time":"2026-09-10T08:24:13.994438-04:00","Action":"run","Package":"github.com/QuantumNous/new-api/controller","Test":"TestChannelProbeForwardsAllConversationProtocols/openai/tool_call/json/custom"}
{"Time":"2026-09-10T08:24:13.994438-04:00","Action":"output","Package":"github.com/QuantumNous/new-api/controller","Test":"TestChannelProbeForwardsAllConversationProtocols/openai/tool_call/json/custom","Output":"=== RUN   TestChannelProbeForwardsAllConversationProtocols/openai/tool_call/json/custom\n"}
{"Time":"2026-09-10T08:24:13.994438-04:00","Action":"output","Package":"github.com/QuantumNous/new-api/controller","Test":"TestChannelProbeForwardsAllConversationProtocols/openai/tool_call/json/custom","Output":"[SYS] 2026/09/10 - 08:24:13 | testing channel 9112 with model gpt-4o , info RelayInfo{ RelayFormat: openai, RelayMode: 1, IsStream: false, IsPlayground: false, RequestURLPath: \"/v1/chat/completions\", OriginModelName: \"gpt-4o\", EstimatePromptTokens: 0, ShouldIncludeUsage: false, DisablePing: false, SendResponseCount: 0, FinalPreConsumedQuota: 0, User{ Id: 9111, Email: \"***masked***\", Group: \"default\", UsingGroup: \"default\", Quota: 1000000 }, Token{ Id: 0, Unlimited: false, Key: ***masked*** }, Timing{ Start: 2026-09-10T08:24:13.994438-04:00, FirstResponse: 2026-09-10T08:24:12.994438-04:00, LatencyMs: -1000 }, ChannelMeta{ Type: 58, Id: 9112, IsMultiKey: false, MultiKeyIndex: 0, BaseURL: \"http://127.0.0.1:3383\", ApiType: 35, ApiVersion: \"\", Organization: \"\", CreateTime: 0, UpstreamModelName: \"gpt-4o\", IsModelMapped: false, SupportStreamOptions: true, ApiKey: ***masked*** }, }  \n"}
{"Time":"2026-09-10T08:24:13.9949572-04:00","Action":"output","Package":"github.com/QuantumNous/new-api/controller","Test":"TestChannelProbeForwardsAllConversationProtocols/openai/tool_call/json/custom","Output":"[INFO] 2026/09/10 - 08:24:13 | SYSTEM | record consume log: userId=9111, params={\"channel_id\":9112,\"prompt_tokens\":10,\"completion_tokens\":8,\"model_name\":\"gpt-4o\",\"token_name\":\"模型测试\",\"quota\":42,\"content\":\"模型测试\",\"token_id\":0,\"use_time_seconds\":0,\"is_stream\":false,\"group\":\"default\",\"other\":{\"admin_info\":{\"use_channel\":null},\"cache_ratio\":1,\"cache_tokens\":0,\"completion_ratio\":4,\"frt\":-1000,\"group_ratio\":1,\"model_price\":-1,\"model_ratio\":1,\"request_conversion\":[\"OpenAI Compatible\"],\"request_path\":\"/v1/chat/completions\",\"user_group_ratio\":-1}} \n"}
{"Time":"2026-09-10T08:24:13.9949572-04:00","Action":"output","Package":"github.com/QuantumNous/new-api/controller","Test":"TestChannelProbeForwardsAllConversationProtocols/openai/tool_call/json/custom","Output":"[SYS] 2026/09/10 - 08:24:13 | testing channel #9112 completed \n"}
{"Time":"2026-09-10T08:24:13.9955442-04:00","Action":"output","Package":"github.com/QuantumNous/new-api/controller","Test":"TestChannelProbeForwardsAllConversationProtocols/openai/tool_call/json/custom","Output":"--- PASS: TestChannelProbeForwardsAllConversationProtocols/openai/tool_call/json/custom (0.00s)\n"}
{"Time":"2026-09-10T08:24:13.9955442-04:00","Action":"pass","Package":"github.com/QuantumNous/new-api/controller","Test":"TestChannelProbeForwardsAllConversationProtocols/openai/tool_call/json/custom","Elapsed":0}
{"Time":"2026-09-10T08:24:13.9955442-04:00","Action":"run","Package":"github.com/QuantumNous/new-api/controller","Test":"TestChannelProbeForwardsAllConversationProtocols/openai/tool_call/stream/native"}
{"Time":"2026-09-10T08:24:13.9955442-04:00","Action":"output","Package":"github.com/QuantumNous/new-api/controller","Test":"TestChannelProbeForwardsAllConversationProtocols/openai/tool_call/stream/native","Output":"=== RUN   TestChannelProbeForwardsAllConversationProtocols/openai/tool_call/stream/native\n"}
{"Time":"2026-09-10T08:24:13.9955442-04:00","Action":"output","Package":"github.com/QuantumNous/new-api/controller","Test":"TestChannelProbeForwardsAllConversationProtocols/openai/tool_call/stream/native","Output":"[SYS] 2026/09/10 - 08:24:13 | testing channel 9112 with model gpt-4o , info RelayInfo{ RelayFormat: openai, RelayMode: 1, IsStream: true, IsPlayground: false, RequestURLPath: \"/v1/chat/completions\", OriginModelName: \"gpt-4o\", EstimatePromptTokens: 0, ShouldIncludeUsage: false, DisablePing: false, SendResponseCount: 0, FinalPreConsumedQuota: 0, User{ Id: 9111, Email: \"***masked***\", Group: \"default\", UsingGroup: \"default\", Quota: 1000000 }, Token{ Id: 0, Unlimited: false, Key: ***masked*** }, Timing{ Start: 2026-09-10T08:24:13.9955442-04:00, FirstResponse: 2026-09-10T08:24:12.9955442-04:00, LatencyMs: -1000 }, ChannelMeta{ Type: 1, Id: 9112, IsMultiKey: false, MultiKeyIndex: 0, BaseURL: \"http://127.0.0.1:3385\", ApiType: 0, ApiVersion: \"\", Organization: \"\", CreateTime: 0, UpstreamModelName: \"gpt-4o\", IsModelMapped: false, SupportStreamOptions: true, ApiKey: ***masked*** }, }  \n"}
{"Time":"2026-09-10T08:24:13.9960597-04:00","Action":"output","Package":"github.com/QuantumNous/new-api/controller","Test":"TestChannelProbeForwardsAllConversationProtocols/openai/tool_call/stream/native","Output":"[INFO] 2026/09/10 - 08:24:13 | SYSTEM | stream ended: reason=done \n"}
{"Time":"2026-09-10T08:24:13.9960597-04:00","Action":"output","Package":"github.com/QuantumNous/new-api/controller","Test":"TestChannelProbeForwardsAllConversationProtocols/openai/tool_call/stream/native","Output":"[INFO] 2026/09/10 - 08:24:13 | SYSTEM | record consume log: userId=9111, params={\"channel_id\":9112,\"prompt_tokens\":10,\"completion_tokens\":8,\"model_name\":\"gpt-4o\",\"token_name\":\"模型测试\",\"quota\":42,\"content\":\"模型测试\",\"token_id\":0,\"use_time_seconds\":0,\"is_stream\":true,\"group\":\"default\",\"other\":{\"admin_info\":{\"use_channel\":null},\"cache_ratio\":1,\"cache_tokens\":0,\"completion_ratio\":4,\"frt\":1,\"group_ratio\":1,\"model_price\":-1,\"model_ratio\":1,\"request_conversion\":[\"OpenAI Compatible\"],\"request_path\":\"/v1/chat/completions\",\"stream_status\":{\"end_reason\":\"done\",\"status\":\"ok\"},\"user_group_ratio\":-1}} \n"}
{"Time":"2026-09-10T08:24:13.9965779-04:00","Action":"output","Package":"github.com/QuantumNous/new-api/controller","Test":"TestChannelProbeForwardsAllConversationProtocols/openai/tool_call/stream/native","Output":"[SYS] 2026/09/10 - 08:24:13 | testing channel #9112 completed \n"}
{"Time":"2026-09-10T08:24:13.9965779-04:00","Action":"output","Package":"github.com/QuantumNous/new-api/controller","Test":"TestChannelProbeForwardsAllConversationProtocols/openai/tool_call/stream/native","Output":"--- PASS: TestChannelProbeForwardsAllConversationProtocols/openai/tool_call/stream/native (0.00s)\n"}
{"Time":"2026-09-10T08:24:13.9965779-04:00","Action":"pass","Package":"github.com/QuantumNous/new-api/controller","Test":"TestChannelProbeForwardsAllConversationProtocols/openai/tool_call/stream/native","Elapsed":0}
{"Time":"2026-09-10T08:24:13.9965779-04:00","Action":"run","Package":"github.com/QuantumNous/new-api/controller","Test":"TestChannelProbeForwardsAllConversationProtocols/openai/tool_call/stream/custom"}
{"Time":"2026-09-10T08:24:13.9965779-04:00","Action":"output","Package":"github.com/QuantumNous/new-api/controller","Test":"TestChannelProbeForwardsAllConversationProtocols/openai/tool_call/stream/custom","Output":"=== RUN   TestChannelProbeForwardsAllConversationProtocols/openai/tool_call/stream/custom\n"}
{"Time":"2026-09-10T08:24:13.9970967-04:00","Action":"output","Package":"github.com/QuantumNous/new-api/controller","Test":"TestChannelProbeForwardsAllConversationProtocols/openai/tool_call/stream/custom","Output":"[SYS] 2026/09/10 - 08:24:13 | testing channel 9112 with model gpt-4o , info RelayInfo{ RelayFormat: openai, RelayMode: 1, IsStream: true, IsPlayground: false, RequestURLPath: \"/v1/chat/completions\", OriginModelName: \"gpt-4o\", EstimatePromptTokens: 0, ShouldIncludeUsage: false, DisablePing: false, SendResponseCount: 0, FinalPreConsumedQuota: 0, User{ Id: 9111, Email: \"***masked***\", Group: \"default\", UsingGroup: \"default\", Quota: 1000000 }, Token{ Id: 0, Unlimited: false, Key: ***masked*** }, Timing{ Start: 2026-09-10T08:24:13.9970967-04:00, FirstResponse: 2026-09-10T08:24:12.9970967-04:00, LatencyMs: -1000 }, ChannelMeta{ Type: 58, Id: 9112, IsMultiKey: false, MultiKeyIndex: 0, BaseURL: \"http://127.0.0.1:3387\", ApiType: 35, ApiVersion: \"\", Organization: \"\", CreateTime: 0, UpstreamModelName: \"gpt-4o\", IsModelMapped: false, SupportStreamOptions: true, ApiKey: ***masked*** }, }  \n"}
{"Time":"2026-09-10T08:24:13.9976176-04:00","Action":"output","Package":"github.com/QuantumNous/new-api/controller","Test":"TestChannelProbeForwardsAllConversationProtocols/openai/tool_call/stream/custom","Output":"[INFO] 2026/09/10 - 08:24:13 | SYSTEM | stream ended: reason=done \n"}
{"Time":"2026-09-10T08:24:13.9976176-04:00","Action":"output","Package":"github.com/QuantumNous/new-api/controller","Test":"TestChannelProbeForwardsAllConversationProtocols/openai/tool_call/stream/custom","Output":"[INFO] 2026/09/10 - 08:24:13 | SYSTEM | record consume log: userId=9111, params={\"channel_id\":9112,\"prompt_tokens\":10,\"completion_tokens\":8,\"model_name\":\"gpt-4o\",\"token_name\":\"模型测试\",\"quota\":42,\"content\":\"模型测试\",\"token_id\":0,\"use_time_seconds\":0,\"is_stream\":true,\"group\":\"default\",\"other\":{\"admin_info\":{\"use_channel\":null},\"cache_ratio\":1,\"cache_tokens\":0,\"completion_ratio\":4,\"frt\":0,\"group_ratio\":1,\"model_price\":-1,\"model_ratio\":1,\"request_conversion\":[\"OpenAI Compatible\"],\"request_path\":\"/v1/chat/completions\",\"stream_status\":{\"end_reason\":\"done\",\"status\":\"ok\"},\"user_group_ratio\":-1}} \n"}
{"Time":"2026-09-10T08:24:13.9976176-04:00","Action":"output","Package":"github.com/QuantumNous/new-api/controller","Test":"TestChannelProbeForwardsAllConversationProtocols/openai/tool_call/stream/custom","Output":"[SYS] 2026/09/10 - 08:24:13 | testing channel #9112 completed \n"}
{"Time":"2026-09-10T08:24:13.9981349-04:00","Action":"output","Package":"github.com/QuantumNous/new-api/controller","Test":"TestChannelProbeForwardsAllConversationProtocols/openai/tool_call/stream/custom","Output":"--- PASS: TestChannelProbeForwardsAllConversationProtocols/openai/tool_call/stream/custom (0.00s)\n"}
{"Time":"2026-09-10T08:24:13.9981349-04:00","Action":"pass","Package":"github.com/QuantumNous/new-api/controller","Test":"TestChannelProbeForwardsAllConversationProtocols/openai/tool_call/stream/custom","Elapsed":0}
{"Time":"2026-09-10T08:24:13.9981349-04:00","Action":"run","Package":"github.com/QuantumNous/new-api/controller","Test":"TestChannelProbeForwardsAllConversationProtocols/openai-response/basic/json/native"}
{"Time":"2026-09-10T08:24:13.9981349-04:00","Action":"output","Package":"github.com/QuantumNous/new-api/controller","Test":"TestChannelProbeForwardsAllConversationProtocols/openai-response/basic/json/native","Output":"=== RUN   TestChannelProbeForwardsAllConversationProtocols/openai-response/basic/json/native\n"}
{"Time":"2026-09-10T08:24:13.9981349-04:00","Action":"output","Package":"github.com/QuantumNous/new-api/controller","Test":"TestChannelProbeForwardsAllConversationProtocols/openai-response/basic/json/native","Output":"[SYS] 2026/09/10 - 08:24:13 | testing channel 9112 with model gpt-4o , info RelayInfo{ RelayFormat: openai_responses, RelayMode: 33, IsStream: false, IsPlayground: false, RequestURLPath: \"/v1/responses\", OriginModelName: \"gpt-4o\", EstimatePromptTokens: 0, ShouldIncludeUsage: false, DisablePing: false, SendResponseCount: 0, FinalPreConsumedQuota: 0, User{ Id: 9111, Email: \"***masked***\", Group: \"default\", UsingGroup: \"default\", Quota: 1000000 }, Token{ Id: 0, Unlimited: false, Key: ***masked*** }, Timing{ Start: 2026-09-10T08:24:13.9981349-04:00, FirstResponse: 2026-09-10T08:24:12.9981349-04:00, LatencyMs: -1000 }, ChannelMeta{ Type: 1, Id: 9112, IsMultiKey: false, MultiKeyIndex: 0, BaseURL: \"http://127.0.0.1:3389\", ApiType: 0, ApiVersion: \"\", Organization: \"\", CreateTime: 0, UpstreamModelName: \"gpt-4o\", IsModelMapped: false, SupportStreamOptions: true, ApiKey: ***masked*** }, }  \n"}
{"Time":"2026-09-10T08:24:13.9986512-04:00","Action":"output","Package":"github.com/QuantumNous/new-api/controller","Test":"TestChannelProbeForwardsAllConversationProtocols/openai-response/basic/json/native","Output":"[INFO] 2026/09/10 - 08:24:13 | SYSTEM | record consume log: userId=9111, params={\"channel_id\":9112,\"prompt_tokens\":10,\"completion_tokens\":2,\"model_name\":\"gpt-4o\",\"token_name\":\"模型测试\",\"quota\":18,\"content\":\"模型测试\",\"token_id\":0,\"use_time_seconds\":0,\"is_stream\":false,\"group\":\"default\",\"other\":{\"admin_info\":{\"use_channel\":null},\"cache_ratio\":1,\"cache_tokens\":0,\"completion_ratio\":4,\"frt\":-1000,\"group_ratio\":1,\"model_price\":-1,\"model_ratio\":1,\"request_conversion\":[\"OpenAI Responses\"],\"request_path\":\"/v1/responses\",\"user_group_ratio\":-1}} \n"}
{"Time":"2026-09-10T08:24:13.9991673-04:00","Action":"output","Package":"github.com/QuantumNous/new-api/controller","Test":"TestChannelProbeForwardsAllConversationProtocols/openai-response/basic/json/native","Output":"[SYS] 2026/09/10 - 08:24:13 | testing channel #9112 completed \n"}
{"Time":"2026-09-10T08:24:13.9997975-04:00","Action":"output","Package":"github.com/QuantumNous/new-api/controller","Test":"TestChannelProbeForwardsAllConversationProtocols/openai-response/basic/json/native","Output":"--- PASS: TestChannelProbeForwardsAllConversationProtocols/openai-response/basic/json/native (0.00s)\n"}
{"Time":"2026-09-10T08:24:13.9997975-04:00","Action":"pass","Package":"github.com/QuantumNous/new-api/controller","Test":"TestChannelProbeForwardsAllConversationProtocols/openai-response/basic/json/native","Elapsed":0}
{"Time":"2026-09-10T08:24:13.9997975-04:00","Action":"run","Package":"github.com/QuantumNous/new-api/controller","Test":"TestChannelProbeForwardsAllConversationProtocols/openai-response/basic/json/custom"}
{"Time":"2026-09-10T08:24:13.9997975-04:00","Action":"output","Package":"github.com/QuantumNous/new-api/controller","Test":"TestChannelProbeForwardsAllConversationProtocols/openai-response/basic/json/custom","Output":"=== RUN   TestChannelProbeForwardsAllConversationProtocols/openai-response/basic/json/custom\n"}
{"Time":"2026-09-10T08:24:14.0003232-04:00","Action":"output","Package":"github.com/QuantumNous/new-api/controller","Test":"TestChannelProbeForwardsAllConversationProtocols/openai-response/basic/json/custom","Output":"[SYS] 2026/09/10 - 08:24:13 | testing channel 9112 with model gpt-4o , info RelayInfo{ RelayFormat: openai_responses, RelayMode: 33, IsStream: false, IsPlayground: false, RequestURLPath: \"/v1/responses\", OriginModelName: \"gpt-4o\", EstimatePromptTokens: 0, ShouldIncludeUsage: false, DisablePing: false, SendResponseCount: 0, FinalPreConsumedQuota: 0, User{ Id: 9111, Email: \"***masked***\", Group: \"default\", UsingGroup: \"default\", Quota: 1000000 }, Token{ Id: 0, Unlimited: false, Key: ***masked*** }, Timing{ Start: 2026-09-10T08:24:13.9997975-04:00, FirstResponse: 2026-09-10T08:24:12.9997975-04:00, LatencyMs: -1000 }, ChannelMeta{ Type: 58, Id: 9112, IsMultiKey: false, MultiKeyIndex: 0, BaseURL: \"http://127.0.0.1:3392\", ApiType: 35, ApiVersion: \"\", Organization: \"\", CreateTime: 0, UpstreamModelName: \"gpt-4o\", IsModelMapped: false, SupportStreamOptions: true, ApiKey: ***masked*** }, }  \n"}
{"Time":"2026-09-10T08:24:14.0003232-04:00","Action":"output","Package":"github.com/QuantumNous/new-api/controller","Test":"TestChannelProbeForwardsAllConversationProtocols/openai-response/basic/json/custom","Output":"[INFO] 2026/09/10 - 08:24:14 | SYSTEM | record consume log: userId=9111, params={\"channel_id\":9112,\"prompt_tokens\":10,\"completion_tokens\":2,\"model_name\":\"gpt-4o\",\"token_name\":\"模型测试\",\"quota\":18,\"content\":\"模型测试\",\"token_id\":0,\"use_time_seconds\":0,\"is_stream\":false,\"group\":\"default\",\"other\":{\"admin_info\":{\"use_channel\":null},\"cache_ratio\":1,\"cache_tokens\":0,\"completion_ratio\":4,\"frt\":-1000,\"group_ratio\":1,\"model_price\":-1,\"model_ratio\":1,\"request_conversion\":[\"OpenAI Responses\"],\"request_path\":\"/v1/responses\",\"user_group_ratio\":-1}} \n"}
{"Time":"2026-09-10T08:24:14.0008499-04:00","Action":"output","Package":"github.com/QuantumNous/new-api/controller","Test":"TestChannelProbeForwardsAllConversationProtocols/openai-response/basic/json/custom","Output":"[SYS] 2026/09/10 - 08:24:14 | testing channel #9112 completed \n"}
{"Time":"2026-09-10T08:24:14.0008499-04:00","Action":"output","Package":"github.com/QuantumNous/new-api/controller","Test":"TestChannelProbeForwardsAllConversationProtocols/openai-response/basic/json/custom","Output":"--- PASS: TestChannelProbeForwardsAllConversationProtocols/openai-response/basic/json/custom (0.00s)\n"}
{"Time":"2026-09-10T08:24:14.0008499-04:00","Action":"pass","Package":"github.com/QuantumNous/new-api/controller","Test":"TestChannelProbeForwardsAllConversationProtocols/openai-response/basic/json/custom","Elapsed":0}
{"Time":"2026-09-10T08:24:14.0008499-04:00","Action":"run","Package":"github.com/QuantumNous/new-api/controller","Test":"TestChannelProbeForwardsAllConversationProtocols/openai-response/basic/stream/native"}
{"Time":"2026-09-10T08:24:14.0008499-04:00","Action":"output","Package":"github.com/QuantumNous/new-api/controller","Test":"TestChannelProbeForwardsAllConversationProtocols/openai-response/basic/stream/native","Output":"=== RUN   TestChannelProbeForwardsAllConversationProtocols/openai-response/basic/stream/native\n"}
{"Time":"2026-09-10T08:24:14.0013717-04:00","Action":"output","Package":"github.com/QuantumNous/new-api/controller","Test":"TestChannelProbeForwardsAllConversationProtocols/openai-response/basic/stream/native","Output":"[SYS] 2026/09/10 - 08:24:14 | testing channel 9112 with model gpt-4o , info RelayInfo{ RelayFormat: openai_responses, RelayMode: 33, IsStream: true, IsPlayground: false, RequestURLPath: \"/v1/responses\", OriginModelName: \"gpt-4o\", EstimatePromptTokens: 0, ShouldIncludeUsage: false, DisablePing: false, SendResponseCount: 0, FinalPreConsumedQuota: 0, User{ Id: 9111, Email: \"***masked***\", Group: \"default\", UsingGroup: \"default\", Quota: 1000000 }, Token{ Id: 0, Unlimited: false, Key: ***masked*** }, Timing{ Start: 2026-09-10T08:24:14.0013717-04:00, FirstResponse: 2026-09-10T08:24:13.0013717-04:00, LatencyMs: -1000 }, ChannelMeta{ Type: 1, Id: 9112, IsMultiKey: false, MultiKeyIndex: 0, BaseURL: \"http://127.0.0.1:3394\", ApiType: 0, ApiVersion: \"\", Organization: \"\", CreateTime: 0, UpstreamModelName: \"gpt-4o\", IsModelMapped: false, SupportStreamOptions: true, ApiKey: ***masked*** }, }  \n"}
{"Time":"2026-09-10T08:24:14.0018892-04:00","Action":"output","Package":"github.com/QuantumNous/new-api/controller","Test":"TestChannelProbeForwardsAllConversationProtocols/openai-response/basic/stream/native","Output":"[INFO] 2026/09/10 - 08:24:14 | SYSTEM | stream ended: reason=eof \n"}
{"Time":"2026-09-10T08:24:14.0018892-04:00","Action":"output","Package":"github.com/QuantumNous/new-api/controller","Test":"TestChannelProbeForwardsAllConversationProtocols/openai-response/basic/stream/native","Output":"[INFO] 2026/09/10 - 08:24:14 | SYSTEM | record consume log: userId=9111, params={\"channel_id\":9112,\"prompt_tokens\":10,\"completion_tokens\":2,\"model_name\":\"gpt-4o\",\"token_name\":\"模型测试\",\"quota\":18,\"content\":\"模型测试\",\"token_id\":0,\"use_time_seconds\":0,\"is_stream\":true,\"group\":\"default\",\"other\":{\"admin_info\":{\"use_channel\":null},\"cache_ratio\":1,\"cache_tokens\":0,\"completion_ratio\":4,\"frt\":0,\"group_ratio\":1,\"model_price\":-1,\"model_ratio\":1,\"request_conversion\":[\"OpenAI Responses\"],\"request_path\":\"/v1/responses\",\"stream_status\":{\"end_reason\":\"eof\",\"status\":\"ok\"},\"user_group_ratio\":-1}} \n"}
{"Time":"2026-09-10T08:24:14.0018892-04:00","Action":"output","Package":"github.com/QuantumNous/new-api/controller","Test":"TestChannelProbeForwardsAllConversationProtocols/openai-response/basic/stream/native","Output":"[SYS] 2026/09/10 - 08:24:14 | testing channel #9112 completed \n"}
{"Time":"2026-09-10T08:24:14.0024046-04:00","Action":"output","Package":"github.com/QuantumNous/new-api/controller","Test":"TestChannelProbeForwardsAllConversationProtocols/openai-response/basic/stream/native","Output":"--- PASS: TestChannelProbeForwardsAllConversationProtocols/openai-response/basic/stream/native (0.00s)\n"}
{"Time":"2026-09-10T08:24:14.0024046-04:00","Action":"pass","Package":"github.com/QuantumNous/new-api/controller","Test":"TestChannelProbeForwardsAllConversationProtocols/openai-response/basic/stream/native","Elapsed":0}
{"Time":"2026-09-10T08:24:14.0024046-04:00","Action":"run","Package":"github.com/QuantumNous/new-api/controller","Test":"TestChannelProbeForwardsAllConversationProtocols/openai-response/basic/stream/custom"}
{"Time":"2026-09-10T08:24:14.0024046-04:00","Action":"output","Package":"github.com/QuantumNous/new-api/controller","Test":"TestChannelProbeForwardsAllConversationProtocols/openai-response/basic/stream/custom","Output":"=== RUN   TestChannelProbeForwardsAllConversationProtocols/openai-response/basic/stream/custom\n"}
{"Time":"2026-09-10T08:24:14.0024046-04:00","Action":"output","Package":"github.com/QuantumNous/new-api/controller","Test":"TestChannelProbeForwardsAllConversationProtocols/openai-response/basic/stream/custom","Output":"[SYS] 2026/09/10 - 08:24:14 | testing channel 9112 with model gpt-4o , info RelayInfo{ RelayFormat: openai_responses, RelayMode: 33, IsStream: true, IsPlayground: false, RequestURLPath: \"/v1/responses\", OriginModelName: \"gpt-4o\", EstimatePromptTokens: 0, ShouldIncludeUsage: false, DisablePing: false, SendResponseCount: 0, FinalPreConsumedQuota: 0, User{ Id: 9111, Email: \"***masked***\", Group: \"default\", UsingGroup: \"default\", Quota: 1000000 }, Token{ Id: 0, Unlimited: false, Key: ***masked*** }, Timing{ Start: 2026-09-10T08:24:14.0024046-04:00, FirstResponse: 2026-09-10T08:24:13.0024046-04:00, LatencyMs: -1000 }, ChannelMeta{ Type: 58, Id: 9112, IsMultiKey: false, MultiKeyIndex: 0, BaseURL: \"http://127.0.0.1:3396\", ApiType: 35, ApiVersion: \"\", Organization: \"\", CreateTime: 0, UpstreamModelName: \"gpt-4o\", IsModelMapped: false, SupportStreamOptions: true, ApiKey: ***masked*** }, }  \n"}
{"Time":"2026-09-10T08:24:14.0029096-04:00","Action":"output","Package":"github.com/QuantumNous/new-api/controller","Test":"TestChannelProbeForwardsAllConversationProtocols/openai-response/basic/stream/custom","Output":"[INFO] 2026/09/10 - 08:24:14 | SYSTEM | stream ended: reason=eof \n"}
{"Time":"2026-09-10T08:24:14.0029096-04:00","Action":"output","Package":"github.com/QuantumNous/new-api/controller","Test":"TestChannelProbeForwardsAllConversationProtocols/openai-response/basic/stream/custom","Output":"[INFO] 2026/09/10 - 08:24:14 | SYSTEM | record consume log: userId=9111, params={\"channel_id\":9112,\"prompt_tokens\":10,\"completion_tokens\":2,\"model_name\":\"gpt-4o\",\"token_name\":\"模型测试\",\"quota\":18,\"content\":\"模型测试\",\"token_id\":0,\"use_time_seconds\":0,\"is_stream\":true,\"group\":\"default\",\"other\":{\"admin_info\":{\"use_channel\":null},\"cache_ratio\":1,\"cache_tokens\":0,\"completion_ratio\":4,\"frt\":0,\"group_ratio\":1,\"model_price\":-1,\"model_ratio\":1,\"request_conversion\":[\"OpenAI Responses\"],\"request_path\":\"/v1/responses\",\"stream_status\":{\"end_reason\":\"eof\",\"status\":\"ok\"},\"user_group_ratio\":-1}} \n"}
{"Time":"2026-09-10T08:24:14.0029096-04:00","Action":"output","Package":"github.com/QuantumNous/new-api/controller","Test":"TestChannelProbeForwardsAllConversationProtocols/openai-response/basic/stream/custom","Output":"[SYS] 2026/09/10 - 08:24:14 | testing channel #9112 completed \n"}
{"Time":"2026-09-10T08:24:14.0034218-04:00","Action":"output","Package":"github.com/QuantumNous/new-api/controller","Test":"TestChannelProbeForwardsAllConversationProtocols/openai-response/basic/stream/custom","Output":"--- PASS: TestChannelProbeForwardsAllConversationProtocols/openai-response/basic/stream/custom (0.00s)\n"}
{"Time":"2026-09-10T08:24:14.0034218-04:00","Action":"pass","Package":"github.com/QuantumNous/new-api/controller","Test":"TestChannelProbeForwardsAllConversationProtocols/openai-response/basic/stream/custom","Elapsed":0}
{"Time":"2026-09-10T08:24:14.0034218-04:00","Action":"run","Package":"github.com/QuantumNous/new-api/controller","Test":"TestChannelProbeForwardsAllConversationProtocols/openai-response/tool_call/json/native"}
{"Time":"2026-09-10T08:24:14.0034218-04:00","Action":"output","Package":"github.com/QuantumNous/new-api/controller","Test":"TestChannelProbeForwardsAllConversationProtocols/openai-response/tool_call/json/native","Output":"=== RUN   TestChannelProbeForwardsAllConversationProtocols/openai-response/tool_call/json/native\n"}
{"Time":"2026-09-10T08:24:14.0034218-04:00","Action":"output","Package":"github.com/QuantumNous/new-api/controller","Test":"TestChannelProbeForwardsAllConversationProtocols/openai-response/tool_call/json/native","Output":"[SYS] 2026/09/10 - 08:24:14 | testing channel 9112 with model gpt-4o , info RelayInfo{ RelayFormat: openai_responses, RelayMode: 33, IsStream: false, IsPlayground: false, RequestURLPath: \"/v1/responses\", OriginModelName: \"gpt-4o\", EstimatePromptTokens: 0, ShouldIncludeUsage: false, DisablePing: false, SendResponseCount: 0, FinalPreConsumedQuota: 0, User{ Id: 9111, Email: \"***masked***\", Group: \"default\", UsingGroup: \"default\", Quota: 1000000 }, Token{ Id: 0, Unlimited: false, Key: ***masked*** }, Timing{ Start: 2026-09-10T08:24:14.0034218-04:00, FirstResponse: 2026-09-10T08:24:13.0034218-04:00, LatencyMs: -1000 }, ChannelMeta{ Type: 1, Id: 9112, IsMultiKey: false, MultiKeyIndex: 0, BaseURL: \"http://127.0.0.1:3398\", ApiType: 0, ApiVersion: \"\", Organization: \"\", CreateTime: 0, UpstreamModelName: \"gpt-4o\", IsModelMapped: false, SupportStreamOptions: true, ApiKey: ***masked*** }, ResponsesTools{ function: calls=0 }, }  \n"}
{"Time":"2026-09-10T08:24:14.0044242-04:00","Action":"output","Package":"github.com/QuantumNous/new-api/controller","Test":"TestChannelProbeForwardsAllConversationProtocols/openai-response/tool_call/json/native","Output":"[INFO] 2026/09/10 - 08:24:14 | SYSTEM | record consume log: userId=9111, params={\"channel_id\":9112,\"prompt_tokens\":10,\"completion_tokens\":8,\"model_name\":\"gpt-4o\",\"token_name\":\"模型测试\",\"quota\":42,\"content\":\"模型测试\",\"token_id\":0,\"use_time_seconds\":0,\"is_stream\":false,\"group\":\"default\",\"other\":{\"admin_info\":{\"use_channel\":null},\"cache_ratio\":1,\"cache_tokens\":0,\"completion_ratio\":4,\"frt\":-1000,\"group_ratio\":1,\"model_price\":-1,\"model_ratio\":1,\"request_conversion\":[\"OpenAI Responses\"],\"request_path\":\"/v1/responses\",\"user_group_ratio\":-1}} \n"}
{"Time":"2026-09-10T08:24:14.0044242-04:00","Action":"output","Package":"github.com/QuantumNous/new-api/controller","Test":"TestChannelProbeForwardsAllConversationProtocols/openai-response/tool_call/json/native","Output":"[SYS] 2026/09/10 - 08:24:14 | testing channel #9112 completed \n"}
{"Time":"2026-09-10T08:24:14.0044242-04:00","Action":"output","Package":"github.com/QuantumNous/new-api/controller","Test":"TestChannelProbeForwardsAllConversationProtocols/openai-response/tool_call/json/native","Output":"--- PASS: TestChannelProbeForwardsAllConversationProtocols/openai-response/tool_call/json/native (0.00s)\n"}
{"Time":"2026-09-10T08:24:14.0044242-04:00","Action":"pass","Package":"github.com/QuantumNous/new-api/controller","Test":"TestChannelProbeForwardsAllConversationProtocols/openai-response/tool_call/json/native","Elapsed":0}
{"Time":"2026-09-10T08:24:14.0044242-04:00","Action":"run","Package":"github.com/QuantumNous/new-api/controller","Test":"TestChannelProbeForwardsAllConversationProtocols/openai-response/tool_call/json/custom"}
{"Time":"2026-09-10T08:24:14.0044242-04:00","Action":"output","Package":"github.com/QuantumNous/new-api/controller","Test":"TestChannelProbeForwardsAllConversationProtocols/openai-response/tool_call/json/custom","Output":"=== RUN   TestChannelProbeForwardsAllConversationProtocols/openai-response/tool_call/json/custom\n"}
{"Time":"2026-09-10T08:24:14.0049258-04:00","Action":"output","Package":"github.com/QuantumNous/new-api/controller","Test":"TestChannelProbeForwardsAllConversationProtocols/openai-response/tool_call/json/custom","Output":"[SYS] 2026/09/10 - 08:24:14 | testing channel 9112 with model gpt-4o , info RelayInfo{ RelayFormat: openai_responses, RelayMode: 33, IsStream: false, IsPlayground: false, RequestURLPath: \"/v1/responses\", OriginModelName: \"gpt-4o\", EstimatePromptTokens: 0, ShouldIncludeUsage: false, DisablePing: false, SendResponseCount: 0, FinalPreConsumedQuota: 0, User{ Id: 9111, Email: \"***masked***\", Group: \"default\", UsingGroup: \"default\", Quota: 1000000 }, Token{ Id: 0, Unlimited: false, Key: ***masked*** }, Timing{ Start: 2026-09-10T08:24:14.0049258-04:00, FirstResponse: 2026-09-10T08:24:13.0049258-04:00, LatencyMs: -1000 }, ChannelMeta{ Type: 58, Id: 9112, IsMultiKey: false, MultiKeyIndex: 0, BaseURL: \"http://127.0.0.1:3400\", ApiType: 35, ApiVersion: \"\", Organization: \"\", CreateTime: 0, UpstreamModelName: \"gpt-4o\", IsModelMapped: false, SupportStreamOptions: true, ApiKey: ***masked*** }, ResponsesTools{ function: calls=0 }, }  \n"}
{"Time":"2026-09-10T08:24:14.0055785-04:00","Action":"output","Package":"github.com/QuantumNous/new-api/controller","Test":"TestChannelProbeForwardsAllConversationProtocols/openai-response/tool_call/json/custom","Output":"[INFO] 2026/09/10 - 08:24:14 | SYSTEM | record consume log: userId=9111, params={\"channel_id\":9112,\"prompt_tokens\":10,\"completion_tokens\":8,\"model_name\":\"gpt-4o\",\"token_name\":\"模型测试\",\"quota\":42,\"content\":\"模型测试\",\"token_id\":0,\"use_time_seconds\":0,\"is_stream\":false,\"group\":\"default\",\"other\":{\"admin_info\":{\"use_channel\":null},\"cache_ratio\":1,\"cache_tokens\":0,\"completion_ratio\":4,\"frt\":-1000,\"group_ratio\":1,\"model_price\":-1,\"model_ratio\":1,\"request_conversion\":[\"OpenAI Responses\"],\"request_path\":\"/v1/responses\",\"user_group_ratio\":-1}} \n"}
{"Time":"2026-09-10T08:24:14.0055785-04:00","Action":"output","Package":"github.com/QuantumNous/new-api/controller","Test":"TestChannelProbeForwardsAllConversationProtocols/openai-response/tool_call/json/custom","Output":"[SYS] 2026/09/10 - 08:24:14 | testing channel #9112 completed \n"}
{"Time":"2026-09-10T08:24:14.0060988-04:00","Action":"output","Package":"github.com/QuantumNous/new-api/controller","Test":"TestChannelProbeForwardsAllConversationProtocols/openai-response/tool_call/json/custom","Output":"--- PASS: TestChannelProbeForwardsAllConversationProtocols/openai-response/tool_call/json/custom (0.00s)\n"}
{"Time":"2026-09-10T08:24:14.0060988-04:00","Action":"pass","Package":"github.com/QuantumNous/new-api/controller","Test":"TestChannelProbeForwardsAllConversationProtocols/openai-response/tool_call/json/custom","Elapsed":0}
{"Time":"2026-09-10T08:24:14.0060988-04:00","Action":"run","Package":"github.com/QuantumNous/new-api/controller","Test":"TestChannelProbeForwardsAllConversationProtocols/openai-response/tool_call/stream/native"}
{"Time":"2026-09-10T08:24:14.0060988-04:00","Action":"output","Package":"github.com/QuantumNous/new-api/controller","Test":"TestChannelProbeForwardsAllConversationProtocols/openai-response/tool_call/stream/native","Output":"=== RUN   TestChannelProbeForwardsAllConversationProtocols/openai-response/tool_call/stream/native\n"}
{"Time":"2026-09-10T08:24:14.0060988-04:00","Action":"output","Package":"github.com/QuantumNous/new-api/controller","Test":"TestChannelProbeForwardsAllConversationProtocols/openai-response/tool_call/stream/native","Output":"[SYS] 2026/09/10 - 08:24:14 | testing channel 9112 with model gpt-4o , info RelayInfo{ RelayFormat: openai_responses, RelayMode: 33, IsStream: true, IsPlayground: false, RequestURLPath: \"/v1/responses\", OriginModelName: \"gpt-4o\", EstimatePromptTokens: 0, ShouldIncludeUsage: false, DisablePing: false, SendResponseCount: 0, FinalPreConsumedQuota: 0, User{ Id: 9111, Email: \"***masked***\", Group: \"default\", UsingGroup: \"default\", Quota: 1000000 }, Token{ Id: 0, Unlimited: false, Key: ***masked*** }, Timing{ Start: 2026-09-10T08:24:14.0060988-04:00, FirstResponse: 2026-09-10T08:24:13.0060988-04:00, LatencyMs: -1000 }, ChannelMeta{ Type: 1, Id: 9112, IsMultiKey: false, MultiKeyIndex: 0, BaseURL: \"http://127.0.0.1:3402\", ApiType: 0, ApiVersion: \"\", Organization: \"\", CreateTime: 0, UpstreamModelName: \"gpt-4o\", IsModelMapped: false, SupportStreamOptions: true, ApiKey: ***masked*** }, ResponsesTools{ function: calls=0 }, }  \n"}
{"Time":"2026-09-10T08:24:14.0066068-04:00","Action":"output","Package":"github.com/QuantumNous/new-api/controller","Test":"TestChannelProbeForwardsAllConversationProtocols/openai-response/tool_call/stream/native","Output":"[INFO] 2026/09/10 - 08:24:14 | SYSTEM | stream ended: reason=eof \n"}
{"Time":"2026-09-10T08:24:14.0066068-04:00","Action":"output","Package":"github.com/QuantumNous/new-api/controller","Test":"TestChannelProbeForwardsAllConversationProtocols/openai-response/tool_call/stream/native","Output":"[INFO] 2026/09/10 - 08:24:14 | SYSTEM | record consume log: userId=9111, params={\"channel_id\":9112,\"prompt_tokens\":10,\"completion_tokens\":8,\"model_name\":\"gpt-4o\",\"token_name\":\"模型测试\",\"quota\":42,\"content\":\"模型测试\",\"token_id\":0,\"use_time_seconds\":0,\"is_stream\":true,\"group\":\"default\",\"other\":{\"admin_info\":{\"use_channel\":null},\"cache_ratio\":1,\"cache_tokens\":0,\"completion_ratio\":4,\"frt\":0,\"group_ratio\":1,\"model_price\":-1,\"model_ratio\":1,\"request_conversion\":[\"OpenAI Responses\"],\"request_path\":\"/v1/responses\",\"stream_status\":{\"end_reason\":\"eof\",\"status\":\"ok\"},\"user_group_ratio\":-1}} \n"}
{"Time":"2026-09-10T08:24:14.0066068-04:00","Action":"output","Package":"github.com/QuantumNous/new-api/controller","Test":"TestChannelProbeForwardsAllConversationProtocols/openai-response/tool_call/stream/native","Output":"[SYS] 2026/09/10 - 08:24:14 | testing channel #9112 completed \n"}
{"Time":"2026-09-10T08:24:14.0071247-04:00","Action":"output","Package":"github.com/QuantumNous/new-api/controller","Test":"TestChannelProbeForwardsAllConversationProtocols/openai-response/tool_call/stream/native","Output":"--- PASS: TestChannelProbeForwardsAllConversationProtocols/openai-response/tool_call/stream/native (0.00s)\n"}
{"Time":"2026-09-10T08:24:14.0071247-04:00","Action":"pass","Package":"github.com/QuantumNous/new-api/controller","Test":"TestChannelProbeForwardsAllConversationProtocols/openai-response/tool_call/stream/native","Elapsed":0}
{"Time":"2026-09-10T08:24:14.0071247-04:00","Action":"run","Package":"github.com/QuantumNous/new-api/controller","Test":"TestChannelProbeForwardsAllConversationProtocols/openai-response/tool_call/stream/custom"}
{"Time":"2026-09-10T08:24:14.0071247-04:00","Action":"output","Package":"github.com/QuantumNous/new-api/controller","Test":"TestChannelProbeForwardsAllConversationProtocols/openai-response/tool_call/stream/custom","Output":"=== RUN   TestChannelProbeForwardsAllConversationProtocols/openai-response/tool_call/stream/custom\n"}
{"Time":"2026-09-10T08:24:14.0076388-04:00","Action":"output","Package":"github.com/QuantumNous/new-api/controller","Test":"TestChannelProbeForwardsAllConversationProtocols/openai-response/tool_call/stream/custom","Output":"[SYS] 2026/09/10 - 08:24:14 | testing channel 9112 with model gpt-4o , info RelayInfo{ RelayFormat: openai_responses, RelayMode: 33, IsStream: true, IsPlayground: false, RequestURLPath: \"/v1/responses\", OriginModelName: \"gpt-4o\", EstimatePromptTokens: 0, ShouldIncludeUsage: false, DisablePing: false, SendResponseCount: 0, FinalPreConsumedQuota: 0, User{ Id: 9111, Email: \"***masked***\", Group: \"default\", UsingGroup: \"default\", Quota: 1000000 }, Token{ Id: 0, Unlimited: false, Key: ***masked*** }, Timing{ Start: 2026-09-10T08:24:14.0076388-04:00, FirstResponse: 2026-09-10T08:24:13.0076388-04:00, LatencyMs: -1000 }, ChannelMeta{ Type: 58, Id: 9112, IsMultiKey: false, MultiKeyIndex: 0, BaseURL: \"http://127.0.0.1:3404\", ApiType: 35, ApiVersion: \"\", Organization: \"\", CreateTime: 0, UpstreamModelName: \"gpt-4o\", IsModelMapped: false, SupportStreamOptions: true, ApiKey: ***masked*** }, ResponsesTools{ function: calls=0 }, }  \n"}
{"Time":"2026-09-10T08:24:14.0081508-04:00","Action":"output","Package":"github.com/QuantumNous/new-api/controller","Test":"TestChannelProbeForwardsAllConversationProtocols/openai-response/tool_call/stream/custom","Output":"[INFO] 2026/09/10 - 08:24:14 | SYSTEM | stream ended: reason=eof \n"}
{"Time":"2026-09-10T08:24:14.0081508-04:00","Action":"output","Package":"github.com/QuantumNous/new-api/controller","Test":"TestChannelProbeForwardsAllConversationProtocols/openai-response/tool_call/stream/custom","Output":"[INFO] 2026/09/10 - 08:24:14 | SYSTEM | record consume log: userId=9111, params={\"channel_id\":9112,\"prompt_tokens\":10,\"completion_tokens\":8,\"model_name\":\"gpt-4o\",\"token_name\":\"模型测试\",\"quota\":42,\"content\":\"模型测试\",\"token_id\":0,\"use_time_seconds\":0,\"is_stream\":true,\"group\":\"default\",\"other\":{\"admin_info\":{\"use_channel\":null},\"cache_ratio\":1,\"cache_tokens\":0,\"completion_ratio\":4,\"frt\":1,\"group_ratio\":1,\"model_price\":-1,\"model_ratio\":1,\"request_conversion\":[\"OpenAI Responses\"],\"request_path\":\"/v1/responses\",\"stream_status\":{\"end_reason\":\"eof\",\"status\":\"ok\"},\"user_group_ratio\":-1}} \n"}
{"Time":"2026-09-10T08:24:14.0081508-04:00","Action":"output","Package":"github.com/QuantumNous/new-api/controller","Test":"TestChannelProbeForwardsAllConversationProtocols/openai-response/tool_call/stream/custom","Output":"[SYS] 2026/09/10 - 08:24:14 | testing channel #9112 completed \n"}
{"Time":"2026-09-10T08:24:14.0086624-04:00","Action":"output","Package":"github.com/QuantumNous/new-api/controller","Test":"TestChannelProbeForwardsAllConversationProtocols/openai-response/tool_call/stream/custom","Output":"--- PASS: TestChannelProbeForwardsAllConversationProtocols/openai-response/tool_call/stream/custom (0.00s)\n"}
{"Time":"2026-09-10T08:24:14.0086624-04:00","Action":"pass","Package":"github.com/QuantumNous/new-api/controller","Test":"TestChannelProbeForwardsAllConversationProtocols/openai-response/tool_call/stream/custom","Elapsed":0}
{"Time":"2026-09-10T08:24:14.0086624-04:00","Action":"run","Package":"github.com/QuantumNous/new-api/controller","Test":"TestChannelProbeForwardsAllConversationProtocols/anthropic/basic/json/native"}
{"Time":"2026-09-10T08:24:14.0086624-04:00","Action":"output","Package":"github.com/QuantumNous/new-api/controller","Test":"TestChannelProbeForwardsAllConversationProtocols/anthropic/basic/json/native","Output":"=== RUN   TestChannelProbeForwardsAllConversationProtocols/anthropic/basic/json/native\n"}
{"Time":"2026-09-10T08:24:14.0091787-04:00","Action":"output","Package":"github.com/QuantumNous/new-api/controller","Test":"TestChannelProbeForwardsAllConversationProtocols/anthropic/basic/json/native","Output":"[SYS] 2026/09/10 - 08:24:14 | testing channel 9112 with model gpt-4o , info RelayInfo{ RelayFormat: claude, RelayMode: 0, IsStream: false, IsPlayground: false, RequestURLPath: \"/v1/messages\", OriginModelName: \"gpt-4o\", EstimatePromptTokens: 0, ShouldIncludeUsage: false, DisablePing: false, SendResponseCount: 0, FinalPreConsumedQuota: 0, User{ Id: 9111, Email: \"***masked***\", Group: \"default\", UsingGroup: \"default\", Quota: 1000000 }, Token{ Id: 0, Unlimited: false, Key: ***masked*** }, Timing{ Start: 2026-09-10T08:24:14.0091787-04:00, FirstResponse: 2026-09-10T08:24:13.0091787-04:00, LatencyMs: -1000 }, ChannelMeta{ Type: 14, Id: 9112, IsMultiKey: false, MultiKeyIndex: 0, BaseURL: \"http://127.0.0.1:3406\", ApiType: 1, ApiVersion: \"\", Organization: \"\", CreateTime: 0, UpstreamModelName: \"gpt-4o\", IsModelMapped: false, SupportStreamOptions: true, ApiKey: ***masked*** }, }  \n"}
{"Time":"2026-09-10T08:24:14.0096934-04:00","Action":"output","Package":"github.com/QuantumNous/new-api/controller","Test":"TestChannelProbeForwardsAllConversationProtocols/anthropic/basic/json/native","Output":"[INFO] 2026/09/10 - 08:24:14 | SYSTEM | record consume log: userId=9111, params={\"channel_id\":9112,\"prompt_tokens\":10,\"completion_tokens\":2,\"model_name\":\"gpt-4o\",\"token_name\":\"模型测试\",\"quota\":18,\"content\":\"模型测试\",\"token_id\":0,\"use_time_seconds\":0,\"is_stream\":false,\"group\":\"default\",\"other\":{\"admin_info\":{\"use_channel\":null},\"cache_ratio\":1,\"cache_tokens\":0,\"claude\":true,\"completion_ratio\":4,\"frt\":-1000,\"group_ratio\":1,\"model_price\":-1,\"model_ratio\":1,\"request_conversion\":[\"Claude Messages\"],\"request_path\":\"/v1/messages\",\"user_group_ratio\":-1}} \n"}
{"Time":"2026-09-10T08:24:14.0096934-04:00","Action":"output","Package":"github.com/QuantumNous/new-api/controller","Test":"TestChannelProbeForwardsAllConversationProtocols/anthropic/basic/json/native","Output":"[SYS] 2026/09/10 - 08:24:14 | testing channel #9112 completed \n"}
{"Time":"2026-09-10T08:24:14.0102071-04:00","Action":"output","Package":"github.com/QuantumNous/new-api/controller","Test":"TestChannelProbeForwardsAllConversationProtocols/anthropic/basic/json/native","Output":"--- PASS: TestChannelProbeForwardsAllConversationProtocols/anthropic/basic/json/native (0.00s)\n"}
{"Time":"2026-09-10T08:24:14.0102071-04:00","Action":"pass","Package":"github.com/QuantumNous/new-api/controller","Test":"TestChannelProbeForwardsAllConversationProtocols/anthropic/basic/json/native","Elapsed":0}
{"Time":"2026-09-10T08:24:14.0102071-04:00","Action":"run","Package":"github.com/QuantumNous/new-api/controller","Test":"TestChannelProbeForwardsAllConversationProtocols/anthropic/basic/json/custom"}
{"Time":"2026-09-10T08:24:14.0102071-04:00","Action":"output","Package":"github.com/QuantumNous/new-api/controller","Test":"TestChannelProbeForwardsAllConversationProtocols/anthropic/basic/json/custom","Output":"=== RUN   TestChannelProbeForwardsAllConversationProtocols/anthropic/basic/json/custom\n"}
{"Time":"2026-09-10T08:24:14.0102071-04:00","Action":"output","Package":"github.com/QuantumNous/new-api/controller","Test":"TestChannelProbeForwardsAllConversationProtocols/anthropic/basic/json/custom","Output":"[SYS] 2026/09/10 - 08:24:14 | testing channel 9112 with model gpt-4o , info RelayInfo{ RelayFormat: claude, RelayMode: 0, IsStream: false, IsPlayground: false, RequestURLPath: \"/v1/messages\", OriginModelName: \"gpt-4o\", EstimatePromptTokens: 0, ShouldIncludeUsage: false, DisablePing: false, SendResponseCount: 0, FinalPreConsumedQuota: 0, User{ Id: 9111, Email: \"***masked***\", Group: \"default\", UsingGroup: \"default\", Quota: 1000000 }, Token{ Id: 0, Unlimited: false, Key: ***masked*** }, Timing{ Start: 2026-09-10T08:24:14.0102071-04:00, FirstResponse: 2026-09-10T08:24:13.0102071-04:00, LatencyMs: -1000 }, ChannelMeta{ Type: 58, Id: 9112, IsMultiKey: false, MultiKeyIndex: 0, BaseURL: \"http://127.0.0.1:3408\", ApiType: 35, ApiVersion: \"\", Organization: \"\", CreateTime: 0, UpstreamModelName: \"gpt-4o\", IsModelMapped: false, SupportStreamOptions: true, ApiKey: ***masked*** }, }  \n"}
{"Time":"2026-09-10T08:24:14.010718-04:00","Action":"output","Package":"github.com/QuantumNous/new-api/controller","Test":"TestChannelProbeForwardsAllConversationProtocols/anthropic/basic/json/custom","Output":"[INFO] 2026/09/10 - 08:24:14 | SYSTEM | record consume log: userId=9111, params={\"channel_id\":9112,\"prompt_tokens\":10,\"completion_tokens\":2,\"model_name\":\"gpt-4o\",\"token_name\":\"模型测试\",\"quota\":18,\"content\":\"模型测试\",\"token_id\":0,\"use_time_seconds\":0,\"is_stream\":false,\"group\":\"default\",\"other\":{\"admin_info\":{\"use_channel\":null},\"cache_ratio\":1,\"cache_tokens\":0,\"claude\":true,\"completion_ratio\":4,\"frt\":-1000,\"group_ratio\":1,\"model_price\":-1,\"model_ratio\":1,\"request_conversion\":[\"Claude Messages\"],\"request_path\":\"/v1/messages\",\"user_group_ratio\":-1}} \n"}
{"Time":"2026-09-10T08:24:14.0112248-04:00","Action":"output","Package":"github.com/QuantumNous/new-api/controller","Test":"TestChannelProbeForwardsAllConversationProtocols/anthropic/basic/json/custom","Output":"[SYS] 2026/09/10 - 08:24:14 | testing channel #9112 completed \n"}
{"Time":"2026-09-10T08:24:14.011865-04:00","Action":"output","Package":"github.com/QuantumNous/new-api/controller","Test":"TestChannelProbeForwardsAllConversationProtocols/anthropic/basic/json/custom","Output":"--- PASS: TestChannelProbeForwardsAllConversationProtocols/anthropic/basic/json/custom (0.00s)\n"}
{"Time":"2026-09-10T08:24:14.011865-04:00","Action":"pass","Package":"github.com/QuantumNous/new-api/controller","Test":"TestChannelProbeForwardsAllConversationProtocols/anthropic/basic/json/custom","Elapsed":0}
{"Time":"2026-09-10T08:24:14.011865-04:00","Action":"run","Package":"github.com/QuantumNous/new-api/controller","Test":"TestChannelProbeForwardsAllConversationProtocols/anthropic/basic/stream/native"}
{"Time":"2026-09-10T08:24:14.011865-04:00","Action":"output","Package":"github.com/QuantumNous/new-api/controller","Test":"TestChannelProbeForwardsAllConversationProtocols/anthropic/basic/stream/native","Output":"=== RUN   TestChannelProbeForwardsAllConversationProtocols/anthropic/basic/stream/native\n"}
{"Time":"2026-09-10T08:24:14.011865-04:00","Action":"output","Package":"github.com/QuantumNous/new-api/controller","Test":"TestChannelProbeForwardsAllConversationProtocols/anthropic/basic/stream/native","Output":"[SYS] 2026/09/10 - 08:24:14 | testing channel 9112 with model gpt-4o , info RelayInfo{ RelayFormat: claude, RelayMode: 0, IsStream: true, IsPlayground: false, RequestURLPath: \"/v1/messages\", OriginModelName: \"gpt-4o\", EstimatePromptTokens: 0, ShouldIncludeUsage: false, DisablePing: false, SendResponseCount: 0, FinalPreConsumedQuota: 0, User{ Id: 9111, Email: \"***masked***\", Group: \"default\", UsingGroup: \"default\", Quota: 1000000 }, Token{ Id: 0, Unlimited: false, Key: ***masked*** }, Timing{ Start: 2026-09-10T08:24:14.011865-04:00, FirstResponse: 2026-09-10T08:24:13.011865-04:00, LatencyMs: -1000 }, ChannelMeta{ Type: 14, Id: 9112, IsMultiKey: false, MultiKeyIndex: 0, BaseURL: \"http://127.0.0.1:3410\", ApiType: 1, ApiVersion: \"\", Organization: \"\", CreateTime: 0, UpstreamModelName: \"gpt-4o\", IsModelMapped: false, SupportStreamOptions: true, ApiKey: ***masked*** }, }  \n"}
{"Time":"2026-09-10T08:24:14.0123899-04:00","Action":"output","Package":"github.com/QuantumNous/new-api/controller","Test":"TestChannelProbeForwardsAllConversationProtocols/anthropic/basic/stream/native","Output":"[INFO] 2026/09/10 - 08:24:14 | SYSTEM | stream ended: reason=eof \n"}
{"Time":"2026-09-10T08:24:14.0123899-04:00","Action":"output","Package":"github.com/QuantumNous/new-api/controller","Test":"TestChannelProbeForwardsAllConversationProtocols/anthropic/basic/stream/native","Output":"[INFO] 2026/09/10 - 08:24:14 | SYSTEM | record consume log: userId=9111, params={\"channel_id\":9112,\"prompt_tokens\":10,\"completion_tokens\":2,\"model_name\":\"gpt-4o\",\"token_name\":\"模型测试\",\"quota\":18,\"content\":\"模型测试\",\"token_id\":0,\"use_time_seconds\":0,\"is_stream\":true,\"group\":\"default\",\"other\":{\"admin_info\":{\"use_channel\":null},\"cache_ratio\":1,\"cache_tokens\":0,\"claude\":true,\"completion_ratio\":4,\"frt\":1,\"group_ratio\":1,\"model_price\":-1,\"model_ratio\":1,\"request_conversion\":[\"Claude Messages\"],\"request_path\":\"/v1/messages\",\"stream_status\":{\"end_reason\":\"eof\",\"status\":\"ok\"},\"user_group_ratio\":-1}} \n"}
{"Time":"2026-09-10T08:24:14.0129068-04:00","Action":"output","Package":"github.com/QuantumNous/new-api/controller","Test":"TestChannelProbeForwardsAllConversationProtocols/anthropic/basic/stream/native","Output":"[SYS] 2026/09/10 - 08:24:14 | testing channel #9112 completed \n"}
{"Time":"2026-09-10T08:24:14.0129068-04:00","Action":"output","Package":"github.com/QuantumNous/new-api/controller","Test":"TestChannelProbeForwardsAllConversationProtocols/anthropic/basic/stream/native","Output":"--- PASS: TestChannelProbeForwardsAllConversationProtocols/anthropic/basic/stream/native (0.00s)\n"}
{"Time":"2026-09-10T08:24:14.0129068-04:00","Action":"pass","Package":"github.com/QuantumNous/new-api/controller","Test":"TestChannelProbeForwardsAllConversationProtocols/anthropic/basic/stream/native","Elapsed":0}
{"Time":"2026-09-10T08:24:14.0129068-04:00","Action":"run","Package":"github.com/QuantumNous/new-api/controller","Test":"TestChannelProbeForwardsAllConversationProtocols/anthropic/basic/stream/custom"}
{"Time":"2026-09-10T08:24:14.0129068-04:00","Action":"output","Package":"github.com/QuantumNous/new-api/controller","Test":"TestChannelProbeForwardsAllConversationProtocols/anthropic/basic/stream/custom","Output":"=== RUN   TestChannelProbeForwardsAllConversationProtocols/anthropic/basic/stream/custom\n"}
{"Time":"2026-09-10T08:24:14.0134195-04:00","Action":"output","Package":"github.com/QuantumNous/new-api/controller","Test":"TestChannelProbeForwardsAllConversationProtocols/anthropic/basic/stream/custom","Output":"[SYS] 2026/09/10 - 08:24:14 | testing channel 9112 with model gpt-4o , info RelayInfo{ RelayFormat: claude, RelayMode: 0, IsStream: true, IsPlayground: false, RequestURLPath: \"/v1/messages\", OriginModelName: \"gpt-4o\", EstimatePromptTokens: 0, ShouldIncludeUsage: false, DisablePing: false, SendResponseCount: 0, FinalPreConsumedQuota: 0, User{ Id: 9111, Email: \"***masked***\", Group: \"default\", UsingGroup: \"default\", Quota: 1000000 }, Token{ Id: 0, Unlimited: false, Key: ***masked*** }, Timing{ Start: 2026-09-10T08:24:14.0134195-04:00, FirstResponse: 2026-09-10T08:24:13.0134195-04:00, LatencyMs: -1000 }, ChannelMeta{ Type: 58, Id: 9112, IsMultiKey: false, MultiKeyIndex: 0, BaseURL: \"http://127.0.0.1:3412\", ApiType: 35, ApiVersion: \"\", Organization: \"\", CreateTime: 0, UpstreamModelName: \"gpt-4o\", IsModelMapped: false, SupportStreamOptions: true, ApiKey: ***masked*** }, }  \n"}
{"Time":"2026-09-10T08:24:14.0139352-04:00","Action":"output","Package":"github.com/QuantumNous/new-api/controller","Test":"TestChannelProbeForwardsAllConversationProtocols/anthropic/basic/stream/custom","Output":"[INFO] 2026/09/10 - 08:24:14 | SYSTEM | stream ended: reason=eof \n"}
{"Time":"2026-09-10T08:24:14.0139352-04:00","Action":"output","Package":"github.com/QuantumNous/new-api/controller","Test":"TestChannelProbeForwardsAllConversationProtocols/anthropic/basic/stream/custom","Output":"[INFO] 2026/09/10 - 08:24:14 | SYSTEM | record consume log: userId=9111, params={\"channel_id\":9112,\"prompt_tokens\":10,\"completion_tokens\":2,\"model_name\":\"gpt-4o\",\"token_name\":\"模型测试\",\"quota\":18,\"content\":\"模型测试\",\"token_id\":0,\"use_time_seconds\":0,\"is_stream\":true,\"group\":\"default\",\"other\":{\"admin_info\":{\"use_channel\":null},\"cache_ratio\":1,\"cache_tokens\":0,\"claude\":true,\"completion_ratio\":4,\"frt\":0,\"group_ratio\":1,\"model_price\":-1,\"model_ratio\":1,\"request_conversion\":[\"Claude Messages\"],\"request_path\":\"/v1/messages\",\"stream_status\":{\"end_reason\":\"eof\",\"status\":\"ok\"},\"user_group_ratio\":-1}} \n"}
{"Time":"2026-09-10T08:24:14.0139352-04:00","Action":"output","Package":"github.com/QuantumNous/new-api/controller","Test":"TestChannelProbeForwardsAllConversationProtocols/anthropic/basic/stream/custom","Output":"[SYS] 2026/09/10 - 08:24:14 | testing channel #9112 completed \n"}
{"Time":"2026-09-10T08:24:14.0139352-04:00","Action":"output","Package":"github.com/QuantumNous/new-api/controller","Test":"TestChannelProbeForwardsAllConversationProtocols/anthropic/basic/stream/custom","Output":"--- PASS: TestChannelProbeForwardsAllConversationProtocols/anthropic/basic/stream/custom (0.00s)\n"}
{"Time":"2026-09-10T08:24:14.0139352-04:00","Action":"pass","Package":"github.com/QuantumNous/new-api/controller","Test":"TestChannelProbeForwardsAllConversationProtocols/anthropic/basic/stream/custom","Elapsed":0}
{"Time":"2026-09-10T08:24:14.0139352-04:00","Action":"run","Package":"github.com/QuantumNous/new-api/controller","Test":"TestChannelProbeForwardsAllConversationProtocols/anthropic/tool_call/json/native"}
{"Time":"2026-09-10T08:24:14.0139352-04:00","Action":"output","Package":"github.com/QuantumNous/new-api/controller","Test":"TestChannelProbeForwardsAllConversationProtocols/anthropic/tool_call/json/native","Output":"=== RUN   TestChannelProbeForwardsAllConversationProtocols/anthropic/tool_call/json/native\n"}
{"Time":"2026-09-10T08:24:14.0149375-04:00","Action":"output","Package":"github.com/QuantumNous/new-api/controller","Test":"TestChannelProbeForwardsAllConversationProtocols/anthropic/tool_call/json/native","Output":"[SYS] 2026/09/10 - 08:24:14 | testing channel 9112 with model gpt-4o , info RelayInfo{ RelayFormat: claude, RelayMode: 0, IsStream: false, IsPlayground: false, RequestURLPath: \"/v1/messages\", OriginModelName: \"gpt-4o\", EstimatePromptTokens: 0, ShouldIncludeUsage: false, DisablePing: false, SendResponseCount: 0, FinalPreConsumedQuota: 0, User{ Id: 9111, Email: \"***masked***\", Group: \"default\", UsingGroup: \"default\", Quota: 1000000 }, Token{ Id: 0, Unlimited: false, Key: ***masked*** }, Timing{ Start: 2026-09-10T08:24:14.0149375-04:00, FirstResponse: 2026-09-10T08:24:13.0149375-04:00, LatencyMs: -1000 }, ChannelMeta{ Type: 14, Id: 9112, IsMultiKey: false, MultiKeyIndex: 0, BaseURL: \"http://127.0.0.1:3414\", ApiType: 1, ApiVersion: \"\", Organization: \"\", CreateTime: 0, UpstreamModelName: \"gpt-4o\", IsModelMapped: false, SupportStreamOptions: true, ApiKey: ***masked*** }, }  \n"}
{"Time":"2026-09-10T08:24:14.015439-04:00","Action":"output","Package":"github.com/QuantumNous/new-api/controller","Test":"TestChannelProbeForwardsAllConversationProtocols/anthropic/tool_call/json/native","Output":"[INFO] 2026/09/10 - 08:24:14 | SYSTEM | record consume log: userId=9111, params={\"channel_id\":9112,\"prompt_tokens\":10,\"completion_tokens\":8,\"model_name\":\"gpt-4o\",\"token_name\":\"模型测试\",\"quota\":42,\"content\":\"模型测试\",\"token_id\":0,\"use_time_seconds\":0,\"is_stream\":false,\"group\":\"default\",\"other\":{\"admin_info\":{\"use_channel\":null},\"cache_ratio\":1,\"cache_tokens\":0,\"claude\":true,\"completion_ratio\":4,\"frt\":-1000,\"group_ratio\":1,\"model_price\":-1,\"model_ratio\":1,\"request_conversion\":[\"Claude Messages\"],\"request_path\":\"/v1/messages\",\"user_group_ratio\":-1}} \n"}
{"Time":"2026-09-10T08:24:14.015439-04:00","Action":"output","Package":"github.com/QuantumNous/new-api/controller","Test":"TestChannelProbeForwardsAllConversationProtocols/anthropic/tool_call/json/native","Output":"[SYS] 2026/09/10 - 08:24:14 | testing channel #9112 completed \n"}
{"Time":"2026-09-10T08:24:14.015958-04:00","Action":"output","Package":"github.com/QuantumNous/new-api/controller","Test":"TestChannelProbeForwardsAllConversationProtocols/anthropic/tool_call/json/native","Output":"--- PASS: TestChannelProbeForwardsAllConversationProtocols/anthropic/tool_call/json/native (0.00s)\n"}
{"Time":"2026-09-10T08:24:14.015958-04:00","Action":"pass","Package":"github.com/QuantumNous/new-api/controller","Test":"TestChannelProbeForwardsAllConversationProtocols/anthropic/tool_call/json/native","Elapsed":0}
{"Time":"2026-09-10T08:24:14.015958-04:00","Action":"run","Package":"github.com/QuantumNous/new-api/controller","Test":"TestChannelProbeForwardsAllConversationProtocols/anthropic/tool_call/json/custom"}
{"Time":"2026-09-10T08:24:14.015958-04:00","Action":"output","Package":"github.com/QuantumNous/new-api/controller","Test":"TestChannelProbeForwardsAllConversationProtocols/anthropic/tool_call/json/custom","Output":"=== RUN   TestChannelProbeForwardsAllConversationProtocols/anthropic/tool_call/json/custom\n"}
{"Time":"2026-09-10T08:24:14.015958-04:00","Action":"output","Package":"github.com/QuantumNous/new-api/controller","Test":"TestChannelProbeForwardsAllConversationProtocols/anthropic/tool_call/json/custom","Output":"[SYS] 2026/09/10 - 08:24:14 | testing channel 9112 with model gpt-4o , info RelayInfo{ RelayFormat: claude, RelayMode: 0, IsStream: false, IsPlayground: false, RequestURLPath: \"/v1/messages\", OriginModelName: \"gpt-4o\", EstimatePromptTokens: 0, ShouldIncludeUsage: false, DisablePing: false, SendResponseCount: 0, FinalPreConsumedQuota: 0, User{ Id: 9111, Email: \"***masked***\", Group: \"default\", UsingGroup: \"default\", Quota: 1000000 }, Token{ Id: 0, Unlimited: false, Key: ***masked*** }, Timing{ Start: 2026-09-10T08:24:14.015958-04:00, FirstResponse: 2026-09-10T08:24:13.015958-04:00, LatencyMs: -1000 }, ChannelMeta{ Type: 58, Id: 9112, IsMultiKey: false, MultiKeyIndex: 0, BaseURL: \"http://127.0.0.1:3416\", ApiType: 35, ApiVersion: \"\", Organization: \"\", CreateTime: 0, UpstreamModelName: \"gpt-4o\", IsModelMapped: false, SupportStreamOptions: true, ApiKey: ***masked*** }, }  \n"}
{"Time":"2026-09-10T08:24:14.0164732-04:00","Action":"output","Package":"github.com/QuantumNous/new-api/controller","Test":"TestChannelProbeForwardsAllConversationProtocols/anthropic/tool_call/json/custom","Output":"[INFO] 2026/09/10 - 08:24:14 | SYSTEM | record consume log: userId=9111, params={\"channel_id\":9112,\"prompt_tokens\":10,\"completion_tokens\":8,\"model_name\":\"gpt-4o\",\"token_name\":\"模型测试\",\"quota\":42,\"content\":\"模型测试\",\"token_id\":0,\"use_time_seconds\":0,\"is_stream\":false,\"group\":\"default\",\"other\":{\"admin_info\":{\"use_channel\":null},\"cache_ratio\":1,\"cache_tokens\":0,\"claude\":true,\"completion_ratio\":4,\"frt\":-1000,\"group_ratio\":1,\"model_price\":-1,\"model_ratio\":1,\"request_conversion\":[\"Claude Messages\"],\"request_path\":\"/v1/messages\",\"user_group_ratio\":-1}} \n"}
{"Time":"2026-09-10T08:24:14.0164732-04:00","Action":"output","Package":"github.com/QuantumNous/new-api/controller","Test":"TestChannelProbeForwardsAllConversationProtocols/anthropic/tool_call/json/custom","Output":"[SYS] 2026/09/10 - 08:24:14 | testing channel #9112 completed \n"}
{"Time":"2026-09-10T08:24:14.0169875-04:00","Action":"output","Package":"github.com/QuantumNous/new-api/controller","Test":"TestChannelProbeForwardsAllConversationProtocols/anthropic/tool_call/json/custom","Output":"--- PASS: TestChannelProbeForwardsAllConversationProtocols/anthropic/tool_call/json/custom (0.00s)\n"}
{"Time":"2026-09-10T08:24:14.0169875-04:00","Action":"pass","Package":"github.com/QuantumNous/new-api/controller","Test":"TestChannelProbeForwardsAllConversationProtocols/anthropic/tool_call/json/custom","Elapsed":0}
{"Time":"2026-09-10T08:24:14.0169875-04:00","Action":"run","Package":"github.com/QuantumNous/new-api/controller","Test":"TestChannelProbeForwardsAllConversationProtocols/anthropic/tool_call/stream/native"}
{"Time":"2026-09-10T08:24:14.0169875-04:00","Action":"output","Package":"github.com/QuantumNous/new-api/controller","Test":"TestChannelProbeForwardsAllConversationProtocols/anthropic/tool_call/stream/native","Output":"=== RUN   TestChannelProbeForwardsAllConversationProtocols/anthropic/tool_call/stream/native\n"}
{"Time":"2026-09-10T08:24:14.0169875-04:00","Action":"output","Package":"github.com/QuantumNous/new-api/controller","Test":"TestChannelProbeForwardsAllConversationProtocols/anthropic/tool_call/stream/native","Output":"[SYS] 2026/09/10 - 08:24:14 | testing channel 9112 with model gpt-4o , info RelayInfo{ RelayFormat: claude, RelayMode: 0, IsStream: true, IsPlayground: false, RequestURLPath: \"/v1/messages\", OriginModelName: \"gpt-4o\", EstimatePromptTokens: 0, ShouldIncludeUsage: false, DisablePing: false, SendResponseCount: 0, FinalPreConsumedQuota: 0, User{ Id: 9111, Email: \"***masked***\", Group: \"default\", UsingGroup: \"default\", Quota: 1000000 }, Token{ Id: 0, Unlimited: false, Key: ***masked*** }, Timing{ Start: 2026-09-10T08:24:14.0169875-04:00, FirstResponse: 2026-09-10T08:24:13.0169875-04:00, LatencyMs: -1000 }, ChannelMeta{ Type: 14, Id: 9112, IsMultiKey: false, MultiKeyIndex: 0, BaseURL: \"http://127.0.0.1:3418\", ApiType: 1, ApiVersion: \"\", Organization: \"\", CreateTime: 0, UpstreamModelName: \"gpt-4o\", IsModelMapped: false, SupportStreamOptions: true, ApiKey: ***masked*** }, }  \n"}
{"Time":"2026-09-10T08:24:14.0174998-04:00","Action":"output","Package":"github.com/QuantumNous/new-api/controller","Test":"TestChannelProbeForwardsAllConversationProtocols/anthropic/tool_call/stream/native","Output":"[INFO] 2026/09/10 - 08:24:14 | SYSTEM | stream ended: reason=eof \n"}
{"Time":"2026-09-10T08:24:14.0174998-04:00","Action":"output","Package":"github.com/QuantumNous/new-api/controller","Test":"TestChannelProbeForwardsAllConversationProtocols/anthropic/tool_call/stream/native","Output":"[INFO] 2026/09/10 - 08:24:14 | SYSTEM | record consume log: userId=9111, params={\"channel_id\":9112,\"prompt_tokens\":10,\"completion_tokens\":8,\"model_name\":\"gpt-4o\",\"token_name\":\"模型测试\",\"quota\":42,\"content\":\"模型测试\",\"token_id\":0,\"use_time_seconds\":0,\"is_stream\":true,\"group\":\"default\",\"other\":{\"admin_info\":{\"use_channel\":null},\"cache_ratio\":1,\"cache_tokens\":0,\"claude\":true,\"completion_ratio\":4,\"frt\":1,\"group_ratio\":1,\"model_price\":-1,\"model_ratio\":1,\"request_conversion\":[\"Claude Messages\"],\"request_path\":\"/v1/messages\",\"stream_status\":{\"end_reason\":\"eof\",\"status\":\"ok\"},\"user_group_ratio\":-1}} \n"}
{"Time":"2026-09-10T08:24:14.0180723-04:00","Action":"output","Package":"github.com/QuantumNous/new-api/controller","Test":"TestChannelProbeForwardsAllConversationProtocols/anthropic/tool_call/stream/native","Output":"[SYS] 2026/09/10 - 08:24:14 | testing channel #9112 completed \n"}
{"Time":"2026-09-10T08:24:14.018601-04:00","Action":"output","Package":"github.com/QuantumNous/new-api/controller","Test":"TestChannelProbeForwardsAllConversationProtocols/anthropic/tool_call/stream/native","Output":"--- PASS: TestChannelProbeForwardsAllConversationProtocols/anthropic/tool_call/stream/native (0.00s)\n"}
{"Time":"2026-09-10T08:24:14.018601-04:00","Action":"pass","Package":"github.com/QuantumNous/new-api/controller","Test":"TestChannelProbeForwardsAllConversationProtocols/anthropic/tool_call/stream/native","Elapsed":0}
{"Time":"2026-09-10T08:24:14.018601-04:00","Action":"run","Package":"github.com/QuantumNous/new-api/controller","Test":"TestChannelProbeForwardsAllConversationProtocols/anthropic/tool_call/stream/custom"}
{"Time":"2026-09-10T08:24:14.018601-04:00","Action":"output","Package":"github.com/QuantumNous/new-api/controller","Test":"TestChannelProbeForwardsAllConversationProtocols/anthropic/tool_call/stream/custom","Output":"=== RUN   TestChannelProbeForwardsAllConversationProtocols/anthropic/tool_call/stream/custom\n"}
{"Time":"2026-09-10T08:24:14.018601-04:00","Action":"output","Package":"github.com/QuantumNous/new-api/controller","Test":"TestChannelProbeForwardsAllConversationProtocols/anthropic/tool_call/stream/custom","Output":"[SYS] 2026/09/10 - 08:24:14 | testing channel 9112 with model gpt-4o , info RelayInfo{ RelayFormat: claude, RelayMode: 0, IsStream: true, IsPlayground: false, RequestURLPath: \"/v1/messages\", OriginModelName: \"gpt-4o\", EstimatePromptTokens: 0, ShouldIncludeUsage: false, DisablePing: false, SendResponseCount: 0, FinalPreConsumedQuota: 0, User{ Id: 9111, Email: \"***masked***\", Group: \"default\", UsingGroup: \"default\", Quota: 1000000 }, Token{ Id: 0, Unlimited: false, Key: ***masked*** }, Timing{ Start: 2026-09-10T08:24:14.018601-04:00, FirstResponse: 2026-09-10T08:24:13.018601-04:00, LatencyMs: -1000 }, ChannelMeta{ Type: 58, Id: 9112, IsMultiKey: false, MultiKeyIndex: 0, BaseURL: \"http://127.0.0.1:3420\", ApiType: 35, ApiVersion: \"\", Organization: \"\", CreateTime: 0, UpstreamModelName: \"gpt-4o\", IsModelMapped: false, SupportStreamOptions: true, ApiKey: ***masked*** }, }  \n"}
{"Time":"2026-09-10T08:24:14.0191168-04:00","Action":"output","Package":"github.com/QuantumNous/new-api/controller","Test":"TestChannelProbeForwardsAllConversationProtocols/anthropic/tool_call/stream/custom","Output":"[INFO] 2026/09/10 - 08:24:14 | SYSTEM | stream ended: reason=eof \n"}
{"Time":"2026-09-10T08:24:14.0191168-04:00","Action":"output","Package":"github.com/QuantumNous/new-api/controller","Test":"TestChannelProbeForwardsAllConversationProtocols/anthropic/tool_call/stream/custom","Output":"[INFO] 2026/09/10 - 08:24:14 | SYSTEM | record consume log: userId=9111, params={\"channel_id\":9112,\"prompt_tokens\":10,\"completion_tokens\":8,\"model_name\":\"gpt-4o\",\"token_name\":\"模型测试\",\"quota\":42,\"content\":\"模型测试\",\"token_id\":0,\"use_time_seconds\":0,\"is_stream\":true,\"group\":\"default\",\"other\":{\"admin_info\":{\"use_channel\":null},\"cache_ratio\":1,\"cache_tokens\":0,\"claude\":true,\"completion_ratio\":4,\"frt\":1,\"group_ratio\":1,\"model_price\":-1,\"model_ratio\":1,\"request_conversion\":[\"Claude Messages\"],\"request_path\":\"/v1/messages\",\"stream_status\":{\"end_reason\":\"eof\",\"status\":\"ok\"},\"user_group_ratio\":-1}} \n"}
{"Time":"2026-09-10T08:24:14.0196403-04:00","Action":"output","Package":"github.com/QuantumNous/new-api/controller","Test":"TestChannelProbeForwardsAllConversationProtocols/anthropic/tool_call/stream/custom","Output":"[SYS] 2026/09/10 - 08:24:14 | testing channel #9112 completed \n"}
{"Time":"2026-09-10T08:24:14.0201561-04:00","Action":"output","Package":"github.com/QuantumNous/new-api/controller","Test":"TestChannelProbeForwardsAllConversationProtocols/anthropic/tool_call/stream/custom","Output":"--- PASS: TestChannelProbeForwardsAllConversationProtocols/anthropic/tool_call/stream/custom (0.00s)\n"}
{"Time":"2026-09-10T08:24:14.0201561-04:00","Action":"pass","Package":"github.com/QuantumNous/new-api/controller","Test":"TestChannelProbeForwardsAllConversationProtocols/anthropic/tool_call/stream/custom","Elapsed":0}
{"Time":"2026-09-10T08:24:14.0201561-04:00","Action":"run","Package":"github.com/QuantumNous/new-api/controller","Test":"TestChannelProbeForwardsAllConversationProtocols/gemini/basic/json/native"}
{"Time":"2026-09-10T08:24:14.0201561-04:00","Action":"output","Package":"github.com/QuantumNous/new-api/controller","Test":"TestChannelProbeForwardsAllConversationProtocols/gemini/basic/json/native","Output":"=== RUN   TestChannelProbeForwardsAllConversationProtocols/gemini/basic/json/native\n"}
{"Time":"2026-09-10T08:24:14.0201561-04:00","Action":"output","Package":"github.com/QuantumNous/new-api/controller","Test":"TestChannelProbeForwardsAllConversationProtocols/gemini/basic/json/native","Output":"[SYS] 2026/09/10 - 08:24:14 | testing channel 9112 with model gpt-4o , info RelayInfo{ RelayFormat: gemini, RelayMode: 35, IsStream: false, IsPlayground: false, RequestURLPath: \"/v1beta/models/gpt-4o:generateContent\", OriginModelName: \"gpt-4o\", EstimatePromptTokens: 0, ShouldIncludeUsage: false, DisablePing: false, SendResponseCount: 0, FinalPreConsumedQuota: 0, User{ Id: 9111, Email: \"***masked***\", Group: \"default\", UsingGroup: \"default\", Quota: 1000000 }, Token{ Id: 0, Unlimited: false, Key: ***masked*** }, Timing{ Start: 2026-09-10T08:24:14.0201561-04:00, FirstResponse: 2026-09-10T08:24:13.0201561-04:00, LatencyMs: -1000 }, ChannelMeta{ Type: 24, Id: 9112, IsMultiKey: false, MultiKeyIndex: 0, BaseURL: \"http://127.0.0.1:3422\", ApiType: 9, ApiVersion: \"\", Organization: \"\", CreateTime: 0, UpstreamModelName: \"gpt-4o\", IsModelMapped: false, SupportStreamOptions: true, ApiKey: ***masked*** }, }  \n"}
{"Time":"2026-09-10T08:24:14.0212068-04:00","Action":"output","Package":"github.com/QuantumNous/new-api/controller","Test":"TestChannelProbeForwardsAllConversationProtocols/gemini/basic/json/native","Output":"[INFO] 2026/09/10 - 08:24:14 | SYSTEM | record consume log: userId=9111, params={\"channel_id\":9112,\"prompt_tokens\":10,\"completion_tokens\":2,\"model_name\":\"gpt-4o\",\"token_name\":\"模型测试\",\"quota\":18,\"content\":\"模型测试\",\"token_id\":0,\"use_time_seconds\":0,\"is_stream\":false,\"group\":\"default\",\"other\":{\"admin_info\":{\"use_channel\":null},\"cache_ratio\":1,\"cache_tokens\":0,\"completion_ratio\":4,\"frt\":-1000,\"group_ratio\":1,\"model_price\":-1,\"model_ratio\":1,\"request_conversion\":[\"Google Gemini\"],\"request_path\":\"/v1beta/models/gpt-4o:generateContent\",\"user_group_ratio\":-1}} \n"}
{"Time":"2026-09-10T08:24:14.0212068-04:00","Action":"output","Package":"github.com/QuantumNous/new-api/controller","Test":"TestChannelProbeForwardsAllConversationProtocols/gemini/basic/json/native","Output":"[SYS] 2026/09/10 - 08:24:14 | testing channel #9112 completed \n"}
{"Time":"2026-09-10T08:24:14.0218187-04:00","Action":"output","Package":"github.com/QuantumNous/new-api/controller","Test":"TestChannelProbeForwardsAllConversationProtocols/gemini/basic/json/native","Output":"--- PASS: TestChannelProbeForwardsAllConversationProtocols/gemini/basic/json/native (0.00s)\n"}
{"Time":"2026-09-10T08:24:14.0218187-04:00","Action":"pass","Package":"github.com/QuantumNous/new-api/controller","Test":"TestChannelProbeForwardsAllConversationProtocols/gemini/basic/json/native","Elapsed":0}
{"Time":"2026-09-10T08:24:14.0218187-04:00","Action":"run","Package":"github.com/QuantumNous/new-api/controller","Test":"TestChannelProbeForwardsAllConversationProtocols/gemini/basic/json/custom"}
{"Time":"2026-09-10T08:24:14.0218187-04:00","Action":"output","Package":"github.com/QuantumNous/new-api/controller","Test":"TestChannelProbeForwardsAllConversationProtocols/gemini/basic/json/custom","Output":"=== RUN   TestChannelProbeForwardsAllConversationProtocols/gemini/basic/json/custom\n"}
{"Time":"2026-09-10T08:24:14.0218187-04:00","Action":"output","Package":"github.com/QuantumNous/new-api/controller","Test":"TestChannelProbeForwardsAllConversationProtocols/gemini/basic/json/custom","Output":"[SYS] 2026/09/10 - 08:24:14 | testing channel 9112 with model gpt-4o , info RelayInfo{ RelayFormat: gemini, RelayMode: 35, IsStream: false, IsPlayground: false, RequestURLPath: \"/v1beta/models/gpt-4o:generateContent\", OriginModelName: \"gpt-4o\", EstimatePromptTokens: 0, ShouldIncludeUsage: false, DisablePing: false, SendResponseCount: 0, FinalPreConsumedQuota: 0, User{ Id: 9111, Email: \"***masked***\", Group: \"default\", UsingGroup: \"default\", Quota: 1000000 }, Token{ Id: 0, Unlimited: false, Key: ***masked*** }, Timing{ Start: 2026-09-10T08:24:14.0218187-04:00, FirstResponse: 2026-09-10T08:24:13.0218187-04:00, LatencyMs: -1000 }, ChannelMeta{ Type: 58, Id: 9112, IsMultiKey: false, MultiKeyIndex: 0, BaseURL: \"http://127.0.0.1:3426\", ApiType: 35, ApiVersion: \"\", Organization: \"\", CreateTime: 0, UpstreamModelName: \"gpt-4o\", IsModelMapped: false, SupportStreamOptions: true, ApiKey: ***masked*** }, }  \n"}
{"Time":"2026-09-10T08:24:14.0223402-04:00","Action":"output","Package":"github.com/QuantumNous/new-api/controller","Test":"TestChannelProbeForwardsAllConversationProtocols/gemini/basic/json/custom","Output":"[INFO] 2026/09/10 - 08:24:14 | SYSTEM | record consume log: userId=9111, params={\"channel_id\":9112,\"prompt_tokens\":10,\"completion_tokens\":2,\"model_name\":\"gpt-4o\",\"token_name\":\"模型测试\",\"quota\":18,\"content\":\"模型测试\",\"token_id\":0,\"use_time_seconds\":0,\"is_stream\":false,\"group\":\"default\",\"other\":{\"admin_info\":{\"use_channel\":null},\"cache_ratio\":1,\"cache_tokens\":0,\"completion_ratio\":4,\"frt\":-1000,\"group_ratio\":1,\"model_price\":-1,\"model_ratio\":1,\"request_conversion\":[\"Google Gemini\"],\"request_path\":\"/v1beta/models/gpt-4o:generateContent\",\"user_group_ratio\":-1}} \n"}
{"Time":"2026-09-10T08:24:14.0223402-04:00","Action":"output","Package":"github.com/QuantumNous/new-api/controller","Test":"TestChannelProbeForwardsAllConversationProtocols/gemini/basic/json/custom","Output":"[SYS] 2026/09/10 - 08:24:14 | testing channel #9112 completed \n"}
{"Time":"2026-09-10T08:24:14.0228585-04:00","Action":"output","Package":"github.com/QuantumNous/new-api/controller","Test":"TestChannelProbeForwardsAllConversationProtocols/gemini/basic/json/custom","Output":"--- PASS: TestChannelProbeForwardsAllConversationProtocols/gemini/basic/json/custom (0.00s)\n"}
{"Time":"2026-09-10T08:24:14.0228585-04:00","Action":"pass","Package":"github.com/QuantumNous/new-api/controller","Test":"TestChannelProbeForwardsAllConversationProtocols/gemini/basic/json/custom","Elapsed":0}
{"Time":"2026-09-10T08:24:14.0228585-04:00","Action":"run","Package":"github.com/QuantumNous/new-api/controller","Test":"TestChannelProbeForwardsAllConversationProtocols/gemini/basic/stream/native"}
{"Time":"2026-09-10T08:24:14.0228585-04:00","Action":"output","Package":"github.com/QuantumNous/new-api/controller","Test":"TestChannelProbeForwardsAllConversationProtocols/gemini/basic/stream/native","Output":"=== RUN   TestChannelProbeForwardsAllConversationProtocols/gemini/basic/stream/native\n"}
{"Time":"2026-09-10T08:24:14.0228585-04:00","Action":"output","Package":"github.com/QuantumNous/new-api/controller","Test":"TestChannelProbeForwardsAllConversationProtocols/gemini/basic/stream/native","Output":"[SYS] 2026/09/10 - 08:24:14 | testing channel 9112 with model gpt-4o , info RelayInfo{ RelayFormat: gemini, RelayMode: 35, IsStream: true, IsPlayground: false, RequestURLPath: \"/v1beta/models/gpt-4o:streamGenerateContent?alt=sse\", OriginModelName: \"gpt-4o\", EstimatePromptTokens: 0, ShouldIncludeUsage: false, DisablePing: false, SendResponseCount: 0, FinalPreConsumedQuota: 0, User{ Id: 9111, Email: \"***masked***\", Group: \"default\", UsingGroup: \"default\", Quota: 1000000 }, Token{ Id: 0, Unlimited: false, Key: ***masked*** }, Timing{ Start: 2026-09-10T08:24:14.0228585-04:00, FirstResponse: 2026-09-10T08:24:13.0228585-04:00, LatencyMs: -1000 }, ChannelMeta{ Type: 24, Id: 9112, IsMultiKey: false, MultiKeyIndex: 0, BaseURL: \"http://127.0.0.1:3428\", ApiType: 9, ApiVersion: \"\", Organization: \"\", CreateTime: 0, UpstreamModelName: \"gpt-4o\", IsModelMapped: false, SupportStreamOptions: true, ApiKey: ***masked*** }, }  \n"}
{"Time":"2026-09-10T08:24:14.0233773-04:00","Action":"output","Package":"github.com/QuantumNous/new-api/controller","Test":"TestChannelProbeForwardsAllConversationProtocols/gemini/basic/stream/native","Output":"[INFO] 2026/09/10 - 08:24:14 | SYSTEM | stream ended: reason=eof \n"}
{"Time":"2026-09-10T08:24:14.0233773-04:00","Action":"output","Package":"github.com/QuantumNous/new-api/controller","Test":"TestChannelProbeForwardsAllConversationProtocols/gemini/basic/stream/native","Output":"[INFO] 2026/09/10 - 08:24:14 | SYSTEM | record consume log: userId=9111, params={\"channel_id\":9112,\"prompt_tokens\":10,\"completion_tokens\":2,\"model_name\":\"gpt-4o\",\"token_name\":\"模型测试\",\"quota\":18,\"content\":\"模型测试\",\"token_id\":0,\"use_time_seconds\":0,\"is_stream\":true,\"group\":\"default\",\"other\":{\"admin_info\":{\"use_channel\":null},\"cache_ratio\":1,\"cache_tokens\":0,\"completion_ratio\":4,\"frt\":1,\"group_ratio\":1,\"model_price\":-1,\"model_ratio\":1,\"request_conversion\":[\"Google Gemini\"],\"request_path\":\"/v1beta/models/gpt-4o:streamGenerateContent\",\"stream_status\":{\"end_reason\":\"eof\",\"status\":\"ok\"},\"user_group_ratio\":-1}} \n"}
{"Time":"2026-09-10T08:24:14.0233773-04:00","Action":"output","Package":"github.com/QuantumNous/new-api/controller","Test":"TestChannelProbeForwardsAllConversationProtocols/gemini/basic/stream/native","Output":"[SYS] 2026/09/10 - 08:24:14 | testing channel #9112 completed \n"}
{"Time":"2026-09-10T08:24:14.0238973-04:00","Action":"output","Package":"github.com/QuantumNous/new-api/controller","Test":"TestChannelProbeForwardsAllConversationProtocols/gemini/basic/stream/native","Output":"--- PASS: TestChannelProbeForwardsAllConversationProtocols/gemini/basic/stream/native (0.00s)\n"}
{"Time":"2026-09-10T08:24:14.0238973-04:00","Action":"pass","Package":"github.com/QuantumNous/new-api/controller","Test":"TestChannelProbeForwardsAllConversationProtocols/gemini/basic/stream/native","Elapsed":0}
{"Time":"2026-09-10T08:24:14.0238973-04:00","Action":"run","Package":"github.com/QuantumNous/new-api/controller","Test":"TestChannelProbeForwardsAllConversationProtocols/gemini/basic/stream/custom"}
{"Time":"2026-09-10T08:24:14.0238973-04:00","Action":"output","Package":"github.com/QuantumNous/new-api/controller","Test":"TestChannelProbeForwardsAllConversationProtocols/gemini/basic/stream/custom","Output":"=== RUN   TestChannelProbeForwardsAllConversationProtocols/gemini/basic/stream/custom\n"}
{"Time":"2026-09-10T08:24:14.0244256-04:00","Action":"output","Package":"github.com/QuantumNous/new-api/controller","Test":"TestChannelProbeForwardsAllConversationProtocols/gemini/basic/stream/custom","Output":"[SYS] 2026/09/10 - 08:24:14 | testing channel 9112 with model gpt-4o , info RelayInfo{ RelayFormat: gemini, RelayMode: 35, IsStream: true, IsPlayground: false, RequestURLPath: \"/v1beta/models/gpt-4o:streamGenerateContent?alt=sse\", OriginModelName: \"gpt-4o\", EstimatePromptTokens: 0, ShouldIncludeUsage: false, DisablePing: false, SendResponseCount: 0, FinalPreConsumedQuota: 0, User{ Id: 9111, Email: \"***masked***\", Group: \"default\", UsingGroup: \"default\", Quota: 1000000 }, Token{ Id: 0, Unlimited: false, Key: ***masked*** }, Timing{ Start: 2026-09-10T08:24:14.0244256-04:00, FirstResponse: 2026-09-10T08:24:13.0244256-04:00, LatencyMs: -1000 }, ChannelMeta{ Type: 58, Id: 9112, IsMultiKey: false, MultiKeyIndex: 0, BaseURL: \"http://127.0.0.1:3430\", ApiType: 35, ApiVersion: \"\", Organization: \"\", CreateTime: 0, UpstreamModelName: \"gpt-4o\", IsModelMapped: false, SupportStreamOptions: true, ApiKey: ***masked*** }, }  \n"}
{"Time":"2026-09-10T08:24:14.0249484-04:00","Action":"output","Package":"github.com/QuantumNous/new-api/controller","Test":"TestChannelProbeForwardsAllConversationProtocols/gemini/basic/stream/custom","Output":"[INFO] 2026/09/10 - 08:24:14 | SYSTEM | stream ended: reason=eof \n"}
{"Time":"2026-09-10T08:24:14.0249484-04:00","Action":"output","Package":"github.com/QuantumNous/new-api/controller","Test":"TestChannelProbeForwardsAllConversationProtocols/gemini/basic/stream/custom","Output":"[INFO] 2026/09/10 - 08:24:14 | SYSTEM | record consume log: userId=9111, params={\"channel_id\":9112,\"prompt_tokens\":10,\"completion_tokens\":2,\"model_name\":\"gpt-4o\",\"token_name\":\"模型测试\",\"quota\":18,\"content\":\"模型测试\",\"token_id\":0,\"use_time_seconds\":0,\"is_stream\":true,\"group\":\"default\",\"other\":{\"admin_info\":{\"use_channel\":null},\"cache_ratio\":1,\"cache_tokens\":0,\"completion_ratio\":4,\"frt\":0,\"group_ratio\":1,\"model_price\":-1,\"model_ratio\":1,\"request_conversion\":[\"Google Gemini\"],\"request_path\":\"/v1beta/models/gpt-4o:streamGenerateContent\",\"stream_status\":{\"end_reason\":\"eof\",\"status\":\"ok\"},\"user_group_ratio\":-1}} \n"}
{"Time":"2026-09-10T08:24:14.0249484-04:00","Action":"output","Package":"github.com/QuantumNous/new-api/controller","Test":"TestChannelProbeForwardsAllConversationProtocols/gemini/basic/stream/custom","Output":"[SYS] 2026/09/10 - 08:24:14 | testing channel #9112 completed \n"}
{"Time":"2026-09-10T08:24:14.0254582-04:00","Action":"output","Package":"github.com/QuantumNous/new-api/controller","Test":"TestChannelProbeForwardsAllConversationProtocols/gemini/basic/stream/custom","Output":"--- PASS: TestChannelProbeForwardsAllConversationProtocols/gemini/basic/stream/custom (0.00s)\n"}
{"Time":"2026-09-10T08:24:14.0254582-04:00","Action":"pass","Package":"github.com/QuantumNous/new-api/controller","Test":"TestChannelProbeForwardsAllConversationProtocols/gemini/basic/stream/custom","Elapsed":0}
{"Time":"2026-09-10T08:24:14.0254582-04:00","Action":"run","Package":"github.com/QuantumNous/new-api/controller","Test":"TestChannelProbeForwardsAllConversationProtocols/gemini/tool_call/json/native"}
{"Time":"2026-09-10T08:24:14.0254582-04:00","Action":"output","Package":"github.com/QuantumNous/new-api/controller","Test":"TestChannelProbeForwardsAllConversationProtocols/gemini/tool_call/json/native","Output":"=== RUN   TestChannelProbeForwardsAllConversationProtocols/gemini/tool_call/json/native\n"}
{"Time":"2026-09-10T08:24:14.0254582-04:00","Action":"output","Package":"github.com/QuantumNous/new-api/controller","Test":"TestChannelProbeForwardsAllConversationProtocols/gemini/tool_call/json/native","Output":"[SYS] 2026/09/10 - 08:24:14 | testing channel 9112 with model gpt-4o , info RelayInfo{ RelayFormat: gemini, RelayMode: 35, IsStream: false, IsPlayground: false, RequestURLPath: \"/v1beta/models/gpt-4o:generateContent\", OriginModelName: \"gpt-4o\", EstimatePromptTokens: 0, ShouldIncludeUsage: false, DisablePing: false, SendResponseCount: 0, FinalPreConsumedQuota: 0, User{ Id: 9111, Email: \"***masked***\", Group: \"default\", UsingGroup: \"default\", Quota: 1000000 }, Token{ Id: 0, Unlimited: false, Key: ***masked*** }, Timing{ Start: 2026-09-10T08:24:14.0254582-04:00, FirstResponse: 2026-09-10T08:24:13.0254582-04:00, LatencyMs: -1000 }, ChannelMeta{ Type: 24, Id: 9112, IsMultiKey: false, MultiKeyIndex: 0, BaseURL: \"http://127.0.0.1:3432\", ApiType: 9, ApiVersion: \"\", Organization: \"\", CreateTime: 0, UpstreamModelName: \"gpt-4o\", IsModelMapped: false, SupportStreamOptions: true, ApiKey: ***masked*** }, }  \n"}
{"Time":"2026-09-10T08:24:14.0259834-04:00","Action":"output","Package":"github.com/QuantumNous/new-api/controller","Test":"TestChannelProbeForwardsAllConversationProtocols/gemini/tool_call/json/native","Output":"[INFO] 2026/09/10 - 08:24:14 | SYSTEM | record consume log: userId=9111, params={\"channel_id\":9112,\"prompt_tokens\":10,\"completion_tokens\":8,\"model_name\":\"gpt-4o\",\"token_name\":\"模型测试\",\"quota\":42,\"content\":\"模型测试\",\"token_id\":0,\"use_time_seconds\":0,\"is_stream\":false,\"group\":\"default\",\"other\":{\"admin_info\":{\"use_channel\":null},\"cache_ratio\":1,\"cache_tokens\":0,\"completion_ratio\":4,\"frt\":-1000,\"group_ratio\":1,\"model_price\":-1,\"model_ratio\":1,\"request_conversion\":[\"Google Gemini\"],\"request_path\":\"/v1beta/models/gpt-4o:generateContent\",\"user_group_ratio\":-1}} \n"}
{"Time":"2026-09-10T08:24:14.0259834-04:00","Action":"output","Package":"github.com/QuantumNous/new-api/controller","Test":"TestChannelProbeForwardsAllConversationProtocols/gemini/tool_call/json/native","Output":"[SYS] 2026/09/10 - 08:24:14 | testing channel #9112 completed \n"}
{"Time":"2026-09-10T08:24:14.0265006-04:00","Action":"output","Package":"github.com/QuantumNous/new-api/controller","Test":"TestChannelProbeForwardsAllConversationProtocols/gemini/tool_call/json/native","Output":"--- PASS: TestChannelProbeForwardsAllConversationProtocols/gemini/tool_call/json/native (0.00s)\n"}
{"Time":"2026-09-10T08:24:14.0265006-04:00","Action":"pass","Package":"github.com/QuantumNous/new-api/controller","Test":"TestChannelProbeForwardsAllConversationProtocols/gemini/tool_call/json/native","Elapsed":0}
{"Time":"2026-09-10T08:24:14.0265006-04:00","Action":"run","Package":"github.com/QuantumNous/new-api/controller","Test":"TestChannelProbeForwardsAllConversationProtocols/gemini/tool_call/json/custom"}
{"Time":"2026-09-10T08:24:14.0265006-04:00","Action":"output","Package":"github.com/QuantumNous/new-api/controller","Test":"TestChannelProbeForwardsAllConversationProtocols/gemini/tool_call/json/custom","Output":"=== RUN   TestChannelProbeForwardsAllConversationProtocols/gemini/tool_call/json/custom\n"}
{"Time":"2026-09-10T08:24:14.0265006-04:00","Action":"output","Package":"github.com/QuantumNous/new-api/controller","Test":"TestChannelProbeForwardsAllConversationProtocols/gemini/tool_call/json/custom","Output":"[SYS] 2026/09/10 - 08:24:14 | testing channel 9112 with model gpt-4o , info RelayInfo{ RelayFormat: gemini, RelayMode: 35, IsStream: false, IsPlayground: false, RequestURLPath: \"/v1beta/models/gpt-4o:generateContent\", OriginModelName: \"gpt-4o\", EstimatePromptTokens: 0, ShouldIncludeUsage: false, DisablePing: false, SendResponseCount: 0, FinalPreConsumedQuota: 0, User{ Id: 9111, Email: \"***masked***\", Group: \"default\", UsingGroup: \"default\", Quota: 1000000 }, Token{ Id: 0, Unlimited: false, Key: ***masked*** }, Timing{ Start: 2026-09-10T08:24:14.0265006-04:00, FirstResponse: 2026-09-10T08:24:13.0265006-04:00, LatencyMs: -1000 }, ChannelMeta{ Type: 58, Id: 9112, IsMultiKey: false, MultiKeyIndex: 0, BaseURL: \"http://127.0.0.1:3434\", ApiType: 35, ApiVersion: \"\", Organization: \"\", CreateTime: 0, UpstreamModelName: \"gpt-4o\", IsModelMapped: false, SupportStreamOptions: true, ApiKey: ***masked*** }, }  \n"}
{"Time":"2026-09-10T08:24:14.0270161-04:00","Action":"output","Package":"github.com/QuantumNous/new-api/controller","Test":"TestChannelProbeForwardsAllConversationProtocols/gemini/tool_call/json/custom","Output":"[INFO] 2026/09/10 - 08:24:14 | SYSTEM | record consume log: userId=9111, params={\"channel_id\":9112,\"prompt_tokens\":10,\"completion_tokens\":8,\"model_name\":\"gpt-4o\",\"token_name\":\"模型测试\",\"quota\":42,\"content\":\"模型测试\",\"token_id\":0,\"use_time_seconds\":0,\"is_stream\":false,\"group\":\"default\",\"other\":{\"admin_info\":{\"use_channel\":null},\"cache_ratio\":1,\"cache_tokens\":0,\"completion_ratio\":4,\"frt\":-1000,\"group_ratio\":1,\"model_price\":-1,\"model_ratio\":1,\"request_conversion\":[\"Google Gemini\"],\"request_path\":\"/v1beta/models/gpt-4o:generateContent\",\"user_group_ratio\":-1}} \n"}
{"Time":"2026-09-10T08:24:14.0275345-04:00","Action":"output","Package":"github.com/QuantumNous/new-api/controller","Test":"TestChannelProbeForwardsAllConversationProtocols/gemini/tool_call/json/custom","Output":"[SYS] 2026/09/10 - 08:24:14 | testing channel #9112 completed \n"}
{"Time":"2026-09-10T08:24:14.0275345-04:00","Action":"output","Package":"github.com/QuantumNous/new-api/controller","Test":"TestChannelProbeForwardsAllConversationProtocols/gemini/tool_call/json/custom","Output":"--- PASS: TestChannelProbeForwardsAllConversationProtocols/gemini/tool_call/json/custom (0.00s)\n"}
{"Time":"2026-09-10T08:24:14.0275345-04:00","Action":"pass","Package":"github.com/QuantumNous/new-api/controller","Test":"TestChannelProbeForwardsAllConversationProtocols/gemini/tool_call/json/custom","Elapsed":0}
{"Time":"2026-09-10T08:24:14.0275345-04:00","Action":"run","Package":"github.com/QuantumNous/new-api/controller","Test":"TestChannelProbeForwardsAllConversationProtocols/gemini/tool_call/stream/native"}
{"Time":"2026-09-10T08:24:14.0275345-04:00","Action":"output","Package":"github.com/QuantumNous/new-api/controller","Test":"TestChannelProbeForwardsAllConversationProtocols/gemini/tool_call/stream/native","Output":"=== RUN   TestChannelProbeForwardsAllConversationProtocols/gemini/tool_call/stream/native\n"}
{"Time":"2026-09-10T08:24:14.0280505-04:00","Action":"output","Package":"github.com/QuantumNous/new-api/controller","Test":"TestChannelProbeForwardsAllConversationProtocols/gemini/tool_call/stream/native","Output":"[SYS] 2026/09/10 - 08:24:14 | testing channel 9112 with model gpt-4o , info RelayInfo{ RelayFormat: gemini, RelayMode: 35, IsStream: true, IsPlayground: false, RequestURLPath: \"/v1beta/models/gpt-4o:streamGenerateContent?alt=sse\", OriginModelName: \"gpt-4o\", EstimatePromptTokens: 0, ShouldIncludeUsage: false, DisablePing: false, SendResponseCount: 0, FinalPreConsumedQuota: 0, User{ Id: 9111, Email: \"***masked***\", Group: \"default\", UsingGroup: \"default\", Quota: 1000000 }, Token{ Id: 0, Unlimited: false, Key: ***masked*** }, Timing{ Start: 2026-09-10T08:24:14.0275345-04:00, FirstResponse: 2026-09-10T08:24:13.0275345-04:00, LatencyMs: -1000 }, ChannelMeta{ Type: 24, Id: 9112, IsMultiKey: false, MultiKeyIndex: 0, BaseURL: \"http://127.0.0.1:3436\", ApiType: 9, ApiVersion: \"\", Organization: \"\", CreateTime: 0, UpstreamModelName: \"gpt-4o\", IsModelMapped: false, SupportStreamOptions: true, ApiKey: ***masked*** }, }  \n"}
{"Time":"2026-09-10T08:24:14.0280505-04:00","Action":"output","Package":"github.com/QuantumNous/new-api/controller","Test":"TestChannelProbeForwardsAllConversationProtocols/gemini/tool_call/stream/native","Output":"[INFO] 2026/09/10 - 08:24:14 | SYSTEM | stream ended: reason=eof \n"}
{"Time":"2026-09-10T08:24:14.0280505-04:00","Action":"output","Package":"github.com/QuantumNous/new-api/controller","Test":"TestChannelProbeForwardsAllConversationProtocols/gemini/tool_call/stream/native","Output":"[INFO] 2026/09/10 - 08:24:14 | SYSTEM | record consume log: userId=9111, params={\"channel_id\":9112,\"prompt_tokens\":10,\"completion_tokens\":8,\"model_name\":\"gpt-4o\",\"token_name\":\"模型测试\",\"quota\":42,\"content\":\"模型测试\",\"token_id\":0,\"use_time_seconds\":0,\"is_stream\":true,\"group\":\"default\",\"other\":{\"admin_info\":{\"use_channel\":null},\"cache_ratio\":1,\"cache_tokens\":0,\"completion_ratio\":4,\"frt\":1,\"group_ratio\":1,\"model_price\":-1,\"model_ratio\":1,\"request_conversion\":[\"Google Gemini\"],\"request_path\":\"/v1beta/models/gpt-4o:streamGenerateContent\",\"stream_status\":{\"end_reason\":\"eof\",\"status\":\"ok\"},\"user_group_ratio\":-1}} \n"}
{"Time":"2026-09-10T08:24:14.0285742-04:00","Action":"output","Package":"github.com/QuantumNous/new-api/controller","Test":"TestChannelProbeForwardsAllConversationProtocols/gemini/tool_call/stream/native","Output":"[SYS] 2026/09/10 - 08:24:14 | testing channel #9112 completed \n"}
{"Time":"2026-09-10T08:24:14.0285742-04:00","Action":"output","Package":"github.com/QuantumNous/new-api/controller","Test":"TestChannelProbeForwardsAllConversationProtocols/gemini/tool_call/stream/native","Output":"--- PASS: TestChannelProbeForwardsAllConversationProtocols/gemini/tool_call/stream/native (0.00s)\n"}
{"Time":"2026-09-10T08:24:14.0285742-04:00","Action":"pass","Package":"github.com/QuantumNous/new-api/controller","Test":"TestChannelProbeForwardsAllConversationProtocols/gemini/tool_call/stream/native","Elapsed":0}
{"Time":"2026-09-10T08:24:14.0285742-04:00","Action":"run","Package":"github.com/QuantumNous/new-api/controller","Test":"TestChannelProbeForwardsAllConversationProtocols/gemini/tool_call/stream/custom"}
{"Time":"2026-09-10T08:24:14.0285742-04:00","Action":"output","Package":"github.com/QuantumNous/new-api/controller","Test":"TestChannelProbeForwardsAllConversationProtocols/gemini/tool_call/stream/custom","Output":"=== RUN   TestChannelProbeForwardsAllConversationProtocols/gemini/tool_call/stream/custom\n"}
{"Time":"2026-09-10T08:24:14.0290987-04:00","Action":"output","Package":"github.com/QuantumNous/new-api/controller","Test":"TestChannelProbeForwardsAllConversationProtocols/gemini/tool_call/stream/custom","Output":"[SYS] 2026/09/10 - 08:24:14 | testing channel 9112 with model gpt-4o , info RelayInfo{ RelayFormat: gemini, RelayMode: 35, IsStream: true, IsPlayground: false, RequestURLPath: \"/v1beta/models/gpt-4o:streamGenerateContent?alt=sse\", OriginModelName: \"gpt-4o\", EstimatePromptTokens: 0, ShouldIncludeUsage: false, DisablePing: false, SendResponseCount: 0, FinalPreConsumedQuota: 0, User{ Id: 9111, Email: \"***masked***\", Group: \"default\", UsingGroup: \"default\", Quota: 1000000 }, Token{ Id: 0, Unlimited: false, Key: ***masked*** }, Timing{ Start: 2026-09-10T08:24:14.0290987-04:00, FirstResponse: 2026-09-10T08:24:13.0290987-04:00, LatencyMs: -1000 }, ChannelMeta{ Type: 58, Id: 9112, IsMultiKey: false, MultiKeyIndex: 0, BaseURL: \"http://127.0.0.1:3438\", ApiType: 35, ApiVersion: \"\", Organization: \"\", CreateTime: 0, UpstreamModelName: \"gpt-4o\", IsModelMapped: false, SupportStreamOptions: true, ApiKey: ***masked*** }, }  \n"}
{"Time":"2026-09-10T08:24:14.0296166-04:00","Action":"output","Package":"github.com/QuantumNous/new-api/controller","Test":"TestChannelProbeForwardsAllConversationProtocols/gemini/tool_call/stream/custom","Output":"[INFO] 2026/09/10 - 08:24:14 | SYSTEM | stream ended: reason=eof \n"}
{"Time":"2026-09-10T08:24:14.0296166-04:00","Action":"output","Package":"github.com/QuantumNous/new-api/controller","Test":"TestChannelProbeForwardsAllConversationProtocols/gemini/tool_call/stream/custom","Output":"[INFO] 2026/09/10 - 08:24:14 | SYSTEM | record consume log: userId=9111, params={\"channel_id\":9112,\"prompt_tokens\":10,\"completion_tokens\":8,\"model_name\":\"gpt-4o\",\"token_name\":\"模型测试\",\"quota\":42,\"content\":\"模型测试\",\"token_id\":0,\"use_time_seconds\":0,\"is_stream\":true,\"group\":\"default\",\"other\":{\"admin_info\":{\"use_channel\":null},\"cache_ratio\":1,\"cache_tokens\":0,\"completion_ratio\":4,\"frt\":0,\"group_ratio\":1,\"model_price\":-1,\"model_ratio\":1,\"request_conversion\":[\"Google Gemini\"],\"request_path\":\"/v1beta/models/gpt-4o:streamGenerateContent\",\"stream_status\":{\"end_reason\":\"eof\",\"status\":\"ok\"},\"user_group_ratio\":-1}} \n"}
{"Time":"2026-09-10T08:24:14.0296166-04:00","Action":"output","Package":"github.com/QuantumNous/new-api/controller","Test":"TestChannelProbeForwardsAllConversationProtocols/gemini/tool_call/stream/custom","Output":"[SYS] 2026/09/10 - 08:24:14 | testing channel #9112 completed \n"}
{"Time":"2026-09-10T08:24:14.0301436-04:00","Action":"output","Package":"github.com/QuantumNous/new-api/controller","Test":"TestChannelProbeForwardsAllConversationProtocols/gemini/tool_call/stream/custom","Output":"--- PASS: TestChannelProbeForwardsAllConversationProtocols/gemini/tool_call/stream/custom (0.00s)\n"}
{"Time":"2026-09-10T08:24:14.0301436-04:00","Action":"pass","Package":"github.com/QuantumNous/new-api/controller","Test":"TestChannelProbeForwardsAllConversationProtocols/gemini/tool_call/stream/custom","Elapsed":0}
{"Time":"2026-09-10T08:24:14.0307127-04:00","Action":"output","Package":"github.com/QuantumNous/new-api/controller","Test":"TestChannelProbeForwardsAllConversationProtocols","Output":"--- PASS: TestChannelProbeForwardsAllConversationProtocols (0.05s)\n"}
{"Time":"2026-09-10T08:24:14.0307127-04:00","Action":"pass","Package":"github.com/QuantumNous/new-api/controller","Test":"TestChannelProbeForwardsAllConversationProtocols","Elapsed":0.05}
{"Time":"2026-09-10T08:24:14.0307127-04:00","Action":"run","Package":"github.com/QuantumNous/new-api/controller","Test":"TestChannelProbeImageForwardingAndIncompleteUpstream"}
{"Time":"2026-09-10T08:24:14.0307127-04:00","Action":"output","Package":"github.com/QuantumNous/new-api/controller","Test":"TestChannelProbeImageForwardingAndIncompleteUpstream","Output":"=== RUN   TestChannelProbeImageForwardingAndIncompleteUpstream\n"}
{"Time":"2026-09-10T08:24:14.0307127-04:00","Action":"output","Package":"github.com/QuantumNous/new-api/controller","Test":"TestChannelProbeImageForwardingAndIncompleteUpstream","Output":"[SYS] 2026/09/10 - 08:24:14 | SQL_DSN not set, using SQLite as database \n"}
{"Time":"2026-09-10T08:24:14.0338374-04:00","Action":"run","Package":"github.com/QuantumNous/new-api/controller","Test":"TestChannelProbeImageForwardingAndIncompleteUpstream/image_JSON"}
{"Time":"2026-09-10T08:24:14.0338374-04:00","Action":"output","Package":"github.com/QuantumNous/new-api/controller","Test":"TestChannelProbeImageForwardingAndIncompleteUpstream/image_JSON","Output":"=== RUN   TestChannelProbeImageForwardingAndIncompleteUpstream/image_JSON\n"}
{"Time":"2026-09-10T08:24:14.0338374-04:00","Action":"output","Package":"github.com/QuantumNous/new-api/controller","Test":"TestChannelProbeImageForwardingAndIncompleteUpstream/image_JSON","Output":"[SYS] 2026/09/10 - 08:24:14 | testing channel 9122 with model gpt-image-2 , info RelayInfo{ RelayFormat: openai_image, RelayMode: 5, IsStream: false, IsPlayground: false, RequestURLPath: \"/v1/images/generations\", OriginModelName: \"gpt-image-2\", EstimatePromptTokens: 0, ShouldIncludeUsage: false, DisablePing: false, SendResponseCount: 0, FinalPreConsumedQuota: 0, User{ Id: 9121, Email: \"***masked***\", Group: \"default\", UsingGroup: \"default\", Quota: 1000000 }, Token{ Id: 0, Unlimited: false, Key: ***masked*** }, Timing{ Start: 2026-09-10T08:24:14.0338374-04:00, FirstResponse: 2026-09-10T08:24:13.0338374-04:00, LatencyMs: -1000 }, ChannelMeta{ Type: 1, Id: 9122, IsMultiKey: false, MultiKeyIndex: 0, BaseURL: \"http://127.0.0.1:3440\", ApiType: 0, ApiVersion: \"\", Organization: \"\", CreateTime: 0, UpstreamModelName: \"gpt-image-2\", IsModelMapped: false, SupportStreamOptions: true, ApiKey: ***masked*** }, }  \n"}
{"Time":"2026-09-10T08:24:14.0343549-04:00","Action":"output","Package":"github.com/QuantumNous/new-api/controller","Test":"TestChannelProbeImageForwardingAndIncompleteUpstream/image_JSON","Output":"[INFO] 2026/09/10 - 08:24:14 | SYSTEM | record consume log: userId=9121, params={\"channel_id\":9122,\"prompt_tokens\":0,\"completion_tokens\":0,\"model_name\":\"gpt-image-2\",\"token_name\":\"模型测试\",\"quota\":1,\"content\":\"模型测试\",\"token_id\":0,\"use_time_seconds\":0,\"is_stream\":false,\"group\":\"default\",\"other\":{\"admin_info\":{\"use_channel\":null},\"cache_ratio\":1,\"cache_tokens\":0,\"completion_ratio\":2,\"frt\":-1000,\"group_ratio\":1,\"model_price\":-1,\"model_ratio\":1,\"request_conversion\":[\"openai_image\"],\"request_path\":\"/v1/images/generations\",\"user_group_ratio\":-1}} \n"}
{"Time":"2026-09-10T08:24:14.0348706-04:00","Action":"output","Package":"github.com/QuantumNous/new-api/controller","Test":"TestChannelProbeImageForwardingAndIncompleteUpstream/image_JSON","Output":"[SYS] 2026/09/10 - 08:24:14 | testing channel #9122 completed \n"}
{"Time":"2026-09-10T08:24:14.0348706-04:00","Action":"output","Package":"github.com/QuantumNous/new-api/controller","Test":"TestChannelProbeImageForwardingAndIncompleteUpstream/image_JSON","Output":"--- PASS: TestChannelProbeImageForwardingAndIncompleteUpstream/image_JSON (0.00s)\n"}
{"Time":"2026-09-10T08:24:14.0348706-04:00","Action":"pass","Package":"github.com/QuantumNous/new-api/controller","Test":"TestChannelProbeImageForwardingAndIncompleteUpstream/image_JSON","Elapsed":0}
{"Time":"2026-09-10T08:24:14.0348706-04:00","Action":"run","Package":"github.com/QuantumNous/new-api/controller","Test":"TestChannelProbeImageForwardingAndIncompleteUpstream/image_SSE"}
{"Time":"2026-09-10T08:24:14.0348706-04:00","Action":"output","Package":"github.com/QuantumNous/new-api/controller","Test":"TestChannelProbeImageForwardingAndIncompleteUpstream/image_SSE","Output":"=== RUN   TestChannelProbeImageForwardingAndIncompleteUpstream/image_SSE\n"}
{"Time":"2026-09-10T08:24:14.035388-04:00","Action":"output","Package":"github.com/QuantumNous/new-api/controller","Test":"TestChannelProbeImageForwardingAndIncompleteUpstream/image_SSE","Output":"[SYS] 2026/09/10 - 08:24:14 | testing channel 9122 with model gpt-image-2 , info RelayInfo{ RelayFormat: openai_image, RelayMode: 5, IsStream: true, IsPlayground: false, RequestURLPath: \"/v1/images/generations\", OriginModelName: \"gpt-image-2\", EstimatePromptTokens: 0, ShouldIncludeUsage: false, DisablePing: false, SendResponseCount: 0, FinalPreConsumedQuota: 0, User{ Id: 9121, Email: \"***masked***\", Group: \"default\", UsingGroup: \"default\", Quota: 1000000 }, Token{ Id: 0, Unlimited: false, Key: ***masked*** }, Timing{ Start: 2026-09-10T08:24:14.035388-04:00, FirstResponse: 2026-09-10T08:24:13.035388-04:00, LatencyMs: -1000 }, ChannelMeta{ Type: 1, Id: 9122, IsMultiKey: false, MultiKeyIndex: 0, BaseURL: \"http://127.0.0.1:3442\", ApiType: 0, ApiVersion: \"\", Organization: \"\", CreateTime: 0, UpstreamModelName: \"gpt-image-2\", IsModelMapped: false, SupportStreamOptions: true, ApiKey: ***masked*** }, }  \n"}
{"Time":"2026-09-10T08:24:14.035388-04:00","Action":"output","Package":"github.com/QuantumNous/new-api/controller","Test":"TestChannelProbeImageForwardingAndIncompleteUpstream/image_SSE","Output":"[INFO] 2026/09/10 - 08:24:14 | SYSTEM | stream ended: reason=eof \n"}
{"Time":"2026-09-10T08:24:14.035388-04:00","Action":"output","Package":"github.com/QuantumNous/new-api/controller","Test":"TestChannelProbeImageForwardingAndIncompleteUpstream/image_SSE","Output":"[INFO] 2026/09/10 - 08:24:14 | SYSTEM | record consume log: userId=9121, params={\"channel_id\":9122,\"prompt_tokens\":0,\"completion_tokens\":0,\"model_name\":\"gpt-image-2\",\"token_name\":\"模型测试\",\"quota\":1,\"content\":\"模型测试\",\"token_id\":0,\"use_time_seconds\":0,\"is_stream\":true,\"group\":\"default\",\"other\":{\"admin_info\":{\"use_channel\":null},\"cache_ratio\":1,\"cache_tokens\":0,\"completion_ratio\":2,\"frt\":0,\"group_ratio\":1,\"model_price\":-1,\"model_ratio\":1,\"request_conversion\":[\"openai_image\"],\"request_path\":\"/v1/images/generations\",\"stream_status\":{\"end_reason\":\"eof\",\"status\":\"ok\"},\"user_group_ratio\":-1}} \n"}
{"Time":"2026-09-10T08:24:14.0359014-04:00","Action":"output","Package":"github.com/QuantumNous/new-api/controller","Test":"TestChannelProbeImageForwardingAndIncompleteUpstream/image_SSE","Output":"[SYS] 2026/09/10 - 08:24:14 | testing channel #9122 completed \n"}
{"Time":"2026-09-10T08:24:14.0364205-04:00","Action":"output","Package":"github.com/QuantumNous/new-api/controller","Test":"TestChannelProbeImageForwardingAndIncompleteUpstream/image_SSE","Output":"--- PASS: TestChannelProbeImageForwardingAndIncompleteUpstream/image_SSE (0.00s)\n"}
{"Time":"2026-09-10T08:24:14.0364205-04:00","Action":"pass","Package":"github.com/QuantumNous/new-api/controller","Test":"TestChannelProbeImageForwardingAndIncompleteUpstream/image_SSE","Elapsed":0}
{"Time":"2026-09-10T08:24:14.0364205-04:00","Action":"run","Package":"github.com/QuantumNous/new-api/controller","Test":"TestChannelProbeImageForwardingAndIncompleteUpstream/image_compatibility_SSE"}
{"Time":"2026-09-10T08:24:14.0364205-04:00","Action":"output","Package":"github.com/QuantumNous/new-api/controller","Test":"TestChannelProbeImageForwardingAndIncompleteUpstream/image_compatibility_SSE","Output":"=== RUN   TestChannelProbeImageForwardingAndIncompleteUpstream/image_compatibility_SSE\n"}
{"Time":"2026-09-10T08:24:14.0364205-04:00","Action":"output","Package":"github.com/QuantumNous/new-api/controller","Test":"TestChannelProbeImageForwardingAndIncompleteUpstream/image_compatibility_SSE","Output":"[SYS] 2026/09/10 - 08:24:14 | testing channel 9122 with model gpt-image-2 , info RelayInfo{ RelayFormat: openai_image, RelayMode: 5, IsStream: true, IsPlayground: false, RequestURLPath: \"/v1/images/generations\", OriginModelName: \"gpt-image-2\", EstimatePromptTokens: 0, ShouldIncludeUsage: false, DisablePing: false, SendResponseCount: 0, FinalPreConsumedQuota: 0, User{ Id: 9121, Email: \"***masked***\", Group: \"default\", UsingGroup: \"default\", Quota: 1000000 }, Token{ Id: 0, Unlimited: false, Key: ***masked*** }, Timing{ Start: 2026-09-10T08:24:14.0364205-04:00, FirstResponse: 2026-09-10T08:24:13.0364205-04:00, LatencyMs: -1000 }, ChannelMeta{ Type: 1, Id: 9122, IsMultiKey: false, MultiKeyIndex: 0, BaseURL: \"http://127.0.0.1:3444\", ApiType: 0, ApiVersion: \"\", Organization: \"\", CreateTime: 0, UpstreamModelName: \"gpt-image-2\", IsModelMapped: false, SupportStreamOptions: true, ApiKey: ***masked*** }, }  \n"}
{"Time":"2026-09-10T08:24:14.0369427-04:00","Action":"output","Package":"github.com/QuantumNous/new-api/controller","Test":"TestChannelProbeImageForwardingAndIncompleteUpstream/image_compatibility_SSE","Output":"[INFO] 2026/09/10 - 08:24:14 | SYSTEM | record consume log: userId=9121, params={\"channel_id\":9122,\"prompt_tokens\":0,\"completion_tokens\":0,\"model_name\":\"gpt-image-2\",\"token_name\":\"模型测试\",\"quota\":1,\"content\":\"模型测试\",\"token_id\":0,\"use_time_seconds\":0,\"is_stream\":true,\"group\":\"default\",\"other\":{\"admin_info\":{\"use_channel\":null},\"cache_ratio\":1,\"cache_tokens\":0,\"completion_ratio\":2,\"frt\":0,\"group_ratio\":1,\"model_price\":-1,\"model_ratio\":1,\"request_conversion\":[\"openai_image\"],\"request_path\":\"/v1/images/generations\",\"stream_status\":{\"end_reason\":\"done\",\"status\":\"ok\"},\"user_group_ratio\":-1}} \n"}
{"Time":"2026-09-10T08:24:14.0374632-04:00","Action":"output","Package":"github.com/QuantumNous/new-api/controller","Test":"TestChannelProbeImageForwardingAndIncompleteUpstream/image_compatibility_SSE","Output":"[SYS] 2026/09/10 - 08:24:14 | testing channel #9122 completed \n"}
{"Time":"2026-09-10T08:24:14.0374632-04:00","Action":"output","Package":"github.com/QuantumNous/new-api/controller","Test":"TestChannelProbeImageForwardingAndIncompleteUpstream/image_compatibility_SSE","Output":"--- PASS: TestChannelProbeImageForwardingAndIncompleteUpstream/image_compatibility_SSE (0.00s)\n"}
{"Time":"2026-09-10T08:24:14.0374632-04:00","Action":"pass","Package":"github.com/QuantumNous/new-api/controller","Test":"TestChannelProbeImageForwardingAndIncompleteUpstream/image_compatibility_SSE","Elapsed":0}
{"Time":"2026-09-10T08:24:14.0374632-04:00","Action":"run","Package":"github.com/QuantumNous/new-api/controller","Test":"TestChannelProbeImageForwardingAndIncompleteUpstream/truncated_chat_before_finish"}
{"Time":"2026-09-10T08:24:14.0374632-04:00","Action":"output","Package":"github.com/QuantumNous/new-api/controller","Test":"TestChannelProbeImageForwardingAndIncompleteUpstream/truncated_chat_before_finish","Output":"=== RUN   TestChannelProbeImageForwardingAndIncompleteUpstream/truncated_chat_before_finish\n"}
{"Time":"2026-09-10T08:24:14.037979-04:00","Action":"output","Package":"github.com/QuantumNous/new-api/controller","Test":"TestChannelProbeImageForwardingAndIncompleteUpstream/truncated_chat_before_finish","Output":"[SYS] 2026/09/10 - 08:24:14 | testing channel 9122 with model gpt-4o , info RelayInfo{ RelayFormat: openai, RelayMode: 1, IsStream: true, IsPlayground: false, RequestURLPath: \"/v1/chat/completions\", OriginModelName: \"gpt-4o\", EstimatePromptTokens: 0, ShouldIncludeUsage: false, DisablePing: false, SendResponseCount: 0, FinalPreConsumedQuota: 0, User{ Id: 9121, Email: \"***masked***\", Group: \"default\", UsingGroup: \"default\", Quota: 1000000 }, Token{ Id: 0, Unlimited: false, Key: ***masked*** }, Timing{ Start: 2026-09-10T08:24:14.037979-04:00, FirstResponse: 2026-09-10T08:24:13.037979-04:00, LatencyMs: -1000 }, ChannelMeta{ Type: 1, Id: 9122, IsMultiKey: false, MultiKeyIndex: 0, BaseURL: \"http://127.0.0.1:3446\", ApiType: 0, ApiVersion: \"\", Organization: \"\", CreateTime: 0, UpstreamModelName: \"gpt-4o\", IsModelMapped: false, SupportStreamOptions: true, ApiKey: ***masked*** }, }  \n"}
{"Time":"2026-09-10T08:24:14.037979-04:00","Action":"output","Package":"github.com/QuantumNous/new-api/controller","Test":"TestChannelProbeImageForwardingAndIncompleteUpstream/truncated_chat_before_finish","Output":"[INFO] 2026/09/10 - 08:24:14 | SYSTEM | stream ended: reason=eof \n"}
{"Time":"2026-09-10T08:24:14.037979-04:00","Action":"output","Package":"github.com/QuantumNous/new-api/controller","Test":"TestChannelProbeImageForwardingAndIncompleteUpstream/truncated_chat_before_finish","Output":"[INFO] 2026/09/10 - 08:24:14 | SYSTEM | record consume log: userId=9121, params={\"channel_id\":9122,\"prompt_tokens\":0,\"completion_tokens\":2,\"model_name\":\"gpt-4o\",\"token_name\":\"模型测试\",\"quota\":8,\"content\":\"模型测试\",\"token_id\":0,\"use_time_seconds\":0,\"is_stream\":true,\"group\":\"default\",\"other\":{\"admin_info\":{\"local_count_tokens\":true,\"use_channel\":null},\"cache_ratio\":1,\"cache_tokens\":0,\"completion_ratio\":4,\"frt\":0,\"group_ratio\":1,\"model_price\":-1,\"model_ratio\":1,\"request_conversion\":[\"OpenAI Compatible\"],\"request_path\":\"/v1/chat/completions\",\"stream_status\":{\"end_reason\":\"eof\",\"status\":\"ok\"},\"user_group_ratio\":-1}} \n"}
{"Time":"2026-09-10T08:24:14.0384933-04:00","Action":"output","Package":"github.com/QuantumNous/new-api/controller","Test":"TestChannelProbeImageForwardingAndIncompleteUpstream/truncated_chat_before_finish","Output":"[SYS] 2026/09/10 - 08:24:14 | testing channel #9122 completed \n"}
{"Time":"2026-09-10T08:24:14.0384933-04:00","Action":"output","Package":"github.com/QuantumNous/new-api/controller","Test":"TestChannelProbeImageForwardingAndIncompleteUpstream/truncated_chat_before_finish","Output":"--- PASS: TestChannelProbeImageForwardingAndIncompleteUpstream/truncated_chat_before_finish (0.00s)\n"}
{"Time":"2026-09-10T08:24:14.0384933-04:00","Action":"pass","Package":"github.com/QuantumNous/new-api/controller","Test":"TestChannelProbeImageForwardingAndIncompleteUpstream/truncated_chat_before_finish","Elapsed":0}
{"Time":"2026-09-10T08:24:14.0384933-04:00","Action":"run","Package":"github.com/QuantumNous/new-api/controller","Test":"TestChannelProbeImageForwardingAndIncompleteUpstream/empty_chat_stream"}
{"Time":"2026-09-10T08:24:14.0384933-04:00","Action":"output","Package":"github.com/QuantumNous/new-api/controller","Test":"TestChannelProbeImageForwardingAndIncompleteUpstream/empty_chat_stream","Output":"=== RUN   TestChannelProbeImageForwardingAndIncompleteUpstream/empty_chat_stream\n"}
{"Time":"2026-09-10T08:24:14.0390105-04:00","Action":"output","Package":"github.com/QuantumNous/new-api/controller","Test":"TestChannelProbeImageForwardingAndIncompleteUpstream/empty_chat_stream","Output":"[SYS] 2026/09/10 - 08:24:14 | testing channel 9122 with model gpt-4o , info RelayInfo{ RelayFormat: openai, RelayMode: 1, IsStream: true, IsPlayground: false, RequestURLPath: \"/v1/chat/completions\", OriginModelName: \"gpt-4o\", EstimatePromptTokens: 0, ShouldIncludeUsage: false, DisablePing: false, SendResponseCount: 0, FinalPreConsumedQuota: 0, User{ Id: 9121, Email: \"***masked***\", Group: \"default\", UsingGroup: \"default\", Quota: 1000000 }, Token{ Id: 0, Unlimited: false, Key: ***masked*** }, Timing{ Start: 2026-09-10T08:24:14.0390105-04:00, FirstResponse: 2026-09-10T08:24:13.0390105-04:00, LatencyMs: -1000 }, ChannelMeta{ Type: 1, Id: 9122, IsMultiKey: false, MultiKeyIndex: 0, BaseURL: \"http://127.0.0.1:3448\", ApiType: 0, ApiVersion: \"\", Organization: \"\", CreateTime: 0, UpstreamModelName: \"gpt-4o\", IsModelMapped: false, SupportStreamOptions: true, ApiKey: ***masked*** }, }  \n"}
{"Time":"2026-09-10T08:24:14.0395265-04:00","Action":"output","Package":"github.com/QuantumNous/new-api/controller","Test":"TestChannelProbeImageForwardingAndIncompleteUpstream/empty_chat_stream","Output":"[INFO] 2026/09/10 - 08:24:14 | SYSTEM | stream ended: reason=done \n"}
{"Time":"2026-09-10T08:24:14.0395265-04:00","Action":"output","Package":"github.com/QuantumNous/new-api/controller","Test":"TestChannelProbeImageForwardingAndIncompleteUpstream/empty_chat_stream","Output":"[ERR] 2026/09/10 - 08:24:14 | SYSTEM | error handling last response: unexpected end of JSON input, lastStreamData: [] \n"}
{"Time":"2026-09-10T08:24:14.0395265-04:00","Action":"output","Package":"github.com/QuantumNous/new-api/controller","Test":"TestChannelProbeImageForwardingAndIncompleteUpstream/empty_chat_stream","Output":"[INFO] 2026/09/10 - 08:24:14 | SYSTEM | record consume log: userId=9121, params={\"channel_id\":9122,\"prompt_tokens\":0,\"completion_tokens\":0,\"model_name\":\"gpt-4o\",\"token_name\":\"模型测试\",\"quota\":1,\"content\":\"模型测试\",\"token_id\":0,\"use_time_seconds\":0,\"is_stream\":true,\"group\":\"default\",\"other\":{\"admin_info\":{\"local_count_tokens\":true,\"use_channel\":null},\"cache_ratio\":1,\"cache_tokens\":0,\"completion_ratio\":4,\"frt\":-1000,\"group_ratio\":1,\"model_price\":-1,\"model_ratio\":1,\"request_conversion\":[\"OpenAI Compatible\"],\"request_path\":\"/v1/chat/completions\",\"stream_status\":{\"end_reason\":\"done\",\"status\":\"ok\"},\"user_group_ratio\":-1}} \n"}
{"Time":"2026-09-10T08:24:14.0395265-04:00","Action":"output","Package":"github.com/QuantumNous/new-api/controller","Test":"TestChannelProbeImageForwardingAndIncompleteUpstream/empty_chat_stream","Output":"[SYS] 2026/09/10 - 08:24:14 | testing channel #9122 completed \n"}
{"Time":"2026-09-10T08:24:14.0395265-04:00","Action":"output","Package":"github.com/QuantumNous/new-api/controller","Test":"TestChannelProbeImageForwardingAndIncompleteUpstream/empty_chat_stream","Output":"--- PASS: TestChannelProbeImageForwardingAndIncompleteUpstream/empty_chat_stream (0.00s)\n"}
{"Time":"2026-09-10T08:24:14.0395265-04:00","Action":"pass","Package":"github.com/QuantumNous/new-api/controller","Test":"TestChannelProbeImageForwardingAndIncompleteUpstream/empty_chat_stream","Elapsed":0}
{"Time":"2026-09-10T08:24:14.0395265-04:00","Action":"run","Package":"github.com/QuantumNous/new-api/controller","Test":"TestChannelProbeImageForwardingAndIncompleteUpstream/late_malformed_event"}
{"Time":"2026-09-10T08:24:14.0395265-04:00","Action":"output","Package":"github.com/QuantumNous/new-api/controller","Test":"TestChannelProbeImageForwardingAndIncompleteUpstream/late_malformed_event","Output":"=== RUN   TestChannelProbeImageForwardingAndIncompleteUpstream/late_malformed_event\n"}
{"Time":"2026-09-10T08:24:14.0400773-04:00","Action":"output","Package":"github.com/QuantumNous/new-api/controller","Test":"TestChannelProbeImageForwardingAndIncompleteUpstream/late_malformed_event","Output":"[SYS] 2026/09/10 - 08:24:14 | testing channel 9122 with model gpt-4o , info RelayInfo{ RelayFormat: openai, RelayMode: 1, IsStream: true, IsPlayground: false, RequestURLPath: \"/v1/chat/completions\", OriginModelName: \"gpt-4o\", EstimatePromptTokens: 0, ShouldIncludeUsage: false, DisablePing: false, SendResponseCount: 0, FinalPreConsumedQuota: 0, User{ Id: 9121, Email: \"***masked***\", Group: \"default\", UsingGroup: \"default\", Quota: 1000000 }, Token{ Id: 0, Unlimited: false, Key: ***masked*** }, Timing{ Start: 2026-09-10T08:24:14.0400773-04:00, FirstResponse: 2026-09-10T08:24:13.0400773-04:00, LatencyMs: -1000 }, ChannelMeta{ Type: 1, Id: 9122, IsMultiKey: false, MultiKeyIndex: 0, BaseURL: \"http://127.0.0.1:3450\", ApiType: 0, ApiVersion: \"\", Organization: \"\", CreateTime: 0, UpstreamModelName: \"gpt-4o\", IsModelMapped: false, SupportStreamOptions: true, ApiKey: ***masked*** }, }  \n"}
{"Time":"2026-09-10T08:24:14.0400773-04:00","Action":"output","Package":"github.com/QuantumNous/new-api/controller","Test":"TestChannelProbeImageForwardingAndIncompleteUpstream/late_malformed_event","Output":"[ERR] 2026/09/10 - 08:24:14 | SYSTEM | error processing stream token data: invalid character 'b' looking for beginning of value \n"}
{"Time":"2026-09-10T08:24:14.0400773-04:00","Action":"output","Package":"github.com/QuantumNous/new-api/controller","Test":"TestChannelProbeImageForwardingAndIncompleteUpstream/late_malformed_event","Output":"[ERR] 2026/09/10 - 08:24:14 | SYSTEM | stream ended: reason=eof soft_errors=1, received=2 \n"}
{"Time":"2026-09-10T08:24:14.0400773-04:00","Action":"output","Package":"github.com/QuantumNous/new-api/controller","Test":"TestChannelProbeImageForwardingAndIncompleteUpstream/late_malformed_event","Output":"[ERR] 2026/09/10 - 08:24:14 | SYSTEM | error handling last response: invalid character 'b' looking for beginning of value, lastStreamData: [broken-json] \n"}
{"Time":"2026-09-10T08:24:14.0405934-04:00","Action":"output","Package":"github.com/QuantumNous/new-api/controller","Test":"TestChannelProbeImageForwardingAndIncompleteUpstream/late_malformed_event","Output":"[INFO] 2026/09/10 - 08:24:14 | SYSTEM | record consume log: userId=9121, params={\"channel_id\":9122,\"prompt_tokens\":0,\"completion_tokens\":2,\"model_name\":\"gpt-4o\",\"token_name\":\"模型测试\",\"quota\":8,\"content\":\"模型测试\",\"token_id\":0,\"use_time_seconds\":0,\"is_stream\":true,\"group\":\"default\",\"other\":{\"admin_info\":{\"local_count_tokens\":true,\"use_channel\":null},\"cache_ratio\":1,\"cache_tokens\":0,\"completion_ratio\":4,\"frt\":0,\"group_ratio\":1,\"model_price\":-1,\"model_ratio\":1,\"request_conversion\":[\"OpenAI Compatible\"],\"request_path\":\"/v1/chat/completions\",\"stream_status\":{\"end_reason\":\"eof\",\"error_count\":1,\"errors\":[\"invalid character 'b' looking for beginning of value\"],\"status\":\"error\"},\"user_group_ratio\":-1}} \n"}
{"Time":"2026-09-10T08:24:14.0405934-04:00","Action":"output","Package":"github.com/QuantumNous/new-api/controller","Test":"TestChannelProbeImageForwardingAndIncompleteUpstream/late_malformed_event","Output":"[SYS] 2026/09/10 - 08:24:14 | testing channel #9122 completed \n"}
{"Time":"2026-09-10T08:24:14.0405934-04:00","Action":"output","Package":"github.com/QuantumNous/new-api/controller","Test":"TestChannelProbeImageForwardingAndIncompleteUpstream/late_malformed_event","Output":"--- PASS: TestChannelProbeImageForwardingAndIncompleteUpstream/late_malformed_event (0.00s)\n"}
{"Time":"2026-09-10T08:24:14.0405934-04:00","Action":"pass","Package":"github.com/QuantumNous/new-api/controller","Test":"TestChannelProbeImageForwardingAndIncompleteUpstream/late_malformed_event","Elapsed":0}
{"Time":"2026-09-10T08:24:14.0405934-04:00","Action":"output","Package":"github.com/QuantumNous/new-api/controller","Test":"TestChannelProbeImageForwardingAndIncompleteUpstream","Output":"--- PASS: TestChannelProbeImageForwardingAndIncompleteUpstream (0.01s)\n"}
{"Time":"2026-09-10T08:24:14.0411061-04:00","Action":"pass","Package":"github.com/QuantumNous/new-api/controller","Test":"TestChannelProbeImageForwardingAndIncompleteUpstream","Elapsed":0.01}
{"Time":"2026-09-10T08:24:14.0411061-04:00","Action":"run","Package":"github.com/QuantumNous/new-api/controller","Test":"TestParseOpenAIModelIDsStrictResponseContract"}
{"Time":"2026-09-10T08:24:14.0411061-04:00","Action":"output","Package":"github.com/QuantumNous/new-api/controller","Test":"TestParseOpenAIModelIDsStrictResponseContract","Output":"=== RUN   TestParseOpenAIModelIDsStrictResponseContract\n"}
{"Time":"2026-09-10T08:24:14.0411061-04:00","Action":"run","Package":"github.com/QuantumNous/new-api/controller","Test":"TestParseOpenAIModelIDsStrictResponseContract/malformed_JSON"}
{"Time":"2026-09-10T08:24:14.0411061-04:00","Action":"output","Package":"github.com/QuantumNous/new-api/controller","Test":"TestParseOpenAIModelIDsStrictResponseContract/malformed_JSON","Output":"=== RUN   TestParseOpenAIModelIDsStrictResponseContract/malformed_JSON\n"}
{"Time":"2026-09-10T08:24:14.0411061-04:00","Action":"output","Package":"github.com/QuantumNous/new-api/controller","Test":"TestParseOpenAIModelIDsStrictResponseContract/malformed_JSON","Output":"--- PASS: TestParseOpenAIModelIDsStrictResponseContract/malformed_JSON (0.00s)\n"}
{"Time":"2026-09-10T08:24:14.0411061-04:00","Action":"pass","Package":"github.com/QuantumNous/new-api/controller","Test":"TestParseOpenAIModelIDsStrictResponseContract/malformed_JSON","Elapsed":0}
{"Time":"2026-09-10T08:24:14.0411061-04:00","Action":"run","Package":"github.com/QuantumNous/new-api/controller","Test":"TestParseOpenAIModelIDsStrictResponseContract/missing_data"}
{"Time":"2026-09-10T08:24:14.0411061-04:00","Action":"output","Package":"github.com/QuantumNous/new-api/controller","Test":"TestParseOpenAIModelIDsStrictResponseContract/missing_data","Output":"=== RUN   TestParseOpenAIModelIDsStrictResponseContract/missing_data\n"}
{"Time":"2026-09-10T08:24:14.0411061-04:00","Action":"output","Package":"github.com/QuantumNous/new-api/controller","Test":"TestParseOpenAIModelIDsStrictResponseContract/missing_data","Output":"--- PASS: TestParseOpenAIModelIDsStrictResponseContract/missing_data (0.00s)\n"}
{"Time":"2026-09-10T08:24:14.0411061-04:00","Action":"pass","Package":"github.com/QuantumNous/new-api/controller","Test":"TestParseOpenAIModelIDsStrictResponseContract/missing_data","Elapsed":0}
{"Time":"2026-09-10T08:24:14.0411061-04:00","Action":"run","Package":"github.com/QuantumNous/new-api/controller","Test":"TestParseOpenAIModelIDsStrictResponseContract/null_data"}
{"Time":"2026-09-10T08:24:14.0411061-04:00","Action":"output","Package":"github.com/QuantumNous/new-api/controller","Test":"TestParseOpenAIModelIDsStrictResponseContract/null_data","Output":"=== RUN   TestParseOpenAIModelIDsStrictResponseContract/null_data\n"}
{"Time":"2026-09-10T08:24:14.0411061-04:00","Action":"output","Package":"github.com/QuantumNous/new-api/controller","Test":"TestParseOpenAIModelIDsStrictResponseContract/null_data","Output":"--- PASS: TestParseOpenAIModelIDsStrictResponseContract/null_data (0.00s)\n"}
{"Time":"2026-09-10T08:24:14.0411061-04:00","Action":"pass","Package":"github.com/QuantumNous/new-api/controller","Test":"TestParseOpenAIModelIDsStrictResponseContract/null_data","Elapsed":0}
{"Time":"2026-09-10T08:24:14.0411061-04:00","Action":"run","Package":"github.com/QuantumNous/new-api/controller","Test":"TestParseOpenAIModelIDsStrictResponseContract/empty_data"}
{"Time":"2026-09-10T08:24:14.0411061-04:00","Action":"output","Package":"github.com/QuantumNous/new-api/controller","Test":"TestParseOpenAIModelIDsStrictResponseContract/empty_data","Output":"=== RUN   TestParseOpenAIModelIDsStrictResponseContract/empty_data\n"}
{"Time":"2026-09-10T08:24:14.0411061-04:00","Action":"output","Package":"github.com/QuantumNous/new-api/controller","Test":"TestParseOpenAIModelIDsStrictResponseContract/empty_data","Output":"--- PASS: TestParseOpenAIModelIDsStrictResponseContract/empty_data (0.00s)\n"}
{"Time":"2026-09-10T08:24:14.0411061-04:00","Action":"pass","Package":"github.com/QuantumNous/new-api/controller","Test":"TestParseOpenAIModelIDsStrictResponseContract/empty_data","Elapsed":0}
{"Time":"2026-09-10T08:24:14.0411061-04:00","Action":"run","Package":"github.com/QuantumNous/new-api/controller","Test":"TestParseOpenAIModelIDsStrictResponseContract/all_IDs_empty"}
{"Time":"2026-09-10T08:24:14.0411061-04:00","Action":"output","Package":"github.com/QuantumNous/new-api/controller","Test":"TestParseOpenAIModelIDsStrictResponseContract/all_IDs_empty","Output":"=== RUN   TestParseOpenAIModelIDsStrictResponseContract/all_IDs_empty\n"}
{"Time":"2026-09-10T08:24:14.0411061-04:00","Action":"output","Package":"github.com/QuantumNous/new-api/controller","Test":"TestParseOpenAIModelIDsStrictResponseContract/all_IDs_empty","Output":"--- PASS: TestParseOpenAIModelIDsStrictResponseContract/all_IDs_empty (0.00s)\n"}
{"Time":"2026-09-10T08:24:14.0411061-04:00","Action":"pass","Package":"github.com/QuantumNous/new-api/controller","Test":"TestParseOpenAIModelIDsStrictResponseContract/all_IDs_empty","Elapsed":0}
{"Time":"2026-09-10T08:24:14.0411061-04:00","Action":"run","Package":"github.com/QuantumNous/new-api/controller","Test":"TestParseOpenAIModelIDsStrictResponseContract/filters_empty_IDs_and_normalizes_valid_IDs"}
{"Time":"2026-09-10T08:24:14.0411061-04:00","Action":"output","Package":"github.com/QuantumNous/new-api/controller","Test":"TestParseOpenAIModelIDsStrictResponseContract/filters_empty_IDs_and_normalizes_valid_IDs","Output":"=== RUN   TestParseOpenAIModelIDsStrictResponseContract/filters_empty_IDs_and_normalizes_valid_IDs\n"}
{"Time":"2026-09-10T08:24:14.0411061-04:00","Action":"output","Package":"github.com/QuantumNous/new-api/controller","Test":"TestParseOpenAIModelIDsStrictResponseContract/filters_empty_IDs_and_normalizes_valid_IDs","Output":"--- PASS: TestParseOpenAIModelIDsStrictResponseContract/filters_empty_IDs_and_normalizes_valid_IDs (0.00s)\n"}
{"Time":"2026-09-10T08:24:14.0411061-04:00","Action":"pass","Package":"github.com/QuantumNous/new-api/controller","Test":"TestParseOpenAIModelIDsStrictResponseContract/filters_empty_IDs_and_normalizes_valid_IDs","Elapsed":0}
{"Time":"2026-09-10T08:24:14.0411061-04:00","Action":"output","Package":"github.com/QuantumNous/new-api/controller","Test":"TestParseOpenAIModelIDsStrictResponseContract","Output":"--- PASS: TestParseOpenAIModelIDsStrictResponseContract (0.00s)\n"}
{"Time":"2026-09-10T08:24:14.0411061-04:00","Action":"pass","Package":"github.com/QuantumNous/new-api/controller","Test":"TestParseOpenAIModelIDsStrictResponseContract","Elapsed":0}
{"Time":"2026-09-10T08:24:14.0411061-04:00","Action":"run","Package":"github.com/QuantumNous/new-api/controller","Test":"TestFetchAdvancedCustomModelsAppliesHeaderOverrideAfterRouteAuth"}
{"Time":"2026-09-10T08:24:14.0411061-04:00","Action":"output","Package":"github.com/QuantumNous/new-api/controller","Test":"TestFetchAdvancedCustomModelsAppliesHeaderOverrideAfterRouteAuth","Output":"=== RUN   TestFetchAdvancedCustomModelsAppliesHeaderOverrideAfterRouteAuth\n"}
{"Time":"2026-09-10T08:24:14.0416272-04:00","Action":"output","Package":"github.com/QuantumNous/new-api/controller","Test":"TestFetchAdvancedCustomModelsAppliesHeaderOverrideAfterRouteAuth","Output":"--- PASS: TestFetchAdvancedCustomModelsAppliesHeaderOverrideAfterRouteAuth (0.00s)\n"}
{"Time":"2026-09-10T08:24:14.0416272-04:00","Action":"pass","Package":"github.com/QuantumNous/new-api/controller","Test":"TestFetchAdvancedCustomModelsAppliesHeaderOverrideAfterRouteAuth","Elapsed":0}
{"Time":"2026-09-10T08:24:14.0416272-04:00","Action":"run","Package":"github.com/QuantumNous/new-api/controller","Test":"TestFetchAdvancedCustomModelsUsesEnabledSavedMultiKey"}
{"Time":"2026-09-10T08:24:14.0416272-04:00","Action":"output","Package":"github.com/QuantumNous/new-api/controller","Test":"TestFetchAdvancedCustomModelsUsesEnabledSavedMultiKey","Output":"=== RUN   TestFetchAdvancedCustomModelsUsesEnabledSavedMultiKey\n"}
{"Time":"2026-09-10T08:24:14.0421518-04:00","Action":"output","Package":"github.com/QuantumNous/new-api/controller","Test":"TestFetchAdvancedCustomModelsUsesEnabledSavedMultiKey","Output":"--- PASS: TestFetchAdvancedCustomModelsUsesEnabledSavedMultiKey (0.00s)\n"}
{"Time":"2026-09-10T08:24:14.0421518-04:00","Action":"pass","Package":"github.com/QuantumNous/new-api/controller","Test":"TestFetchAdvancedCustomModelsUsesEnabledSavedMultiKey","Elapsed":0}
{"Time":"2026-09-10T08:24:14.0421518-04:00","Action":"run","Package":"github.com/QuantumNous/new-api/controller","Test":"TestFetchAdvancedCustomModelsRejectsNonOKResponse"}
{"Time":"2026-09-10T08:24:14.0421518-04:00","Action":"output","Package":"github.com/QuantumNous/new-api/controller","Test":"TestFetchAdvancedCustomModelsRejectsNonOKResponse","Output":"=== RUN   TestFetchAdvancedCustomModelsRejectsNonOKResponse\n"}
{"Time":"2026-09-10T08:24:14.0431957-04:00","Action":"output","Package":"github.com/QuantumNous/new-api/controller","Test":"TestFetchAdvancedCustomModelsRejectsNonOKResponse","Output":"--- PASS: TestFetchAdvancedCustomModelsRejectsNonOKResponse (0.00s)\n"}
{"Time":"2026-09-10T08:24:14.0431957-04:00","Action":"pass","Package":"github.com/QuantumNous/new-api/controller","Test":"TestFetchAdvancedCustomModelsRejectsNonOKResponse","Elapsed":0}
{"Time":"2026-09-10T08:24:14.0431957-04:00","Action":"run","Package":"github.com/QuantumNous/new-api/controller","Test":"TestFetchAdvancedCustomModelsRedactsQueryKeyFromTransportErrors"}
{"Time":"2026-09-10T08:24:14.0431957-04:00","Action":"output","Package":"github.com/QuantumNous/new-api/controller","Test":"TestFetchAdvancedCustomModelsRedactsQueryKeyFromTransportErrors","Output":"=== RUN   TestFetchAdvancedCustomModelsRedactsQueryKeyFromTransportErrors\n"}
{"Time":"2026-09-10T08:24:14.043716-04:00","Action":"output","Package":"github.com/QuantumNous/new-api/controller","Test":"TestFetchAdvancedCustomModelsRedactsQueryKeyFromTransportErrors","Output":"--- PASS: TestFetchAdvancedCustomModelsRedactsQueryKeyFromTransportErrors (0.00s)\n"}
{"Time":"2026-09-10T08:24:14.043716-04:00","Action":"pass","Package":"github.com/QuantumNous/new-api/controller","Test":"TestFetchAdvancedCustomModelsRedactsQueryKeyFromTransportErrors","Elapsed":0}
{"Time":"2026-09-10T08:24:14.043716-04:00","Action":"run","Package":"github.com/QuantumNous/new-api/controller","Test":"TestFetchOrdinaryOpenAIModelsKeepsExistingEmptyDataBehavior"}
{"Time":"2026-09-10T08:24:14.043716-04:00","Action":"output","Package":"github.com/QuantumNous/new-api/controller","Test":"TestFetchOrdinaryOpenAIModelsKeepsExistingEmptyDataBehavior","Output":"=== RUN   TestFetchOrdinaryOpenAIModelsKeepsExistingEmptyDataBehavior\n"}
{"Time":"2026-09-10T08:24:14.0442373-04:00","Action":"output","Package":"github.com/QuantumNous/new-api/controller","Test":"TestFetchOrdinaryOpenAIModelsKeepsExistingEmptyDataBehavior","Output":"--- PASS: TestFetchOrdinaryOpenAIModelsKeepsExistingEmptyDataBehavior (0.00s)\n"}
{"Time":"2026-09-10T08:24:14.0442373-04:00","Action":"pass","Package":"github.com/QuantumNous/new-api/controller","Test":"TestFetchOrdinaryOpenAIModelsKeepsExistingEmptyDataBehavior","Elapsed":0}
{"Time":"2026-09-10T08:24:14.0442373-04:00","Action":"run","Package":"github.com/QuantumNous/new-api/controller","Test":"TestApplyFetchModelsOtherSettingsCarriesStandardClientIdentity"}
{"Time":"2026-09-10T08:24:14.0442373-04:00","Action":"output","Package":"github.com/QuantumNous/new-api/controller","Test":"TestApplyFetchModelsOtherSettingsCarriesStandardClientIdentity","Output":"=== RUN   TestApplyFetchModelsOtherSettingsCarriesStandardClientIdentity\n"}
{"Time":"2026-09-10T08:24:14.0442373-04:00","Action":"output","Package":"github.com/QuantumNous/new-api/controller","Test":"TestApplyFetchModelsOtherSettingsCarriesStandardClientIdentity","Output":"--- PASS: TestApplyFetchModelsOtherSettingsCarriesStandardClientIdentity (0.00s)\n"}
{"Time":"2026-09-10T08:24:14.0442373-04:00","Action":"pass","Package":"github.com/QuantumNous/new-api/controller","Test":"TestApplyFetchModelsOtherSettingsCarriesStandardClientIdentity","Elapsed":0}
{"Time":"2026-09-10T08:24:14.0442373-04:00","Action":"run","Package":"github.com/QuantumNous/new-api/controller","Test":"TestApplyFetchModelsOtherSettingsRejectsStandardChannelProfileMismatch"}
{"Time":"2026-09-10T08:24:14.0442373-04:00","Action":"output","Package":"github.com/QuantumNous/new-api/controller","Test":"TestApplyFetchModelsOtherSettingsRejectsStandardChannelProfileMismatch","Output":"=== RUN   TestApplyFetchModelsOtherSettingsRejectsStandardChannelProfileMismatch\n"}
{"Time":"2026-09-10T08:24:14.0442373-04:00","Action":"output","Package":"github.com/QuantumNous/new-api/controller","Test":"TestApplyFetchModelsOtherSettingsRejectsStandardChannelProfileMismatch","Output":"--- PASS: TestApplyFetchModelsOtherSettingsRejectsStandardChannelProfileMismatch (0.00s)\n"}
{"Time":"2026-09-10T08:24:14.0442373-04:00","Action":"pass","Package":"github.com/QuantumNous/new-api/controller","Test":"TestApplyFetchModelsOtherSettingsRejectsStandardChannelProfileMismatch","Elapsed":0}
{"Time":"2026-09-10T08:24:14.0442373-04:00","Action":"run","Package":"github.com/QuantumNous/new-api/controller","Test":"TestFetchModelsAdvancedCustomCreatePreview"}
{"Time":"2026-09-10T08:24:14.0442373-04:00","Action":"output","Package":"github.com/QuantumNous/new-api/controller","Test":"TestFetchModelsAdvancedCustomCreatePreview","Output":"=== RUN   TestFetchModelsAdvancedCustomCreatePreview\n"}
{"Time":"2026-09-10T08:24:14.0447567-04:00","Action":"output","Package":"github.com/QuantumNous/new-api/controller","Test":"TestFetchModelsAdvancedCustomCreatePreview","Output":"--- PASS: TestFetchModelsAdvancedCustomCreatePreview (0.00s)\n"}
{"Time":"2026-09-10T08:24:14.0447567-04:00","Action":"pass","Package":"github.com/QuantumNous/new-api/controller","Test":"TestFetchModelsAdvancedCustomCreatePreview","Elapsed":0}
{"Time":"2026-09-10T08:24:14.0452759-04:00","Action":"run","Package":"github.com/QuantumNous/new-api/controller","Test":"TestFetchModelsAdvancedCustomEditPreviewUsesSavedKeyAndExplicitClears"}
{"Time":"2026-09-10T08:24:14.0452759-04:00","Action":"output","Package":"github.com/QuantumNous/new-api/controller","Test":"TestFetchModelsAdvancedCustomEditPreviewUsesSavedKeyAndExplicitClears","Output":"=== RUN   TestFetchModelsAdvancedCustomEditPreviewUsesSavedKeyAndExplicitClears\n"}
{"Time":"2026-09-10T08:24:14.0452759-04:00","Action":"output","Package":"github.com/QuantumNous/new-api/controller","Test":"TestFetchModelsAdvancedCustomEditPreviewUsesSavedKeyAndExplicitClears","Output":"[SYS] 2026/09/10 - 08:24:14 | SQL_DSN not set, using SQLite as database \n"}
{"Time":"2026-09-10T08:24:14.0473951-04:00","Action":"output","Package":"github.com/QuantumNous/new-api/controller","Test":"TestFetchModelsAdvancedCustomEditPreviewUsesSavedKeyAndExplicitClears","Output":"--- PASS: TestFetchModelsAdvancedCustomEditPreviewUsesSavedKeyAndExplicitClears (0.00s)\n"}
{"Time":"2026-09-10T08:24:14.0473951-04:00","Action":"pass","Package":"github.com/QuantumNous/new-api/controller","Test":"TestFetchModelsAdvancedCustomEditPreviewUsesSavedKeyAndExplicitClears","Elapsed":0}
{"Time":"2026-09-10T08:24:14.0473951-04:00","Action":"run","Package":"github.com/QuantumNous/new-api/controller","Test":"TestFailedAdvancedCustomDetectionDoesNotStageFullRemoval"}
{"Time":"2026-09-10T08:24:14.0473951-04:00","Action":"output","Package":"github.com/QuantumNous/new-api/controller","Test":"TestFailedAdvancedCustomDetectionDoesNotStageFullRemoval","Output":"=== RUN   TestFailedAdvancedCustomDetectionDoesNotStageFullRemoval\n"}
{"Time":"2026-09-10T08:24:14.0473951-04:00","Action":"output","Package":"github.com/QuantumNous/new-api/controller","Test":"TestFailedAdvancedCustomDetectionDoesNotStageFullRemoval","Output":"[SYS] 2026/09/10 - 08:24:14 | SQL_DSN not set, using SQLite as database \n"}
{"Time":"2026-09-10T08:24:14.0510451-04:00","Action":"output","Package":"github.com/QuantumNous/new-api/controller","Test":"TestFailedAdvancedCustomDetectionDoesNotStageFullRemoval","Output":"--- PASS: TestFailedAdvancedCustomDetectionDoesNotStageFullRemoval (0.00s)\n"}
{"Time":"2026-09-10T08:24:14.0510451-04:00","Action":"pass","Package":"github.com/QuantumNous/new-api/controller","Test":"TestFailedAdvancedCustomDetectionDoesNotStageFullRemoval","Elapsed":0}
{"Time":"2026-09-10T08:24:14.0510451-04:00","Action":"run","Package":"github.com/QuantumNous/new-api/controller","Test":"TestFetchModelsUsesSharedChannelFetchBehavior"}
{"Time":"2026-09-10T08:24:14.0510451-04:00","Action":"output","Package":"github.com/QuantumNous/new-api/controller","Test":"TestFetchModelsUsesSharedChannelFetchBehavior","Output":"=== RUN   TestFetchModelsUsesSharedChannelFetchBehavior\n"}
{"Time":"2026-09-10T08:24:14.051564-04:00","Action":"output","Package":"github.com/QuantumNous/new-api/controller","Test":"TestFetchModelsUsesSharedChannelFetchBehavior","Output":"--- PASS: TestFetchModelsUsesSharedChannelFetchBehavior (0.00s)\n"}
{"Time":"2026-09-10T08:24:14.0520743-04:00","Action":"pass","Package":"github.com/QuantumNous/new-api/controller","Test":"TestFetchModelsUsesSharedChannelFetchBehavior","Elapsed":0}
{"Time":"2026-09-10T08:24:14.0520743-04:00","Action":"run","Package":"github.com/QuantumNous/new-api/controller","Test":"TestFetchNewAPIModelsUsesOpenAIContract"}
{"Time":"2026-09-10T08:24:14.0520743-04:00","Action":"output","Package":"github.com/QuantumNous/new-api/controller","Test":"TestFetchNewAPIModelsUsesOpenAIContract","Output":"=== RUN   TestFetchNewAPIModelsUsesOpenAIContract\n"}
{"Time":"2026-09-10T08:24:14.0525931-04:00","Action":"output","Package":"github.com/QuantumNous/new-api/controller","Test":"TestFetchNewAPIModelsUsesOpenAIContract","Output":"--- PASS: TestFetchNewAPIModelsUsesOpenAIContract (0.00s)\n"}
{"Time":"2026-09-10T08:24:14.0525931-04:00","Action":"pass","Package":"github.com/QuantumNous/new-api/controller","Test":"TestFetchNewAPIModelsUsesOpenAIContract","Elapsed":0}
{"Time":"2026-09-10T08:24:14.0525931-04:00","Action":"run","Package":"github.com/QuantumNous/new-api/controller","Test":"TestBuildFetchModelsHeadersUsesCompatibilityIdentities"}
{"Time":"2026-09-10T08:24:14.0525931-04:00","Action":"output","Package":"github.com/QuantumNous/new-api/controller","Test":"TestBuildFetchModelsHeadersUsesCompatibilityIdentities","Output":"=== RUN   TestBuildFetchModelsHeadersUsesCompatibilityIdentities\n"}
{"Time":"2026-09-10T08:24:14.0525931-04:00","Action":"run","Package":"github.com/QuantumNous/new-api/controller","Test":"TestBuildFetchModelsHeadersUsesCompatibilityIdentities/Codex"}
{"Time":"2026-09-10T08:24:14.0525931-04:00","Action":"output","Package":"github.com/QuantumNous/new-api/controller","Test":"TestBuildFetchModelsHeadersUsesCompatibilityIdentities/Codex","Output":"=== RUN   TestBuildFetchModelsHeadersUsesCompatibilityIdentities/Codex\n"}
{"Time":"2026-09-10T08:24:14.0525931-04:00","Action":"output","Package":"github.com/QuantumNous/new-api/controller","Test":"TestBuildFetchModelsHeadersUsesCompatibilityIdentities/Codex","Output":"--- PASS: TestBuildFetchModelsHeadersUsesCompatibilityIdentities/Codex (0.00s)\n"}
{"Time":"2026-09-10T08:24:14.0525931-04:00","Action":"pass","Package":"github.com/QuantumNous/new-api/controller","Test":"TestBuildFetchModelsHeadersUsesCompatibilityIdentities/Codex","Elapsed":0}
{"Time":"2026-09-10T08:24:14.0525931-04:00","Action":"run","Package":"github.com/QuantumNous/new-api/controller","Test":"TestBuildFetchModelsHeadersUsesCompatibilityIdentities/Claude_Code"}
{"Time":"2026-09-10T08:24:14.0525931-04:00","Action":"output","Package":"github.com/QuantumNous/new-api/controller","Test":"TestBuildFetchModelsHeadersUsesCompatibilityIdentities/Claude_Code","Output":"=== RUN   TestBuildFetchModelsHeadersUsesCompatibilityIdentities/Claude_Code\n"}
{"Time":"2026-09-10T08:24:14.0525931-04:00","Action":"output","Package":"github.com/QuantumNous/new-api/controller","Test":"TestBuildFetchModelsHeadersUsesCompatibilityIdentities/Claude_Code","Output":"--- PASS: TestBuildFetchModelsHeadersUsesCompatibilityIdentities/Claude_Code (0.00s)\n"}
{"Time":"2026-09-10T08:24:14.0525931-04:00","Action":"pass","Package":"github.com/QuantumNous/new-api/controller","Test":"TestBuildFetchModelsHeadersUsesCompatibilityIdentities/Claude_Code","Elapsed":0}
{"Time":"2026-09-10T08:24:14.0525931-04:00","Action":"run","Package":"github.com/QuantumNous/new-api/controller","Test":"TestBuildFetchModelsHeadersUsesCompatibilityIdentities/CodeBuddy"}
{"Time":"2026-09-10T08:24:14.0525931-04:00","Action":"output","Package":"github.com/QuantumNous/new-api/controller","Test":"TestBuildFetchModelsHeadersUsesCompatibilityIdentities/CodeBuddy","Output":"=== RUN   TestBuildFetchModelsHeadersUsesCompatibilityIdentities/CodeBuddy\n"}
{"Time":"2026-09-10T08:24:14.0525931-04:00","Action":"output","Package":"github.com/QuantumNous/new-api/controller","Test":"TestBuildFetchModelsHeadersUsesCompatibilityIdentities/CodeBuddy","Output":"--- PASS: TestBuildFetchModelsHeadersUsesCompatibilityIdentities/CodeBuddy (0.00s)\n"}
{"Time":"2026-09-10T08:24:14.0525931-04:00","Action":"pass","Package":"github.com/QuantumNous/new-api/controller","Test":"TestBuildFetchModelsHeadersUsesCompatibilityIdentities/CodeBuddy","Elapsed":0}
{"Time":"2026-09-10T08:24:14.0525931-04:00","Action":"output","Package":"github.com/QuantumNous/new-api/controller","Test":"TestBuildFetchModelsHeadersUsesCompatibilityIdentities","Output":"--- PASS: TestBuildFetchModelsHeadersUsesCompatibilityIdentities (0.00s)\n"}
{"Time":"2026-09-10T08:24:14.0525931-04:00","Action":"pass","Package":"github.com/QuantumNous/new-api/controller","Test":"TestBuildFetchModelsHeadersUsesCompatibilityIdentities","Elapsed":0}
{"Time":"2026-09-10T08:24:14.0525931-04:00","Action":"run","Package":"github.com/QuantumNous/new-api/controller","Test":"TestBuildFetchModelsHeadersAppliesStandardClientIdentityWithoutChangingChannelType"}
{"Time":"2026-09-10T08:24:14.0525931-04:00","Action":"output","Package":"github.com/QuantumNous/new-api/controller","Test":"TestBuildFetchModelsHeadersAppliesStandardClientIdentityWithoutChangingChannelType","Output":"=== RUN   TestBuildFetchModelsHeadersAppliesStandardClientIdentityWithoutChangingChannelType\n"}
{"Time":"2026-09-10T08:24:14.0525931-04:00","Action":"run","Package":"github.com/QuantumNous/new-api/controller","Test":"TestBuildFetchModelsHeadersAppliesStandardClientIdentityWithoutChangingChannelType/standard_OpenAI_uses_Codex_CLI_identity"}
{"Time":"2026-09-10T08:24:14.0525931-04:00","Action":"output","Package":"github.com/QuantumNous/new-api/controller","Test":"TestBuildFetchModelsHeadersAppliesStandardClientIdentityWithoutChangingChannelType/standard_OpenAI_uses_Codex_CLI_identity","Output":"=== RUN   TestBuildFetchModelsHeadersAppliesStandardClientIdentityWithoutChangingChannelType/standard_OpenAI_uses_Codex_CLI_identity\n"}
{"Time":"2026-09-10T08:24:14.0525931-04:00","Action":"output","Package":"github.com/QuantumNous/new-api/controller","Test":"TestBuildFetchModelsHeadersAppliesStandardClientIdentityWithoutChangingChannelType/standard_OpenAI_uses_Codex_CLI_identity","Output":"--- PASS: TestBuildFetchModelsHeadersAppliesStandardClientIdentityWithoutChangingChannelType/standard_OpenAI_uses_Codex_CLI_identity (0.00s)\n"}
{"Time":"2026-09-10T08:24:14.0525931-04:00","Action":"pass","Package":"github.com/QuantumNous/new-api/controller","Test":"TestBuildFetchModelsHeadersAppliesStandardClientIdentityWithoutChangingChannelType/standard_OpenAI_uses_Codex_CLI_identity","Elapsed":0}
{"Time":"2026-09-10T08:24:14.0525931-04:00","Action":"run","Package":"github.com/QuantumNous/new-api/controller","Test":"TestBuildFetchModelsHeadersAppliesStandardClientIdentityWithoutChangingChannelType/standard_Anthropic_uses_Claude_CLI_identity"}
{"Time":"2026-09-10T08:24:14.0525931-04:00","Action":"output","Package":"github.com/QuantumNous/new-api/controller","Test":"TestBuildFetchModelsHeadersAppliesStandardClientIdentityWithoutChangingChannelType/standard_Anthropic_uses_Claude_CLI_identity","Output":"=== RUN   TestBuildFetchModelsHeadersAppliesStandardClientIdentityWithoutChangingChannelType/standard_Anthropic_uses_Claude_CLI_identity\n"}
{"Time":"2026-09-10T08:24:14.0525931-04:00","Action":"output","Package":"github.com/QuantumNous/new-api/controller","Test":"TestBuildFetchModelsHeadersAppliesStandardClientIdentityWithoutChangingChannelType/standard_Anthropic_uses_Claude_CLI_identity","Output":"--- PASS: TestBuildFetchModelsHeadersAppliesStandardClientIdentityWithoutChangingChannelType/standard_Anthropic_uses_Claude_CLI_identity (0.00s)\n"}
{"Time":"2026-09-10T08:24:14.0525931-04:00","Action":"pass","Package":"github.com/QuantumNous/new-api/controller","Test":"TestBuildFetchModelsHeadersAppliesStandardClientIdentityWithoutChangingChannelType/standard_Anthropic_uses_Claude_CLI_identity","Elapsed":0}
{"Time":"2026-09-10T08:24:14.0525931-04:00","Action":"output","Package":"github.com/QuantumNous/new-api/controller","Test":"TestBuildFetchModelsHeadersAppliesStandardClientIdentityWithoutChangingChannelType","Output":"--- PASS: TestBuildFetchModelsHeadersAppliesStandardClientIdentityWithoutChangingChannelType (0.00s)\n"}
{"Time":"2026-09-10T08:24:14.0525931-04:00","Action":"pass","Package":"github.com/QuantumNous/new-api/controller","Test":"TestBuildFetchModelsHeadersAppliesStandardClientIdentityWithoutChangingChannelType","Elapsed":0}
{"Time":"2026-09-10T08:24:14.0525931-04:00","Action":"run","Package":"github.com/QuantumNous/new-api/controller","Test":"TestBuildFetchModelsHeadersAppliesHeaderOverrideLast"}
{"Time":"2026-09-10T08:24:14.0525931-04:00","Action":"output","Package":"github.com/QuantumNous/new-api/controller","Test":"TestBuildFetchModelsHeadersAppliesHeaderOverrideLast","Output":"=== RUN   TestBuildFetchModelsHeadersAppliesHeaderOverrideLast\n"}
{"Time":"2026-09-10T08:24:14.0525931-04:00","Action":"output","Package":"github.com/QuantumNous/new-api/controller","Test":"TestBuildFetchModelsHeadersAppliesHeaderOverrideLast","Output":"--- PASS: TestBuildFetchModelsHeadersAppliesHeaderOverrideLast (0.00s)\n"}
{"Time":"2026-09-10T08:24:14.0525931-04:00","Action":"pass","Package":"github.com/QuantumNous/new-api/controller","Test":"TestBuildFetchModelsHeadersAppliesHeaderOverrideLast","Elapsed":0}
{"Time":"2026-09-10T08:24:14.0525931-04:00","Action":"run","Package":"github.com/QuantumNous/new-api/controller","Test":"TestNormalizeModelNames"}
{"Time":"2026-09-10T08:24:14.0525931-04:00","Action":"output","Package":"github.com/QuantumNous/new-api/controller","Test":"TestNormalizeModelNames","Output":"=== RUN   TestNormalizeModelNames\n"}
{"Time":"2026-09-10T08:24:14.0525931-04:00","Action":"output","Package":"github.com/QuantumNous/new-api/controller","Test":"TestNormalizeModelNames","Output":"--- PASS: TestNormalizeModelNames (0.00s)\n"}
{"Time":"2026-09-10T08:24:14.0525931-04:00","Action":"pass","Package":"github.com/QuantumNous/new-api/controller","Test":"TestNormalizeModelNames","Elapsed":0}
{"Time":"2026-09-10T08:24:14.0525931-04:00","Action":"run","Package":"github.com/QuantumNous/new-api/controller","Test":"TestMergeModelNames"}
{"Time":"2026-09-10T08:24:14.0525931-04:00","Action":"output","Package":"github.com/QuantumNous/new-api/controller","Test":"TestMergeModelNames","Output":"=== RUN   TestMergeModelNames\n"}
{"Time":"2026-09-10T08:24:14.0525931-04:00","Action":"output","Package":"github.com/QuantumNous/new-api/controller","Test":"TestMergeModelNames","Output":"--- PASS: TestMergeModelNames (0.00s)\n"}
{"Time":"2026-09-10T08:24:14.0525931-04:00","Action":"pass","Package":"github.com/QuantumNous/new-api/controller","Test":"TestMergeModelNames","Elapsed":0}
{"Time":"2026-09-10T08:24:14.0525931-04:00","Action":"run","Package":"github.com/QuantumNous/new-api/controller","Test":"TestSubtractModelNames"}
{"Time":"2026-09-10T08:24:14.0525931-04:00","Action":"output","Package":"github.com/QuantumNous/new-api/controller","Test":"TestSubtractModelNames","Output":"=== RUN   TestSubtractModelNames\n"}
{"Time":"2026-09-10T08:24:14.0525931-04:00","Action":"output","Package":"github.com/QuantumNous/new-api/controller","Test":"TestSubtractModelNames","Output":"--- PASS: TestSubtractModelNames (0.00s)\n"}
{"Time":"2026-09-10T08:24:14.0525931-04:00","Action":"pass","Package":"github.com/QuantumNous/new-api/controller","Test":"TestSubtractModelNames","Elapsed":0}
{"Time":"2026-09-10T08:24:14.0525931-04:00","Action":"run","Package":"github.com/QuantumNous/new-api/controller","Test":"TestIntersectModelNames"}
{"Time":"2026-09-10T08:24:14.0525931-04:00","Action":"output","Package":"github.com/QuantumNous/new-api/controller","Test":"TestIntersectModelNames","Output":"=== RUN   TestIntersectModelNames\n"}
{"Time":"2026-09-10T08:24:14.0525931-04:00","Action":"output","Package":"github.com/QuantumNous/new-api/controller","Test":"TestIntersectModelNames","Output":"--- PASS: TestIntersectModelNames (0.00s)\n"}
{"Time":"2026-09-10T08:24:14.0525931-04:00","Action":"pass","Package":"github.com/QuantumNous/new-api/controller","Test":"TestIntersectModelNames","Elapsed":0}
{"Time":"2026-09-10T08:24:14.0525931-04:00","Action":"run","Package":"github.com/QuantumNous/new-api/controller","Test":"TestApplySelectedModelChanges"}
{"Time":"2026-09-10T08:24:14.0525931-04:00","Action":"output","Package":"github.com/QuantumNous/new-api/controller","Test":"TestApplySelectedModelChanges","Output":"=== RUN   TestApplySelectedModelChanges\n"}
{"Time":"2026-09-10T08:24:14.0525931-04:00","Action":"run","Package":"github.com/QuantumNous/new-api/controller","Test":"TestApplySelectedModelChanges/add_and_remove_together"}
{"Time":"2026-09-10T08:24:14.0525931-04:00","Action":"output","Package":"github.com/QuantumNous/new-api/controller","Test":"TestApplySelectedModelChanges/add_and_remove_together","Output":"=== RUN   TestApplySelectedModelChanges/add_and_remove_together\n"}
{"Time":"2026-09-10T08:24:14.0525931-04:00","Action":"output","Package":"github.com/QuantumNous/new-api/controller","Test":"TestApplySelectedModelChanges/add_and_remove_together","Output":"--- PASS: TestApplySelectedModelChanges/add_and_remove_together (0.00s)\n"}
{"Time":"2026-09-10T08:24:14.0525931-04:00","Action":"pass","Package":"github.com/QuantumNous/new-api/controller","Test":"TestApplySelectedModelChanges/add_and_remove_together","Elapsed":0}
{"Time":"2026-09-10T08:24:14.0525931-04:00","Action":"run","Package":"github.com/QuantumNous/new-api/controller","Test":"TestApplySelectedModelChanges/add_wins_when_conflict_with_remove"}
{"Time":"2026-09-10T08:24:14.0525931-04:00","Action":"output","Package":"github.com/QuantumNous/new-api/controller","Test":"TestApplySelectedModelChanges/add_wins_when_conflict_with_remove","Output":"=== RUN   TestApplySelectedModelChanges/add_wins_when_conflict_with_remove\n"}
{"Time":"2026-09-10T08:24:14.0525931-04:00","Action":"output","Package":"github.com/QuantumNous/new-api/controller","Test":"TestApplySelectedModelChanges/add_wins_when_conflict_with_remove","Output":"--- PASS: TestApplySelectedModelChanges/add_wins_when_conflict_with_remove (0.00s)\n"}
{"Time":"2026-09-10T08:24:14.0525931-04:00","Action":"pass","Package":"github.com/QuantumNous/new-api/controller","Test":"TestApplySelectedModelChanges/add_wins_when_conflict_with_remove","Elapsed":0}
{"Time":"2026-09-10T08:24:14.0525931-04:00","Action":"output","Package":"github.com/QuantumNous/new-api/controller","Test":"TestApplySelectedModelChanges","Output":"--- PASS: TestApplySelectedModelChanges (0.00s)\n"}
{"Time":"2026-09-10T08:24:14.0525931-04:00","Action":"pass","Package":"github.com/QuantumNous/new-api/controller","Test":"TestApplySelectedModelChanges","Elapsed":0}
{"Time":"2026-09-10T08:24:14.0525931-04:00","Action":"run","Package":"github.com/QuantumNous/new-api/controller","Test":"TestCollectPendingApplyUpstreamModelChanges"}
{"Time":"2026-09-10T08:24:14.0525931-04:00","Action":"output","Package":"github.com/QuantumNous/new-api/controller","Test":"TestCollectPendingApplyUpstreamModelChanges","Output":"=== RUN   TestCollectPendingApplyUpstreamModelChanges\n"}
{"Time":"2026-09-10T08:24:14.0525931-04:00","Action":"output","Package":"github.com/QuantumNous/new-api/controller","Test":"TestCollectPendingApplyUpstreamModelChanges","Output":"--- PASS: TestCollectPendingApplyUpstreamModelChanges (0.00s)\n"}
{"Time":"2026-09-10T08:24:14.0525931-04:00","Action":"pass","Package":"github.com/QuantumNous/new-api/controller","Test":"TestCollectPendingApplyUpstreamModelChanges","Elapsed":0}
{"Time":"2026-09-10T08:24:14.0525931-04:00","Action":"run","Package":"github.com/QuantumNous/new-api/controller","Test":"TestNormalizeChannelModelMapping"}
{"Time":"2026-09-10T08:24:14.0525931-04:00","Action":"output","Package":"github.com/QuantumNous/new-api/controller","Test":"TestNormalizeChannelModelMapping","Output":"=== RUN   TestNormalizeChannelModelMapping\n"}
{"Time":"2026-09-10T08:24:14.0525931-04:00","Action":"output","Package":"github.com/QuantumNous/new-api/controller","Test":"TestNormalizeChannelModelMapping","Output":"--- PASS: TestNormalizeChannelModelMapping (0.00s)\n"}
{"Time":"2026-09-10T08:24:14.0525931-04:00","Action":"pass","Package":"github.com/QuantumNous/new-api/controller","Test":"TestNormalizeChannelModelMapping","Elapsed":0}
{"Time":"2026-09-10T08:24:14.0525931-04:00","Action":"run","Package":"github.com/QuantumNous/new-api/controller","Test":"TestCollectPendingUpstreamModelChangesFromModels_WithModelMapping"}
{"Time":"2026-09-10T08:24:14.0525931-04:00","Action":"output","Package":"github.com/QuantumNous/new-api/controller","Test":"TestCollectPendingUpstreamModelChangesFromModels_WithModelMapping","Output":"=== RUN   TestCollectPendingUpstreamModelChangesFromModels_WithModelMapping\n"}
{"Time":"2026-09-10T08:24:14.0531128-04:00","Action":"output","Package":"github.com/QuantumNous/new-api/controller","Test":"TestCollectPendingUpstreamModelChangesFromModels_WithModelMapping","Output":"--- PASS: TestCollectPendingUpstreamModelChangesFromModels_WithModelMapping (0.00s)\n"}
{"Time":"2026-09-10T08:24:14.0531128-04:00","Action":"pass","Package":"github.com/QuantumNous/new-api/controller","Test":"TestCollectPendingUpstreamModelChangesFromModels_WithModelMapping","Elapsed":0}
{"Time":"2026-09-10T08:24:14.0531128-04:00","Action":"run","Package":"github.com/QuantumNous/new-api/controller","Test":"TestCollectPendingUpstreamModelChangesFromModels_WithIgnoredRegexPatterns"}
{"Time":"2026-09-10T08:24:14.0531128-04:00","Action":"output","Package":"github.com/QuantumNous/new-api/controller","Test":"TestCollectPendingUpstreamModelChangesFromModels_WithIgnoredRegexPatterns","Output":"=== RUN   TestCollectPendingUpstreamModelChangesFromModels_WithIgnoredRegexPatterns\n"}
{"Time":"2026-09-10T08:24:14.0531128-04:00","Action":"output","Package":"github.com/QuantumNous/new-api/controller","Test":"TestCollectPendingUpstreamModelChangesFromModels_WithIgnoredRegexPatterns","Output":"--- PASS: TestCollectPendingUpstreamModelChangesFromModels_WithIgnoredRegexPatterns (0.00s)\n"}
{"Time":"2026-09-10T08:24:14.0531128-04:00","Action":"pass","Package":"github.com/QuantumNous/new-api/controller","Test":"TestCollectPendingUpstreamModelChangesFromModels_WithIgnoredRegexPatterns","Elapsed":0}
{"Time":"2026-09-10T08:24:14.0531128-04:00","Action":"run","Package":"github.com/QuantumNous/new-api/controller","Test":"TestBuildUpstreamModelUpdateTaskNotificationContent_OmitOverflowDetails"}
{"Time":"2026-09-10T08:24:14.0531128-04:00","Action":"output","Package":"github.com/QuantumNous/new-api/controller","Test":"TestBuildUpstreamModelUpdateTaskNotificationContent_OmitOverflowDetails","Output":"=== RUN   TestBuildUpstreamModelUpdateTaskNotificationContent_OmitOverflowDetails\n"}
{"Time":"2026-09-10T08:24:14.0531128-04:00","Action":"output","Package":"github.com/QuantumNous/new-api/controller","Test":"TestBuildUpstreamModelUpdateTaskNotificationContent_OmitOverflowDetails","Output":"--- PASS: TestBuildUpstreamModelUpdateTaskNotificationContent_OmitOverflowDetails (0.00s)\n"}
{"Time":"2026-09-10T08:24:14.0531128-04:00","Action":"pass","Package":"github.com/QuantumNous/new-api/controller","Test":"TestBuildUpstreamModelUpdateTaskNotificationContent_OmitOverflowDetails","Elapsed":0}
{"Time":"2026-09-10T08:24:14.0531128-04:00","Action":"run","Package":"github.com/QuantumNous/new-api/controller","Test":"TestShouldSendUpstreamModelUpdateNotification"}
{"Time":"2026-09-10T08:24:14.0531128-04:00","Action":"output","Package":"github.com/QuantumNous/new-api/controller","Test":"TestShouldSendUpstreamModelUpdateNotification","Output":"=== RUN   TestShouldSendUpstreamModelUpdateNotification\n"}
{"Time":"2026-09-10T08:24:14.0531128-04:00","Action":"output","Package":"github.com/QuantumNous/new-api/controller","Test":"TestShouldSendUpstreamModelUpdateNotification","Output":"--- PASS: TestShouldSendUpstreamModelUpdateNotification (0.00s)\n"}
{"Time":"2026-09-10T08:24:14.0531128-04:00","Action":"pass","Package":"github.com/QuantumNous/new-api/controller","Test":"TestShouldSendUpstreamModelUpdateNotification","Elapsed":0}
{"Time":"2026-09-10T08:24:14.0531128-04:00","Action":"run","Package":"github.com/QuantumNous/new-api/controller","Test":"TestDetectAllChannelUpstreamModelUpdatesRejectsExistingActiveTask"}
{"Time":"2026-09-10T08:24:14.0531128-04:00","Action":"output","Package":"github.com/QuantumNous/new-api/controller","Test":"TestDetectAllChannelUpstreamModelUpdatesRejectsExistingActiveTask","Output":"=== RUN   TestDetectAllChannelUpstreamModelUpdatesRejectsExistingActiveTask\n"}
{"Time":"2026-09-10T08:24:14.0531128-04:00","Action":"output","Package":"github.com/QuantumNous/new-api/controller","Test":"TestDetectAllChannelUpstreamModelUpdatesRejectsExistingActiveTask","Output":"[SYS] 2026/09/10 - 08:24:14 | SQL_DSN not set, using SQLite as database \n"}
{"Time":"2026-09-10T08:24:14.0556715-04:00","Action":"output","Package":"github.com/QuantumNous/new-api/controller","Test":"TestDetectAllChannelUpstreamModelUpdatesRejectsExistingActiveTask","Output":"--- PASS: TestDetectAllChannelUpstreamModelUpdatesRejectsExistingActiveTask (0.00s)\n"}
{"Time":"2026-09-10T08:24:14.0556715-04:00","Action":"pass","Package":"github.com/QuantumNous/new-api/controller","Test":"TestDetectAllChannelUpstreamModelUpdatesRejectsExistingActiveTask","Elapsed":0}
{"Time":"2026-09-10T08:24:14.0556715-04:00","Action":"run","Package":"github.com/QuantumNous/new-api/controller","Test":"TestFetchVolcEngineModelsPreservesProviderEndpointAndAuthentication"}
{"Time":"2026-09-10T08:24:14.0556715-04:00","Action":"output","Package":"github.com/QuantumNous/new-api/controller","Test":"TestFetchVolcEngineModelsPreservesProviderEndpointAndAuthentication","Output":"=== RUN   TestFetchVolcEngineModelsPreservesProviderEndpointAndAuthentication\n"}
{"Time":"2026-09-10T08:24:14.0556715-04:00","Action":"run","Package":"github.com/QuantumNous/new-api/controller","Test":"TestFetchVolcEngineModelsPreservesProviderEndpointAndAuthentication/standard_Ark_endpoint"}
{"Time":"2026-09-10T08:24:14.0556715-04:00","Action":"output","Package":"github.com/QuantumNous/new-api/controller","Test":"TestFetchVolcEngineModelsPreservesProviderEndpointAndAuthentication/standard_Ark_endpoint","Output":"=== RUN   TestFetchVolcEngineModelsPreservesProviderEndpointAndAuthentication/standard_Ark_endpoint\n"}
{"Time":"2026-09-10T08:24:14.0561939-04:00","Action":"output","Package":"github.com/QuantumNous/new-api/controller","Test":"TestFetchVolcEngineModelsPreservesProviderEndpointAndAuthentication/standard_Ark_endpoint","Output":"--- PASS: TestFetchVolcEngineModelsPreservesProviderEndpointAndAuthentication/standard_Ark_endpoint (0.00s)\n"}
{"Time":"2026-09-10T08:24:14.0561939-04:00","Action":"pass","Package":"github.com/QuantumNous/new-api/controller","Test":"TestFetchVolcEngineModelsPreservesProviderEndpointAndAuthentication/standard_Ark_endpoint","Elapsed":0}
{"Time":"2026-09-10T08:24:14.0561939-04:00","Action":"run","Package":"github.com/QuantumNous/new-api/controller","Test":"TestFetchVolcEngineModelsPreservesProviderEndpointAndAuthentication/explicit_coding_plan_keeps_its_existing_endpoint"}
{"Time":"2026-09-10T08:24:14.0561939-04:00","Action":"output","Package":"github.com/QuantumNous/new-api/controller","Test":"TestFetchVolcEngineModelsPreservesProviderEndpointAndAuthentication/explicit_coding_plan_keeps_its_existing_endpoint","Output":"=== RUN   TestFetchVolcEngineModelsPreservesProviderEndpointAndAuthentication/explicit_coding_plan_keeps_its_existing_endpoint\n"}
{"Time":"2026-09-10T08:24:14.0567054-04:00","Action":"output","Package":"github.com/QuantumNous/new-api/controller","Test":"TestFetchVolcEngineModelsPreservesProviderEndpointAndAuthentication/explicit_coding_plan_keeps_its_existing_endpoint","Output":"--- PASS: TestFetchVolcEngineModelsPreservesProviderEndpointAndAuthentication/explicit_coding_plan_keeps_its_existing_endpoint (0.00s)\n"}
{"Time":"2026-09-10T08:24:14.0567054-04:00","Action":"pass","Package":"github.com/QuantumNous/new-api/controller","Test":"TestFetchVolcEngineModelsPreservesProviderEndpointAndAuthentication/explicit_coding_plan_keeps_its_existing_endpoint","Elapsed":0}
{"Time":"2026-09-10T08:24:14.0567054-04:00","Action":"output","Package":"github.com/QuantumNous/new-api/controller","Test":"TestFetchVolcEngineModelsPreservesProviderEndpointAndAuthentication","Output":"--- PASS: TestFetchVolcEngineModelsPreservesProviderEndpointAndAuthentication (0.00s)\n"}
{"Time":"2026-09-10T08:24:14.0567054-04:00","Action":"pass","Package":"github.com/QuantumNous/new-api/controller","Test":"TestFetchVolcEngineModelsPreservesProviderEndpointAndAuthentication","Elapsed":0}
{"Time":"2026-09-10T08:24:14.0567054-04:00","Action":"run","Package":"github.com/QuantumNous/new-api/controller","Test":"TestGetChannelClientIdentityReturnsStandardTemplateDefaults"}
{"Time":"2026-09-10T08:24:14.0567054-04:00","Action":"output","Package":"github.com/QuantumNous/new-api/controller","Test":"TestGetChannelClientIdentityReturnsStandardTemplateDefaults","Output":"=== RUN   TestGetChannelClientIdentityReturnsStandardTemplateDefaults\n"}
{"Time":"2026-09-10T08:24:14.0567054-04:00","Action":"output","Package":"github.com/QuantumNous/new-api/controller","Test":"TestGetChannelClientIdentityReturnsStandardTemplateDefaults","Output":"[SYS] 2026/09/10 - 08:24:14 | SQL_DSN not set, using SQLite as database \n"}
{"Time":"2026-09-10T08:24:14.0587779-04:00","Action":"output","Package":"github.com/QuantumNous/new-api/controller","Test":"TestGetChannelClientIdentityReturnsStandardTemplateDefaults","Output":"--- PASS: TestGetChannelClientIdentityReturnsStandardTemplateDefaults (0.00s)\n"}
{"Time":"2026-09-10T08:24:14.0587779-04:00","Action":"pass","Package":"github.com/QuantumNous/new-api/controller","Test":"TestGetChannelClientIdentityReturnsStandardTemplateDefaults","Elapsed":0}
{"Time":"2026-09-10T08:24:14.0587779-04:00","Action":"run","Package":"github.com/QuantumNous/new-api/controller","Test":"TestNormalizeClientIdentityVersionRequestRejectsInvalidProfile"}
{"Time":"2026-09-10T08:24:14.0587779-04:00","Action":"output","Package":"github.com/QuantumNous/new-api/controller","Test":"TestNormalizeClientIdentityVersionRequestRejectsInvalidProfile","Output":"=== RUN   TestNormalizeClientIdentityVersionRequestRejectsInvalidProfile\n"}
{"Time":"2026-09-10T08:24:14.0587779-04:00","Action":"output","Package":"github.com/QuantumNous/new-api/controller","Test":"TestNormalizeClientIdentityVersionRequestRejectsInvalidProfile","Output":"--- PASS: TestNormalizeClientIdentityVersionRequestRejectsInvalidProfile (0.00s)\n"}
{"Time":"2026-09-10T08:24:14.0587779-04:00","Action":"pass","Package":"github.com/QuantumNous/new-api/controller","Test":"TestNormalizeClientIdentityVersionRequestRejectsInvalidProfile","Elapsed":0}
{"Time":"2026-09-10T08:24:14.0587779-04:00","Action":"run","Package":"github.com/QuantumNous/new-api/controller","Test":"TestGetStatusReturnsEffectiveOIDCDisplayName"}
{"Time":"2026-09-10T08:24:14.0587779-04:00","Action":"output","Package":"github.com/QuantumNous/new-api/controller","Test":"TestGetStatusReturnsEffectiveOIDCDisplayName","Output":"=== RUN   TestGetStatusReturnsEffectiveOIDCDisplayName\n"}
{"Time":"2026-09-10T08:24:14.0587779-04:00","Action":"run","Package":"github.com/QuantumNous/new-api/controller","Test":"TestGetStatusReturnsEffectiveOIDCDisplayName/custom_name_is_trimmed"}
{"Time":"2026-09-10T08:24:14.0587779-04:00","Action":"output","Package":"github.com/QuantumNous/new-api/controller","Test":"TestGetStatusReturnsEffectiveOIDCDisplayName/custom_name_is_trimmed","Output":"=== RUN   TestGetStatusReturnsEffectiveOIDCDisplayName/custom_name_is_trimmed\n"}
{"Time":"2026-09-10T08:24:14.0587779-04:00","Action":"output","Package":"github.com/QuantumNous/new-api/controller","Test":"TestGetStatusReturnsEffectiveOIDCDisplayName/custom_name_is_trimmed","Output":"--- PASS: TestGetStatusReturnsEffectiveOIDCDisplayName/custom_name_is_trimmed (0.00s)\n"}
{"Time":"2026-09-10T08:24:14.0587779-04:00","Action":"pass","Package":"github.com/QuantumNous/new-api/controller","Test":"TestGetStatusReturnsEffectiveOIDCDisplayName/custom_name_is_trimmed","Elapsed":0}
{"Time":"2026-09-10T08:24:14.0587779-04:00","Action":"run","Package":"github.com/QuantumNous/new-api/controller","Test":"TestGetStatusReturnsEffectiveOIDCDisplayName/whitespace-only_name_falls_back"}
{"Time":"2026-09-10T08:24:14.0587779-04:00","Action":"output","Package":"github.com/QuantumNous/new-api/controller","Test":"TestGetStatusReturnsEffectiveOIDCDisplayName/whitespace-only_name_falls_back","Output":"=== RUN   TestGetStatusReturnsEffectiveOIDCDisplayName/whitespace-only_name_falls_back\n"}
{"Time":"2026-09-10T08:24:14.0587779-04:00","Action":"output","Package":"github.com/QuantumNous/new-api/controller","Test":"TestGetStatusReturnsEffectiveOIDCDisplayName/whitespace-only_name_falls_back","Output":"--- PASS: TestGetStatusReturnsEffectiveOIDCDisplayName/whitespace-only_name_falls_back (0.00s)\n"}
{"Time":"2026-09-10T08:24:14.0587779-04:00","Action":"pass","Package":"github.com/QuantumNous/new-api/controller","Test":"TestGetStatusReturnsEffectiveOIDCDisplayName/whitespace-only_name_falls_back","Elapsed":0}
{"Time":"2026-09-10T08:24:14.0587779-04:00","Action":"output","Package":"github.com/QuantumNous/new-api/controller","Test":"TestGetStatusReturnsEffectiveOIDCDisplayName","Output":"--- PASS: TestGetStatusReturnsEffectiveOIDCDisplayName (0.00s)\n"}
{"Time":"2026-09-10T08:24:14.0587779-04:00","Action":"pass","Package":"github.com/QuantumNous/new-api/controller","Test":"TestGetStatusReturnsEffectiveOIDCDisplayName","Elapsed":0}
{"Time":"2026-09-10T08:24:14.0587779-04:00","Action":"run","Package":"github.com/QuantumNous/new-api/controller","Test":"TestGetUserModelsFiltersByRequestedGroup"}
{"Time":"2026-09-10T08:24:14.0587779-04:00","Action":"output","Package":"github.com/QuantumNous/new-api/controller","Test":"TestGetUserModelsFiltersByRequestedGroup","Output":"=== RUN   TestGetUserModelsFiltersByRequestedGroup\n"}
{"Time":"2026-09-10T08:24:14.0587779-04:00","Action":"output","Package":"github.com/QuantumNous/new-api/controller","Test":"TestGetUserModelsFiltersByRequestedGroup","Output":"[SYS] 2026/09/10 - 08:24:14 | SQL_DSN not set, using SQLite as database \n"}
{"Time":"2026-09-10T08:24:14.0619073-04:00","Action":"output","Package":"github.com/QuantumNous/new-api/controller","Test":"TestGetUserModelsFiltersByRequestedGroup","Output":"--- PASS: TestGetUserModelsFiltersByRequestedGroup (0.00s)\n"}
{"Time":"2026-09-10T08:24:14.0619073-04:00","Action":"pass","Package":"github.com/QuantumNous/new-api/controller","Test":"TestGetUserModelsFiltersByRequestedGroup","Elapsed":0}
{"Time":"2026-09-10T08:24:14.0619073-04:00","Action":"run","Package":"github.com/QuantumNous/new-api/controller","Test":"TestGetUserModelsExpandsAutoGroupsInConfiguredOrder"}
{"Time":"2026-09-10T08:24:14.0619073-04:00","Action":"output","Package":"github.com/QuantumNous/new-api/controller","Test":"TestGetUserModelsExpandsAutoGroupsInConfiguredOrder","Output":"=== RUN   TestGetUserModelsExpandsAutoGroupsInConfiguredOrder\n"}
{"Time":"2026-09-10T08:24:14.0619073-04:00","Action":"output","Package":"github.com/QuantumNous/new-api/controller","Test":"TestGetUserModelsExpandsAutoGroupsInConfiguredOrder","Output":"[SYS] 2026/09/10 - 08:24:14 | SQL_DSN not set, using SQLite as database \n"}
{"Time":"2026-09-10T08:24:14.0639051-04:00","Action":"output","Package":"github.com/QuantumNous/new-api/controller","Test":"TestGetUserModelsExpandsAutoGroupsInConfiguredOrder","Output":"--- PASS: TestGetUserModelsExpandsAutoGroupsInConfiguredOrder (0.00s)\n"}
{"Time":"2026-09-10T08:24:14.0639051-04:00","Action":"pass","Package":"github.com/QuantumNous/new-api/controller","Test":"TestGetUserModelsExpandsAutoGroupsInConfiguredOrder","Elapsed":0}
{"Time":"2026-09-10T08:24:14.0639051-04:00","Action":"run","Package":"github.com/QuantumNous/new-api/controller","Test":"TestListModelsIncludesTieredBillingModel"}
{"Time":"2026-09-10T08:24:14.0639051-04:00","Action":"output","Package":"github.com/QuantumNous/new-api/controller","Test":"TestListModelsIncludesTieredBillingModel","Output":"=== RUN   TestListModelsIncludesTieredBillingModel\n"}
{"Time":"2026-09-10T08:24:14.0639051-04:00","Action":"output","Package":"github.com/QuantumNous/new-api/controller","Test":"TestListModelsIncludesTieredBillingModel","Output":"[SYS] 2026/09/10 - 08:24:14 | SQL_DSN not set, using SQLite as database \n"}
{"Time":"2026-09-10T08:24:14.0659051-04:00","Action":"output","Package":"github.com/QuantumNous/new-api/controller","Test":"TestListModelsIncludesTieredBillingModel","Output":"--- PASS: TestListModelsIncludesTieredBillingModel (0.00s)\n"}
{"Time":"2026-09-10T08:24:14.0659051-04:00","Action":"pass","Package":"github.com/QuantumNous/new-api/controller","Test":"TestListModelsIncludesTieredBillingModel","Elapsed":0}
{"Time":"2026-09-10T08:24:14.0659051-04:00","Action":"run","Package":"github.com/QuantumNous/new-api/controller","Test":"TestListModelsUsesAdvancedCustomEndpointTypesFromPricingCache"}
{"Time":"2026-09-10T08:24:14.0659051-04:00","Action":"output","Package":"github.com/QuantumNous/new-api/controller","Test":"TestListModelsUsesAdvancedCustomEndpointTypesFromPricingCache","Output":"=== RUN   TestListModelsUsesAdvancedCustomEndpointTypesFromPricingCache\n"}
{"Time":"2026-09-10T08:24:14.0659051-04:00","Action":"output","Package":"github.com/QuantumNous/new-api/controller","Test":"TestListModelsUsesAdvancedCustomEndpointTypesFromPricingCache","Output":"[SYS] 2026/09/10 - 08:24:14 | SQL_DSN not set, using SQLite as database \n"}
{"Time":"2026-09-10T08:24:14.0694166-04:00","Action":"output","Package":"github.com/QuantumNous/new-api/controller","Test":"TestListModelsUsesAdvancedCustomEndpointTypesFromPricingCache","Output":"[SYS] 2026/09/10 - 08:24:14 | channels synced from database \n"}
{"Time":"2026-09-10T08:24:14.0694166-04:00","Action":"output","Package":"github.com/QuantumNous/new-api/controller","Test":"TestListModelsUsesAdvancedCustomEndpointTypesFromPricingCache","Output":"--- PASS: TestListModelsUsesAdvancedCustomEndpointTypesFromPricingCache (0.00s)\n"}
{"Time":"2026-09-10T08:24:14.0694166-04:00","Action":"pass","Package":"github.com/QuantumNous/new-api/controller","Test":"TestListModelsUsesAdvancedCustomEndpointTypesFromPricingCache","Elapsed":0}
{"Time":"2026-09-10T08:24:14.0694166-04:00","Action":"run","Package":"github.com/QuantumNous/new-api/controller","Test":"TestListModelsTokenLimitIncludesTieredBillingModel"}
{"Time":"2026-09-10T08:24:14.0694166-04:00","Action":"output","Package":"github.com/QuantumNous/new-api/controller","Test":"TestListModelsTokenLimitIncludesTieredBillingModel","Output":"=== RUN   TestListModelsTokenLimitIncludesTieredBillingModel\n"}
{"Time":"2026-09-10T08:24:14.0694166-04:00","Action":"output","Package":"github.com/QuantumNous/new-api/controller","Test":"TestListModelsTokenLimitIncludesTieredBillingModel","Output":"[SYS] 2026/09/10 - 08:24:14 | SQL_DSN not set, using SQLite as database \n"}
{"Time":"2026-09-10T08:24:14.071923-04:00","Action":"output","Package":"github.com/QuantumNous/new-api/controller","Test":"TestListModelsTokenLimitIncludesTieredBillingModel","Output":"--- PASS: TestListModelsTokenLimitIncludesTieredBillingModel (0.00s)\n"}
{"Time":"2026-09-10T08:24:14.071923-04:00","Action":"pass","Package":"github.com/QuantumNous/new-api/controller","Test":"TestListModelsTokenLimitIncludesTieredBillingModel","Elapsed":0}
{"Time":"2026-09-10T08:24:14.071923-04:00","Action":"run","Package":"github.com/QuantumNous/new-api/controller","Test":"TestCheckUpdatePasswordRequiresCurrentPassword"}
{"Time":"2026-09-10T08:24:14.071923-04:00","Action":"output","Package":"github.com/QuantumNous/new-api/controller","Test":"TestCheckUpdatePasswordRequiresCurrentPassword","Output":"=== RUN   TestCheckUpdatePasswordRequiresCurrentPassword\n"}
{"Time":"2026-09-10T08:24:14.071923-04:00","Action":"output","Package":"github.com/QuantumNous/new-api/controller","Test":"TestCheckUpdatePasswordRequiresCurrentPassword","Output":"[SYS] 2026/09/10 - 08:24:14 | SQL_DSN not set, using SQLite as database \n"}
{"Time":"2026-09-10T08:24:14.1821331-04:00","Action":"output","Package":"github.com/QuantumNous/new-api/controller","Test":"TestCheckUpdatePasswordRequiresCurrentPassword","Output":"--- PASS: TestCheckUpdatePasswordRequiresCurrentPassword (0.11s)\n"}
{"Time":"2026-09-10T08:24:14.1821331-04:00","Action":"pass","Package":"github.com/QuantumNous/new-api/controller","Test":"TestCheckUpdatePasswordRequiresCurrentPassword","Elapsed":0.11}
{"Time":"2026-09-10T08:24:14.1821331-04:00","Action":"run","Package":"github.com/QuantumNous/new-api/controller","Test":"TestCheckUpdatePasswordRejectsHistoricalEmptyPassword"}
{"Time":"2026-09-10T08:24:14.1821331-04:00","Action":"output","Package":"github.com/QuantumNous/new-api/controller","Test":"TestCheckUpdatePasswordRejectsHistoricalEmptyPassword","Output":"=== RUN   TestCheckUpdatePasswordRejectsHistoricalEmptyPassword\n"}
{"Time":"2026-09-10T08:24:14.1821331-04:00","Action":"output","Package":"github.com/QuantumNous/new-api/controller","Test":"TestCheckUpdatePasswordRejectsHistoricalEmptyPassword","Output":"[SYS] 2026/09/10 - 08:24:14 | SQL_DSN not set, using SQLite as database \n"}
{"Time":"2026-09-10T08:24:14.1842657-04:00","Action":"output","Package":"github.com/QuantumNous/new-api/controller","Test":"TestCheckUpdatePasswordRejectsHistoricalEmptyPassword","Output":"--- PASS: TestCheckUpdatePasswordRejectsHistoricalEmptyPassword (0.00s)\n"}
{"Time":"2026-09-10T08:24:14.1842657-04:00","Action":"pass","Package":"github.com/QuantumNous/new-api/controller","Test":"TestCheckUpdatePasswordRejectsHistoricalEmptyPassword","Elapsed":0}
{"Time":"2026-09-10T08:24:14.1842657-04:00","Action":"run","Package":"github.com/QuantumNous/new-api/controller","Test":"TestSetupLoginDoesNotTouchPasswordWhenPasswordFieldOmitted"}
{"Time":"2026-09-10T08:24:14.1842657-04:00","Action":"output","Package":"github.com/QuantumNous/new-api/controller","Test":"TestSetupLoginDoesNotTouchPasswordWhenPasswordFieldOmitted","Output":"=== RUN   TestSetupLoginDoesNotTouchPasswordWhenPasswordFieldOmitted\n"}
{"Time":"2026-09-10T08:24:14.1842657-04:00","Action":"output","Package":"github.com/QuantumNous/new-api/controller","Test":"TestSetupLoginDoesNotTouchPasswordWhenPasswordFieldOmitted","Output":"[SYS] 2026/09/10 - 08:24:14 | SQL_DSN not set, using SQLite as database \n"}
{"Time":"2026-09-10T08:24:14.2278453-04:00","Action":"output","Package":"github.com/QuantumNous/new-api/controller","Test":"TestSetupLoginDoesNotTouchPasswordWhenPasswordFieldOmitted","Output":"--- PASS: TestSetupLoginDoesNotTouchPasswordWhenPasswordFieldOmitted (0.04s)\n"}
{"Time":"2026-09-10T08:24:14.2278453-04:00","Action":"pass","Package":"github.com/QuantumNous/new-api/controller","Test":"TestSetupLoginDoesNotTouchPasswordWhenPasswordFieldOmitted","Elapsed":0.04}
{"Time":"2026-09-10T08:24:14.2278453-04:00","Action":"run","Package":"github.com/QuantumNous/new-api/controller","Test":"TestChannelOwnerNameUsesAdaptorChannelName"}
{"Time":"2026-09-10T08:24:14.2278453-04:00","Action":"output","Package":"github.com/QuantumNous/new-api/controller","Test":"TestChannelOwnerNameUsesAdaptorChannelName","Output":"=== RUN   TestChannelOwnerNameUsesAdaptorChannelName\n"}
{"Time":"2026-09-10T08:24:14.2278453-04:00","Action":"run","Package":"github.com/QuantumNous/new-api/controller","Test":"TestChannelOwnerNameUsesAdaptorChannelName/openai"}
{"Time":"2026-09-10T08:24:14.2278453-04:00","Action":"output","Package":"github.com/QuantumNous/new-api/controller","Test":"TestChannelOwnerNameUsesAdaptorChannelName/openai","Output":"=== RUN   TestChannelOwnerNameUsesAdaptorChannelName/openai\n"}
{"Time":"2026-09-10T08:24:14.2278453-04:00","Action":"output","Package":"github.com/QuantumNous/new-api/controller","Test":"TestChannelOwnerNameUsesAdaptorChannelName/openai","Output":"--- PASS: TestChannelOwnerNameUsesAdaptorChannelName/openai (0.00s)\n"}
{"Time":"2026-09-10T08:24:14.2278453-04:00","Action":"pass","Package":"github.com/QuantumNous/new-api/controller","Test":"TestChannelOwnerNameUsesAdaptorChannelName/openai","Elapsed":0}
{"Time":"2026-09-10T08:24:14.2278453-04:00","Action":"run","Package":"github.com/QuantumNous/new-api/controller","Test":"TestChannelOwnerNameUsesAdaptorChannelName/codex"}
{"Time":"2026-09-10T08:24:14.2278453-04:00","Action":"output","Package":"github.com/QuantumNous/new-api/controller","Test":"TestChannelOwnerNameUsesAdaptorChannelName/codex","Output":"=== RUN   TestChannelOwnerNameUsesAdaptorChannelName/codex\n"}
{"Time":"2026-09-10T08:24:14.2278453-04:00","Action":"output","Package":"github.com/QuantumNous/new-api/controller","Test":"TestChannelOwnerNameUsesAdaptorChannelName/codex","Output":"--- PASS: TestChannelOwnerNameUsesAdaptorChannelName/codex (0.00s)\n"}
{"Time":"2026-09-10T08:24:14.2278453-04:00","Action":"pass","Package":"github.com/QuantumNous/new-api/controller","Test":"TestChannelOwnerNameUsesAdaptorChannelName/codex","Elapsed":0}
{"Time":"2026-09-10T08:24:14.2278453-04:00","Action":"run","Package":"github.com/QuantumNous/new-api/controller","Test":"TestChannelOwnerNameUsesAdaptorChannelName/openrouter"}
{"Time":"2026-09-10T08:24:14.2278453-04:00","Action":"output","Package":"github.com/QuantumNous/new-api/controller","Test":"TestChannelOwnerNameUsesAdaptorChannelName/openrouter","Output":"=== RUN   TestChannelOwnerNameUsesAdaptorChannelName/openrouter\n"}
{"Time":"2026-09-10T08:24:14.2278453-04:00","Action":"output","Package":"github.com/QuantumNous/new-api/controller","Test":"TestChannelOwnerNameUsesAdaptorChannelName/openrouter","Output":"--- PASS: TestChannelOwnerNameUsesAdaptorChannelName/openrouter (0.00s)\n"}
{"Time":"2026-09-10T08:24:14.2278453-04:00","Action":"pass","Package":"github.com/QuantumNous/new-api/controller","Test":"TestChannelOwnerNameUsesAdaptorChannelName/openrouter","Elapsed":0}
{"Time":"2026-09-10T08:24:14.2278453-04:00","Action":"run","Package":"github.com/QuantumNous/new-api/controller","Test":"TestChannelOwnerNameUsesAdaptorChannelName/azure_fallback"}
{"Time":"2026-09-10T08:24:14.2278453-04:00","Action":"output","Package":"github.com/QuantumNous/new-api/controller","Test":"TestChannelOwnerNameUsesAdaptorChannelName/azure_fallback","Output":"=== RUN   TestChannelOwnerNameUsesAdaptorChannelName/azure_fallback\n"}
{"Time":"2026-09-10T08:24:14.2278453-04:00","Action":"output","Package":"github.com/QuantumNous/new-api/controller","Test":"TestChannelOwnerNameUsesAdaptorChannelName/azure_fallback","Output":"--- PASS: TestChannelOwnerNameUsesAdaptorChannelName/azure_fallback (0.00s)\n"}
{"Time":"2026-09-10T08:24:14.2278453-04:00","Action":"pass","Package":"github.com/QuantumNous/new-api/controller","Test":"TestChannelOwnerNameUsesAdaptorChannelName/azure_fallback","Elapsed":0}
{"Time":"2026-09-10T08:24:14.2278453-04:00","Action":"output","Package":"github.com/QuantumNous/new-api/controller","Test":"TestChannelOwnerNameUsesAdaptorChannelName","Output":"--- PASS: TestChannelOwnerNameUsesAdaptorChannelName (0.00s)\n"}
{"Time":"2026-09-10T08:24:14.2278453-04:00","Action":"pass","Package":"github.com/QuantumNous/new-api/controller","Test":"TestChannelOwnerNameUsesAdaptorChannelName","Elapsed":0}
{"Time":"2026-09-10T08:24:14.2278453-04:00","Action":"run","Package":"github.com/QuantumNous/new-api/controller","Test":"TestBuildOpenAIModelOverridesOwnedBy"}
{"Time":"2026-09-10T08:24:14.2278453-04:00","Action":"output","Package":"github.com/QuantumNous/new-api/controller","Test":"TestBuildOpenAIModelOverridesOwnedBy","Output":"=== RUN   TestBuildOpenAIModelOverridesOwnedBy\n"}
{"Time":"2026-09-10T08:24:14.2278453-04:00","Action":"output","Package":"github.com/QuantumNous/new-api/controller","Test":"TestBuildOpenAIModelOverridesOwnedBy","Output":"--- PASS: TestBuildOpenAIModelOverridesOwnedBy (0.00s)\n"}
{"Time":"2026-09-10T08:24:14.2278453-04:00","Action":"pass","Package":"github.com/QuantumNous/new-api/controller","Test":"TestBuildOpenAIModelOverridesOwnedBy","Elapsed":0}
{"Time":"2026-09-10T08:24:14.2278453-04:00","Action":"run","Package":"github.com/QuantumNous/new-api/controller","Test":"TestBuildOpenAIModelFallsBackToCustomForUnknownModels"}
{"Time":"2026-09-10T08:24:14.2278453-04:00","Action":"output","Package":"github.com/QuantumNous/new-api/controller","Test":"TestBuildOpenAIModelFallsBackToCustomForUnknownModels","Output":"=== RUN   TestBuildOpenAIModelFallsBackToCustomForUnknownModels\n"}
{"Time":"2026-09-10T08:24:14.2278453-04:00","Action":"output","Package":"github.com/QuantumNous/new-api/controller","Test":"TestBuildOpenAIModelFallsBackToCustomForUnknownModels","Output":"--- PASS: TestBuildOpenAIModelFallsBackToCustomForUnknownModels (0.00s)\n"}
{"Time":"2026-09-10T08:24:14.2278453-04:00","Action":"pass","Package":"github.com/QuantumNous/new-api/controller","Test":"TestBuildOpenAIModelFallsBackToCustomForUnknownModels","Elapsed":0}
{"Time":"2026-09-10T08:24:14.2278453-04:00","Action":"run","Package":"github.com/QuantumNous/new-api/controller","Test":"TestGetModelListGroupsUsesUserGroupWhenTokenGroupIsEmpty"}
{"Time":"2026-09-10T08:24:14.2278453-04:00","Action":"output","Package":"github.com/QuantumNous/new-api/controller","Test":"TestGetModelListGroupsUsesUserGroupWhenTokenGroupIsEmpty","Output":"=== RUN   TestGetModelListGroupsUsesUserGroupWhenTokenGroupIsEmpty\n"}
{"Time":"2026-09-10T08:24:14.2278453-04:00","Action":"output","Package":"github.com/QuantumNous/new-api/controller","Test":"TestGetModelListGroupsUsesUserGroupWhenTokenGroupIsEmpty","Output":"--- PASS: TestGetModelListGroupsUsesUserGroupWhenTokenGroupIsEmpty (0.00s)\n"}
{"Time":"2026-09-10T08:24:14.2278453-04:00","Action":"pass","Package":"github.com/QuantumNous/new-api/controller","Test":"TestGetModelListGroupsUsesUserGroupWhenTokenGroupIsEmpty","Elapsed":0}
{"Time":"2026-09-10T08:24:14.2278453-04:00","Action":"run","Package":"github.com/QuantumNous/new-api/controller","Test":"TestGetModelListGroupsUsesExplicitTokenGroup"}
{"Time":"2026-09-10T08:24:14.2278453-04:00","Action":"output","Package":"github.com/QuantumNous/new-api/controller","Test":"TestGetModelListGroupsUsesExplicitTokenGroup","Output":"=== RUN   TestGetModelListGroupsUsesExplicitTokenGroup\n"}
{"Time":"2026-09-10T08:24:14.2278453-04:00","Action":"output","Package":"github.com/QuantumNous/new-api/controller","Test":"TestGetModelListGroupsUsesExplicitTokenGroup","Output":"--- PASS: TestGetModelListGroupsUsesExplicitTokenGroup (0.00s)\n"}
{"Time":"2026-09-10T08:24:14.2278453-04:00","Action":"pass","Package":"github.com/QuantumNous/new-api/controller","Test":"TestGetModelListGroupsUsesExplicitTokenGroup","Elapsed":0}
{"Time":"2026-09-10T08:24:14.2278453-04:00","Action":"run","Package":"github.com/QuantumNous/new-api/controller","Test":"TestDeleteModelAndVendorMetaClearActiveNameBeforeSoftDelete"}
{"Time":"2026-09-10T08:24:14.2278453-04:00","Action":"output","Package":"github.com/QuantumNous/new-api/controller","Test":"TestDeleteModelAndVendorMetaClearActiveNameBeforeSoftDelete","Output":"=== RUN   TestDeleteModelAndVendorMetaClearActiveNameBeforeSoftDelete\n"}
{"Time":"2026-09-10T08:24:14.2278453-04:00","Action":"output","Package":"github.com/QuantumNous/new-api/controller","Test":"TestDeleteModelAndVendorMetaClearActiveNameBeforeSoftDelete","Output":"[SYS] 2026/09/10 - 08:24:14 | SQL_DSN not set, using SQLite as database \n"}
{"Time":"2026-09-10T08:24:14.2311261-04:00","Action":"output","Package":"github.com/QuantumNous/new-api/controller","Test":"TestDeleteModelAndVendorMetaClearActiveNameBeforeSoftDelete","Output":"--- PASS: TestDeleteModelAndVendorMetaClearActiveNameBeforeSoftDelete (0.00s)\n"}
{"Time":"2026-09-10T08:24:14.2311261-04:00","Action":"pass","Package":"github.com/QuantumNous/new-api/controller","Test":"TestDeleteModelAndVendorMetaClearActiveNameBeforeSoftDelete","Elapsed":0}
{"Time":"2026-09-10T08:24:14.2311261-04:00","Action":"run","Package":"github.com/QuantumNous/new-api/controller","Test":"TestSyncUpstreamModelsReturnsConflictWhenLeaseIsBusy"}
{"Time":"2026-09-10T08:24:14.2311261-04:00","Action":"output","Package":"github.com/QuantumNous/new-api/controller","Test":"TestSyncUpstreamModelsReturnsConflictWhenLeaseIsBusy","Output":"=== RUN   TestSyncUpstreamModelsReturnsConflictWhenLeaseIsBusy\n"}
{"Time":"2026-09-10T08:24:14.2311261-04:00","Action":"output","Package":"github.com/QuantumNous/new-api/controller","Test":"TestSyncUpstreamModelsReturnsConflictWhenLeaseIsBusy","Output":"[SYS] 2026/09/10 - 08:24:14 | SQL_DSN not set, using SQLite as database \n"}
{"Time":"2026-09-10T08:24:14.2337528-04:00","Action":"output","Package":"github.com/QuantumNous/new-api/controller","Test":"TestSyncUpstreamModelsReturnsConflictWhenLeaseIsBusy","Output":"--- PASS: TestSyncUpstreamModelsReturnsConflictWhenLeaseIsBusy (0.00s)\n"}
{"Time":"2026-09-10T08:24:14.2337528-04:00","Action":"pass","Package":"github.com/QuantumNous/new-api/controller","Test":"TestSyncUpstreamModelsReturnsConflictWhenLeaseIsBusy","Elapsed":0}
{"Time":"2026-09-10T08:24:14.2337528-04:00","Action":"run","Package":"github.com/QuantumNous/new-api/controller","Test":"TestSyncUpstreamModelsReturnsSafeFetchFailure"}
{"Time":"2026-09-10T08:24:14.2337528-04:00","Action":"output","Package":"github.com/QuantumNous/new-api/controller","Test":"TestSyncUpstreamModelsReturnsSafeFetchFailure","Output":"=== RUN   TestSyncUpstreamModelsReturnsSafeFetchFailure\n"}
{"Time":"2026-09-10T08:24:14.2337528-04:00","Action":"output","Package":"github.com/QuantumNous/new-api/controller","Test":"TestSyncUpstreamModelsReturnsSafeFetchFailure","Output":"[SYS] 2026/09/10 - 08:24:14 | SQL_DSN not set, using SQLite as database \n"}
{"Time":"2026-09-10T08:24:14.5391044-04:00","Action":"output","Package":"github.com/QuantumNous/new-api/controller","Test":"TestSyncUpstreamModelsReturnsSafeFetchFailure","Output":"--- PASS: TestSyncUpstreamModelsReturnsSafeFetchFailure (0.31s)\n"}
{"Time":"2026-09-10T08:24:14.5391044-04:00","Action":"pass","Package":"github.com/QuantumNous/new-api/controller","Test":"TestSyncUpstreamModelsReturnsSafeFetchFailure","Elapsed":0.31}
{"Time":"2026-09-10T08:24:14.5391044-04:00","Action":"run","Package":"github.com/QuantumNous/new-api/controller","Test":"TestImportOAuthAvatarNormalizesAndStoresImage"}
{"Time":"2026-09-10T08:24:14.5391044-04:00","Action":"output","Package":"github.com/QuantumNous/new-api/controller","Test":"TestImportOAuthAvatarNormalizesAndStoresImage","Output":"=== RUN   TestImportOAuthAvatarNormalizesAndStoresImage\n"}
{"Time":"2026-09-10T08:24:14.5459145-04:00","Action":"output","Package":"github.com/QuantumNous/new-api/controller","Test":"TestImportOAuthAvatarNormalizesAndStoresImage","Output":"\r\n"}
{"Time":"2026-09-10T08:24:14.5459145-04:00","Action":"output","Package":"github.com/QuantumNous/new-api/controller","Test":"TestImportOAuthAvatarNormalizesAndStoresImage","Output":"2026/09/10 08:24:14 \u001b[31;1mD:/10178/Projects/new-api-upstream-sync/model/user_avatar.go:38 \u001b[35;1mrecord not found\n"}
{"Time":"2026-09-10T08:24:14.5459145-04:00","Action":"output","Package":"github.com/QuantumNous/new-api/controller","Test":"TestImportOAuthAvatarNormalizesAndStoresImage","Output":"\u001b[0m\u001b[33m[0.000ms] \u001b[34;1m[rows:0]\u001b[0m SELECT * FROM `user_avatars` WHERE user_id = 21 ORDER BY `user_avatars`.`id` LIMIT 1\n"}
{"Time":"2026-09-10T08:24:14.5522128-04:00","Action":"output","Package":"github.com/QuantumNous/new-api/controller","Test":"TestImportOAuthAvatarNormalizesAndStoresImage","Output":"\r\n"}
{"Time":"2026-09-10T08:24:14.5527312-04:00","Action":"output","Package":"github.com/QuantumNous/new-api/controller","Test":"TestImportOAuthAvatarNormalizesAndStoresImage","Output":"2026/09/10 08:24:14 \u001b[31;1mD:/10178/Projects/new-api-upstream-sync/model/user_avatar.go:38 \u001b[35;1mrecord not found\n"}
{"Time":"2026-09-10T08:24:14.5527312-04:00","Action":"output","Package":"github.com/QuantumNous/new-api/controller","Test":"TestImportOAuthAvatarNormalizesAndStoresImage","Output":"\u001b[0m\u001b[33m[0.000ms] \u001b[34;1m[rows:0]\u001b[0m SELECT * FROM `user_avatars` WHERE user_id = 21 ORDER BY `user_avatars`.`id` LIMIT 1\n"}
{"Time":"2026-09-10T08:24:14.5542833-04:00","Action":"output","Package":"github.com/QuantumNous/new-api/controller","Test":"TestImportOAuthAvatarNormalizesAndStoresImage","Output":"\r\n"}
{"Time":"2026-09-10T08:24:14.5542833-04:00","Action":"output","Package":"github.com/QuantumNous/new-api/controller","Test":"TestImportOAuthAvatarNormalizesAndStoresImage","Output":"2026/09/10 08:24:14 \u001b[31;1mD:/10178/Projects/new-api-upstream-sync/model/user_avatar.go:67 \u001b[35;1mrecord not found\n"}
{"Time":"2026-09-10T08:24:14.5542833-04:00","Action":"output","Package":"github.com/QuantumNous/new-api/controller","Test":"TestImportOAuthAvatarNormalizesAndStoresImage","Output":"\u001b[0m\u001b[33m[0.000ms] \u001b[34;1m[rows:0]\u001b[0m SELECT * FROM `user_avatars` WHERE user_id = 21 ORDER BY `user_avatars`.`id` LIMIT 1\n"}
{"Time":"2026-09-10T08:24:14.5563766-04:00","Action":"output","Package":"github.com/QuantumNous/new-api/controller","Test":"TestImportOAuthAvatarNormalizesAndStoresImage","Output":"--- PASS: TestImportOAuthAvatarNormalizesAndStoresImage (0.02s)\n"}
{"Time":"2026-09-10T08:24:14.5563766-04:00","Action":"pass","Package":"github.com/QuantumNous/new-api/controller","Test":"TestImportOAuthAvatarNormalizesAndStoresImage","Elapsed":0.02}
{"Time":"2026-09-10T08:24:14.5563766-04:00","Action":"run","Package":"github.com/QuantumNous/new-api/controller","Test":"TestImportOAuthAvatarFailureDoesNotCreateAvatar"}
{"Time":"2026-09-10T08:24:14.5563766-04:00","Action":"output","Package":"github.com/QuantumNous/new-api/controller","Test":"TestImportOAuthAvatarFailureDoesNotCreateAvatar","Output":"=== RUN   TestImportOAuthAvatarFailureDoesNotCreateAvatar\n"}
{"Time":"2026-09-10T08:24:14.5574173-04:00","Action":"output","Package":"github.com/QuantumNous/new-api/controller","Test":"TestImportOAuthAvatarFailureDoesNotCreateAvatar","Output":"\r\n"}
{"Time":"2026-09-10T08:24:14.5574173-04:00","Action":"output","Package":"github.com/QuantumNous/new-api/controller","Test":"TestImportOAuthAvatarFailureDoesNotCreateAvatar","Output":"2026/09/10 08:24:14 \u001b[31;1mD:/10178/Projects/new-api-upstream-sync/model/user_avatar.go:38 \u001b[35;1mrecord not found\n"}
{"Time":"2026-09-10T08:24:14.5574173-04:00","Action":"output","Package":"github.com/QuantumNous/new-api/controller","Test":"TestImportOAuthAvatarFailureDoesNotCreateAvatar","Output":"\u001b[0m\u001b[33m[0.000ms] \u001b[34;1m[rows:0]\u001b[0m SELECT * FROM `user_avatars` WHERE user_id = 22 ORDER BY `user_avatars`.`id` LIMIT 1\n"}
{"Time":"2026-09-10T08:24:14.5579376-04:00","Action":"output","Package":"github.com/QuantumNous/new-api/controller","Test":"TestImportOAuthAvatarFailureDoesNotCreateAvatar","Output":"[WARN] 2026/09/10 - 08:24:14 | SYSTEM | [OAuth] failed to import avatar for user 22: avatar endpoint returned status 502 \n"}
{"Time":"2026-09-10T08:24:14.5579376-04:00","Action":"output","Package":"github.com/QuantumNous/new-api/controller","Test":"TestImportOAuthAvatarFailureDoesNotCreateAvatar","Output":"\r\n"}
{"Time":"2026-09-10T08:24:14.5579376-04:00","Action":"output","Package":"github.com/QuantumNous/new-api/controller","Test":"TestImportOAuthAvatarFailureDoesNotCreateAvatar","Output":"2026/09/10 08:24:14 \u001b[31;1mD:/10178/Projects/new-api-upstream-sync/model/user_avatar.go:38 \u001b[35;1mrecord not found\n"}
{"Time":"2026-09-10T08:24:14.5579376-04:00","Action":"output","Package":"github.com/QuantumNous/new-api/controller","Test":"TestImportOAuthAvatarFailureDoesNotCreateAvatar","Output":"\u001b[0m\u001b[33m[0.000ms] \u001b[34;1m[rows:0]\u001b[0m SELECT * FROM `user_avatars` WHERE user_id = 22 ORDER BY `user_avatars`.`id` LIMIT 1\n"}
{"Time":"2026-09-10T08:24:14.5590139-04:00","Action":"output","Package":"github.com/QuantumNous/new-api/controller","Test":"TestImportOAuthAvatarFailureDoesNotCreateAvatar","Output":"--- PASS: TestImportOAuthAvatarFailureDoesNotCreateAvatar (0.00s)\n"}
{"Time":"2026-09-10T08:24:14.5590139-04:00","Action":"pass","Package":"github.com/QuantumNous/new-api/controller","Test":"TestImportOAuthAvatarFailureDoesNotCreateAvatar","Elapsed":0}
{"Time":"2026-09-10T08:24:14.5590139-04:00","Action":"run","Package":"github.com/QuantumNous/new-api/controller","Test":"TestImportOAuthAvatarDoesNotOverwriteExistingAvatar"}
{"Time":"2026-09-10T08:24:14.5590139-04:00","Action":"output","Package":"github.com/QuantumNous/new-api/controller","Test":"TestImportOAuthAvatarDoesNotOverwriteExistingAvatar","Output":"=== RUN   TestImportOAuthAvatarDoesNotOverwriteExistingAvatar\n"}
{"Time":"2026-09-10T08:24:14.5631946-04:00","Action":"output","Package":"github.com/QuantumNous/new-api/controller","Test":"TestImportOAuthAvatarDoesNotOverwriteExistingAvatar","Output":"\r\n"}
{"Time":"2026-09-10T08:24:14.5631946-04:00","Action":"output","Package":"github.com/QuantumNous/new-api/controller","Test":"TestImportOAuthAvatarDoesNotOverwriteExistingAvatar","Output":"2026/09/10 08:24:14 \u001b[31;1mD:/10178/Projects/new-api-upstream-sync/model/user_avatar.go:67 \u001b[35;1mrecord not found\n"}
{"Time":"2026-09-10T08:24:14.5631946-04:00","Action":"output","Package":"github.com/QuantumNous/new-api/controller","Test":"TestImportOAuthAvatarDoesNotOverwriteExistingAvatar","Output":"\u001b[0m\u001b[33m[0.000ms] \u001b[34;1m[rows:0]\u001b[0m SELECT * FROM `user_avatars` WHERE user_id = 23 ORDER BY `user_avatars`.`id` LIMIT 1\n"}
{"Time":"2026-09-10T08:24:14.5642581-04:00","Action":"output","Package":"github.com/QuantumNous/new-api/controller","Test":"TestImportOAuthAvatarDoesNotOverwriteExistingAvatar","Output":"--- PASS: TestImportOAuthAvatarDoesNotOverwriteExistingAvatar (0.01s)\n"}
{"Time":"2026-09-10T08:24:14.5642581-04:00","Action":"pass","Package":"github.com/QuantumNous/new-api/controller","Test":"TestImportOAuthAvatarDoesNotOverwriteExistingAvatar","Elapsed":0.01}
{"Time":"2026-09-10T08:24:14.5642581-04:00","Action":"run","Package":"github.com/QuantumNous/new-api/controller","Test":"TestPendingOAuthRegistrationRetainsValidatedAvatarURL"}
{"Time":"2026-09-10T08:24:14.5642581-04:00","Action":"output","Package":"github.com/QuantumNous/new-api/controller","Test":"TestPendingOAuthRegistrationRetainsValidatedAvatarURL","Output":"=== RUN   TestPendingOAuthRegistrationRetainsValidatedAvatarURL\n"}
{"Time":"2026-09-10T08:24:14.5673512-04:00","Action":"output","Package":"github.com/QuantumNous/new-api/controller","Test":"TestPendingOAuthRegistrationRetainsValidatedAvatarURL","Output":"\r\n"}
{"Time":"2026-09-10T08:24:14.5673512-04:00","Action":"output","Package":"github.com/QuantumNous/new-api/controller","Test":"TestPendingOAuthRegistrationRetainsValidatedAvatarURL","Output":"2026/09/10 08:24:14 \u001b[31;1mD:/10178/Projects/new-api-upstream-sync/model/user.go:361 \u001b[35;1mrecord not found\n"}
{"Time":"2026-09-10T08:24:14.5673512-04:00","Action":"output","Package":"github.com/QuantumNous/new-api/controller","Test":"TestPendingOAuthRegistrationRetainsValidatedAvatarURL","Output":"\u001b[0m\u001b[33m[0.000ms] \u001b[34;1m[rows:0]\u001b[0m SELECT * FROM `users` ORDER BY `users`.`id` DESC LIMIT 1\n"}
{"Time":"2026-09-10T08:24:14.5678722-04:00","Action":"output","Package":"github.com/QuantumNous/new-api/controller","Test":"TestPendingOAuthRegistrationRetainsValidatedAvatarURL","Output":"\r\n"}
{"Time":"2026-09-10T08:24:14.5678722-04:00","Action":"output","Package":"github.com/QuantumNous/new-api/controller","Test":"TestPendingOAuthRegistrationRetainsValidatedAvatarURL","Output":"2026/09/10 08:24:14 \u001b[31;1mD:/10178/Projects/new-api-upstream-sync/model/user.go:264 \u001b[35;1mrecord not found\n"}
{"Time":"2026-09-10T08:24:14.5678722-04:00","Action":"output","Package":"github.com/QuantumNous/new-api/controller","Test":"TestPendingOAuthRegistrationRetainsValidatedAvatarURL","Output":"\u001b[0m\u001b[33m[0.521ms] \u001b[34;1m[rows:0]\u001b[0m SELECT * FROM `users` WHERE username = \"pending-avatar-user\" ORDER BY `users`.`id` LIMIT 1\n"}
{"Time":"2026-09-10T08:24:14.5678722-04:00","Action":"output","Package":"github.com/QuantumNous/new-api/controller","Test":"TestPendingOAuthRegistrationRetainsValidatedAvatarURL","Output":"--- PASS: TestPendingOAuthRegistrationRetainsValidatedAvatarURL (0.00s)\n"}
{"Time":"2026-09-10T08:24:14.5678722-04:00","Action":"pass","Package":"github.com/QuantumNous/new-api/controller","Test":"TestPendingOAuthRegistrationRetainsValidatedAvatarURL","Elapsed":0}
{"Time":"2026-09-10T08:24:14.5678722-04:00","Action":"run","Package":"github.com/QuantumNous/new-api/controller","Test":"TestUpdateOptionRejectsNegativeClaudeDefaultMaxTokens"}
{"Time":"2026-09-10T08:24:14.5678722-04:00","Action":"output","Package":"github.com/QuantumNous/new-api/controller","Test":"TestUpdateOptionRejectsNegativeClaudeDefaultMaxTokens","Output":"=== RUN   TestUpdateOptionRejectsNegativeClaudeDefaultMaxTokens\n"}
{"Time":"2026-09-10T08:24:14.5678722-04:00","Action":"output","Package":"github.com/QuantumNous/new-api/controller","Test":"TestUpdateOptionRejectsNegativeClaudeDefaultMaxTokens","Output":"--- PASS: TestUpdateOptionRejectsNegativeClaudeDefaultMaxTokens (0.00s)\n"}
{"Time":"2026-09-10T08:24:14.5678722-04:00","Action":"pass","Package":"github.com/QuantumNous/new-api/controller","Test":"TestUpdateOptionRejectsNegativeClaudeDefaultMaxTokens","Elapsed":0}
{"Time":"2026-09-10T08:24:14.5678722-04:00","Action":"run","Package":"github.com/QuantumNous/new-api/controller","Test":"TestUpdateOptionRejectsInvalidGeminiSafetyThreshold"}
{"Time":"2026-09-10T08:24:14.5678722-04:00","Action":"output","Package":"github.com/QuantumNous/new-api/controller","Test":"TestUpdateOptionRejectsInvalidGeminiSafetyThreshold","Output":"=== RUN   TestUpdateOptionRejectsInvalidGeminiSafetyThreshold\n"}
{"Time":"2026-09-10T08:24:14.5678722-04:00","Action":"output","Package":"github.com/QuantumNous/new-api/controller","Test":"TestUpdateOptionRejectsInvalidGeminiSafetyThreshold","Output":"--- PASS: TestUpdateOptionRejectsInvalidGeminiSafetyThreshold (0.00s)\n"}
{"Time":"2026-09-10T08:24:14.5678722-04:00","Action":"pass","Package":"github.com/QuantumNous/new-api/controller","Test":"TestUpdateOptionRejectsInvalidGeminiSafetyThreshold","Elapsed":0}
{"Time":"2026-09-10T08:24:14.5678722-04:00","Action":"run","Package":"github.com/QuantumNous/new-api/controller","Test":"TestUpdateOptionRejectsZeroUserRequestRateLimitDefault"}
{"Time":"2026-09-10T08:24:14.5678722-04:00","Action":"output","Package":"github.com/QuantumNous/new-api/controller","Test":"TestUpdateOptionRejectsZeroUserRequestRateLimitDefault","Output":"=== RUN   TestUpdateOptionRejectsZeroUserRequestRateLimitDefault\n"}
{"Time":"2026-09-10T08:24:14.5678722-04:00","Action":"output","Package":"github.com/QuantumNous/new-api/controller","Test":"TestUpdateOptionRejectsZeroUserRequestRateLimitDefault","Output":"--- PASS: TestUpdateOptionRejectsZeroUserRequestRateLimitDefault (0.00s)\n"}
{"Time":"2026-09-10T08:24:14.5678722-04:00","Action":"pass","Package":"github.com/QuantumNous/new-api/controller","Test":"TestUpdateOptionRejectsZeroUserRequestRateLimitDefault","Elapsed":0}
{"Time":"2026-09-10T08:24:14.5678722-04:00","Action":"run","Package":"github.com/QuantumNous/new-api/controller","Test":"TestParsePasskeyFinishRequestDoesNotRewriteRequestBody"}
{"Time":"2026-09-10T08:24:14.5678722-04:00","Action":"output","Package":"github.com/QuantumNous/new-api/controller","Test":"TestParsePasskeyFinishRequestDoesNotRewriteRequestBody","Output":"=== RUN   TestParsePasskeyFinishRequestDoesNotRewriteRequestBody\n"}
{"Time":"2026-09-10T08:24:14.5678722-04:00","Action":"output","Package":"github.com/QuantumNous/new-api/controller","Test":"TestParsePasskeyFinishRequestDoesNotRewriteRequestBody","Output":"--- PASS: TestParsePasskeyFinishRequestDoesNotRewriteRequestBody (0.00s)\n"}
{"Time":"2026-09-10T08:24:14.5678722-04:00","Action":"pass","Package":"github.com/QuantumNous/new-api/controller","Test":"TestParsePasskeyFinishRequestDoesNotRewriteRequestBody","Elapsed":0}
{"Time":"2026-09-10T08:24:14.5678722-04:00","Action":"run","Package":"github.com/QuantumNous/new-api/controller","Test":"TestPasskeyCredentialResponsesDoNotExposeCredentialMaterial"}
{"Time":"2026-09-10T08:24:14.5678722-04:00","Action":"output","Package":"github.com/QuantumNous/new-api/controller","Test":"TestPasskeyCredentialResponsesDoNotExposeCredentialMaterial","Output":"=== RUN   TestPasskeyCredentialResponsesDoNotExposeCredentialMaterial\n"}
{"Time":"2026-09-10T08:24:14.5678722-04:00","Action":"output","Package":"github.com/QuantumNous/new-api/controller","Test":"TestPasskeyCredentialResponsesDoNotExposeCredentialMaterial","Output":"--- PASS: TestPasskeyCredentialResponsesDoNotExposeCredentialMaterial (0.00s)\n"}
{"Time":"2026-09-10T08:24:14.5678722-04:00","Action":"pass","Package":"github.com/QuantumNous/new-api/controller","Test":"TestPasskeyCredentialResponsesDoNotExposeCredentialMaterial","Elapsed":0}
{"Time":"2026-09-10T08:24:14.5683855-04:00","Action":"run","Package":"github.com/QuantumNous/new-api/controller","Test":"TestPasskeyRegisterFinishRejectsMissingOrWrongProofWithoutConsumingFlow"}
{"Time":"2026-09-10T08:24:14.5683855-04:00","Action":"output","Package":"github.com/QuantumNous/new-api/controller","Test":"TestPasskeyRegisterFinishRejectsMissingOrWrongProofWithoutConsumingFlow","Output":"=== RUN   TestPasskeyRegisterFinishRejectsMissingOrWrongProofWithoutConsumingFlow\n"}
{"Time":"2026-09-10T08:24:14.5694111-04:00","Action":"run","Package":"github.com/QuantumNous/new-api/controller","Test":"TestPasskeyRegisterFinishRejectsMissingOrWrongProofWithoutConsumingFlow/missing_proof"}
{"Time":"2026-09-10T08:24:14.5694111-04:00","Action":"output","Package":"github.com/QuantumNous/new-api/controller","Test":"TestPasskeyRegisterFinishRejectsMissingOrWrongProofWithoutConsumingFlow/missing_proof","Output":"=== RUN   TestPasskeyRegisterFinishRejectsMissingOrWrongProofWithoutConsumingFlow/missing_proof\n"}
{"Time":"2026-09-10T08:24:14.5699325-04:00","Action":"output","Package":"github.com/QuantumNous/new-api/controller","Test":"TestPasskeyRegisterFinishRejectsMissingOrWrongProofWithoutConsumingFlow/missing_proof","Output":"--- PASS: TestPasskeyRegisterFinishRejectsMissingOrWrongProofWithoutConsumingFlow/missing_proof (0.00s)\n"}
{"Time":"2026-09-10T08:24:14.5699325-04:00","Action":"pass","Package":"github.com/QuantumNous/new-api/controller","Test":"TestPasskeyRegisterFinishRejectsMissingOrWrongProofWithoutConsumingFlow/missing_proof","Elapsed":0}
{"Time":"2026-09-10T08:24:14.5699325-04:00","Action":"run","Package":"github.com/QuantumNous/new-api/controller","Test":"TestPasskeyRegisterFinishRejectsMissingOrWrongProofWithoutConsumingFlow/wrong_scope_proof"}
{"Time":"2026-09-10T08:24:14.5699325-04:00","Action":"output","Package":"github.com/QuantumNous/new-api/controller","Test":"TestPasskeyRegisterFinishRejectsMissingOrWrongProofWithoutConsumingFlow/wrong_scope_proof","Output":"=== RUN   TestPasskeyRegisterFinishRejectsMissingOrWrongProofWithoutConsumingFlow/wrong_scope_proof\n"}
{"Time":"2026-09-10T08:24:14.5699325-04:00","Action":"output","Package":"github.com/QuantumNous/new-api/controller","Test":"TestPasskeyRegisterFinishRejectsMissingOrWrongProofWithoutConsumingFlow/wrong_scope_proof","Output":"--- PASS: TestPasskeyRegisterFinishRejectsMissingOrWrongProofWithoutConsumingFlow/wrong_scope_proof (0.00s)\n"}
{"Time":"2026-09-10T08:24:14.5699325-04:00","Action":"pass","Package":"github.com/QuantumNous/new-api/controller","Test":"TestPasskeyRegisterFinishRejectsMissingOrWrongProofWithoutConsumingFlow/wrong_scope_proof","Elapsed":0}
{"Time":"2026-09-10T08:24:14.5699325-04:00","Action":"output","Package":"github.com/QuantumNous/new-api/controller","Test":"TestPasskeyRegisterFinishRejectsMissingOrWrongProofWithoutConsumingFlow","Output":"--- PASS: TestPasskeyRegisterFinishRejectsMissingOrWrongProofWithoutConsumingFlow (0.00s)\n"}
{"Time":"2026-09-10T08:24:14.5699325-04:00","Action":"pass","Package":"github.com/QuantumNous/new-api/controller","Test":"TestPasskeyRegisterFinishRejectsMissingOrWrongProofWithoutConsumingFlow","Elapsed":0}
{"Time":"2026-09-10T08:24:14.5699325-04:00","Action":"run","Package":"github.com/QuantumNous/new-api/controller","Test":"TestAdditionalPasskeyRegistrationRequiresExistingPasskeyProof"}
{"Time":"2026-09-10T08:24:14.5699325-04:00","Action":"output","Package":"github.com/QuantumNous/new-api/controller","Test":"TestAdditionalPasskeyRegistrationRequiresExistingPasskeyProof","Output":"=== RUN   TestAdditionalPasskeyRegistrationRequiresExistingPasskeyProof\n"}
{"Time":"2026-09-10T08:24:14.5725121-04:00","Action":"output","Package":"github.com/QuantumNous/new-api/controller","Test":"TestAdditionalPasskeyRegistrationRequiresExistingPasskeyProof","Output":"\r\n"}
{"Time":"2026-09-10T08:24:14.5725121-04:00","Action":"output","Package":"github.com/QuantumNous/new-api/controller","Test":"TestAdditionalPasskeyRegistrationRequiresExistingPasskeyProof","Output":"2026/09/10 08:24:14 \u001b[31;1mD:/10178/Projects/new-api-upstream-sync/model/twofa.go:45 \u001b[35;1mrecord not found\n"}
{"Time":"2026-09-10T08:24:14.5725121-04:00","Action":"output","Package":"github.com/QuantumNous/new-api/controller","Test":"TestAdditionalPasskeyRegistrationRequiresExistingPasskeyProof","Output":"\u001b[0m\u001b[33m[0.000ms] \u001b[34;1m[rows:0]\u001b[0m SELECT * FROM `two_fas` WHERE user_id = 1 AND `two_fas`.`deleted_at` IS NULL ORDER BY `two_fas`.`id` LIMIT 1\n"}
{"Time":"2026-09-10T08:24:14.5725121-04:00","Action":"output","Package":"github.com/QuantumNous/new-api/controller","Test":"TestAdditionalPasskeyRegistrationRequiresExistingPasskeyProof","Output":"--- PASS: TestAdditionalPasskeyRegistrationRequiresExistingPasskeyProof (0.00s)\n"}
{"Time":"2026-09-10T08:24:14.5725121-04:00","Action":"pass","Package":"github.com/QuantumNous/new-api/controller","Test":"TestAdditionalPasskeyRegistrationRequiresExistingPasskeyProof","Elapsed":0}
{"Time":"2026-09-10T08:24:14.5725121-04:00","Action":"run","Package":"github.com/QuantumNous/new-api/controller","Test":"TestStripeWebhookEnabledRequiresTopUpAndWebhookConfig"}
{"Time":"2026-09-10T08:24:14.5725121-04:00","Action":"output","Package":"github.com/QuantumNous/new-api/controller","Test":"TestStripeWebhookEnabledRequiresTopUpAndWebhookConfig","Output":"=== RUN   TestStripeWebhookEnabledRequiresTopUpAndWebhookConfig\n"}
{"Time":"2026-09-10T08:24:14.5725121-04:00","Action":"output","Package":"github.com/QuantumNous/new-api/controller","Test":"TestStripeWebhookEnabledRequiresTopUpAndWebhookConfig","Output":"--- PASS: TestStripeWebhookEnabledRequiresTopUpAndWebhookConfig (0.00s)\n"}
{"Time":"2026-09-10T08:24:14.5725121-04:00","Action":"pass","Package":"github.com/QuantumNous/new-api/controller","Test":"TestStripeWebhookEnabledRequiresTopUpAndWebhookConfig","Elapsed":0}
{"Time":"2026-09-10T08:24:14.5725121-04:00","Action":"run","Package":"github.com/QuantumNous/new-api/controller","Test":"TestCreemWebhookEnabledRequiresTopUpAndWebhookConfig"}
{"Time":"2026-09-10T08:24:14.5725121-04:00","Action":"output","Package":"github.com/QuantumNous/new-api/controller","Test":"TestCreemWebhookEnabledRequiresTopUpAndWebhookConfig","Output":"=== RUN   TestCreemWebhookEnabledRequiresTopUpAndWebhookConfig\n"}
{"Time":"2026-09-10T08:24:14.5725121-04:00","Action":"output","Package":"github.com/QuantumNous/new-api/controller","Test":"TestCreemWebhookEnabledRequiresTopUpAndWebhookConfig","Output":"--- PASS: TestCreemWebhookEnabledRequiresTopUpAndWebhookConfig (0.00s)\n"}
{"Time":"2026-09-10T08:24:14.5725121-04:00","Action":"pass","Package":"github.com/QuantumNous/new-api/controller","Test":"TestCreemWebhookEnabledRequiresTopUpAndWebhookConfig","Elapsed":0}
{"Time":"2026-09-10T08:24:14.5725121-04:00","Action":"run","Package":"github.com/QuantumNous/new-api/controller","Test":"TestWaffoWebhookEnabledRequiresTopUpAndWebhookConfig"}
{"Time":"2026-09-10T08:24:14.5725121-04:00","Action":"output","Package":"github.com/QuantumNous/new-api/controller","Test":"TestWaffoWebhookEnabledRequiresTopUpAndWebhookConfig","Output":"=== RUN   TestWaffoWebhookEnabledRequiresTopUpAndWebhookConfig\n"}
{"Time":"2026-09-10T08:24:14.5725121-04:00","Action":"output","Package":"github.com/QuantumNous/new-api/controller","Test":"TestWaffoWebhookEnabledRequiresTopUpAndWebhookConfig","Output":"--- PASS: TestWaffoWebhookEnabledRequiresTopUpAndWebhookConfig (0.00s)\n"}
{"Time":"2026-09-10T08:24:14.5725121-04:00","Action":"pass","Package":"github.com/QuantumNous/new-api/controller","Test":"TestWaffoWebhookEnabledRequiresTopUpAndWebhookConfig","Elapsed":0}
{"Time":"2026-09-10T08:24:14.5725121-04:00","Action":"run","Package":"github.com/QuantumNous/new-api/controller","Test":"TestWaffoPancakeWebhookEnabledRequiresTopUpAndWebhookConfig"}
{"Time":"2026-09-10T08:24:14.5730312-04:00","Action":"output","Package":"github.com/QuantumNous/new-api/controller","Test":"TestWaffoPancakeWebhookEnabledRequiresTopUpAndWebhookConfig","Output":"=== RUN   TestWaffoPancakeWebhookEnabledRequiresTopUpAndWebhookConfig\n"}
{"Time":"2026-09-10T08:24:14.5730312-04:00","Action":"output","Package":"github.com/QuantumNous/new-api/controller","Test":"TestWaffoPancakeWebhookEnabledRequiresTopUpAndWebhookConfig","Output":"--- PASS: TestWaffoPancakeWebhookEnabledRequiresTopUpAndWebhookConfig (0.00s)\n"}
{"Time":"2026-09-10T08:24:14.5730312-04:00","Action":"pass","Package":"github.com/QuantumNous/new-api/controller","Test":"TestWaffoPancakeWebhookEnabledRequiresTopUpAndWebhookConfig","Elapsed":0}
{"Time":"2026-09-10T08:24:14.5730312-04:00","Action":"run","Package":"github.com/QuantumNous/new-api/controller","Test":"TestEpayWebhookEnabledRequiresTopUpAndWebhookConfig"}
{"Time":"2026-09-10T08:24:14.5730312-04:00","Action":"output","Package":"github.com/QuantumNous/new-api/controller","Test":"TestEpayWebhookEnabledRequiresTopUpAndWebhookConfig","Output":"=== RUN   TestEpayWebhookEnabledRequiresTopUpAndWebhookConfig\n"}
{"Time":"2026-09-10T08:24:14.5730312-04:00","Action":"output","Package":"github.com/QuantumNous/new-api/controller","Test":"TestEpayWebhookEnabledRequiresTopUpAndWebhookConfig","Output":"--- PASS: TestEpayWebhookEnabledRequiresTopUpAndWebhookConfig (0.00s)\n"}
{"Time":"2026-09-10T08:24:14.5730312-04:00","Action":"pass","Package":"github.com/QuantumNous/new-api/controller","Test":"TestEpayWebhookEnabledRequiresTopUpAndWebhookConfig","Elapsed":0}
{"Time":"2026-09-10T08:24:14.5730312-04:00","Action":"run","Package":"github.com/QuantumNous/new-api/controller","Test":"TestPlaygroundWithWebSearchHandlesBatchedCallsAcrossRounds"}
{"Time":"2026-09-10T08:24:14.5730312-04:00","Action":"output","Package":"github.com/QuantumNous/new-api/controller","Test":"TestPlaygroundWithWebSearchHandlesBatchedCallsAcrossRounds","Output":"=== RUN   TestPlaygroundWithWebSearchHandlesBatchedCallsAcrossRounds\n"}
{"Time":"2026-09-10T08:24:14.5730312-04:00","Action":"run","Package":"github.com/QuantumNous/new-api/controller","Test":"TestPlaygroundWithWebSearchHandlesBatchedCallsAcrossRounds/non-streaming"}
{"Time":"2026-09-10T08:24:14.5730312-04:00","Action":"output","Package":"github.com/QuantumNous/new-api/controller","Test":"TestPlaygroundWithWebSearchHandlesBatchedCallsAcrossRounds/non-streaming","Output":"=== RUN   TestPlaygroundWithWebSearchHandlesBatchedCallsAcrossRounds/non-streaming\n"}
{"Time":"2026-09-10T08:24:14.5730312-04:00","Action":"output","Package":"github.com/QuantumNous/new-api/controller","Test":"TestPlaygroundWithWebSearchHandlesBatchedCallsAcrossRounds/non-streaming","Output":"--- PASS: TestPlaygroundWithWebSearchHandlesBatchedCallsAcrossRounds/non-streaming (0.00s)\n"}
{"Time":"2026-09-10T08:24:14.5730312-04:00","Action":"pass","Package":"github.com/QuantumNous/new-api/controller","Test":"TestPlaygroundWithWebSearchHandlesBatchedCallsAcrossRounds/non-streaming","Elapsed":0}
{"Time":"2026-09-10T08:24:14.5730312-04:00","Action":"run","Package":"github.com/QuantumNous/new-api/controller","Test":"TestPlaygroundWithWebSearchHandlesBatchedCallsAcrossRounds/streaming"}
{"Time":"2026-09-10T08:24:14.5730312-04:00","Action":"output","Package":"github.com/QuantumNous/new-api/controller","Test":"TestPlaygroundWithWebSearchHandlesBatchedCallsAcrossRounds/streaming","Output":"=== RUN   TestPlaygroundWithWebSearchHandlesBatchedCallsAcrossRounds/streaming\n"}
{"Time":"2026-09-10T08:24:14.5730312-04:00","Action":"output","Package":"github.com/QuantumNous/new-api/controller","Test":"TestPlaygroundWithWebSearchHandlesBatchedCallsAcrossRounds/streaming","Output":"--- PASS: TestPlaygroundWithWebSearchHandlesBatchedCallsAcrossRounds/streaming (0.00s)\n"}
{"Time":"2026-09-10T08:24:14.5730312-04:00","Action":"pass","Package":"github.com/QuantumNous/new-api/controller","Test":"TestPlaygroundWithWebSearchHandlesBatchedCallsAcrossRounds/streaming","Elapsed":0}
{"Time":"2026-09-10T08:24:14.5730312-04:00","Action":"output","Package":"github.com/QuantumNous/new-api/controller","Test":"TestPlaygroundWithWebSearchHandlesBatchedCallsAcrossRounds","Output":"--- PASS: TestPlaygroundWithWebSearchHandlesBatchedCallsAcrossRounds (0.00s)\n"}
{"Time":"2026-09-10T08:24:14.5730312-04:00","Action":"pass","Package":"github.com/QuantumNous/new-api/controller","Test":"TestPlaygroundWithWebSearchHandlesBatchedCallsAcrossRounds","Elapsed":0}
{"Time":"2026-09-10T08:24:14.5730312-04:00","Action":"run","Package":"github.com/QuantumNous/new-api/controller","Test":"TestPlaygroundWithWebSearchValidatesAllCallsBeforeSearching"}
{"Time":"2026-09-10T08:24:14.5730312-04:00","Action":"output","Package":"github.com/QuantumNous/new-api/controller","Test":"TestPlaygroundWithWebSearchValidatesAllCallsBeforeSearching","Output":"=== RUN   TestPlaygroundWithWebSearchValidatesAllCallsBeforeSearching\n"}
{"Time":"2026-09-10T08:24:14.5730312-04:00","Action":"run","Package":"github.com/QuantumNous/new-api/controller","Test":"TestPlaygroundWithWebSearchValidatesAllCallsBeforeSearching/duplicate_ID"}
{"Time":"2026-09-10T08:24:14.5730312-04:00","Action":"output","Package":"github.com/QuantumNous/new-api/controller","Test":"TestPlaygroundWithWebSearchValidatesAllCallsBeforeSearching/duplicate_ID","Output":"=== RUN   TestPlaygroundWithWebSearchValidatesAllCallsBeforeSearching/duplicate_ID\n"}
{"Time":"2026-09-10T08:24:14.5730312-04:00","Action":"output","Package":"github.com/QuantumNous/new-api/controller","Test":"TestPlaygroundWithWebSearchValidatesAllCallsBeforeSearching/duplicate_ID","Output":"--- PASS: TestPlaygroundWithWebSearchValidatesAllCallsBeforeSearching/duplicate_ID (0.00s)\n"}
{"Time":"2026-09-10T08:24:14.5730312-04:00","Action":"pass","Package":"github.com/QuantumNous/new-api/controller","Test":"TestPlaygroundWithWebSearchValidatesAllCallsBeforeSearching/duplicate_ID","Elapsed":0}
{"Time":"2026-09-10T08:24:14.5730312-04:00","Action":"run","Package":"github.com/QuantumNous/new-api/controller","Test":"TestPlaygroundWithWebSearchValidatesAllCallsBeforeSearching/missing_ID"}
{"Time":"2026-09-10T08:24:14.5730312-04:00","Action":"output","Package":"github.com/QuantumNous/new-api/controller","Test":"TestPlaygroundWithWebSearchValidatesAllCallsBeforeSearching/missing_ID","Output":"=== RUN   TestPlaygroundWithWebSearchValidatesAllCallsBeforeSearching/missing_ID\n"}
{"Time":"2026-09-10T08:24:14.5736026-04:00","Action":"output","Package":"github.com/QuantumNous/new-api/controller","Test":"TestPlaygroundWithWebSearchValidatesAllCallsBeforeSearching/missing_ID","Output":"--- PASS: TestPlaygroundWithWebSearchValidatesAllCallsBeforeSearching/missing_ID (0.00s)\n"}
{"Time":"2026-09-10T08:24:14.5736026-04:00","Action":"pass","Package":"github.com/QuantumNous/new-api/controller","Test":"TestPlaygroundWithWebSearchValidatesAllCallsBeforeSearching/missing_ID","Elapsed":0}
{"Time":"2026-09-10T08:24:14.5736026-04:00","Action":"run","Package":"github.com/QuantumNous/new-api/controller","Test":"TestPlaygroundWithWebSearchValidatesAllCallsBeforeSearching/unsupported_tool"}
{"Time":"2026-09-10T08:24:14.5736026-04:00","Action":"output","Package":"github.com/QuantumNous/new-api/controller","Test":"TestPlaygroundWithWebSearchValidatesAllCallsBeforeSearching/unsupported_tool","Output":"=== RUN   TestPlaygroundWithWebSearchValidatesAllCallsBeforeSearching/unsupported_tool\n"}
{"Time":"2026-09-10T08:24:14.5736026-04:00","Action":"output","Package":"github.com/QuantumNous/new-api/controller","Test":"TestPlaygroundWithWebSearchValidatesAllCallsBeforeSearching/unsupported_tool","Output":"--- PASS: TestPlaygroundWithWebSearchValidatesAllCallsBeforeSearching/unsupported_tool (0.00s)\n"}
{"Time":"2026-09-10T08:24:14.5736026-04:00","Action":"pass","Package":"github.com/QuantumNous/new-api/controller","Test":"TestPlaygroundWithWebSearchValidatesAllCallsBeforeSearching/unsupported_tool","Elapsed":0}
{"Time":"2026-09-10T08:24:14.5736026-04:00","Action":"run","Package":"github.com/QuantumNous/new-api/controller","Test":"TestPlaygroundWithWebSearchValidatesAllCallsBeforeSearching/invalid_arguments"}
{"Time":"2026-09-10T08:24:14.5736026-04:00","Action":"output","Package":"github.com/QuantumNous/new-api/controller","Test":"TestPlaygroundWithWebSearchValidatesAllCallsBeforeSearching/invalid_arguments","Output":"=== RUN   TestPlaygroundWithWebSearchValidatesAllCallsBeforeSearching/invalid_arguments\n"}
{"Time":"2026-09-10T08:24:14.5736026-04:00","Action":"output","Package":"github.com/QuantumNous/new-api/controller","Test":"TestPlaygroundWithWebSearchValidatesAllCallsBeforeSearching/invalid_arguments","Output":"--- PASS: TestPlaygroundWithWebSearchValidatesAllCallsBeforeSearching/invalid_arguments (0.00s)\n"}
{"Time":"2026-09-10T08:24:14.5736026-04:00","Action":"pass","Package":"github.com/QuantumNous/new-api/controller","Test":"TestPlaygroundWithWebSearchValidatesAllCallsBeforeSearching/invalid_arguments","Elapsed":0}
{"Time":"2026-09-10T08:24:14.5736026-04:00","Action":"run","Package":"github.com/QuantumNous/new-api/controller","Test":"TestPlaygroundWithWebSearchValidatesAllCallsBeforeSearching/repeated_query"}
{"Time":"2026-09-10T08:24:14.5736026-04:00","Action":"output","Package":"github.com/QuantumNous/new-api/controller","Test":"TestPlaygroundWithWebSearchValidatesAllCallsBeforeSearching/repeated_query","Output":"=== RUN   TestPlaygroundWithWebSearchValidatesAllCallsBeforeSearching/repeated_query\n"}
{"Time":"2026-09-10T08:24:14.5736026-04:00","Action":"output","Package":"github.com/QuantumNous/new-api/controller","Test":"TestPlaygroundWithWebSearchValidatesAllCallsBeforeSearching/repeated_query","Output":"--- PASS: TestPlaygroundWithWebSearchValidatesAllCallsBeforeSearching/repeated_query (0.00s)\n"}
{"Time":"2026-09-10T08:24:14.5736026-04:00","Action":"pass","Package":"github.com/QuantumNous/new-api/controller","Test":"TestPlaygroundWithWebSearchValidatesAllCallsBeforeSearching/repeated_query","Elapsed":0}
{"Time":"2026-09-10T08:24:14.5736026-04:00","Action":"output","Package":"github.com/QuantumNous/new-api/controller","Test":"TestPlaygroundWithWebSearchValidatesAllCallsBeforeSearching","Output":"--- PASS: TestPlaygroundWithWebSearchValidatesAllCallsBeforeSearching (0.00s)\n"}
{"Time":"2026-09-10T08:24:14.5736026-04:00","Action":"pass","Package":"github.com/QuantumNous/new-api/controller","Test":"TestPlaygroundWithWebSearchValidatesAllCallsBeforeSearching","Elapsed":0}
{"Time":"2026-09-10T08:24:14.5736026-04:00","Action":"run","Package":"github.com/QuantumNous/new-api/controller","Test":"TestPlaygroundWithWebSearchStopsBetweenBatchedCallsOnCancellation"}
{"Time":"2026-09-10T08:24:14.5736026-04:00","Action":"output","Package":"github.com/QuantumNous/new-api/controller","Test":"TestPlaygroundWithWebSearchStopsBetweenBatchedCallsOnCancellation","Output":"=== RUN   TestPlaygroundWithWebSearchStopsBetweenBatchedCallsOnCancellation\n"}
{"Time":"2026-09-10T08:24:14.5736026-04:00","Action":"output","Package":"github.com/QuantumNous/new-api/controller","Test":"TestPlaygroundWithWebSearchStopsBetweenBatchedCallsOnCancellation","Output":"--- PASS: TestPlaygroundWithWebSearchStopsBetweenBatchedCallsOnCancellation (0.00s)\n"}
{"Time":"2026-09-10T08:24:14.5736026-04:00","Action":"pass","Package":"github.com/QuantumNous/new-api/controller","Test":"TestPlaygroundWithWebSearchStopsBetweenBatchedCallsOnCancellation","Elapsed":0}
{"Time":"2026-09-10T08:24:14.5736026-04:00","Action":"run","Package":"github.com/QuantumNous/new-api/controller","Test":"TestPlaygroundWithWebSearchStopsBatchAfterSearchFailure"}
{"Time":"2026-09-10T08:24:14.5736026-04:00","Action":"output","Package":"github.com/QuantumNous/new-api/controller","Test":"TestPlaygroundWithWebSearchStopsBatchAfterSearchFailure","Output":"=== RUN   TestPlaygroundWithWebSearchStopsBatchAfterSearchFailure\n"}
{"Time":"2026-09-10T08:24:14.5736026-04:00","Action":"output","Package":"github.com/QuantumNous/new-api/controller","Test":"TestPlaygroundWithWebSearchStopsBatchAfterSearchFailure","Output":"--- PASS: TestPlaygroundWithWebSearchStopsBatchAfterSearchFailure (0.00s)\n"}
{"Time":"2026-09-10T08:24:14.5736026-04:00","Action":"pass","Package":"github.com/QuantumNous/new-api/controller","Test":"TestPlaygroundWithWebSearchStopsBatchAfterSearchFailure","Elapsed":0}
{"Time":"2026-09-10T08:24:14.5736026-04:00","Action":"run","Package":"github.com/QuantumNous/new-api/controller","Test":"TestIsPlaygroundWebSearchEnabled"}
{"Time":"2026-09-10T08:24:14.5736026-04:00","Action":"output","Package":"github.com/QuantumNous/new-api/controller","Test":"TestIsPlaygroundWebSearchEnabled","Output":"=== RUN   TestIsPlaygroundWebSearchEnabled\n"}
{"Time":"2026-09-10T08:24:14.5736026-04:00","Action":"output","Package":"github.com/QuantumNous/new-api/controller","Test":"TestIsPlaygroundWebSearchEnabled","Output":"--- PASS: TestIsPlaygroundWebSearchEnabled (0.00s)\n"}
{"Time":"2026-09-10T08:24:14.5736026-04:00","Action":"pass","Package":"github.com/QuantumNous/new-api/controller","Test":"TestIsPlaygroundWebSearchEnabled","Elapsed":0}
{"Time":"2026-09-10T08:24:14.5736026-04:00","Action":"run","Package":"github.com/QuantumNous/new-api/controller","Test":"TestBuildPlaygroundWebSearchContextProtectsAndBoundsBingResults"}
{"Time":"2026-09-10T08:24:14.5736026-04:00","Action":"output","Package":"github.com/QuantumNous/new-api/controller","Test":"TestBuildPlaygroundWebSearchContextProtectsAndBoundsBingResults","Output":"=== RUN   TestBuildPlaygroundWebSearchContextProtectsAndBoundsBingResults\n"}
{"Time":"2026-09-10T08:24:14.5741319-04:00","Action":"output","Package":"github.com/QuantumNous/new-api/controller","Test":"TestBuildPlaygroundWebSearchContextProtectsAndBoundsBingResults","Output":"--- PASS: TestBuildPlaygroundWebSearchContextProtectsAndBoundsBingResults (0.00s)\n"}
{"Time":"2026-09-10T08:24:14.5741319-04:00","Action":"pass","Package":"github.com/QuantumNous/new-api/controller","Test":"TestBuildPlaygroundWebSearchContextProtectsAndBoundsBingResults","Elapsed":0}
{"Time":"2026-09-10T08:24:14.5741319-04:00","Action":"run","Package":"github.com/QuantumNous/new-api/controller","Test":"TestWritePlaygroundWebSearchResponseIncludesSourcesForNonStream"}
{"Time":"2026-09-10T08:24:14.5741319-04:00","Action":"output","Package":"github.com/QuantumNous/new-api/controller","Test":"TestWritePlaygroundWebSearchResponseIncludesSourcesForNonStream","Output":"=== RUN   TestWritePlaygroundWebSearchResponseIncludesSourcesForNonStream\n"}
{"Time":"2026-09-10T08:24:14.5741319-04:00","Action":"output","Package":"github.com/QuantumNous/new-api/controller","Test":"TestWritePlaygroundWebSearchResponseIncludesSourcesForNonStream","Output":"--- PASS: TestWritePlaygroundWebSearchResponseIncludesSourcesForNonStream (0.00s)\n"}
{"Time":"2026-09-10T08:24:14.5741319-04:00","Action":"pass","Package":"github.com/QuantumNous/new-api/controller","Test":"TestWritePlaygroundWebSearchResponseIncludesSourcesForNonStream","Elapsed":0}
{"Time":"2026-09-10T08:24:14.5741319-04:00","Action":"run","Package":"github.com/QuantumNous/new-api/controller","Test":"TestWritePlaygroundWebSearchResponseIncludesSourcesForStream"}
{"Time":"2026-09-10T08:24:14.5741319-04:00","Action":"output","Package":"github.com/QuantumNous/new-api/controller","Test":"TestWritePlaygroundWebSearchResponseIncludesSourcesForStream","Output":"=== RUN   TestWritePlaygroundWebSearchResponseIncludesSourcesForStream\n"}
{"Time":"2026-09-10T08:24:14.5741319-04:00","Action":"output","Package":"github.com/QuantumNous/new-api/controller","Test":"TestWritePlaygroundWebSearchResponseIncludesSourcesForStream","Output":"--- PASS: TestWritePlaygroundWebSearchResponseIncludesSourcesForStream (0.00s)\n"}
{"Time":"2026-09-10T08:24:14.5741319-04:00","Action":"pass","Package":"github.com/QuantumNous/new-api/controller","Test":"TestWritePlaygroundWebSearchResponseIncludesSourcesForStream","Elapsed":0}
{"Time":"2026-09-10T08:24:14.5741319-04:00","Action":"run","Package":"github.com/QuantumNous/new-api/controller","Test":"TestPlaygroundWebSearchFlushesBeforeWaitingForTheModel"}
{"Time":"2026-09-10T08:24:14.5741319-04:00","Action":"output","Package":"github.com/QuantumNous/new-api/controller","Test":"TestPlaygroundWebSearchFlushesBeforeWaitingForTheModel","Output":"=== RUN   TestPlaygroundWebSearchFlushesBeforeWaitingForTheModel\n"}
{"Time":"2026-09-10T08:24:14.5741319-04:00","Action":"output","Package":"github.com/QuantumNous/new-api/controller","Test":"TestPlaygroundWebSearchFlushesBeforeWaitingForTheModel","Output":"--- PASS: TestPlaygroundWebSearchFlushesBeforeWaitingForTheModel (0.00s)\n"}
{"Time":"2026-09-10T08:24:14.5741319-04:00","Action":"pass","Package":"github.com/QuantumNous/new-api/controller","Test":"TestPlaygroundWebSearchFlushesBeforeWaitingForTheModel","Elapsed":0}
{"Time":"2026-09-10T08:24:14.5741319-04:00","Action":"run","Package":"github.com/QuantumNous/new-api/controller","Test":"TestPlaygroundWebSearchErrorsRemainSSEAfterTheFirstFlush"}
{"Time":"2026-09-10T08:24:14.5741319-04:00","Action":"output","Package":"github.com/QuantumNous/new-api/controller","Test":"TestPlaygroundWebSearchErrorsRemainSSEAfterTheFirstFlush","Output":"=== RUN   TestPlaygroundWebSearchErrorsRemainSSEAfterTheFirstFlush\n"}
{"Time":"2026-09-10T08:24:14.5746621-04:00","Action":"output","Package":"github.com/QuantumNous/new-api/controller","Test":"TestPlaygroundWebSearchErrorsRemainSSEAfterTheFirstFlush","Output":"--- PASS: TestPlaygroundWebSearchErrorsRemainSSEAfterTheFirstFlush (0.00s)\n"}
{"Time":"2026-09-10T08:24:14.5746621-04:00","Action":"pass","Package":"github.com/QuantumNous/new-api/controller","Test":"TestPlaygroundWebSearchErrorsRemainSSEAfterTheFirstFlush","Elapsed":0}
{"Time":"2026-09-10T08:24:14.5746621-04:00","Action":"run","Package":"github.com/QuantumNous/new-api/controller","Test":"TestPlaygroundWithWebSearchLetsModelChooseQueryAndReturnsSources"}
{"Time":"2026-09-10T08:24:14.5746621-04:00","Action":"output","Package":"github.com/QuantumNous/new-api/controller","Test":"TestPlaygroundWithWebSearchLetsModelChooseQueryAndReturnsSources","Output":"=== RUN   TestPlaygroundWithWebSearchLetsModelChooseQueryAndReturnsSources\n"}
{"Time":"2026-09-10T08:24:14.5746621-04:00","Action":"output","Package":"github.com/QuantumNous/new-api/controller","Test":"TestPlaygroundWithWebSearchLetsModelChooseQueryAndReturnsSources","Output":"--- PASS: TestPlaygroundWithWebSearchLetsModelChooseQueryAndReturnsSources (0.00s)\n"}
{"Time":"2026-09-10T08:24:14.5746621-04:00","Action":"pass","Package":"github.com/QuantumNous/new-api/controller","Test":"TestPlaygroundWithWebSearchLetsModelChooseQueryAndReturnsSources","Elapsed":0}
{"Time":"2026-09-10T08:24:14.5746621-04:00","Action":"run","Package":"github.com/QuantumNous/new-api/controller","Test":"TestPlaygroundWithWebSearchDoesNotSearchWhenModelDoesNotCallTool"}
{"Time":"2026-09-10T08:24:14.5746621-04:00","Action":"output","Package":"github.com/QuantumNous/new-api/controller","Test":"TestPlaygroundWithWebSearchDoesNotSearchWhenModelDoesNotCallTool","Output":"=== RUN   TestPlaygroundWithWebSearchDoesNotSearchWhenModelDoesNotCallTool\n"}
{"Time":"2026-09-10T08:24:14.5746621-04:00","Action":"output","Package":"github.com/QuantumNous/new-api/controller","Test":"TestPlaygroundWithWebSearchDoesNotSearchWhenModelDoesNotCallTool","Output":"--- PASS: TestPlaygroundWithWebSearchDoesNotSearchWhenModelDoesNotCallTool (0.00s)\n"}
{"Time":"2026-09-10T08:24:14.5746621-04:00","Action":"pass","Package":"github.com/QuantumNous/new-api/controller","Test":"TestPlaygroundWithWebSearchDoesNotSearchWhenModelDoesNotCallTool","Elapsed":0}
{"Time":"2026-09-10T08:24:14.5746621-04:00","Action":"run","Package":"github.com/QuantumNous/new-api/controller","Test":"TestPlaygroundWithWebSearchRejectsUnsupportedTool"}
{"Time":"2026-09-10T08:24:14.5746621-04:00","Action":"output","Package":"github.com/QuantumNous/new-api/controller","Test":"TestPlaygroundWithWebSearchRejectsUnsupportedTool","Output":"=== RUN   TestPlaygroundWithWebSearchRejectsUnsupportedTool\n"}
{"Time":"2026-09-10T08:24:14.5746621-04:00","Action":"output","Package":"github.com/QuantumNous/new-api/controller","Test":"TestPlaygroundWithWebSearchRejectsUnsupportedTool","Output":"--- PASS: TestPlaygroundWithWebSearchRejectsUnsupportedTool (0.00s)\n"}
{"Time":"2026-09-10T08:24:14.5746621-04:00","Action":"pass","Package":"github.com/QuantumNous/new-api/controller","Test":"TestPlaygroundWithWebSearchRejectsUnsupportedTool","Elapsed":0}
{"Time":"2026-09-10T08:24:14.5746621-04:00","Action":"run","Package":"github.com/QuantumNous/new-api/controller","Test":"TestPlaygroundWithWebSearchRejectsRepeatedQuery"}
{"Time":"2026-09-10T08:24:14.5746621-04:00","Action":"output","Package":"github.com/QuantumNous/new-api/controller","Test":"TestPlaygroundWithWebSearchRejectsRepeatedQuery","Output":"=== RUN   TestPlaygroundWithWebSearchRejectsRepeatedQuery\n"}
{"Time":"2026-09-10T08:24:14.5746621-04:00","Action":"output","Package":"github.com/QuantumNous/new-api/controller","Test":"TestPlaygroundWithWebSearchRejectsRepeatedQuery","Output":"--- PASS: TestPlaygroundWithWebSearchRejectsRepeatedQuery (0.00s)\n"}
{"Time":"2026-09-10T08:24:14.5746621-04:00","Action":"pass","Package":"github.com/QuantumNous/new-api/controller","Test":"TestPlaygroundWithWebSearchRejectsRepeatedQuery","Elapsed":0}
{"Time":"2026-09-10T08:24:14.5746621-04:00","Action":"run","Package":"github.com/QuantumNous/new-api/controller","Test":"TestPlaygroundWithWebSearchStopsWhenRequestIsCanceled"}
{"Time":"2026-09-10T08:24:14.5746621-04:00","Action":"output","Package":"github.com/QuantumNous/new-api/controller","Test":"TestPlaygroundWithWebSearchStopsWhenRequestIsCanceled","Output":"=== RUN   TestPlaygroundWithWebSearchStopsWhenRequestIsCanceled\n"}
{"Time":"2026-09-10T08:24:14.5746621-04:00","Action":"output","Package":"github.com/QuantumNous/new-api/controller","Test":"TestPlaygroundWithWebSearchStopsWhenRequestIsCanceled","Output":"--- PASS: TestPlaygroundWithWebSearchStopsWhenRequestIsCanceled (0.00s)\n"}
{"Time":"2026-09-10T08:24:14.5746621-04:00","Action":"pass","Package":"github.com/QuantumNous/new-api/controller","Test":"TestPlaygroundWithWebSearchStopsWhenRequestIsCanceled","Elapsed":0}
{"Time":"2026-09-10T08:24:14.5746621-04:00","Action":"run","Package":"github.com/QuantumNous/new-api/controller","Test":"TestPricingPatchHandlerSuccessConflictAndBadInput"}
{"Time":"2026-09-10T08:24:14.5746621-04:00","Action":"output","Package":"github.com/QuantumNous/new-api/controller","Test":"TestPricingPatchHandlerSuccessConflictAndBadInput","Output":"=== RUN   TestPricingPatchHandlerSuccessConflictAndBadInput\n"}
{"Time":"2026-09-10T08:24:14.576233-04:00","Action":"output","Package":"github.com/QuantumNous/new-api/controller","Test":"TestPricingPatchHandlerSuccessConflictAndBadInput","Output":"\r\n"}
{"Time":"2026-09-10T08:24:14.576233-04:00","Action":"output","Package":"github.com/QuantumNous/new-api/controller","Test":"TestPricingPatchHandlerSuccessConflictAndBadInput","Output":"2026/09/10 08:24:14 \u001b[31;1mD:/10178/Projects/new-api-upstream-sync/model/user.go:1444 \u001b[35;1mSQL logic error: no such table: users (1)\n"}
{"Time":"2026-09-10T08:24:14.576233-04:00","Action":"output","Package":"github.com/QuantumNous/new-api/controller","Test":"TestPricingPatchHandlerSuccessConflictAndBadInput","Output":"\u001b[0m\u001b[33m[0.000ms] \u001b[34;1m[rows:0]\u001b[0m SELECT `username` FROM `users` WHERE id = 1 AND `users`.`deleted_at` IS NULL\n"}
{"Time":"2026-09-10T08:24:14.5767452-04:00","Action":"output","Package":"github.com/QuantumNous/new-api/controller","Test":"TestPricingPatchHandlerSuccessConflictAndBadInput","Output":"--- PASS: TestPricingPatchHandlerSuccessConflictAndBadInput (0.00s)\n"}
{"Time":"2026-09-10T08:24:14.5767452-04:00","Action":"pass","Package":"github.com/QuantumNous/new-api/controller","Test":"TestPricingPatchHandlerSuccessConflictAndBadInput","Elapsed":0}
{"Time":"2026-09-10T08:24:14.5767452-04:00","Action":"run","Package":"github.com/QuantumNous/new-api/controller","Test":"TestResetModelRatioUsesPricingPatchPath"}
{"Time":"2026-09-10T08:24:14.5767452-04:00","Action":"output","Package":"github.com/QuantumNous/new-api/controller","Test":"TestResetModelRatioUsesPricingPatchPath","Output":"=== RUN   TestResetModelRatioUsesPricingPatchPath\n"}
{"Time":"2026-09-10T08:24:14.5788473-04:00","Action":"output","Package":"github.com/QuantumNous/new-api/controller","Test":"TestResetModelRatioUsesPricingPatchPath","Output":"--- PASS: TestResetModelRatioUsesPricingPatchPath (0.00s)\n"}
{"Time":"2026-09-10T08:24:14.5788473-04:00","Action":"pass","Package":"github.com/QuantumNous/new-api/controller","Test":"TestResetModelRatioUsesPricingPatchPath","Elapsed":0}
{"Time":"2026-09-10T08:24:14.5788473-04:00","Action":"run","Package":"github.com/QuantumNous/new-api/controller","Test":"TestGenericOptionHandlerRejectsPricingBeforeRuntimeValidation"}
{"Time":"2026-09-10T08:24:14.5788473-04:00","Action":"output","Package":"github.com/QuantumNous/new-api/controller","Test":"TestGenericOptionHandlerRejectsPricingBeforeRuntimeValidation","Output":"=== RUN   TestGenericOptionHandlerRejectsPricingBeforeRuntimeValidation\n"}
{"Time":"2026-09-10T08:24:14.5798914-04:00","Action":"output","Package":"github.com/QuantumNous/new-api/controller","Test":"TestGenericOptionHandlerRejectsPricingBeforeRuntimeValidation","Output":"--- PASS: TestGenericOptionHandlerRejectsPricingBeforeRuntimeValidation (0.00s)\n"}
{"Time":"2026-09-10T08:24:14.5798914-04:00","Action":"pass","Package":"github.com/QuantumNous/new-api/controller","Test":"TestGenericOptionHandlerRejectsPricingBeforeRuntimeValidation","Elapsed":0}
{"Time":"2026-09-10T08:24:14.5798914-04:00","Action":"run","Package":"github.com/QuantumNous/new-api/controller","Test":"TestWriteRedemptionsCSVIncludesBOMAndManagementFields"}
{"Time":"2026-09-10T08:24:14.5798914-04:00","Action":"output","Package":"github.com/QuantumNous/new-api/controller","Test":"TestWriteRedemptionsCSVIncludesBOMAndManagementFields","Output":"=== RUN   TestWriteRedemptionsCSVIncludesBOMAndManagementFields\n"}
{"Time":"2026-09-10T08:24:14.5798914-04:00","Action":"output","Package":"github.com/QuantumNous/new-api/controller","Test":"TestWriteRedemptionsCSVIncludesBOMAndManagementFields","Output":"--- PASS: TestWriteRedemptionsCSVIncludesBOMAndManagementFields (0.00s)\n"}
{"Time":"2026-09-10T08:24:14.5798914-04:00","Action":"pass","Package":"github.com/QuantumNous/new-api/controller","Test":"TestWriteRedemptionsCSVIncludesBOMAndManagementFields","Elapsed":0}
{"Time":"2026-09-10T08:24:14.5798914-04:00","Action":"run","Package":"github.com/QuantumNous/new-api/controller","Test":"TestValidateRedemptionStatusUpdateRejectsUsedAndUnknownStatuses"}
{"Time":"2026-09-10T08:24:14.5798914-04:00","Action":"output","Package":"github.com/QuantumNous/new-api/controller","Test":"TestValidateRedemptionStatusUpdateRejectsUsedAndUnknownStatuses","Output":"=== RUN   TestValidateRedemptionStatusUpdateRejectsUsedAndUnknownStatuses\n"}
{"Time":"2026-09-10T08:24:14.5798914-04:00","Action":"output","Package":"github.com/QuantumNous/new-api/controller","Test":"TestValidateRedemptionStatusUpdateRejectsUsedAndUnknownStatuses","Output":"--- PASS: TestValidateRedemptionStatusUpdateRejectsUsedAndUnknownStatuses (0.00s)\n"}
{"Time":"2026-09-10T08:24:14.5798914-04:00","Action":"pass","Package":"github.com/QuantumNous/new-api/controller","Test":"TestValidateRedemptionStatusUpdateRejectsUsedAndUnknownStatuses","Elapsed":0}
{"Time":"2026-09-10T08:24:14.5798914-04:00","Action":"run","Package":"github.com/QuantumNous/new-api/controller","Test":"TestRegisterDefersAccountCreationUntilRegistrationCodeCompletion"}
{"Time":"2026-09-10T08:24:14.5798914-04:00","Action":"output","Package":"github.com/QuantumNous/new-api/controller","Test":"TestRegisterDefersAccountCreationUntilRegistrationCodeCompletion","Output":"=== RUN   TestRegisterDefersAccountCreationUntilRegistrationCodeCompletion\n"}
{"Time":"2026-09-10T08:24:14.5816342-04:00","Action":"output","Package":"github.com/QuantumNous/new-api/controller","Test":"TestRegisterDefersAccountCreationUntilRegistrationCodeCompletion","Output":"\r\n"}
{"Time":"2026-09-10T08:24:14.5821627-04:00","Action":"output","Package":"github.com/QuantumNous/new-api/controller","Test":"TestRegisterDefersAccountCreationUntilRegistrationCodeCompletion","Output":"2026/09/10 08:24:14 \u001b[31;1mD:/10178/Projects/new-api-upstream-sync/model/user.go:264 \u001b[35;1mrecord not found\n"}
{"Time":"2026-09-10T08:24:14.5821627-04:00","Action":"output","Package":"github.com/QuantumNous/new-api/controller","Test":"TestRegisterDefersAccountCreationUntilRegistrationCodeCompletion","Output":"\u001b[0m\u001b[33m[0.000ms] \u001b[34;1m[rows:0]\u001b[0m SELECT * FROM `users` WHERE username = \"with-code\" ORDER BY `users`.`id` LIMIT 1\n"}
{"Time":"2026-09-10T08:24:14.6572975-04:00","Action":"output","Package":"github.com/QuantumNous/new-api/controller","Test":"TestRegisterDefersAccountCreationUntilRegistrationCodeCompletion","Output":"--- PASS: TestRegisterDefersAccountCreationUntilRegistrationCodeCompletion (0.08s)\n"}
{"Time":"2026-09-10T08:24:14.6572975-04:00","Action":"pass","Package":"github.com/QuantumNous/new-api/controller","Test":"TestRegisterDefersAccountCreationUntilRegistrationCodeCompletion","Elapsed":0.08}
{"Time":"2026-09-10T08:24:14.6572975-04:00","Action":"run","Package":"github.com/QuantumNous/new-api/controller","Test":"TestCompleteRegistrationConsumesCodeAndFlowAtomically"}
{"Time":"2026-09-10T08:24:14.6572975-04:00","Action":"output","Package":"github.com/QuantumNous/new-api/controller","Test":"TestCompleteRegistrationConsumesCodeAndFlowAtomically","Output":"=== RUN   TestCompleteRegistrationConsumesCodeAndFlowAtomically\n"}
{"Time":"2026-09-10T08:24:14.6598989-04:00","Action":"output","Package":"github.com/QuantumNous/new-api/controller","Test":"TestCompleteRegistrationConsumesCodeAndFlowAtomically","Output":"\r\n"}
{"Time":"2026-09-10T08:24:14.6598989-04:00","Action":"output","Package":"github.com/QuantumNous/new-api/controller","Test":"TestCompleteRegistrationConsumesCodeAndFlowAtomically","Output":"2026/09/10 08:24:14 \u001b[31;1mD:/10178/Projects/new-api-upstream-sync/model/user.go:264 \u001b[35;1mrecord not found\n"}
{"Time":"2026-09-10T08:24:14.6598989-04:00","Action":"output","Package":"github.com/QuantumNous/new-api/controller","Test":"TestCompleteRegistrationConsumesCodeAndFlowAtomically","Output":"\u001b[0m\u001b[33m[0.000ms] \u001b[34;1m[rows:0]\u001b[0m SELECT * FROM `users` WHERE username = \"with-code\" ORDER BY `users`.`id` LIMIT 1\n"}
{"Time":"2026-09-10T08:24:14.6980619-04:00","Action":"output","Package":"github.com/QuantumNous/new-api/controller","Test":"TestCompleteRegistrationConsumesCodeAndFlowAtomically","Output":"\r\n"}
{"Time":"2026-09-10T08:24:14.6980619-04:00","Action":"output","Package":"github.com/QuantumNous/new-api/controller","Test":"TestCompleteRegistrationConsumesCodeAndFlowAtomically","Output":"2026/09/10 08:24:14 \u001b[31;1mD:/10178/Projects/new-api-upstream-sync/model/redemption.go:366 \u001b[35;1mrecord not found\n"}
{"Time":"2026-09-10T08:24:14.6980619-04:00","Action":"output","Package":"github.com/QuantumNous/new-api/controller","Test":"TestCompleteRegistrationConsumesCodeAndFlowAtomically","Output":"\u001b[0m\u001b[33m[0.520ms] \u001b[34;1m[rows:0]\u001b[0m SELECT * FROM `redemptions` WHERE `key` = \"invalid\" AND `redemptions`.`deleted_at` IS NULL ORDER BY `redemptions`.`id` LIMIT 1\n"}
{"Time":"2026-09-10T08:24:14.6991123-04:00","Action":"output","Package":"github.com/QuantumNous/new-api/controller","Test":"TestCompleteRegistrationConsumesCodeAndFlowAtomically","Output":"[SYS] 2026/09/10 - 08:24:14 | 为新用户 with-code (角色: 1) 初始化边栏配置 \n"}
{"Time":"2026-09-10T08:24:14.7362643-04:00","Action":"output","Package":"github.com/QuantumNous/new-api/controller","Test":"TestCompleteRegistrationConsumesCodeAndFlowAtomically","Output":"--- PASS: TestCompleteRegistrationConsumesCodeAndFlowAtomically (0.08s)\n"}
{"Time":"2026-09-10T08:24:14.736807-04:00","Action":"pass","Package":"github.com/QuantumNous/new-api/controller","Test":"TestCompleteRegistrationConsumesCodeAndFlowAtomically","Elapsed":0.08}
{"Time":"2026-09-10T08:24:14.736807-04:00","Action":"run","Package":"github.com/QuantumNous/new-api/controller","Test":"TestOAuthRegistrationReturnsChallengeOnlyForNewAccounts"}
{"Time":"2026-09-10T08:24:14.736807-04:00","Action":"output","Package":"github.com/QuantumNous/new-api/controller","Test":"TestOAuthRegistrationReturnsChallengeOnlyForNewAccounts","Output":"=== RUN   TestOAuthRegistrationReturnsChallengeOnlyForNewAccounts\n"}
{"Time":"2026-09-10T08:24:14.7395656-04:00","Action":"output","Package":"github.com/QuantumNous/new-api/controller","Test":"TestOAuthRegistrationReturnsChallengeOnlyForNewAccounts","Output":"\r\n"}
{"Time":"2026-09-10T08:24:14.7395656-04:00","Action":"output","Package":"github.com/QuantumNous/new-api/controller","Test":"TestOAuthRegistrationReturnsChallengeOnlyForNewAccounts","Output":"2026/09/10 08:24:14 \u001b[31;1mD:/10178/Projects/new-api-upstream-sync/model/user.go:361 \u001b[35;1mrecord not found\n"}
{"Time":"2026-09-10T08:24:14.7395656-04:00","Action":"output","Package":"github.com/QuantumNous/new-api/controller","Test":"TestOAuthRegistrationReturnsChallengeOnlyForNewAccounts","Output":"\u001b[0m\u001b[33m[0.000ms] \u001b[34;1m[rows:0]\u001b[0m SELECT * FROM `users` ORDER BY `users`.`id` DESC LIMIT 1\n"}
{"Time":"2026-09-10T08:24:14.7395656-04:00","Action":"output","Package":"github.com/QuantumNous/new-api/controller","Test":"TestOAuthRegistrationReturnsChallengeOnlyForNewAccounts","Output":"\r\n"}
{"Time":"2026-09-10T08:24:14.7395656-04:00","Action":"output","Package":"github.com/QuantumNous/new-api/controller","Test":"TestOAuthRegistrationReturnsChallengeOnlyForNewAccounts","Output":"2026/09/10 08:24:14 \u001b[31;1mD:/10178/Projects/new-api-upstream-sync/model/user.go:264 \u001b[35;1mrecord not found\n"}
{"Time":"2026-09-10T08:24:14.7395656-04:00","Action":"output","Package":"github.com/QuantumNous/new-api/controller","Test":"TestOAuthRegistrationReturnsChallengeOnlyForNewAccounts","Output":"\u001b[0m\u001b[33m[0.000ms] \u001b[34;1m[rows:0]\u001b[0m SELECT * FROM `users` WHERE username = \"new-oauth-user\" ORDER BY `users`.`id` LIMIT 1\n"}
{"Time":"2026-09-10T08:24:14.7395656-04:00","Action":"output","Package":"github.com/QuantumNous/new-api/controller","Test":"TestOAuthRegistrationReturnsChallengeOnlyForNewAccounts","Output":"--- PASS: TestOAuthRegistrationReturnsChallengeOnlyForNewAccounts (0.00s)\n"}
{"Time":"2026-09-10T08:24:14.7400849-04:00","Action":"pass","Package":"github.com/QuantumNous/new-api/controller","Test":"TestOAuthRegistrationReturnsChallengeOnlyForNewAccounts","Elapsed":0}
{"Time":"2026-09-10T08:24:14.7400849-04:00","Action":"run","Package":"github.com/QuantumNous/new-api/controller","Test":"TestRelayReturnsClientErrorsForInvalidAndOversizedCompressedBodies"}
{"Time":"2026-09-10T08:24:14.7400849-04:00","Action":"output","Package":"github.com/QuantumNous/new-api/controller","Test":"TestRelayReturnsClientErrorsForInvalidAndOversizedCompressedBodies","Output":"=== RUN   TestRelayReturnsClientErrorsForInvalidAndOversizedCompressedBodies\n"}
{"Time":"2026-09-10T08:24:14.7400849-04:00","Action":"run","Package":"github.com/QuantumNous/new-api/controller","Test":"TestRelayReturnsClientErrorsForInvalidAndOversizedCompressedBodies/identity/invalid_JSON"}
{"Time":"2026-09-10T08:24:14.7400849-04:00","Action":"output","Package":"github.com/QuantumNous/new-api/controller","Test":"TestRelayReturnsClientErrorsForInvalidAndOversizedCompressedBodies/identity/invalid_JSON","Output":"=== RUN   TestRelayReturnsClientErrorsForInvalidAndOversizedCompressedBodies/identity/invalid_JSON\n"}
{"Time":"2026-09-10T08:24:14.7400849-04:00","Action":"output","Package":"github.com/QuantumNous/new-api/controller","Test":"TestRelayReturnsClientErrorsForInvalidAndOversizedCompressedBodies/identity/invalid_JSON","Output":"[ERR] 2026/09/10 - 08:24:14 | SYSTEM | relay error: unexpected end of JSON input \n"}
{"Time":"2026-09-10T08:24:14.7400849-04:00","Action":"output","Package":"github.com/QuantumNous/new-api/controller","Test":"TestRelayReturnsClientErrorsForInvalidAndOversizedCompressedBodies/identity/invalid_JSON","Output":"--- PASS: TestRelayReturnsClientErrorsForInvalidAndOversizedCompressedBodies/identity/invalid_JSON (0.00s)\n"}
{"Time":"2026-09-10T08:24:14.7400849-04:00","Action":"pass","Package":"github.com/QuantumNous/new-api/controller","Test":"TestRelayReturnsClientErrorsForInvalidAndOversizedCompressedBodies/identity/invalid_JSON","Elapsed":0}
{"Time":"2026-09-10T08:24:14.7400849-04:00","Action":"run","Package":"github.com/QuantumNous/new-api/controller","Test":"TestRelayReturnsClientErrorsForInvalidAndOversizedCompressedBodies/identity/decompressed_size_exceeds_limit"}
{"Time":"2026-09-10T08:24:14.7400849-04:00","Action":"output","Package":"github.com/QuantumNous/new-api/controller","Test":"TestRelayReturnsClientErrorsForInvalidAndOversizedCompressedBodies/identity/decompressed_size_exceeds_limit","Output":"=== RUN   TestRelayReturnsClientErrorsForInvalidAndOversizedCompressedBodies/identity/decompressed_size_exceeds_limit\n"}
{"Time":"2026-09-10T08:24:14.7416537-04:00","Action":"output","Package":"github.com/QuantumNous/new-api/controller","Test":"TestRelayReturnsClientErrorsForInvalidAndOversizedCompressedBodies/identity/decompressed_size_exceeds_limit","Output":"[ERR] 2026/09/10 - 08:24:14 | SYSTEM | relay error: request body exceeds 1 MB: request body too large \n"}
{"Time":"2026-09-10T08:24:14.7416537-04:00","Action":"output","Package":"github.com/QuantumNous/new-api/controller","Test":"TestRelayReturnsClientErrorsForInvalidAndOversizedCompressedBodies/identity/decompressed_size_exceeds_limit","Output":"--- PASS: TestRelayReturnsClientErrorsForInvalidAndOversizedCompressedBodies/identity/decompressed_size_exceeds_limit (0.00s)\n"}
{"Time":"2026-09-10T08:24:14.7416537-04:00","Action":"pass","Package":"github.com/QuantumNous/new-api/controller","Test":"TestRelayReturnsClientErrorsForInvalidAndOversizedCompressedBodies/identity/decompressed_size_exceeds_limit","Elapsed":0}
{"Time":"2026-09-10T08:24:14.7422122-04:00","Action":"run","Package":"github.com/QuantumNous/new-api/controller","Test":"TestRelayReturnsClientErrorsForInvalidAndOversizedCompressedBodies/gzip/invalid_JSON"}
{"Time":"2026-09-10T08:24:14.7422122-04:00","Action":"output","Package":"github.com/QuantumNous/new-api/controller","Test":"TestRelayReturnsClientErrorsForInvalidAndOversizedCompressedBodies/gzip/invalid_JSON","Output":"=== RUN   TestRelayReturnsClientErrorsForInvalidAndOversizedCompressedBodies/gzip/invalid_JSON\n"}
{"Time":"2026-09-10T08:24:14.7422122-04:00","Action":"output","Package":"github.com/QuantumNous/new-api/controller","Test":"TestRelayReturnsClientErrorsForInvalidAndOversizedCompressedBodies/gzip/invalid_JSON","Output":"[ERR] 2026/09/10 - 08:24:14 | SYSTEM | relay error: unexpected end of JSON input \n"}
{"Time":"2026-09-10T08:24:14.7422122-04:00","Action":"output","Package":"github.com/QuantumNous/new-api/controller","Test":"TestRelayReturnsClientErrorsForInvalidAndOversizedCompressedBodies/gzip/invalid_JSON","Output":"--- PASS: TestRelayReturnsClientErrorsForInvalidAndOversizedCompressedBodies/gzip/invalid_JSON (0.00s)\n"}
{"Time":"2026-09-10T08:24:14.7422122-04:00","Action":"pass","Package":"github.com/QuantumNous/new-api/controller","Test":"TestRelayReturnsClientErrorsForInvalidAndOversizedCompressedBodies/gzip/invalid_JSON","Elapsed":0}
{"Time":"2026-09-10T08:24:14.7422122-04:00","Action":"run","Package":"github.com/QuantumNous/new-api/controller","Test":"TestRelayReturnsClientErrorsForInvalidAndOversizedCompressedBodies/gzip/decompressed_size_exceeds_limit"}
{"Time":"2026-09-10T08:24:14.7422122-04:00","Action":"output","Package":"github.com/QuantumNous/new-api/controller","Test":"TestRelayReturnsClientErrorsForInvalidAndOversizedCompressedBodies/gzip/decompressed_size_exceeds_limit","Output":"=== RUN   TestRelayReturnsClientErrorsForInvalidAndOversizedCompressedBodies/gzip/decompressed_size_exceeds_limit\n"}
{"Time":"2026-09-10T08:24:14.7443254-04:00","Action":"output","Package":"github.com/QuantumNous/new-api/controller","Test":"TestRelayReturnsClientErrorsForInvalidAndOversizedCompressedBodies/gzip/decompressed_size_exceeds_limit","Output":"[ERR] 2026/09/10 - 08:24:14 | SYSTEM | relay error: request body exceeds 1 MB: request body too large \n"}
{"Time":"2026-09-10T08:24:14.7443254-04:00","Action":"output","Package":"github.com/QuantumNous/new-api/controller","Test":"TestRelayReturnsClientErrorsForInvalidAndOversizedCompressedBodies/gzip/decompressed_size_exceeds_limit","Output":"--- PASS: TestRelayReturnsClientErrorsForInvalidAndOversizedCompressedBodies/gzip/decompressed_size_exceeds_limit (0.00s)\n"}
{"Time":"2026-09-10T08:24:14.7443254-04:00","Action":"pass","Package":"github.com/QuantumNous/new-api/controller","Test":"TestRelayReturnsClientErrorsForInvalidAndOversizedCompressedBodies/gzip/decompressed_size_exceeds_limit","Elapsed":0}
{"Time":"2026-09-10T08:24:14.7448511-04:00","Action":"run","Package":"github.com/QuantumNous/new-api/controller","Test":"TestRelayReturnsClientErrorsForInvalidAndOversizedCompressedBodies/br/invalid_JSON"}
{"Time":"2026-09-10T08:24:14.7448511-04:00","Action":"output","Package":"github.com/QuantumNous/new-api/controller","Test":"TestRelayReturnsClientErrorsForInvalidAndOversizedCompressedBodies/br/invalid_JSON","Output":"=== RUN   TestRelayReturnsClientErrorsForInvalidAndOversizedCompressedBodies/br/invalid_JSON\n"}
{"Time":"2026-09-10T08:24:14.745375-04:00","Action":"output","Package":"github.com/QuantumNous/new-api/controller","Test":"TestRelayReturnsClientErrorsForInvalidAndOversizedCompressedBodies/br/invalid_JSON","Output":"[ERR] 2026/09/10 - 08:24:14 | SYSTEM | relay error: unexpected end of JSON input \n"}
{"Time":"2026-09-10T08:24:14.745375-04:00","Action":"output","Package":"github.com/QuantumNous/new-api/controller","Test":"TestRelayReturnsClientErrorsForInvalidAndOversizedCompressedBodies/br/invalid_JSON","Output":"--- PASS: TestRelayReturnsClientErrorsForInvalidAndOversizedCompressedBodies/br/invalid_JSON (0.00s)\n"}
{"Time":"2026-09-10T08:24:14.745375-04:00","Action":"pass","Package":"github.com/QuantumNous/new-api/controller","Test":"TestRelayReturnsClientErrorsForInvalidAndOversizedCompressedBodies/br/invalid_JSON","Elapsed":0}
{"Time":"2026-09-10T08:24:14.745375-04:00","Action":"run","Package":"github.com/QuantumNous/new-api/controller","Test":"TestRelayReturnsClientErrorsForInvalidAndOversizedCompressedBodies/br/decompressed_size_exceeds_limit"}
{"Time":"2026-09-10T08:24:14.745375-04:00","Action":"output","Package":"github.com/QuantumNous/new-api/controller","Test":"TestRelayReturnsClientErrorsForInvalidAndOversizedCompressedBodies/br/decompressed_size_exceeds_limit","Output":"=== RUN   TestRelayReturnsClientErrorsForInvalidAndOversizedCompressedBodies/br/decompressed_size_exceeds_limit\n"}
{"Time":"2026-09-10T08:24:14.7505988-04:00","Action":"output","Package":"github.com/QuantumNous/new-api/controller","Test":"TestRelayReturnsClientErrorsForInvalidAndOversizedCompressedBodies/br/decompressed_size_exceeds_limit","Output":"[ERR] 2026/09/10 - 08:24:14 | SYSTEM | relay error: request body exceeds 1 MB: request body too large \n"}
{"Time":"2026-09-10T08:24:14.7505988-04:00","Action":"output","Package":"github.com/QuantumNous/new-api/controller","Test":"TestRelayReturnsClientErrorsForInvalidAndOversizedCompressedBodies/br/decompressed_size_exceeds_limit","Output":"--- PASS: TestRelayReturnsClientErrorsForInvalidAndOversizedCompressedBodies/br/decompressed_size_exceeds_limit (0.01s)\n"}
{"Time":"2026-09-10T08:24:14.7505988-04:00","Action":"pass","Package":"github.com/QuantumNous/new-api/controller","Test":"TestRelayReturnsClientErrorsForInvalidAndOversizedCompressedBodies/br/decompressed_size_exceeds_limit","Elapsed":0.01}
{"Time":"2026-09-10T08:24:14.7511424-04:00","Action":"run","Package":"github.com/QuantumNous/new-api/controller","Test":"TestRelayReturnsClientErrorsForInvalidAndOversizedCompressedBodies/zstd/invalid_JSON"}
{"Time":"2026-09-10T08:24:14.7511424-04:00","Action":"output","Package":"github.com/QuantumNous/new-api/controller","Test":"TestRelayReturnsClientErrorsForInvalidAndOversizedCompressedBodies/zstd/invalid_JSON","Output":"=== RUN   TestRelayReturnsClientErrorsForInvalidAndOversizedCompressedBodies/zstd/invalid_JSON\n"}
{"Time":"2026-09-10T08:24:14.7511424-04:00","Action":"output","Package":"github.com/QuantumNous/new-api/controller","Test":"TestRelayReturnsClientErrorsForInvalidAndOversizedCompressedBodies/zstd/invalid_JSON","Output":"[ERR] 2026/09/10 - 08:24:14 | SYSTEM | relay error: unexpected end of JSON input \n"}
{"Time":"2026-09-10T08:24:14.7511424-04:00","Action":"output","Package":"github.com/QuantumNous/new-api/controller","Test":"TestRelayReturnsClientErrorsForInvalidAndOversizedCompressedBodies/zstd/invalid_JSON","Output":"--- PASS: TestRelayReturnsClientErrorsForInvalidAndOversizedCompressedBodies/zstd/invalid_JSON (0.00s)\n"}
{"Time":"2026-09-10T08:24:14.7511424-04:00","Action":"pass","Package":"github.com/QuantumNous/new-api/controller","Test":"TestRelayReturnsClientErrorsForInvalidAndOversizedCompressedBodies/zstd/invalid_JSON","Elapsed":0}
{"Time":"2026-09-10T08:24:14.7511424-04:00","Action":"run","Package":"github.com/QuantumNous/new-api/controller","Test":"TestRelayReturnsClientErrorsForInvalidAndOversizedCompressedBodies/zstd/decompressed_size_exceeds_limit"}
{"Time":"2026-09-10T08:24:14.7511424-04:00","Action":"output","Package":"github.com/QuantumNous/new-api/controller","Test":"TestRelayReturnsClientErrorsForInvalidAndOversizedCompressedBodies/zstd/decompressed_size_exceeds_limit","Output":"=== RUN   TestRelayReturnsClientErrorsForInvalidAndOversizedCompressedBodies/zstd/decompressed_size_exceeds_limit\n"}
{"Time":"2026-09-10T08:24:14.7532183-04:00","Action":"output","Package":"github.com/QuantumNous/new-api/controller","Test":"TestRelayReturnsClientErrorsForInvalidAndOversizedCompressedBodies/zstd/decompressed_size_exceeds_limit","Output":"[ERR] 2026/09/10 - 08:24:14 | SYSTEM | relay error: request body exceeds 1 MB: request body too large \n"}
{"Time":"2026-09-10T08:24:14.7532183-04:00","Action":"output","Package":"github.com/QuantumNous/new-api/controller","Test":"TestRelayReturnsClientErrorsForInvalidAndOversizedCompressedBodies/zstd/decompressed_size_exceeds_limit","Output":"--- PASS: TestRelayReturnsClientErrorsForInvalidAndOversizedCompressedBodies/zstd/decompressed_size_exceeds_limit (0.00s)\n"}
{"Time":"2026-09-10T08:24:14.7532183-04:00","Action":"pass","Package":"github.com/QuantumNous/new-api/controller","Test":"TestRelayReturnsClientErrorsForInvalidAndOversizedCompressedBodies/zstd/decompressed_size_exceeds_limit","Elapsed":0}
{"Time":"2026-09-10T08:24:14.7532183-04:00","Action":"output","Package":"github.com/QuantumNous/new-api/controller","Test":"TestRelayReturnsClientErrorsForInvalidAndOversizedCompressedBodies","Output":"--- PASS: TestRelayReturnsClientErrorsForInvalidAndOversizedCompressedBodies (0.01s)\n"}
{"Time":"2026-09-10T08:24:14.7532183-04:00","Action":"pass","Package":"github.com/QuantumNous/new-api/controller","Test":"TestRelayReturnsClientErrorsForInvalidAndOversizedCompressedBodies","Elapsed":0.01}
{"Time":"2026-09-10T08:24:14.7532183-04:00","Action":"run","Package":"github.com/QuantumNous/new-api/controller","Test":"TestShouldRetryAfterResponseWritten"}
{"Time":"2026-09-10T08:24:14.7532183-04:00","Action":"output","Package":"github.com/QuantumNous/new-api/controller","Test":"TestShouldRetryAfterResponseWritten","Output":"=== RUN   TestShouldRetryAfterResponseWritten\n"}
{"Time":"2026-09-10T08:24:14.7532183-04:00","Action":"output","Package":"github.com/QuantumNous/new-api/controller","Test":"TestShouldRetryAfterResponseWritten","Output":"--- PASS: TestShouldRetryAfterResponseWritten (0.00s)\n"}
{"Time":"2026-09-10T08:24:14.7532183-04:00","Action":"pass","Package":"github.com/QuantumNous/new-api/controller","Test":"TestShouldRetryAfterResponseWritten","Elapsed":0}
{"Time":"2026-09-10T08:24:14.7532183-04:00","Action":"run","Package":"github.com/QuantumNous/new-api/controller","Test":"TestNewSensitiveWordViolationErrorUsesConfiguredResponse"}
{"Time":"2026-09-10T08:24:14.7532183-04:00","Action":"output","Package":"github.com/QuantumNous/new-api/controller","Test":"TestNewSensitiveWordViolationErrorUsesConfiguredResponse","Output":"=== RUN   TestNewSensitiveWordViolationErrorUsesConfiguredResponse\n"}
{"Time":"2026-09-10T08:24:14.7532183-04:00","Action":"output","Package":"github.com/QuantumNous/new-api/controller","Test":"TestNewSensitiveWordViolationErrorUsesConfiguredResponse","Output":"--- PASS: TestNewSensitiveWordViolationErrorUsesConfiguredResponse (0.00s)\n"}
{"Time":"2026-09-10T08:24:14.7532183-04:00","Action":"pass","Package":"github.com/QuantumNous/new-api/controller","Test":"TestNewSensitiveWordViolationErrorUsesConfiguredResponse","Elapsed":0}
{"Time":"2026-09-10T08:24:14.7532183-04:00","Action":"run","Package":"github.com/QuantumNous/new-api/controller","Test":"TestNewSensitiveWordViolationErrorFallsBackToBadRequest"}
{"Time":"2026-09-10T08:24:14.7532183-04:00","Action":"output","Package":"github.com/QuantumNous/new-api/controller","Test":"TestNewSensitiveWordViolationErrorFallsBackToBadRequest","Output":"=== RUN   TestNewSensitiveWordViolationErrorFallsBackToBadRequest\n"}
{"Time":"2026-09-10T08:24:14.7532183-04:00","Action":"output","Package":"github.com/QuantumNous/new-api/controller","Test":"TestNewSensitiveWordViolationErrorFallsBackToBadRequest","Output":"--- PASS: TestNewSensitiveWordViolationErrorFallsBackToBadRequest (0.00s)\n"}
{"Time":"2026-09-10T08:24:14.7532183-04:00","Action":"pass","Package":"github.com/QuantumNous/new-api/controller","Test":"TestNewSensitiveWordViolationErrorFallsBackToBadRequest","Elapsed":0}
{"Time":"2026-09-10T08:24:14.7532183-04:00","Action":"run","Package":"github.com/QuantumNous/new-api/controller","Test":"TestIsUpstreamInterceptionRelayMode"}
{"Time":"2026-09-10T08:24:14.7532183-04:00","Action":"output","Package":"github.com/QuantumNous/new-api/controller","Test":"TestIsUpstreamInterceptionRelayMode","Output":"=== RUN   TestIsUpstreamInterceptionRelayMode\n"}
{"Time":"2026-09-10T08:24:14.7532183-04:00","Action":"output","Package":"github.com/QuantumNous/new-api/controller","Test":"TestIsUpstreamInterceptionRelayMode","Output":"--- PASS: TestIsUpstreamInterceptionRelayMode (0.00s)\n"}
{"Time":"2026-09-10T08:24:14.7532183-04:00","Action":"pass","Package":"github.com/QuantumNous/new-api/controller","Test":"TestIsUpstreamInterceptionRelayMode","Elapsed":0}
{"Time":"2026-09-10T08:24:14.7532183-04:00","Action":"run","Package":"github.com/QuantumNous/new-api/controller","Test":"TestPaymentReturnPathUsesDefaultDashboardRoutes"}
{"Time":"2026-09-10T08:24:14.7532183-04:00","Action":"output","Package":"github.com/QuantumNous/new-api/controller","Test":"TestPaymentReturnPathUsesDefaultDashboardRoutes","Output":"=== RUN   TestPaymentReturnPathUsesDefaultDashboardRoutes\n"}
{"Time":"2026-09-10T08:24:14.7532183-04:00","Action":"output","Package":"github.com/QuantumNous/new-api/controller","Test":"TestPaymentReturnPathUsesDefaultDashboardRoutes","Output":"--- PASS: TestPaymentReturnPathUsesDefaultDashboardRoutes (0.00s)\n"}
{"Time":"2026-09-10T08:24:14.7532183-04:00","Action":"pass","Package":"github.com/QuantumNous/new-api/controller","Test":"TestPaymentReturnPathUsesDefaultDashboardRoutes","Elapsed":0}
{"Time":"2026-09-10T08:24:14.7532183-04:00","Action":"run","Package":"github.com/QuantumNous/new-api/controller","Test":"TestVerifyTelegramAuthorization"}
{"Time":"2026-09-10T08:24:14.7532183-04:00","Action":"output","Package":"github.com/QuantumNous/new-api/controller","Test":"TestVerifyTelegramAuthorization","Output":"=== RUN   TestVerifyTelegramAuthorization\n"}
{"Time":"2026-09-10T08:24:14.7532183-04:00","Action":"run","Package":"github.com/QuantumNous/new-api/controller","Test":"TestVerifyTelegramAuthorization/valid"}
{"Time":"2026-09-10T08:24:14.7532183-04:00","Action":"output","Package":"github.com/QuantumNous/new-api/controller","Test":"TestVerifyTelegramAuthorization/valid","Output":"=== RUN   TestVerifyTelegramAuthorization/valid\n"}
{"Time":"2026-09-10T08:24:14.7532183-04:00","Action":"output","Package":"github.com/QuantumNous/new-api/controller","Test":"TestVerifyTelegramAuthorization/valid","Output":"--- PASS: TestVerifyTelegramAuthorization/valid (0.00s)\n"}
{"Time":"2026-09-10T08:24:14.7532183-04:00","Action":"pass","Package":"github.com/QuantumNous/new-api/controller","Test":"TestVerifyTelegramAuthorization/valid","Elapsed":0}
{"Time":"2026-09-10T08:24:14.7532183-04:00","Action":"run","Package":"github.com/QuantumNous/new-api/controller","Test":"TestVerifyTelegramAuthorization/small_future_clock_skew"}
{"Time":"2026-09-10T08:24:14.7532183-04:00","Action":"output","Package":"github.com/QuantumNous/new-api/controller","Test":"TestVerifyTelegramAuthorization/small_future_clock_skew","Output":"=== RUN   TestVerifyTelegramAuthorization/small_future_clock_skew\n"}
{"Time":"2026-09-10T08:24:14.7532183-04:00","Action":"output","Package":"github.com/QuantumNous/new-api/controller","Test":"TestVerifyTelegramAuthorization/small_future_clock_skew","Output":"--- PASS: TestVerifyTelegramAuthorization/small_future_clock_skew (0.00s)\n"}
{"Time":"2026-09-10T08:24:14.7532183-04:00","Action":"pass","Package":"github.com/QuantumNous/new-api/controller","Test":"TestVerifyTelegramAuthorization/small_future_clock_skew","Elapsed":0}
{"Time":"2026-09-10T08:24:14.7532183-04:00","Action":"run","Package":"github.com/QuantumNous/new-api/controller","Test":"TestVerifyTelegramAuthorization/expired"}
{"Time":"2026-09-10T08:24:14.7532183-04:00","Action":"output","Package":"github.com/QuantumNous/new-api/controller","Test":"TestVerifyTelegramAuthorization/expired","Output":"=== RUN   TestVerifyTelegramAuthorization/expired\n"}
{"Time":"2026-09-10T08:24:14.7532183-04:00","Action":"output","Package":"github.com/QuantumNous/new-api/controller","Test":"TestVerifyTelegramAuthorization/expired","Output":"--- PASS: TestVerifyTelegramAuthorization/expired (0.00s)\n"}
{"Time":"2026-09-10T08:24:14.753727-04:00","Action":"pass","Package":"github.com/QuantumNous/new-api/controller","Test":"TestVerifyTelegramAuthorization/expired","Elapsed":0}
{"Time":"2026-09-10T08:24:14.753727-04:00","Action":"run","Package":"github.com/QuantumNous/new-api/controller","Test":"TestVerifyTelegramAuthorization/too_far_in_future"}
{"Time":"2026-09-10T08:24:14.753727-04:00","Action":"output","Package":"github.com/QuantumNous/new-api/controller","Test":"TestVerifyTelegramAuthorization/too_far_in_future","Output":"=== RUN   TestVerifyTelegramAuthorization/too_far_in_future\n"}
{"Time":"2026-09-10T08:24:14.753727-04:00","Action":"output","Package":"github.com/QuantumNous/new-api/controller","Test":"TestVerifyTelegramAuthorization/too_far_in_future","Output":"--- PASS: TestVerifyTelegramAuthorization/too_far_in_future (0.00s)\n"}
{"Time":"2026-09-10T08:24:14.753727-04:00","Action":"pass","Package":"github.com/QuantumNous/new-api/controller","Test":"TestVerifyTelegramAuthorization/too_far_in_future","Elapsed":0}
{"Time":"2026-09-10T08:24:14.753727-04:00","Action":"run","Package":"github.com/QuantumNous/new-api/controller","Test":"TestVerifyTelegramAuthorization/invalid_signature"}
{"Time":"2026-09-10T08:24:14.753727-04:00","Action":"output","Package":"github.com/QuantumNous/new-api/controller","Test":"TestVerifyTelegramAuthorization/invalid_signature","Output":"=== RUN   TestVerifyTelegramAuthorization/invalid_signature\n"}
{"Time":"2026-09-10T08:24:14.753727-04:00","Action":"output","Package":"github.com/QuantumNous/new-api/controller","Test":"TestVerifyTelegramAuthorization/invalid_signature","Output":"--- PASS: TestVerifyTelegramAuthorization/invalid_signature (0.00s)\n"}
{"Time":"2026-09-10T08:24:14.753727-04:00","Action":"pass","Package":"github.com/QuantumNous/new-api/controller","Test":"TestVerifyTelegramAuthorization/invalid_signature","Elapsed":0}
{"Time":"2026-09-10T08:24:14.753727-04:00","Action":"run","Package":"github.com/QuantumNous/new-api/controller","Test":"TestVerifyTelegramAuthorization/unsigned_flow_token_query_is_rejected"}
{"Time":"2026-09-10T08:24:14.753727-04:00","Action":"output","Package":"github.com/QuantumNous/new-api/controller","Test":"TestVerifyTelegramAuthorization/unsigned_flow_token_query_is_rejected","Output":"=== RUN   TestVerifyTelegramAuthorization/unsigned_flow_token_query_is_rejected\n"}
{"Time":"2026-09-10T08:24:14.753727-04:00","Action":"output","Package":"github.com/QuantumNous/new-api/controller","Test":"TestVerifyTelegramAuthorization/unsigned_flow_token_query_is_rejected","Output":"--- PASS: TestVerifyTelegramAuthorization/unsigned_flow_token_query_is_rejected (0.00s)\n"}
{"Time":"2026-09-10T08:24:14.753727-04:00","Action":"pass","Package":"github.com/QuantumNous/new-api/controller","Test":"TestVerifyTelegramAuthorization/unsigned_flow_token_query_is_rejected","Elapsed":0}
{"Time":"2026-09-10T08:24:14.753727-04:00","Action":"run","Package":"github.com/QuantumNous/new-api/controller","Test":"TestVerifyTelegramAuthorization/duplicate_parameter"}
{"Time":"2026-09-10T08:24:14.753727-04:00","Action":"output","Package":"github.com/QuantumNous/new-api/controller","Test":"TestVerifyTelegramAuthorization/duplicate_parameter","Output":"=== RUN   TestVerifyTelegramAuthorization/duplicate_parameter\n"}
{"Time":"2026-09-10T08:24:14.753727-04:00","Action":"output","Package":"github.com/QuantumNous/new-api/controller","Test":"TestVerifyTelegramAuthorization/duplicate_parameter","Output":"--- PASS: TestVerifyTelegramAuthorization/duplicate_parameter (0.00s)\n"}
{"Time":"2026-09-10T08:24:14.753727-04:00","Action":"pass","Package":"github.com/QuantumNous/new-api/controller","Test":"TestVerifyTelegramAuthorization/duplicate_parameter","Elapsed":0}
{"Time":"2026-09-10T08:24:14.753727-04:00","Action":"output","Package":"github.com/QuantumNous/new-api/controller","Test":"TestVerifyTelegramAuthorization","Output":"--- PASS: TestVerifyTelegramAuthorization (0.00s)\n"}
{"Time":"2026-09-10T08:24:14.753727-04:00","Action":"pass","Package":"github.com/QuantumNous/new-api/controller","Test":"TestVerifyTelegramAuthorization","Elapsed":0}
{"Time":"2026-09-10T08:24:14.753727-04:00","Action":"run","Package":"github.com/QuantumNous/new-api/controller","Test":"TestTelegramBindFailureResponseContract"}
{"Time":"2026-09-10T08:24:14.753727-04:00","Action":"output","Package":"github.com/QuantumNous/new-api/controller","Test":"TestTelegramBindFailureResponseContract","Output":"=== RUN   TestTelegramBindFailureResponseContract\n"}
{"Time":"2026-09-10T08:24:14.753727-04:00","Action":"run","Package":"github.com/QuantumNous/new-api/controller","Test":"TestTelegramBindFailureResponseContract/disabled"}
{"Time":"2026-09-10T08:24:14.753727-04:00","Action":"output","Package":"github.com/QuantumNous/new-api/controller","Test":"TestTelegramBindFailureResponseContract/disabled","Output":"=== RUN   TestTelegramBindFailureResponseContract/disabled\n"}
{"Time":"2026-09-10T08:24:14.753727-04:00","Action":"output","Package":"github.com/QuantumNous/new-api/controller","Test":"TestTelegramBindFailureResponseContract/disabled","Output":"--- PASS: TestTelegramBindFailureResponseContract/disabled (0.00s)\n"}
{"Time":"2026-09-10T08:24:14.753727-04:00","Action":"pass","Package":"github.com/QuantumNous/new-api/controller","Test":"TestTelegramBindFailureResponseContract/disabled","Elapsed":0}
{"Time":"2026-09-10T08:24:14.753727-04:00","Action":"run","Package":"github.com/QuantumNous/new-api/controller","Test":"TestTelegramBindFailureResponseContract/invalid_request"}
{"Time":"2026-09-10T08:24:14.753727-04:00","Action":"output","Package":"github.com/QuantumNous/new-api/controller","Test":"TestTelegramBindFailureResponseContract/invalid_request","Output":"=== RUN   TestTelegramBindFailureResponseContract/invalid_request\n"}
{"Time":"2026-09-10T08:24:14.753727-04:00","Action":"output","Package":"github.com/QuantumNous/new-api/controller","Test":"TestTelegramBindFailureResponseContract/invalid_request","Output":"--- PASS: TestTelegramBindFailureResponseContract/invalid_request (0.00s)\n"}
{"Time":"2026-09-10T08:24:14.753727-04:00","Action":"pass","Package":"github.com/QuantumNous/new-api/controller","Test":"TestTelegramBindFailureResponseContract/invalid_request","Elapsed":0}
{"Time":"2026-09-10T08:24:14.753727-04:00","Action":"run","Package":"github.com/QuantumNous/new-api/controller","Test":"TestTelegramBindFailureResponseContract/invalid_flow"}
{"Time":"2026-09-10T08:24:14.753727-04:00","Action":"output","Package":"github.com/QuantumNous/new-api/controller","Test":"TestTelegramBindFailureResponseContract/invalid_flow","Output":"=== RUN   TestTelegramBindFailureResponseContract/invalid_flow\n"}
{"Time":"2026-09-10T08:24:14.753727-04:00","Action":"output","Package":"github.com/QuantumNous/new-api/controller","Test":"TestTelegramBindFailureResponseContract/invalid_flow","Output":"--- PASS: TestTelegramBindFailureResponseContract/invalid_flow (0.00s)\n"}
{"Time":"2026-09-10T08:24:14.753727-04:00","Action":"pass","Package":"github.com/QuantumNous/new-api/controller","Test":"TestTelegramBindFailureResponseContract/invalid_flow","Elapsed":0}
{"Time":"2026-09-10T08:24:14.753727-04:00","Action":"run","Package":"github.com/QuantumNous/new-api/controller","Test":"TestTelegramBindFailureResponseContract/invalid_session"}
{"Time":"2026-09-10T08:24:14.753727-04:00","Action":"output","Package":"github.com/QuantumNous/new-api/controller","Test":"TestTelegramBindFailureResponseContract/invalid_session","Output":"=== RUN   TestTelegramBindFailureResponseContract/invalid_session\n"}
{"Time":"2026-09-10T08:24:14.753727-04:00","Action":"output","Package":"github.com/QuantumNous/new-api/controller","Test":"TestTelegramBindFailureResponseContract/invalid_session","Output":"--- PASS: TestTelegramBindFailureResponseContract/invalid_session (0.00s)\n"}
{"Time":"2026-09-10T08:24:14.753727-04:00","Action":"pass","Package":"github.com/QuantumNous/new-api/controller","Test":"TestTelegramBindFailureResponseContract/invalid_session","Elapsed":0}
{"Time":"2026-09-10T08:24:14.753727-04:00","Action":"run","Package":"github.com/QuantumNous/new-api/controller","Test":"TestTelegramBindFailureResponseContract/already_bound"}
{"Time":"2026-09-10T08:24:14.753727-04:00","Action":"output","Package":"github.com/QuantumNous/new-api/controller","Test":"TestTelegramBindFailureResponseContract/already_bound","Output":"=== RUN   TestTelegramBindFailureResponseContract/already_bound\n"}
{"Time":"2026-09-10T08:24:14.753727-04:00","Action":"output","Package":"github.com/QuantumNous/new-api/controller","Test":"TestTelegramBindFailureResponseContract/already_bound","Output":"--- PASS: TestTelegramBindFailureResponseContract/already_bound (0.00s)\n"}
{"Time":"2026-09-10T08:24:14.753727-04:00","Action":"pass","Package":"github.com/QuantumNous/new-api/controller","Test":"TestTelegramBindFailureResponseContract/already_bound","Elapsed":0}
{"Time":"2026-09-10T08:24:14.753727-04:00","Action":"run","Package":"github.com/QuantumNous/new-api/controller","Test":"TestTelegramBindFailureResponseContract/deleted_user"}
{"Time":"2026-09-10T08:24:14.753727-04:00","Action":"output","Package":"github.com/QuantumNous/new-api/controller","Test":"TestTelegramBindFailureResponseContract/deleted_user","Output":"=== RUN   TestTelegramBindFailureResponseContract/deleted_user\n"}
{"Time":"2026-09-10T08:24:14.753727-04:00","Action":"output","Package":"github.com/QuantumNous/new-api/controller","Test":"TestTelegramBindFailureResponseContract/deleted_user","Output":"--- PASS: TestTelegramBindFailureResponseContract/deleted_user (0.00s)\n"}
{"Time":"2026-09-10T08:24:14.753727-04:00","Action":"pass","Package":"github.com/QuantumNous/new-api/controller","Test":"TestTelegramBindFailureResponseContract/deleted_user","Elapsed":0}
{"Time":"2026-09-10T08:24:14.753727-04:00","Action":"run","Package":"github.com/QuantumNous/new-api/controller","Test":"TestTelegramBindFailureResponseContract/disabled_user"}
{"Time":"2026-09-10T08:24:14.753727-04:00","Action":"output","Package":"github.com/QuantumNous/new-api/controller","Test":"TestTelegramBindFailureResponseContract/disabled_user","Output":"=== RUN   TestTelegramBindFailureResponseContract/disabled_user\n"}
{"Time":"2026-09-10T08:24:14.753727-04:00","Action":"output","Package":"github.com/QuantumNous/new-api/controller","Test":"TestTelegramBindFailureResponseContract/disabled_user","Output":"--- PASS: TestTelegramBindFailureResponseContract/disabled_user (0.00s)\n"}
{"Time":"2026-09-10T08:24:14.753727-04:00","Action":"pass","Package":"github.com/QuantumNous/new-api/controller","Test":"TestTelegramBindFailureResponseContract/disabled_user","Elapsed":0}
{"Time":"2026-09-10T08:24:14.753727-04:00","Action":"run","Package":"github.com/QuantumNous/new-api/controller","Test":"TestTelegramBindFailureResponseContract/internal_error"}
{"Time":"2026-09-10T08:24:14.753727-04:00","Action":"output","Package":"github.com/QuantumNous/new-api/controller","Test":"TestTelegramBindFailureResponseContract/internal_error","Output":"=== RUN   TestTelegramBindFailureResponseContract/internal_error\n"}
{"Time":"2026-09-10T08:24:14.753727-04:00","Action":"output","Package":"github.com/QuantumNous/new-api/controller","Test":"TestTelegramBindFailureResponseContract/internal_error","Output":"--- PASS: TestTelegramBindFailureResponseContract/internal_error (0.00s)\n"}
{"Time":"2026-09-10T08:24:14.753727-04:00","Action":"pass","Package":"github.com/QuantumNous/new-api/controller","Test":"TestTelegramBindFailureResponseContract/internal_error","Elapsed":0}
{"Time":"2026-09-10T08:24:14.753727-04:00","Action":"output","Package":"github.com/QuantumNous/new-api/controller","Test":"TestTelegramBindFailureResponseContract","Output":"--- PASS: TestTelegramBindFailureResponseContract (0.00s)\n"}
{"Time":"2026-09-10T08:24:14.753727-04:00","Action":"pass","Package":"github.com/QuantumNous/new-api/controller","Test":"TestTelegramBindFailureResponseContract","Elapsed":0}
{"Time":"2026-09-10T08:24:14.753727-04:00","Action":"run","Package":"github.com/QuantumNous/new-api/controller","Test":"TestTelegramBindCommitsFlowAssertionAndBindingAtomically"}
{"Time":"2026-09-10T08:24:14.753727-04:00","Action":"output","Package":"github.com/QuantumNous/new-api/controller","Test":"TestTelegramBindCommitsFlowAssertionAndBindingAtomically","Output":"=== RUN   TestTelegramBindCommitsFlowAssertionAndBindingAtomically\n"}
{"Time":"2026-09-10T08:24:14.7558249-04:00","Action":"output","Package":"github.com/QuantumNous/new-api/controller","Test":"TestTelegramBindCommitsFlowAssertionAndBindingAtomically","Output":"[SYS] 2026/09/10 - 08:24:14 | TelegramBind authorization failed: telegram authorization is incomplete \n"}
{"Time":"2026-09-10T08:24:14.7563536-04:00","Action":"output","Package":"github.com/QuantumNous/new-api/controller","Test":"TestTelegramBindCommitsFlowAssertionAndBindingAtomically","Output":"\r\n"}
{"Time":"2026-09-10T08:24:14.7563536-04:00","Action":"output","Package":"github.com/QuantumNous/new-api/controller","Test":"TestTelegramBindCommitsFlowAssertionAndBindingAtomically","Output":"2026/09/10 08:24:14 \u001b[31;1mD:/10178/Projects/new-api-upstream-sync/model/auth_flow.go:168 \u001b[35;1mrecord not found\n"}
{"Time":"2026-09-10T08:24:14.7563536-04:00","Action":"output","Package":"github.com/QuantumNous/new-api/controller","Test":"TestTelegramBindCommitsFlowAssertionAndBindingAtomically","Output":"\u001b[0m\u001b[33m[0.000ms] \u001b[34;1m[rows:0]\u001b[0m SELECT * FROM `auth_flows` WHERE token_hash = \"66331a536bf5f260ffd589915111a659f3c87f3fd9809654139c4c566570d405\" AND purpose = \"telegram_bind\" ORDER BY `auth_flows`.`id` LIMIT 1\n"}
{"Time":"2026-09-10T08:24:14.7563536-04:00","Action":"output","Package":"github.com/QuantumNous/new-api/controller","Test":"TestTelegramBindCommitsFlowAssertionAndBindingAtomically","Output":"\r\n"}
{"Time":"2026-09-10T08:24:14.7563536-04:00","Action":"output","Package":"github.com/QuantumNous/new-api/controller","Test":"TestTelegramBindCommitsFlowAssertionAndBindingAtomically","Output":"2026/09/10 08:24:14 \u001b[31;1mD:/10178/Projects/new-api-upstream-sync/model/user_session.go:203 \u001b[35;1mrecord not found\n"}
{"Time":"2026-09-10T08:24:14.7563536-04:00","Action":"output","Package":"github.com/QuantumNous/new-api/controller","Test":"TestTelegramBindCommitsFlowAssertionAndBindingAtomically","Output":"\u001b[0m\u001b[33m[0.000ms] \u001b[34;1m[rows:0]\u001b[0m SELECT * FROM `user_sessions` WHERE sid = \"missing-session\" ORDER BY `user_sessions`.`sid` LIMIT 1\n"}
{"Time":"2026-09-10T08:24:14.7590166-04:00","Action":"output","Package":"github.com/QuantumNous/new-api/controller","Test":"TestTelegramBindCommitsFlowAssertionAndBindingAtomically","Output":"\r\n"}
{"Time":"2026-09-10T08:24:14.7590166-04:00","Action":"output","Package":"github.com/QuantumNous/new-api/controller","Test":"TestTelegramBindCommitsFlowAssertionAndBindingAtomically","Output":"2026/09/10 08:24:14 \u001b[31;1mD:/10178/Projects/new-api-upstream-sync/model/user.go:478 \u001b[35;1mrecord not found\n"}
{"Time":"2026-09-10T08:24:14.7590166-04:00","Action":"output","Package":"github.com/QuantumNous/new-api/controller","Test":"TestTelegramBindCommitsFlowAssertionAndBindingAtomically","Output":"\u001b[0m\u001b[33m[0.000ms] \u001b[34;1m[rows:0]\u001b[0m SELECT `users`.`id`,`users`.`username`,`users`.`display_name`,`users`.`role`,`users`.`status`,`users`.`email`,`users`.`github_id`,`users`.`discord_id`,`users`.`oidc_id`,`users`.`wechat_id`,`users`.`telegram_id`,`users`.`quota`,`users`.`used_quota`,`users`.`request_count`,`users`.`requests_per_minute`,`users`.`group`,`users`.`aff_code`,`users`.`aff_count`,`users`.`aff_quota`,`users`.`aff_history`,`users`.`inviter_id`,`users`.`deleted_at`,`users`.`linux_do_id`,`users`.`setting`,`users`.`remark`,`users`.`stripe_customer`,`users`.`created_at`,`users`.`last_login_at`,`users`.`auth_version`,`users`.`auto_ban_until`,`users`.`auto_ban_rule`,`users`.`auto_ban_record_id`,`users`.`auto_ban_response_status`,`users`.`auto_ban_response_code`,`users`.`auto_ban_response_message` FROM `users` WHERE id = 4 AND `users`.`deleted_at` IS NULL AND `users`.`id` = 4 ORDER BY `users`.`id` LIMIT 1\n"}
{"Time":"2026-09-10T08:24:14.7590166-04:00","Action":"output","Package":"github.com/QuantumNous/new-api/controller","Test":"TestTelegramBindCommitsFlowAssertionAndBindingAtomically","Output":"\r\n"}
{"Time":"2026-09-10T08:24:14.7590166-04:00","Action":"output","Package":"github.com/QuantumNous/new-api/controller","Test":"TestTelegramBindCommitsFlowAssertionAndBindingAtomically","Output":"2026/09/10 08:24:14 \u001b[31;1mD:/10178/Projects/new-api-upstream-sync/controller/telegram.go:121 \u001b[35;1mrecord not found\n"}
{"Time":"2026-09-10T08:24:14.7590166-04:00","Action":"output","Package":"github.com/QuantumNous/new-api/controller","Test":"TestTelegramBindCommitsFlowAssertionAndBindingAtomically","Output":"\u001b[0m\u001b[33m[0.000ms] \u001b[34;1m[rows:0]\u001b[0m SELECT * FROM `users` WHERE `users`.`id` = 4 AND `users`.`deleted_at` IS NULL ORDER BY `users`.`id` LIMIT 1\n"}
{"Time":"2026-09-10T08:24:14.7595369-04:00","Action":"output","Package":"github.com/QuantumNous/new-api/controller","Test":"TestTelegramBindCommitsFlowAssertionAndBindingAtomically","Output":"[SYS] 2026/09/10 - 08:24:14 | TelegramBind failed: forced telegram session query failure \n"}
{"Time":"2026-09-10T08:24:14.7595369-04:00","Action":"output","Package":"github.com/QuantumNous/new-api/controller","Test":"TestTelegramBindCommitsFlowAssertionAndBindingAtomically","Output":"\r\n"}
{"Time":"2026-09-10T08:24:14.7595369-04:00","Action":"output","Package":"github.com/QuantumNous/new-api/controller","Test":"TestTelegramBindCommitsFlowAssertionAndBindingAtomically","Output":"2026/09/10 08:24:14 \u001b[34;1mD:/10178/Projects/new-api-upstream-sync/controller/telegram_test.go:395\n"}
{"Time":"2026-09-10T08:24:14.7595369-04:00","Action":"output","Package":"github.com/QuantumNous/new-api/controller","Test":"TestTelegramBindCommitsFlowAssertionAndBindingAtomically","Output":"\u001b[0m\u001b[35m[warn] \u001b[0mremoving callback `test:telegram-bind-session-query-failure` from D:/10178/Projects/new-api-upstream-sync/controller/telegram_test.go:395\n"}
{"Time":"2026-09-10T08:24:14.7595369-04:00","Action":"output","Package":"github.com/QuantumNous/new-api/controller","Test":"TestTelegramBindCommitsFlowAssertionAndBindingAtomically","Output":"--- PASS: TestTelegramBindCommitsFlowAssertionAndBindingAtomically (0.01s)\n"}
{"Time":"2026-09-10T08:24:14.7595369-04:00","Action":"pass","Package":"github.com/QuantumNous/new-api/controller","Test":"TestTelegramBindCommitsFlowAssertionAndBindingAtomically","Elapsed":0.01}
{"Time":"2026-09-10T08:24:14.7595369-04:00","Action":"run","Package":"github.com/QuantumNous/new-api/controller","Test":"TestUpdateOptionRejectsRetiredFrontendTheme"}
{"Time":"2026-09-10T08:24:14.7595369-04:00","Action":"output","Package":"github.com/QuantumNous/new-api/controller","Test":"TestUpdateOptionRejectsRetiredFrontendTheme","Output":"=== RUN   TestUpdateOptionRejectsRetiredFrontendTheme\n"}
{"Time":"2026-09-10T08:24:14.7595369-04:00","Action":"output","Package":"github.com/QuantumNous/new-api/controller","Test":"TestUpdateOptionRejectsRetiredFrontendTheme","Output":"--- PASS: TestUpdateOptionRejectsRetiredFrontendTheme (0.00s)\n"}
{"Time":"2026-09-10T08:24:14.7595369-04:00","Action":"pass","Package":"github.com/QuantumNous/new-api/controller","Test":"TestUpdateOptionRejectsRetiredFrontendTheme","Elapsed":0}
{"Time":"2026-09-10T08:24:14.7595369-04:00","Action":"run","Package":"github.com/QuantumNous/new-api/controller","Test":"TestGetStatusAdvertisesDefaultDashboard"}
{"Time":"2026-09-10T08:24:14.7595369-04:00","Action":"output","Package":"github.com/QuantumNous/new-api/controller","Test":"TestGetStatusAdvertisesDefaultDashboard","Output":"=== RUN   TestGetStatusAdvertisesDefaultDashboard\n"}
{"Time":"2026-09-10T08:24:14.7600567-04:00","Action":"output","Package":"github.com/QuantumNous/new-api/controller","Test":"TestGetStatusAdvertisesDefaultDashboard","Output":"--- PASS: TestGetStatusAdvertisesDefaultDashboard (0.00s)\n"}
{"Time":"2026-09-10T08:24:14.7600567-04:00","Action":"pass","Package":"github.com/QuantumNous/new-api/controller","Test":"TestGetStatusAdvertisesDefaultDashboard","Elapsed":0}
{"Time":"2026-09-10T08:24:14.7600567-04:00","Action":"run","Package":"github.com/QuantumNous/new-api/controller","Test":"TestUpdateOptionRejectsInvalidDefaultTheme"}
{"Time":"2026-09-10T08:24:14.7600567-04:00","Action":"output","Package":"github.com/QuantumNous/new-api/controller","Test":"TestUpdateOptionRejectsInvalidDefaultTheme","Output":"=== RUN   TestUpdateOptionRejectsInvalidDefaultTheme\n"}
{"Time":"2026-09-10T08:24:14.7600567-04:00","Action":"output","Package":"github.com/QuantumNous/new-api/controller","Test":"TestUpdateOptionRejectsInvalidDefaultTheme","Output":"--- PASS: TestUpdateOptionRejectsInvalidDefaultTheme (0.00s)\n"}
{"Time":"2026-09-10T08:24:14.7600567-04:00","Action":"pass","Package":"github.com/QuantumNous/new-api/controller","Test":"TestUpdateOptionRejectsInvalidDefaultTheme","Elapsed":0}
{"Time":"2026-09-10T08:24:14.7600567-04:00","Action":"run","Package":"github.com/QuantumNous/new-api/controller","Test":"TestTokenAutoMigrateUsesVarchar128KeyColumn"}
{"Time":"2026-09-10T08:24:14.7600567-04:00","Action":"output","Package":"github.com/QuantumNous/new-api/controller","Test":"TestTokenAutoMigrateUsesVarchar128KeyColumn","Output":"=== RUN   TestTokenAutoMigrateUsesVarchar128KeyColumn\n"}
{"Time":"2026-09-10T08:24:14.7605746-04:00","Action":"output","Package":"github.com/QuantumNous/new-api/controller","Test":"TestTokenAutoMigrateUsesVarchar128KeyColumn","Output":"--- PASS: TestTokenAutoMigrateUsesVarchar128KeyColumn (0.00s)\n"}
{"Time":"2026-09-10T08:24:14.7605746-04:00","Action":"pass","Package":"github.com/QuantumNous/new-api/controller","Test":"TestTokenAutoMigrateUsesVarchar128KeyColumn","Elapsed":0}
{"Time":"2026-09-10T08:24:14.7605746-04:00","Action":"run","Package":"github.com/QuantumNous/new-api/controller","Test":"TestTokenMigrationFromChar48ToVarchar128"}
{"Time":"2026-09-10T08:24:14.7605746-04:00","Action":"output","Package":"github.com/QuantumNous/new-api/controller","Test":"TestTokenMigrationFromChar48ToVarchar128","Output":"=== RUN   TestTokenMigrationFromChar48ToVarchar128\n"}
{"Time":"2026-09-10T08:24:14.7626619-04:00","Action":"output","Package":"github.com/QuantumNous/new-api/controller","Test":"TestTokenMigrationFromChar48ToVarchar128","Output":"--- PASS: TestTokenMigrationFromChar48ToVarchar128 (0.00s)\n"}
{"Time":"2026-09-10T08:24:14.7626619-04:00","Action":"pass","Package":"github.com/QuantumNous/new-api/controller","Test":"TestTokenMigrationFromChar48ToVarchar128","Elapsed":0}
{"Time":"2026-09-10T08:24:14.7626619-04:00","Action":"run","Package":"github.com/QuantumNous/new-api/controller","Test":"TestTokenMigrationFromChar48ToVarchar128MySQL"}
{"Time":"2026-09-10T08:24:14.7626619-04:00","Action":"output","Package":"github.com/QuantumNous/new-api/controller","Test":"TestTokenMigrationFromChar48ToVarchar128MySQL","Output":"=== RUN   TestTokenMigrationFromChar48ToVarchar128MySQL\n"}
{"Time":"2026-09-10T08:24:16.3277168-04:00","Action":"output","Package":"github.com/QuantumNous/new-api/controller","Test":"TestTokenMigrationFromChar48ToVarchar128MySQL","Output":"--- PASS: TestTokenMigrationFromChar48ToVarchar128MySQL (1.56s)\n"}
{"Time":"2026-09-10T08:24:16.3277168-04:00","Action":"pass","Package":"github.com/QuantumNous/new-api/controller","Test":"TestTokenMigrationFromChar48ToVarchar128MySQL","Elapsed":1.56}
{"Time":"2026-09-10T08:24:16.3277168-04:00","Action":"run","Package":"github.com/QuantumNous/new-api/controller","Test":"TestTokenMigrationFromChar48ToVarchar128Postgres"}
{"Time":"2026-09-10T08:24:16.3277168-04:00","Action":"output","Package":"github.com/QuantumNous/new-api/controller","Test":"TestTokenMigrationFromChar48ToVarchar128Postgres","Output":"=== RUN   TestTokenMigrationFromChar48ToVarchar128Postgres\n"}
{"Time":"2026-09-10T08:24:16.4404308-04:00","Action":"output","Package":"github.com/QuantumNous/new-api/controller","Test":"TestTokenMigrationFromChar48ToVarchar128Postgres","Output":"--- PASS: TestTokenMigrationFromChar48ToVarchar128Postgres (0.11s)\n"}
{"Time":"2026-09-10T08:24:16.4404308-04:00","Action":"pass","Package":"github.com/QuantumNous/new-api/controller","Test":"TestTokenMigrationFromChar48ToVarchar128Postgres","Elapsed":0.11}
{"Time":"2026-09-10T08:24:16.4404308-04:00","Action":"run","Package":"github.com/QuantumNous/new-api/controller","Test":"TestGetAllTokensMasksKeyInResponse"}
{"Time":"2026-09-10T08:24:16.4404308-04:00","Action":"output","Package":"github.com/QuantumNous/new-api/controller","Test":"TestGetAllTokensMasksKeyInResponse","Output":"=== RUN   TestGetAllTokensMasksKeyInResponse\n"}
{"Time":"2026-09-10T08:24:16.4414662-04:00","Action":"output","Package":"github.com/QuantumNous/new-api/controller","Test":"TestGetAllTokensMasksKeyInResponse","Output":"--- PASS: TestGetAllTokensMasksKeyInResponse (0.00s)\n"}
{"Time":"2026-09-10T08:24:16.4414662-04:00","Action":"pass","Package":"github.com/QuantumNous/new-api/controller","Test":"TestGetAllTokensMasksKeyInResponse","Elapsed":0}
{"Time":"2026-09-10T08:24:16.4414662-04:00","Action":"run","Package":"github.com/QuantumNous/new-api/controller","Test":"TestSearchTokensMasksKeyInResponse"}
{"Time":"2026-09-10T08:24:16.4414662-04:00","Action":"output","Package":"github.com/QuantumNous/new-api/controller","Test":"TestSearchTokensMasksKeyInResponse","Output":"=== RUN   TestSearchTokensMasksKeyInResponse\n"}
{"Time":"2026-09-10T08:24:16.4425158-04:00","Action":"output","Package":"github.com/QuantumNous/new-api/controller","Test":"TestSearchTokensMasksKeyInResponse","Output":"--- PASS: TestSearchTokensMasksKeyInResponse (0.00s)\n"}
{"Time":"2026-09-10T08:24:16.4430386-04:00","Action":"pass","Package":"github.com/QuantumNous/new-api/controller","Test":"TestSearchTokensMasksKeyInResponse","Elapsed":0}
{"Time":"2026-09-10T08:24:16.4430386-04:00","Action":"run","Package":"github.com/QuantumNous/new-api/controller","Test":"TestGetTokenMasksKeyInResponse"}
{"Time":"2026-09-10T08:24:16.4430386-04:00","Action":"output","Package":"github.com/QuantumNous/new-api/controller","Test":"TestGetTokenMasksKeyInResponse","Output":"=== RUN   TestGetTokenMasksKeyInResponse\n"}
{"Time":"2026-09-10T08:24:16.4435875-04:00","Action":"output","Package":"github.com/QuantumNous/new-api/controller","Test":"TestGetTokenMasksKeyInResponse","Output":"--- PASS: TestGetTokenMasksKeyInResponse (0.00s)\n"}
{"Time":"2026-09-10T08:24:16.4435875-04:00","Action":"pass","Package":"github.com/QuantumNous/new-api/controller","Test":"TestGetTokenMasksKeyInResponse","Elapsed":0}
{"Time":"2026-09-10T08:24:16.4435875-04:00","Action":"run","Package":"github.com/QuantumNous/new-api/controller","Test":"TestUpdateTokenMasksKeyInResponse"}
{"Time":"2026-09-10T08:24:16.4435875-04:00","Action":"output","Package":"github.com/QuantumNous/new-api/controller","Test":"TestUpdateTokenMasksKeyInResponse","Output":"=== RUN   TestUpdateTokenMasksKeyInResponse\n"}
{"Time":"2026-09-10T08:24:16.4441102-04:00","Action":"output","Package":"github.com/QuantumNous/new-api/controller","Test":"TestUpdateTokenMasksKeyInResponse","Output":"--- PASS: TestUpdateTokenMasksKeyInResponse (0.00s)\n"}
{"Time":"2026-09-10T08:24:16.4441102-04:00","Action":"pass","Package":"github.com/QuantumNous/new-api/controller","Test":"TestUpdateTokenMasksKeyInResponse","Elapsed":0}
{"Time":"2026-09-10T08:24:16.4441102-04:00","Action":"run","Package":"github.com/QuantumNous/new-api/controller","Test":"TestGetTokenKeyRequiresOwnershipAndReturnsFullKey"}
{"Time":"2026-09-10T08:24:16.4441102-04:00","Action":"output","Package":"github.com/QuantumNous/new-api/controller","Test":"TestGetTokenKeyRequiresOwnershipAndReturnsFullKey","Output":"=== RUN   TestGetTokenKeyRequiresOwnershipAndReturnsFullKey\n"}
{"Time":"2026-09-10T08:24:16.44516-04:00","Action":"output","Package":"github.com/QuantumNous/new-api/controller","Test":"TestGetTokenKeyRequiresOwnershipAndReturnsFullKey","Output":"\r\n"}
{"Time":"2026-09-10T08:24:16.44516-04:00","Action":"output","Package":"github.com/QuantumNous/new-api/controller","Test":"TestGetTokenKeyRequiresOwnershipAndReturnsFullKey","Output":"2026/09/10 08:24:16 \u001b[31;1mD:/10178/Projects/new-api-upstream-sync/model/token.go:241 \u001b[35;1mrecord not found\n"}
{"Time":"2026-09-10T08:24:16.44516-04:00","Action":"output","Package":"github.com/QuantumNous/new-api/controller","Test":"TestGetTokenKeyRequiresOwnershipAndReturnsFullKey","Output":"\u001b[0m\u001b[33m[0.000ms] \u001b[34;1m[rows:0]\u001b[0m SELECT * FROM `tokens` WHERE (id = 1 and user_id = 2) AND `tokens`.`deleted_at` IS NULL AND `tokens`.`id` = 1 ORDER BY `tokens`.`id` LIMIT 1\n"}
{"Time":"2026-09-10T08:24:16.44516-04:00","Action":"output","Package":"github.com/QuantumNous/new-api/controller","Test":"TestGetTokenKeyRequiresOwnershipAndReturnsFullKey","Output":"--- PASS: TestGetTokenKeyRequiresOwnershipAndReturnsFullKey (0.00s)\n"}
{"Time":"2026-09-10T08:24:16.44516-04:00","Action":"pass","Package":"github.com/QuantumNous/new-api/controller","Test":"TestGetTokenKeyRequiresOwnershipAndReturnsFullKey","Elapsed":0}
{"Time":"2026-09-10T08:24:16.44516-04:00","Action":"run","Package":"github.com/QuantumNous/new-api/controller","Test":"TestFormatWaffoPancakeAmount_UsesDisplayPriceString"}
{"Time":"2026-09-10T08:24:16.44516-04:00","Action":"output","Package":"github.com/QuantumNous/new-api/controller","Test":"TestFormatWaffoPancakeAmount_UsesDisplayPriceString","Output":"=== RUN   TestFormatWaffoPancakeAmount_UsesDisplayPriceString\n"}
{"Time":"2026-09-10T08:24:16.44516-04:00","Action":"run","Package":"github.com/QuantumNous/new-api/controller","Test":"TestFormatWaffoPancakeAmount_UsesDisplayPriceString/whole_amount"}
{"Time":"2026-09-10T08:24:16.44516-04:00","Action":"output","Package":"github.com/QuantumNous/new-api/controller","Test":"TestFormatWaffoPancakeAmount_UsesDisplayPriceString/whole_amount","Output":"=== RUN   TestFormatWaffoPancakeAmount_UsesDisplayPriceString/whole_amount\n"}
{"Time":"2026-09-10T08:24:16.44516-04:00","Action":"output","Package":"github.com/QuantumNous/new-api/controller","Test":"TestFormatWaffoPancakeAmount_UsesDisplayPriceString/whole_amount","Output":"--- PASS: TestFormatWaffoPancakeAmount_UsesDisplayPriceString/whole_amount (0.00s)\n"}
{"Time":"2026-09-10T08:24:16.44516-04:00","Action":"pass","Package":"github.com/QuantumNous/new-api/controller","Test":"TestFormatWaffoPancakeAmount_UsesDisplayPriceString/whole_amount","Elapsed":0}
{"Time":"2026-09-10T08:24:16.44516-04:00","Action":"run","Package":"github.com/QuantumNous/new-api/controller","Test":"TestFormatWaffoPancakeAmount_UsesDisplayPriceString/decimal_amount"}
{"Time":"2026-09-10T08:24:16.44516-04:00","Action":"output","Package":"github.com/QuantumNous/new-api/controller","Test":"TestFormatWaffoPancakeAmount_UsesDisplayPriceString/decimal_amount","Output":"=== RUN   TestFormatWaffoPancakeAmount_UsesDisplayPriceString/decimal_amount\n"}
{"Time":"2026-09-10T08:24:16.44516-04:00","Action":"output","Package":"github.com/QuantumNous/new-api/controller","Test":"TestFormatWaffoPancakeAmount_UsesDisplayPriceString/decimal_amount","Output":"--- PASS: TestFormatWaffoPancakeAmount_UsesDisplayPriceString/decimal_amount (0.00s)\n"}
{"Time":"2026-09-10T08:24:16.44516-04:00","Action":"pass","Package":"github.com/QuantumNous/new-api/controller","Test":"TestFormatWaffoPancakeAmount_UsesDisplayPriceString/decimal_amount","Elapsed":0}
{"Time":"2026-09-10T08:24:16.44516-04:00","Action":"run","Package":"github.com/QuantumNous/new-api/controller","Test":"TestFormatWaffoPancakeAmount_UsesDisplayPriceString/round_half_up_to_cents"}
{"Time":"2026-09-10T08:24:16.44516-04:00","Action":"output","Package":"github.com/QuantumNous/new-api/controller","Test":"TestFormatWaffoPancakeAmount_UsesDisplayPriceString/round_half_up_to_cents","Output":"=== RUN   TestFormatWaffoPancakeAmount_UsesDisplayPriceString/round_half_up_to_cents\n"}
{"Time":"2026-09-10T08:24:16.44516-04:00","Action":"output","Package":"github.com/QuantumNous/new-api/controller","Test":"TestFormatWaffoPancakeAmount_UsesDisplayPriceString/round_half_up_to_cents","Output":"--- PASS: TestFormatWaffoPancakeAmount_UsesDisplayPriceString/round_half_up_to_cents (0.00s)\n"}
{"Time":"2026-09-10T08:24:16.44516-04:00","Action":"pass","Package":"github.com/QuantumNous/new-api/controller","Test":"TestFormatWaffoPancakeAmount_UsesDisplayPriceString/round_half_up_to_cents","Elapsed":0}
{"Time":"2026-09-10T08:24:16.44516-04:00","Action":"output","Package":"github.com/QuantumNous/new-api/controller","Test":"TestFormatWaffoPancakeAmount_UsesDisplayPriceString","Output":"--- PASS: TestFormatWaffoPancakeAmount_UsesDisplayPriceString (0.00s)\n"}
{"Time":"2026-09-10T08:24:16.44516-04:00","Action":"pass","Package":"github.com/QuantumNous/new-api/controller","Test":"TestFormatWaffoPancakeAmount_UsesDisplayPriceString","Elapsed":0}
{"Time":"2026-09-10T08:24:16.44516-04:00","Action":"run","Package":"github.com/QuantumNous/new-api/controller","Test":"TestGetWaffoPancakePayMoney"}
{"Time":"2026-09-10T08:24:16.44516-04:00","Action":"output","Package":"github.com/QuantumNous/new-api/controller","Test":"TestGetWaffoPancakePayMoney","Output":"=== RUN   TestGetWaffoPancakePayMoney\n"}
{"Time":"2026-09-10T08:24:16.44516-04:00","Action":"run","Package":"github.com/QuantumNous/new-api/controller","Test":"TestGetWaffoPancakePayMoney/currency_display_applies_unit_price_group_ratio_and_discount"}
{"Time":"2026-09-10T08:24:16.44516-04:00","Action":"output","Package":"github.com/QuantumNous/new-api/controller","Test":"TestGetWaffoPancakePayMoney/currency_display_applies_unit_price_group_ratio_and_discount","Output":"=== RUN   TestGetWaffoPancakePayMoney/currency_display_applies_unit_price_group_ratio_and_discount\n"}
{"Time":"2026-09-10T08:24:16.44516-04:00","Action":"output","Package":"github.com/QuantumNous/new-api/controller","Test":"TestGetWaffoPancakePayMoney/currency_display_applies_unit_price_group_ratio_and_discount","Output":"--- PASS: TestGetWaffoPancakePayMoney/currency_display_applies_unit_price_group_ratio_and_discount (0.00s)\n"}
{"Time":"2026-09-10T08:24:16.44516-04:00","Action":"pass","Package":"github.com/QuantumNous/new-api/controller","Test":"TestGetWaffoPancakePayMoney/currency_display_applies_unit_price_group_ratio_and_discount","Elapsed":0}
{"Time":"2026-09-10T08:24:16.44516-04:00","Action":"run","Package":"github.com/QuantumNous/new-api/controller","Test":"TestGetWaffoPancakePayMoney/tokens_display_converts_quota_to_display_units_before_pricing"}
{"Time":"2026-09-10T08:24:16.44516-04:00","Action":"output","Package":"github.com/QuantumNous/new-api/controller","Test":"TestGetWaffoPancakePayMoney/tokens_display_converts_quota_to_display_units_before_pricing","Output":"=== RUN   TestGetWaffoPancakePayMoney/tokens_display_converts_quota_to_display_units_before_pricing\n"}
{"Time":"2026-09-10T08:24:16.44516-04:00","Action":"output","Package":"github.com/QuantumNous/new-api/controller","Test":"TestGetWaffoPancakePayMoney/tokens_display_converts_quota_to_display_units_before_pricing","Output":"--- PASS: TestGetWaffoPancakePayMoney/tokens_display_converts_quota_to_display_units_before_pricing (0.00s)\n"}
{"Time":"2026-09-10T08:24:16.44516-04:00","Action":"pass","Package":"github.com/QuantumNous/new-api/controller","Test":"TestGetWaffoPancakePayMoney/tokens_display_converts_quota_to_display_units_before_pricing","Elapsed":0}
{"Time":"2026-09-10T08:24:16.44516-04:00","Action":"run","Package":"github.com/QuantumNous/new-api/controller","Test":"TestGetWaffoPancakePayMoney/non-positive_discount_falls_back_to_no_discount"}
{"Time":"2026-09-10T08:24:16.44516-04:00","Action":"output","Package":"github.com/QuantumNous/new-api/controller","Test":"TestGetWaffoPancakePayMoney/non-positive_discount_falls_back_to_no_discount","Output":"=== RUN   TestGetWaffoPancakePayMoney/non-positive_discount_falls_back_to_no_discount\n"}
{"Time":"2026-09-10T08:24:16.44516-04:00","Action":"output","Package":"github.com/QuantumNous/new-api/controller","Test":"TestGetWaffoPancakePayMoney/non-positive_discount_falls_back_to_no_discount","Output":"--- PASS: TestGetWaffoPancakePayMoney/non-positive_discount_falls_back_to_no_discount (0.00s)\n"}
{"Time":"2026-09-10T08:24:16.44516-04:00","Action":"pass","Package":"github.com/QuantumNous/new-api/controller","Test":"TestGetWaffoPancakePayMoney/non-positive_discount_falls_back_to_no_discount","Elapsed":0}
{"Time":"2026-09-10T08:24:16.44516-04:00","Action":"output","Package":"github.com/QuantumNous/new-api/controller","Test":"TestGetWaffoPancakePayMoney","Output":"--- PASS: TestGetWaffoPancakePayMoney (0.00s)\n"}
{"Time":"2026-09-10T08:24:16.44516-04:00","Action":"pass","Package":"github.com/QuantumNous/new-api/controller","Test":"TestGetWaffoPancakePayMoney","Elapsed":0}
{"Time":"2026-09-10T08:24:16.44516-04:00","Action":"run","Package":"github.com/QuantumNous/new-api/controller","Test":"TestGetAllFlowQuotaDatesUsesAdminDimensions"}
{"Time":"2026-09-10T08:24:16.44516-04:00","Action":"output","Package":"github.com/QuantumNous/new-api/controller","Test":"TestGetAllFlowQuotaDatesUsesAdminDimensions","Output":"=== RUN   TestGetAllFlowQuotaDatesUsesAdminDimensions\n"}
{"Time":"2026-09-10T08:24:16.44516-04:00","Action":"output","Package":"github.com/QuantumNous/new-api/controller","Test":"TestGetAllFlowQuotaDatesUsesAdminDimensions","Output":"[SYS] 2026/09/10 - 08:24:16 | SQL_DSN not set, using SQLite as database \n"}
{"Time":"2026-09-10T08:24:16.448314-04:00","Action":"output","Package":"github.com/QuantumNous/new-api/controller","Test":"TestGetAllFlowQuotaDatesUsesAdminDimensions","Output":"--- PASS: TestGetAllFlowQuotaDatesUsesAdminDimensions (0.00s)\n"}
{"Time":"2026-09-10T08:24:16.448314-04:00","Action":"pass","Package":"github.com/QuantumNous/new-api/controller","Test":"TestGetAllFlowQuotaDatesUsesAdminDimensions","Elapsed":0}
{"Time":"2026-09-10T08:24:16.448314-04:00","Action":"run","Package":"github.com/QuantumNous/new-api/controller","Test":"TestGetAllFlowQuotaDatesUsesRootDimensions"}
{"Time":"2026-09-10T08:24:16.448314-04:00","Action":"output","Package":"github.com/QuantumNous/new-api/controller","Test":"TestGetAllFlowQuotaDatesUsesRootDimensions","Output":"=== RUN   TestGetAllFlowQuotaDatesUsesRootDimensions\n"}
{"Time":"2026-09-10T08:24:16.448314-04:00","Action":"output","Package":"github.com/QuantumNous/new-api/controller","Test":"TestGetAllFlowQuotaDatesUsesRootDimensions","Output":"[SYS] 2026/09/10 - 08:24:16 | SQL_DSN not set, using SQLite as database \n"}
{"Time":"2026-09-10T08:24:16.4514774-04:00","Action":"output","Package":"github.com/QuantumNous/new-api/controller","Test":"TestGetAllFlowQuotaDatesUsesRootDimensions","Output":"--- PASS: TestGetAllFlowQuotaDatesUsesRootDimensions (0.00s)\n"}
{"Time":"2026-09-10T08:24:16.4514774-04:00","Action":"pass","Package":"github.com/QuantumNous/new-api/controller","Test":"TestGetAllFlowQuotaDatesUsesRootDimensions","Elapsed":0}
{"Time":"2026-09-10T08:24:16.4514774-04:00","Action":"run","Package":"github.com/QuantumNous/new-api/controller","Test":"TestGetUserFlowQuotaDatesRestrictsToAuthenticatedUser"}
{"Time":"2026-09-10T08:24:16.4514774-04:00","Action":"output","Package":"github.com/QuantumNous/new-api/controller","Test":"TestGetUserFlowQuotaDatesRestrictsToAuthenticatedUser","Output":"=== RUN   TestGetUserFlowQuotaDatesRestrictsToAuthenticatedUser\n"}
{"Time":"2026-09-10T08:24:16.4514774-04:00","Action":"output","Package":"github.com/QuantumNous/new-api/controller","Test":"TestGetUserFlowQuotaDatesRestrictsToAuthenticatedUser","Output":"[SYS] 2026/09/10 - 08:24:16 | SQL_DSN not set, using SQLite as database \n"}
{"Time":"2026-09-10T08:24:16.4540846-04:00","Action":"output","Package":"github.com/QuantumNous/new-api/controller","Test":"TestGetUserFlowQuotaDatesRestrictsToAuthenticatedUser","Output":"--- PASS: TestGetUserFlowQuotaDatesRestrictsToAuthenticatedUser (0.00s)\n"}
{"Time":"2026-09-10T08:24:16.4540846-04:00","Action":"pass","Package":"github.com/QuantumNous/new-api/controller","Test":"TestGetUserFlowQuotaDatesRestrictsToAuthenticatedUser","Elapsed":0}
{"Time":"2026-09-10T08:24:16.4540846-04:00","Action":"run","Package":"github.com/QuantumNous/new-api/controller","Test":"TestGetUserFlowQuotaDatesRejectsInvalidTimeRange"}
{"Time":"2026-09-10T08:24:16.4540846-04:00","Action":"output","Package":"github.com/QuantumNous/new-api/controller","Test":"TestGetUserFlowQuotaDatesRejectsInvalidTimeRange","Output":"=== RUN   TestGetUserFlowQuotaDatesRejectsInvalidTimeRange\n"}
{"Time":"2026-09-10T08:24:16.4540846-04:00","Action":"output","Package":"github.com/QuantumNous/new-api/controller","Test":"TestGetUserFlowQuotaDatesRejectsInvalidTimeRange","Output":"[SYS] 2026/09/10 - 08:24:16 | SQL_DSN not set, using SQLite as database \n"}
{"Time":"2026-09-10T08:24:16.4566968-04:00","Action":"output","Package":"github.com/QuantumNous/new-api/controller","Test":"TestGetUserFlowQuotaDatesRejectsInvalidTimeRange","Output":"--- PASS: TestGetUserFlowQuotaDatesRejectsInvalidTimeRange (0.00s)\n"}
{"Time":"2026-09-10T08:24:16.4566968-04:00","Action":"pass","Package":"github.com/QuantumNous/new-api/controller","Test":"TestGetUserFlowQuotaDatesRejectsInvalidTimeRange","Elapsed":0}
{"Time":"2026-09-10T08:24:16.4566968-04:00","Action":"run","Package":"github.com/QuantumNous/new-api/controller","Test":"TestPutSelfAvatarNormalizesImageAndReplacesPriorObject"}
{"Time":"2026-09-10T08:24:16.4566968-04:00","Action":"output","Package":"github.com/QuantumNous/new-api/controller","Test":"TestPutSelfAvatarNormalizesImageAndReplacesPriorObject","Output":"=== RUN   TestPutSelfAvatarNormalizesImageAndReplacesPriorObject\n"}
{"Time":"2026-09-10T08:24:16.457742-04:00","Action":"output","Package":"github.com/QuantumNous/new-api/controller","Test":"TestPutSelfAvatarNormalizesImageAndReplacesPriorObject","Output":"\r\n"}
{"Time":"2026-09-10T08:24:16.457742-04:00","Action":"output","Package":"github.com/QuantumNous/new-api/controller","Test":"TestPutSelfAvatarNormalizesImageAndReplacesPriorObject","Output":"2026/09/10 08:24:16 \u001b[31;1mD:/10178/Projects/new-api-upstream-sync/model/user_avatar.go:38 \u001b[35;1mrecord not found\n"}
{"Time":"2026-09-10T08:24:16.457742-04:00","Action":"output","Package":"github.com/QuantumNous/new-api/controller","Test":"TestPutSelfAvatarNormalizesImageAndReplacesPriorObject","Output":"\u001b[0m\u001b[33m[0.000ms] \u001b[34;1m[rows:0]\u001b[0m SELECT * FROM `user_avatars` WHERE user_id = 7 ORDER BY `user_avatars`.`id` LIMIT 1\n"}
{"Time":"2026-09-10T08:24:16.4608899-04:00","Action":"output","Package":"github.com/QuantumNous/new-api/controller","Test":"TestPutSelfAvatarNormalizesImageAndReplacesPriorObject","Output":"\r\n"}
{"Time":"2026-09-10T08:24:16.4608899-04:00","Action":"output","Package":"github.com/QuantumNous/new-api/controller","Test":"TestPutSelfAvatarNormalizesImageAndReplacesPriorObject","Output":"2026/09/10 08:24:16 \u001b[31;1mD:/10178/Projects/new-api-upstream-sync/model/user_avatar.go:67 \u001b[35;1mrecord not found\n"}
{"Time":"2026-09-10T08:24:16.4608899-04:00","Action":"output","Package":"github.com/QuantumNous/new-api/controller","Test":"TestPutSelfAvatarNormalizesImageAndReplacesPriorObject","Output":"\u001b[0m\u001b[33m[0.519ms] \u001b[34;1m[rows:0]\u001b[0m SELECT * FROM `user_avatars` WHERE user_id = 7 ORDER BY `user_avatars`.`id` LIMIT 1\n"}
{"Time":"2026-09-10T08:24:16.4651282-04:00","Action":"output","Package":"github.com/QuantumNous/new-api/controller","Test":"TestPutSelfAvatarNormalizesImageAndReplacesPriorObject","Output":"--- PASS: TestPutSelfAvatarNormalizesImageAndReplacesPriorObject (0.01s)\n"}
{"Time":"2026-09-10T08:24:16.4651282-04:00","Action":"pass","Package":"github.com/QuantumNous/new-api/controller","Test":"TestPutSelfAvatarNormalizesImageAndReplacesPriorObject","Elapsed":0.01}
{"Time":"2026-09-10T08:24:16.4651282-04:00","Action":"run","Package":"github.com/QuantumNous/new-api/controller","Test":"TestPutSelfAvatarRejectsInvalidOrOversizedUploads"}
{"Time":"2026-09-10T08:24:16.4651282-04:00","Action":"output","Package":"github.com/QuantumNous/new-api/controller","Test":"TestPutSelfAvatarRejectsInvalidOrOversizedUploads","Output":"=== RUN   TestPutSelfAvatarRejectsInvalidOrOversizedUploads\n"}
{"Time":"2026-09-10T08:24:16.4724177-04:00","Action":"output","Package":"github.com/QuantumNous/new-api/controller","Test":"TestPutSelfAvatarRejectsInvalidOrOversizedUploads","Output":"--- PASS: TestPutSelfAvatarRejectsInvalidOrOversizedUploads (0.01s)\n"}
{"Time":"2026-09-10T08:24:16.4724177-04:00","Action":"pass","Package":"github.com/QuantumNous/new-api/controller","Test":"TestPutSelfAvatarRejectsInvalidOrOversizedUploads","Elapsed":0.01}
{"Time":"2026-09-10T08:24:16.4724177-04:00","Action":"run","Package":"github.com/QuantumNous/new-api/controller","Test":"TestGetAndDeleteSelfAvatarRespectPrivateMetadata"}
{"Time":"2026-09-10T08:24:16.4724177-04:00","Action":"output","Package":"github.com/QuantumNous/new-api/controller","Test":"TestGetAndDeleteSelfAvatarRespectPrivateMetadata","Output":"=== RUN   TestGetAndDeleteSelfAvatarRespectPrivateMetadata\n"}
{"Time":"2026-09-10T08:24:16.476547-04:00","Action":"output","Package":"github.com/QuantumNous/new-api/controller","Test":"TestGetAndDeleteSelfAvatarRespectPrivateMetadata","Output":"\r\n"}
{"Time":"2026-09-10T08:24:16.476547-04:00","Action":"output","Package":"github.com/QuantumNous/new-api/controller","Test":"TestGetAndDeleteSelfAvatarRespectPrivateMetadata","Output":"2026/09/10 08:24:16 \u001b[31;1mD:/10178/Projects/new-api-upstream-sync/model/user_avatar.go:67 \u001b[35;1mrecord not found\n"}
{"Time":"2026-09-10T08:24:16.476547-04:00","Action":"output","Package":"github.com/QuantumNous/new-api/controller","Test":"TestGetAndDeleteSelfAvatarRespectPrivateMetadata","Output":"\u001b[0m\u001b[33m[0.000ms] \u001b[34;1m[rows:0]\u001b[0m SELECT * FROM `user_avatars` WHERE user_id = 9 ORDER BY `user_avatars`.`id` LIMIT 1\n"}
{"Time":"2026-09-10T08:24:16.4770663-04:00","Action":"output","Package":"github.com/QuantumNous/new-api/controller","Test":"TestGetAndDeleteSelfAvatarRespectPrivateMetadata","Output":"\r\n"}
{"Time":"2026-09-10T08:24:16.4775883-04:00","Action":"output","Package":"github.com/QuantumNous/new-api/controller","Test":"TestGetAndDeleteSelfAvatarRespectPrivateMetadata","Output":"2026/09/10 08:24:16 \u001b[31;1mD:/10178/Projects/new-api-upstream-sync/model/user_avatar.go:38 \u001b[35;1mrecord not found\n"}
{"Time":"2026-09-10T08:24:16.4775883-04:00","Action":"output","Package":"github.com/QuantumNous/new-api/controller","Test":"TestGetAndDeleteSelfAvatarRespectPrivateMetadata","Output":"\u001b[0m\u001b[33m[0.000ms] \u001b[34;1m[rows:0]\u001b[0m SELECT * FROM `user_avatars` WHERE user_id = 9 ORDER BY `user_avatars`.`id` LIMIT 1\n"}
{"Time":"2026-09-10T08:24:16.4781184-04:00","Action":"output","Package":"github.com/QuantumNous/new-api/controller","Test":"TestGetAndDeleteSelfAvatarRespectPrivateMetadata","Output":"--- PASS: TestGetAndDeleteSelfAvatarRespectPrivateMetadata (0.01s)\n"}
{"Time":"2026-09-10T08:24:16.4781184-04:00","Action":"pass","Package":"github.com/QuantumNous/new-api/controller","Test":"TestGetAndDeleteSelfAvatarRespectPrivateMetadata","Elapsed":0.01}
{"Time":"2026-09-10T08:24:16.4781184-04:00","Action":"run","Package":"github.com/QuantumNous/new-api/controller","Test":"TestGetSelfAvatarRejectsUnexpectedMetadata"}
{"Time":"2026-09-10T08:24:16.4781184-04:00","Action":"output","Package":"github.com/QuantumNous/new-api/controller","Test":"TestGetSelfAvatarRejectsUnexpectedMetadata","Output":"=== RUN   TestGetSelfAvatarRejectsUnexpectedMetadata\n"}
{"Time":"2026-09-10T08:24:16.4791681-04:00","Action":"output","Package":"github.com/QuantumNous/new-api/controller","Test":"TestGetSelfAvatarRejectsUnexpectedMetadata","Output":"\r\n"}
{"Time":"2026-09-10T08:24:16.4791681-04:00","Action":"output","Package":"github.com/QuantumNous/new-api/controller","Test":"TestGetSelfAvatarRejectsUnexpectedMetadata","Output":"2026/09/10 08:24:16 \u001b[31;1mD:/10178/Projects/new-api-upstream-sync/model/user_avatar.go:67 \u001b[35;1mrecord not found\n"}
{"Time":"2026-09-10T08:24:16.4791681-04:00","Action":"output","Package":"github.com/QuantumNous/new-api/controller","Test":"TestGetSelfAvatarRejectsUnexpectedMetadata","Output":"\u001b[0m\u001b[33m[0.000ms] \u001b[34;1m[rows:0]\u001b[0m SELECT * FROM `user_avatars` WHERE user_id = 10 ORDER BY `user_avatars`.`id` LIMIT 1\n"}
{"Time":"2026-09-10T08:24:16.4802628-04:00","Action":"output","Package":"github.com/QuantumNous/new-api/controller","Test":"TestGetSelfAvatarRejectsUnexpectedMetadata","Output":"--- PASS: TestGetSelfAvatarRejectsUnexpectedMetadata (0.00s)\n"}
{"Time":"2026-09-10T08:24:16.4802628-04:00","Action":"pass","Package":"github.com/QuantumNous/new-api/controller","Test":"TestGetSelfAvatarRejectsUnexpectedMetadata","Elapsed":0}
{"Time":"2026-09-10T08:24:16.4802628-04:00","Action":"run","Package":"github.com/QuantumNous/new-api/controller","Test":"TestGetAdminUserAvatarServesExistingAvatarWithPrivateHeaders"}
{"Time":"2026-09-10T08:24:16.4802628-04:00","Action":"output","Package":"github.com/QuantumNous/new-api/controller","Test":"TestGetAdminUserAvatarServesExistingAvatarWithPrivateHeaders","Output":"=== RUN   TestGetAdminUserAvatarServesExistingAvatarWithPrivateHeaders\n"}
{"Time":"2026-09-10T08:24:16.4849699-04:00","Action":"output","Package":"github.com/QuantumNous/new-api/controller","Test":"TestGetAdminUserAvatarServesExistingAvatarWithPrivateHeaders","Output":"\r\n"}
{"Time":"2026-09-10T08:24:16.4849699-04:00","Action":"output","Package":"github.com/QuantumNous/new-api/controller","Test":"TestGetAdminUserAvatarServesExistingAvatarWithPrivateHeaders","Output":"2026/09/10 08:24:16 \u001b[31;1mD:/10178/Projects/new-api-upstream-sync/model/user_avatar.go:67 \u001b[35;1mrecord not found\n"}
{"Time":"2026-09-10T08:24:16.4849699-04:00","Action":"output","Package":"github.com/QuantumNous/new-api/controller","Test":"TestGetAdminUserAvatarServesExistingAvatarWithPrivateHeaders","Output":"\u001b[0m\u001b[33m[0.000ms] \u001b[34;1m[rows:0]\u001b[0m SELECT * FROM `user_avatars` WHERE user_id = 1 ORDER BY `user_avatars`.`id` LIMIT 1\n"}
{"Time":"2026-09-10T08:24:16.4860111-04:00","Action":"output","Package":"github.com/QuantumNous/new-api/controller","Test":"TestGetAdminUserAvatarServesExistingAvatarWithPrivateHeaders","Output":"--- PASS: TestGetAdminUserAvatarServesExistingAvatarWithPrivateHeaders (0.01s)\n"}
{"Time":"2026-09-10T08:24:16.4860111-04:00","Action":"pass","Package":"github.com/QuantumNous/new-api/controller","Test":"TestGetAdminUserAvatarServesExistingAvatarWithPrivateHeaders","Elapsed":0.01}
{"Time":"2026-09-10T08:24:16.4860111-04:00","Action":"run","Package":"github.com/QuantumNous/new-api/controller","Test":"TestGetAdminUserAvatarValidatesTargetAndReturnsNotFound"}
{"Time":"2026-09-10T08:24:16.4860111-04:00","Action":"output","Package":"github.com/QuantumNous/new-api/controller","Test":"TestGetAdminUserAvatarValidatesTargetAndReturnsNotFound","Output":"=== RUN   TestGetAdminUserAvatarValidatesTargetAndReturnsNotFound\n"}
{"Time":"2026-09-10T08:24:16.4875922-04:00","Action":"output","Package":"github.com/QuantumNous/new-api/controller","Test":"TestGetAdminUserAvatarValidatesTargetAndReturnsNotFound","Output":"\r\n"}
{"Time":"2026-09-10T08:24:16.4875922-04:00","Action":"output","Package":"github.com/QuantumNous/new-api/controller","Test":"TestGetAdminUserAvatarValidatesTargetAndReturnsNotFound","Output":"2026/09/10 08:24:16 \u001b[31;1mD:/10178/Projects/new-api-upstream-sync/model/user.go:478 \u001b[35;1mrecord not found\n"}
{"Time":"2026-09-10T08:24:16.4875922-04:00","Action":"output","Package":"github.com/QuantumNous/new-api/controller","Test":"TestGetAdminUserAvatarValidatesTargetAndReturnsNotFound","Output":"\u001b[0m\u001b[33m[0.000ms] \u001b[34;1m[rows:0]\u001b[0m SELECT `users`.`id`,`users`.`username`,`users`.`display_name`,`users`.`role`,`users`.`status`,`users`.`email`,`users`.`github_id`,`users`.`discord_id`,`users`.`oidc_id`,`users`.`wechat_id`,`users`.`telegram_id`,`users`.`quota`,`users`.`used_quota`,`users`.`request_count`,`users`.`requests_per_minute`,`users`.`group`,`users`.`aff_code`,`users`.`aff_count`,`users`.`aff_quota`,`users`.`aff_history`,`users`.`inviter_id`,`users`.`deleted_at`,`users`.`linux_do_id`,`users`.`setting`,`users`.`remark`,`users`.`stripe_customer`,`users`.`created_at`,`users`.`last_login_at`,`users`.`auth_version`,`users`.`auto_ban_until`,`users`.`auto_ban_rule`,`users`.`auto_ban_record_id`,`users`.`auto_ban_response_status`,`users`.`auto_ban_response_code`,`users`.`auto_ban_response_message` FROM `users` WHERE id = 9999 AND `users`.`deleted_at` IS NULL AND `users`.`id` = 9999 ORDER BY `users`.`id` LIMIT 1\n"}
{"Time":"2026-09-10T08:24:16.4881185-04:00","Action":"output","Package":"github.com/QuantumNous/new-api/controller","Test":"TestGetAdminUserAvatarValidatesTargetAndReturnsNotFound","Output":"\r\n"}
{"Time":"2026-09-10T08:24:16.4881185-04:00","Action":"output","Package":"github.com/QuantumNous/new-api/controller","Test":"TestGetAdminUserAvatarValidatesTargetAndReturnsNotFound","Output":"2026/09/10 08:24:16 \u001b[31;1mD:/10178/Projects/new-api-upstream-sync/model/user_avatar.go:38 \u001b[35;1mrecord not found\n"}
{"Time":"2026-09-10T08:24:16.4881185-04:00","Action":"output","Package":"github.com/QuantumNous/new-api/controller","Test":"TestGetAdminUserAvatarValidatesTargetAndReturnsNotFound","Output":"\u001b[0m\u001b[33m[0.000ms] \u001b[34;1m[rows:0]\u001b[0m SELECT * FROM `user_avatars` WHERE user_id = 1 ORDER BY `user_avatars`.`id` LIMIT 1\n"}
{"Time":"2026-09-10T08:24:16.4886413-04:00","Action":"output","Package":"github.com/QuantumNous/new-api/controller","Test":"TestGetAdminUserAvatarValidatesTargetAndReturnsNotFound","Output":"--- PASS: TestGetAdminUserAvatarValidatesTargetAndReturnsNotFound (0.00s)\n"}
{"Time":"2026-09-10T08:24:16.4886413-04:00","Action":"pass","Package":"github.com/QuantumNous/new-api/controller","Test":"TestGetAdminUserAvatarValidatesTargetAndReturnsNotFound","Elapsed":0}
{"Time":"2026-09-10T08:24:16.4886413-04:00","Action":"run","Package":"github.com/QuantumNous/new-api/controller","Test":"TestGetSelfAvatarSupportsConditionalRequestsAndChangesETag"}
{"Time":"2026-09-10T08:24:16.4886413-04:00","Action":"output","Package":"github.com/QuantumNous/new-api/controller","Test":"TestGetSelfAvatarSupportsConditionalRequestsAndChangesETag","Output":"=== RUN   TestGetSelfAvatarSupportsConditionalRequestsAndChangesETag\n"}
{"Time":"2026-09-10T08:24:16.4917673-04:00","Action":"output","Package":"github.com/QuantumNous/new-api/controller","Test":"TestGetSelfAvatarSupportsConditionalRequestsAndChangesETag","Output":"\r\n"}
{"Time":"2026-09-10T08:24:16.4917673-04:00","Action":"output","Package":"github.com/QuantumNous/new-api/controller","Test":"TestGetSelfAvatarSupportsConditionalRequestsAndChangesETag","Output":"2026/09/10 08:24:16 \u001b[31;1mD:/10178/Projects/new-api-upstream-sync/model/user_avatar.go:67 \u001b[35;1mrecord not found\n"}
{"Time":"2026-09-10T08:24:16.4917673-04:00","Action":"output","Package":"github.com/QuantumNous/new-api/controller","Test":"TestGetSelfAvatarSupportsConditionalRequestsAndChangesETag","Output":"\u001b[0m\u001b[33m[0.000ms] \u001b[34;1m[rows:0]\u001b[0m SELECT * FROM `user_avatars` WHERE user_id = 11 ORDER BY `user_avatars`.`id` LIMIT 1\n"}
{"Time":"2026-09-10T08:24:16.4959934-04:00","Action":"output","Package":"github.com/QuantumNous/new-api/controller","Test":"TestGetSelfAvatarSupportsConditionalRequestsAndChangesETag","Output":"--- PASS: TestGetSelfAvatarSupportsConditionalRequestsAndChangesETag (0.01s)\n"}
{"Time":"2026-09-10T08:24:16.4959934-04:00","Action":"pass","Package":"github.com/QuantumNous/new-api/controller","Test":"TestGetSelfAvatarSupportsConditionalRequestsAndChangesETag","Elapsed":0.01}
{"Time":"2026-09-10T08:24:16.4959934-04:00","Action":"run","Package":"github.com/QuantumNous/new-api/controller","Test":"TestManageUserDisableAdvancesAuthVersionOnceAndRevokesSession"}
{"Time":"2026-09-10T08:24:16.4959934-04:00","Action":"output","Package":"github.com/QuantumNous/new-api/controller","Test":"TestManageUserDisableAdvancesAuthVersionOnceAndRevokesSession","Output":"=== RUN   TestManageUserDisableAdvancesAuthVersionOnceAndRevokesSession\n"}
{"Time":"2026-09-10T08:24:16.5005939-04:00","Action":"output","Package":"github.com/QuantumNous/new-api/controller","Test":"TestManageUserDisableAdvancesAuthVersionOnceAndRevokesSession","Output":"--- PASS: TestManageUserDisableAdvancesAuthVersionOnceAndRevokesSession (0.00s)\n"}
{"Time":"2026-09-10T08:24:16.5009601-04:00","Action":"pass","Package":"github.com/QuantumNous/new-api/controller","Test":"TestManageUserDisableAdvancesAuthVersionOnceAndRevokesSession","Elapsed":0}
{"Time":"2026-09-10T08:24:16.5009601-04:00","Action":"run","Package":"github.com/QuantumNous/new-api/controller","Test":"TestManageUserDemoteAdvancesAuthVersionAndRevokesSessionsOnce"}
{"Time":"2026-09-10T08:24:16.5009601-04:00","Action":"output","Package":"github.com/QuantumNous/new-api/controller","Test":"TestManageUserDemoteAdvancesAuthVersionAndRevokesSessionsOnce","Output":"=== RUN   TestManageUserDemoteAdvancesAuthVersionAndRevokesSessionsOnce\n"}
{"Time":"2026-09-10T08:24:16.5040473-04:00","Action":"output","Package":"github.com/QuantumNous/new-api/controller","Test":"TestManageUserDemoteAdvancesAuthVersionAndRevokesSessionsOnce","Output":"--- PASS: TestManageUserDemoteAdvancesAuthVersionAndRevokesSessionsOnce (0.00s)\n"}
{"Time":"2026-09-10T08:24:16.5040473-04:00","Action":"pass","Package":"github.com/QuantumNous/new-api/controller","Test":"TestManageUserDemoteAdvancesAuthVersionAndRevokesSessionsOnce","Elapsed":0}
{"Time":"2026-09-10T08:24:16.5040473-04:00","Action":"run","Package":"github.com/QuantumNous/new-api/controller","Test":"TestManageUserDeleteReturnsImmediatelyAndUnknownActionFails"}
{"Time":"2026-09-10T08:24:16.5040473-04:00","Action":"output","Package":"github.com/QuantumNous/new-api/controller","Test":"TestManageUserDeleteReturnsImmediatelyAndUnknownActionFails","Output":"=== RUN   TestManageUserDeleteReturnsImmediatelyAndUnknownActionFails\n"}
{"Time":"2026-09-10T08:24:16.5071875-04:00","Action":"output","Package":"github.com/QuantumNous/new-api/controller","Test":"TestManageUserDeleteReturnsImmediatelyAndUnknownActionFails","Output":"\r\n"}
{"Time":"2026-09-10T08:24:16.5071875-04:00","Action":"output","Package":"github.com/QuantumNous/new-api/controller","Test":"TestManageUserDeleteReturnsImmediatelyAndUnknownActionFails","Output":"2026/09/10 08:24:16 \u001b[31;1mD:/10178/Projects/new-api-upstream-sync/model/user_avatar.go:38 \u001b[35;1mrecord not found\n"}
{"Time":"2026-09-10T08:24:16.5071875-04:00","Action":"output","Package":"github.com/QuantumNous/new-api/controller","Test":"TestManageUserDeleteReturnsImmediatelyAndUnknownActionFails","Output":"\u001b[0m\u001b[33m[0.000ms] \u001b[34;1m[rows:0]\u001b[0m SELECT * FROM `user_avatars` WHERE user_id = 1 ORDER BY `user_avatars`.`id` LIMIT 1\n"}
{"Time":"2026-09-10T08:24:16.5077034-04:00","Action":"output","Package":"github.com/QuantumNous/new-api/controller","Test":"TestManageUserDeleteReturnsImmediatelyAndUnknownActionFails","Output":"--- PASS: TestManageUserDeleteReturnsImmediatelyAndUnknownActionFails (0.00s)\n"}
{"Time":"2026-09-10T08:24:16.5077034-04:00","Action":"pass","Package":"github.com/QuantumNous/new-api/controller","Test":"TestManageUserDeleteReturnsImmediatelyAndUnknownActionFails","Elapsed":0}
{"Time":"2026-09-10T08:24:16.5077034-04:00","Action":"run","Package":"github.com/QuantumNous/new-api/controller","Test":"TestAdminUserUpdatePreservesPresenceAndStoresNilZeroAndPositive"}
{"Time":"2026-09-10T08:24:16.5077034-04:00","Action":"output","Package":"github.com/QuantumNous/new-api/controller","Test":"TestAdminUserUpdatePreservesPresenceAndStoresNilZeroAndPositive","Output":"=== RUN   TestAdminUserUpdatePreservesPresenceAndStoresNilZeroAndPositive\n"}
{"Time":"2026-09-10T08:24:16.5129718-04:00","Action":"output","Package":"github.com/QuantumNous/new-api/controller","Test":"TestAdminUserUpdatePreservesPresenceAndStoresNilZeroAndPositive","Output":"--- PASS: TestAdminUserUpdatePreservesPresenceAndStoresNilZeroAndPositive (0.00s)\n"}
{"Time":"2026-09-10T08:24:16.5129718-04:00","Action":"pass","Package":"github.com/QuantumNous/new-api/controller","Test":"TestAdminUserUpdatePreservesPresenceAndStoresNilZeroAndPositive","Elapsed":0}
{"Time":"2026-09-10T08:24:16.5129718-04:00","Action":"run","Package":"github.com/QuantumNous/new-api/controller","Test":"TestUpdateSelfCannotChangeRequestsPerMinute"}
{"Time":"2026-09-10T08:24:16.5129718-04:00","Action":"output","Package":"github.com/QuantumNous/new-api/controller","Test":"TestUpdateSelfCannotChangeRequestsPerMinute","Output":"=== RUN   TestUpdateSelfCannotChangeRequestsPerMinute\n"}
{"Time":"2026-09-10T08:24:16.5155727-04:00","Action":"output","Package":"github.com/QuantumNous/new-api/controller","Test":"TestUpdateSelfCannotChangeRequestsPerMinute","Output":"--- PASS: TestUpdateSelfCannotChangeRequestsPerMinute (0.00s)\n"}
{"Time":"2026-09-10T08:24:16.5155727-04:00","Action":"pass","Package":"github.com/QuantumNous/new-api/controller","Test":"TestUpdateSelfCannotChangeRequestsPerMinute","Elapsed":0}
{"Time":"2026-09-10T08:24:16.5155727-04:00","Action":"run","Package":"github.com/QuantumNous/new-api/controller","Test":"TestGeminiVideoPrivateKeyAuthorizesChannelGuard"}
{"Time":"2026-09-10T08:24:16.5155727-04:00","Action":"output","Package":"github.com/QuantumNous/new-api/controller","Test":"TestGeminiVideoPrivateKeyAuthorizesChannelGuard","Output":"=== RUN   TestGeminiVideoPrivateKeyAuthorizesChannelGuard\n"}
{"Time":"2026-09-10T08:24:16.5155727-04:00","Action":"run","Package":"github.com/QuantumNous/new-api/controller","Test":"TestGeminiVideoPrivateKeyAuthorizesChannelGuard/pending"}
{"Time":"2026-09-10T08:24:16.5155727-04:00","Action":"output","Package":"github.com/QuantumNous/new-api/controller","Test":"TestGeminiVideoPrivateKeyAuthorizesChannelGuard/pending","Output":"=== RUN   TestGeminiVideoPrivateKeyAuthorizesChannelGuard/pending\n"}
{"Time":"2026-09-10T08:24:16.5155727-04:00","Action":"output","Package":"github.com/QuantumNous/new-api/controller","Test":"TestGeminiVideoPrivateKeyAuthorizesChannelGuard/pending","Output":"[SYS] 2026/09/10 - 08:24:16 | SQL_DSN not set, using SQLite as database \n"}
{"Time":"2026-09-10T08:24:16.5186854-04:00","Action":"output","Package":"github.com/QuantumNous/new-api/controller","Test":"TestGeminiVideoPrivateKeyAuthorizesChannelGuard/pending","Output":"--- PASS: TestGeminiVideoPrivateKeyAuthorizesChannelGuard/pending (0.00s)\n"}
{"Time":"2026-09-10T08:24:16.5186854-04:00","Action":"pass","Package":"github.com/QuantumNous/new-api/controller","Test":"TestGeminiVideoPrivateKeyAuthorizesChannelGuard/pending","Elapsed":0}
{"Time":"2026-09-10T08:24:16.5186854-04:00","Action":"run","Package":"github.com/QuantumNous/new-api/controller","Test":"TestGeminiVideoPrivateKeyAuthorizesChannelGuard/deleting"}
{"Time":"2026-09-10T08:24:16.5186854-04:00","Action":"output","Package":"github.com/QuantumNous/new-api/controller","Test":"TestGeminiVideoPrivateKeyAuthorizesChannelGuard/deleting","Output":"=== RUN   TestGeminiVideoPrivateKeyAuthorizesChannelGuard/deleting\n"}
{"Time":"2026-09-10T08:24:16.5186854-04:00","Action":"output","Package":"github.com/QuantumNous/new-api/controller","Test":"TestGeminiVideoPrivateKeyAuthorizesChannelGuard/deleting","Output":"[SYS] 2026/09/10 - 08:24:16 | SQL_DSN not set, using SQLite as database \n"}
{"Time":"2026-09-10T08:24:16.5207237-04:00","Action":"output","Package":"github.com/QuantumNous/new-api/controller","Test":"TestGeminiVideoPrivateKeyAuthorizesChannelGuard/deleting","Output":"--- PASS: TestGeminiVideoPrivateKeyAuthorizesChannelGuard/deleting (0.00s)\n"}
{"Time":"2026-09-10T08:24:16.5207237-04:00","Action":"pass","Package":"github.com/QuantumNous/new-api/controller","Test":"TestGeminiVideoPrivateKeyAuthorizesChannelGuard/deleting","Elapsed":0}
{"Time":"2026-09-10T08:24:16.5207237-04:00","Action":"run","Package":"github.com/QuantumNous/new-api/controller","Test":"TestGeminiVideoPrivateKeyAuthorizesChannelGuard/deleted"}
{"Time":"2026-09-10T08:24:16.5207237-04:00","Action":"output","Package":"github.com/QuantumNous/new-api/controller","Test":"TestGeminiVideoPrivateKeyAuthorizesChannelGuard/deleted","Output":"=== RUN   TestGeminiVideoPrivateKeyAuthorizesChannelGuard/deleted\n"}
{"Time":"2026-09-10T08:24:16.5207237-04:00","Action":"output","Package":"github.com/QuantumNous/new-api/controller","Test":"TestGeminiVideoPrivateKeyAuthorizesChannelGuard/deleted","Output":"[SYS] 2026/09/10 - 08:24:16 | SQL_DSN not set, using SQLite as database \n"}
{"Time":"2026-09-10T08:24:16.5225169-04:00","Action":"output","Package":"github.com/QuantumNous/new-api/controller","Test":"TestGeminiVideoPrivateKeyAuthorizesChannelGuard/deleted","Output":"--- PASS: TestGeminiVideoPrivateKeyAuthorizesChannelGuard/deleted (0.00s)\n"}
{"Time":"2026-09-10T08:24:16.5225169-04:00","Action":"pass","Package":"github.com/QuantumNous/new-api/controller","Test":"TestGeminiVideoPrivateKeyAuthorizesChannelGuard/deleted","Elapsed":0}
{"Time":"2026-09-10T08:24:16.5225169-04:00","Action":"output","Package":"github.com/QuantumNous/new-api/controller","Test":"TestGeminiVideoPrivateKeyAuthorizesChannelGuard","Output":"--- PASS: TestGeminiVideoPrivateKeyAuthorizesChannelGuard (0.01s)\n"}
{"Time":"2026-09-10T08:24:16.5225169-04:00","Action":"pass","Package":"github.com/QuantumNous/new-api/controller","Test":"TestGeminiVideoPrivateKeyAuthorizesChannelGuard","Elapsed":0.01}
{"Time":"2026-09-10T08:24:16.5225169-04:00","Action":"run","Package":"github.com/QuantumNous/new-api/controller","Test":"TestGeminiVideoGuardIDZeroIsCompatible"}
{"Time":"2026-09-10T08:24:16.5225169-04:00","Action":"output","Package":"github.com/QuantumNous/new-api/controller","Test":"TestGeminiVideoGuardIDZeroIsCompatible","Output":"=== RUN   TestGeminiVideoGuardIDZeroIsCompatible\n"}
{"Time":"2026-09-10T08:24:16.5225169-04:00","Action":"output","Package":"github.com/QuantumNous/new-api/controller","Test":"TestGeminiVideoGuardIDZeroIsCompatible","Output":"--- PASS: TestGeminiVideoGuardIDZeroIsCompatible (0.00s)\n"}
{"Time":"2026-09-10T08:24:16.5225169-04:00","Action":"pass","Package":"github.com/QuantumNous/new-api/controller","Test":"TestGeminiVideoGuardIDZeroIsCompatible","Elapsed":0}
{"Time":"2026-09-10T08:24:16.5225169-04:00","Action":"output","Package":"github.com/QuantumNous/new-api/controller","Output":"PASS\n"}
{"Time":"2026-09-10T08:24:16.532784-04:00","Action":"output","Package":"github.com/QuantumNous/new-api/controller","Output":"ok  \tgithub.com/QuantumNous/new-api/controller\t3.503s\n"}
{"Time":"2026-09-10T08:24:16.532784-04:00","Action":"pass","Package":"github.com/QuantumNous/new-api/controller","Elapsed":3.504}
