=== RUN   TestAccessTokenLifecycleAndLateRequests
[GIN-debug] [WARNING] Running in "debug" mode. Switch to "release" mode in production.
 - using env:	export GIN_MODE=release
 - using code:	gin.SetMode(gin.ReleaseMode)

[GIN-debug] GET    /api/user/token/status    --> github.com/QuantumNous/new-api/controller.GetAccessTokenStatus (4 handlers)
[GIN-debug] GET    /api/user/token           --> github.com/QuantumNous/new-api/controller.GenerateAccessToken (4 handlers)
[GIN-debug] POST   /api/user/token           --> github.com/QuantumNous/new-api/controller.GenerateAccessToken (4 handlers)
[GIN-debug] DELETE /api/user/token           --> github.com/QuantumNous/new-api/controller.RevokeAccessToken (4 handlers)
[GIN-debug] POST   /rotate-in-flight         --> github.com/QuantumNous/new-api/controller.TestAccessTokenLifecycleAndLateRequests.func1 (4 handlers)

2026/09/11 21:15:21 [31;1mD:/10178/Projects/new-api-upstream-sync/model/audit_log.go:220 [35;1mrecord not found
[0m[33m[0.000ms] [34;1m[rows:0][0m SELECT `created_at`,`ip` FROM `audit_logs` WHERE (user_id = 1 AND token_ref = "d827ade22cf0220a56d2da89a7180799bf443d4978dc0bbc8176200b46ece834" AND category = "access_token") AND actor_role IN (1,10) ORDER BY created_at DESC,event_id DESC LIMIT 1

2026/09/11 21:15:21 [31;1mD:/10178/Projects/new-api-upstream-sync/model/audit_log.go:220 [35;1mrecord not found
[0m[33m[0.000ms] [34;1m[rows:0][0m SELECT `created_at`,`ip` FROM `audit_logs` WHERE (user_id = 1 AND token_ref = "d827ade22cf0220a56d2da89a7180799bf443d4978dc0bbc8176200b46ece834" AND category = "access_token") AND actor_role IN (1,10) ORDER BY created_at DESC,event_id DESC LIMIT 1

2026/09/11 21:15:21 [31;1mD:/10178/Projects/new-api-upstream-sync/model/audit_log.go:220 [35;1mrecord not found
[0m[33m[0.000ms] [34;1m[rows:0][0m SELECT `created_at`,`ip` FROM `audit_logs` WHERE (user_id = 1 AND token_ref = "348e9df2a42bd6e3c6356ca9c95c5f1fe9a6b3e5cd25f4ae58df0f09049c3209" AND category = "access_token") AND actor_role IN (1,10) ORDER BY created_at DESC,event_id DESC LIMIT 1

2026/09/11 21:15:21 [31;1mD:/10178/Projects/new-api-upstream-sync/model/user.go:1297 [35;1mrecord not found
[0m[33m[0.000ms] [34;1m[rows:0][0m SELECT * FROM `users` WHERE access_token = "legacy-opaque-token" AND `users`.`deleted_at` IS NULL ORDER BY `users`.`id` LIMIT 1

2026/09/11 21:15:21 [31;1mD:/10178/Projects/new-api-upstream-sync/model/user.go:1297 [35;1mrecord not found
[0m[33m[0.000ms] [34;1m[rows:0][0m SELECT * FROM `users` WHERE access_token = "legacy-opaque-token" AND `users`.`deleted_at` IS NULL ORDER BY `users`.`id` LIMIT 1

2026/09/11 21:15:21 [31;1mD:/10178/Projects/new-api-upstream-sync/model/user.go:1297 [35;1mrecord not found
[0m[33m[0.000ms] [34;1m[rows:0][0m SELECT * FROM `users` WHERE access_token = "new-token" AND `users`.`deleted_at` IS NULL ORDER BY `users`.`id` LIMIT 1

2026/09/11 21:15:21 [31;1mD:/10178/Projects/new-api-upstream-sync/model/user.go:1297 [35;1mrecord not found
[0m[33m[0.000ms] [34;1m[rows:0][0m SELECT * FROM `users` WHERE access_token = "new-token" AND `users`.`deleted_at` IS NULL ORDER BY `users`.`id` LIMIT 1
--- PASS: TestAccessTokenLifecycleAndLateRequests (0.05s)
=== RUN   TestAccessTokenAuditsResultsAndExcludesBrowserSessions
[GIN-debug] [WARNING] Running in "debug" mode. Switch to "release" mode in production.
 - using env:	export GIN_MODE=release
 - using code:	gin.SetMode(gin.ReleaseMode)

[GIN-debug] GET    /public                   --> github.com/QuantumNous/new-api/controller.TestAccessTokenAuditsResultsAndExcludesBrowserSessions.func2 (3 handlers)
[GIN-debug] GET    /rate-limited             --> github.com/QuantumNous/new-api/controller.TestAccessTokenAuditsResultsAndExcludesBrowserSessions.UserAuth.func10 (4 handlers)
[GIN-debug] GET    /read/:id                 --> github.com/QuantumNous/new-api/controller.TestAccessTokenAuditsResultsAndExcludesBrowserSessions.func4 (4 handlers)
[GIN-debug] POST   /write                    --> github.com/QuantumNous/new-api/controller.TestAccessTokenAuditsResultsAndExcludesBrowserSessions.func5 (4 handlers)
[GIN-debug] POST   /business-failure         --> github.com/QuantumNous/new-api/controller.TestAccessTokenAuditsResultsAndExcludesBrowserSessions.func6 (4 handlers)
[GIN-debug] GET    /forbidden                --> github.com/QuantumNous/new-api/controller.TestAccessTokenAuditsResultsAndExcludesBrowserSessions.func7 (4 handlers)

2026/09/11 21:15:21 [31;1mD:/10178/Projects/new-api-upstream-sync/model/user.go:1297 [35;1mrecord not found
[0m[33m[0.000ms] [34;1m[rows:0][0m SELECT * FROM `users` WHERE access_token = "unknown-token" AND `users`.`deleted_at` IS NULL ORDER BY `users`.`id` LIMIT 1

2026/09/11 21:15:21 [31;1mD:/10178/Projects/new-api-upstream-sync/model/user.go:1297 [35;1mrecord not found
[0m[33m[0.000ms] [34;1m[rows:0][0m SELECT * FROM `users` WHERE access_token = "unknown-token" AND `users`.`deleted_at` IS NULL ORDER BY `users`.`id` LIMIT 1
--- PASS: TestAccessTokenAuditsResultsAndExcludesBrowserSessions (0.01s)
=== RUN   TestAuditIsolationVisibilityAndFailureContracts
[GIN-debug] [WARNING] Running in "debug" mode. Switch to "release" mode in production.
 - using env:	export GIN_MODE=release
 - using code:	gin.SetMode(gin.ReleaseMode)

[GIN-debug] GET    /api/audit/self           --> github.com/QuantumNous/new-api/controller.GetAuditLogs (4 handlers)
[GIN-debug] GET    /api/audit                --> github.com/QuantumNous/new-api/controller.GetAuditLogs (5 handlers)

2026/09/11 21:15:21 [34;1mD:/10178/Projects/new-api-upstream-sync/controller/access_token_audit_test.go:227
[0m[35m[warn] [0mremoving callback `audit:fail` from D:/10178/Projects/new-api-upstream-sync/controller/access_token_audit_test.go:227

2026/09/11 21:15:21 [34;1mD:/10178/Projects/new-api-upstream-sync/controller/access_token_audit_test.go:232
[0m[35m[warn] [0mremoving callback `audit:write-fail` from D:/10178/Projects/new-api-upstream-sync/controller/access_token_audit_test.go:232
--- PASS: TestAuditIsolationVisibilityAndFailureContracts (0.01s)
=== RUN   TestAuditRoleVisibilityAndPermissions
[ERR] 2026/09/11 - 21:15:21 | SYSTEM | audit actor role unavailable (request_id=role-0, actor_role=0) 
[ERR] 2026/09/11 - 21:15:21 | SYSTEM | audit actor role unavailable (request_id=role--1, actor_role=-1) 
[ERR] 2026/09/11 - 21:15:21 | SYSTEM | audit actor role unavailable (request_id=role-99, actor_role=99) 
[GIN-debug] [WARNING] Running in "debug" mode. Switch to "release" mode in production.
 - using env:	export GIN_MODE=release
 - using code:	gin.SetMode(gin.ReleaseMode)

[GIN-debug] GET    /api/audit                --> github.com/QuantumNous/new-api/controller.GetAuditLogs (5 handlers)
[GIN-debug] GET    /api/audit/self           --> github.com/QuantumNous/new-api/controller.GetAuditLogs (4 handlers)
--- PASS: TestAuditRoleVisibilityAndPermissions (0.01s)
=== RUN   TestAuditRoleSnapshotSurvivesActorChanges
[GIN-debug] [WARNING] Running in "debug" mode. Switch to "release" mode in production.
 - using env:	export GIN_MODE=release
 - using code:	gin.SetMode(gin.ReleaseMode)

[GIN-debug] POST   /change-role              --> github.com/QuantumNous/new-api/controller.TestAuditRoleSnapshotSurvivesActorChanges.func1 (4 handlers)

2026/09/11 21:15:21 [31;1mD:/10178/Projects/new-api-upstream-sync/model/audit_log.go:220 [35;1mrecord not found
[0m[33m[0.000ms] [34;1m[rows:0][0m SELECT `created_at`,`ip` FROM `audit_logs` WHERE (user_id = 1 AND token_ref = "d827ade22cf0220a56d2da89a7180799bf443d4978dc0bbc8176200b46ece834" AND category = "access_token") AND actor_role IN (1,10) ORDER BY created_at DESC,event_id DESC LIMIT 1
--- PASS: TestAuditRoleSnapshotSurvivesActorChanges (0.00s)
=== RUN   TestSecurityAndOperationEventsUseAuditTable
[GIN-debug] [WARNING] Running in "debug" mode. Switch to "release" mode in production.
 - using env:	export GIN_MODE=release
 - using code:	gin.SetMode(gin.ReleaseMode)

--- PASS: TestSecurityAndOperationEventsUseAuditTable (0.00s)
=== RUN   TestAuditOtherDatabaseEncoding
--- PASS: TestAuditOtherDatabaseEncoding (0.00s)
=== RUN   TestAuditDatabaseMatrix
=== RUN   TestAuditDatabaseMatrix/sqlite
=== RUN   TestAuditDatabaseMatrix/sqlite/upgrade=false
    access_token_audit_test.go:691: database version: 3.50.4
[SYS] 2026/09/11 - 21:15:21 | SQL_DSN not set, using SQLite as database 
[SYS] 2026/09/11 - 21:15:21 | database migration started 

2026/09/11 21:15:22 [32mC:/Users/10178/go/pkg/mod/github.com/glebarez/sqlite@v1.11.0/migrator.go:342
[0m[33m[0.000ms] [34;1m[rows:3][0m SELECT * FROM PRAGMA_index_list("passkey_credentials")

2026/09/11 21:15:22 [32mC:/Users/10178/go/pkg/mod/github.com/glebarez/sqlite@v1.11.0/migrator.go:342
[0m[33m[0.000ms] [34;1m[rows:3][0m SELECT * FROM PRAGMA_index_list("passkey_credentials")
[SYS] 2026/09/11 - 21:15:22 | SQL_DSN not set, using SQLite as database 
[SYS] 2026/09/11 - 21:15:22 | database migration started 

2026/09/11 21:15:22 [32mC:/Users/10178/go/pkg/mod/github.com/glebarez/sqlite@v1.11.0/migrator.go:342
[0m[33m[0.000ms] [34;1m[rows:3][0m SELECT * FROM PRAGMA_index_list("passkey_credentials")

2026/09/11 21:15:22 [32mC:/Users/10178/go/pkg/mod/github.com/glebarez/sqlite@v1.11.0/migrator.go:342
[0m[33m[0.000ms] [34;1m[rows:3][0m SELECT * FROM PRAGMA_index_list("passkey_credentials")

2026/09/11 21:15:22 [31;1mD:/10178/Projects/new-api-upstream-sync/controller/access_token_audit_test.go:725 [35;1mconstraint failed: UNIQUE constraint failed: users.access_token (2067)
[0m[33m[1.004ms] [34;1m[rows:0][0m INSERT INTO `users` (`username`,`password`,`display_name`,`role`,`status`,`email`,`github_id`,`discord_id`,`oidc_id`,`wechat_id`,`telegram_id`,`access_token`,`access_token_created_at`,`quota`,`used_quota`,`request_count`,`requests_per_minute`,`group`,`aff_code`,`aff_count`,`aff_quota`,`aff_history`,`inviter_id`,`deleted_at`,`linux_do_id`,`setting`,`remark`,`stripe_customer`,`created_at`,`last_login_at`,`auth_version`,`auto_ban_until`,`auto_ban_rule`,`auto_ban_record_id`,`auto_ban_response_status`,`auto_ban_response_code`,`auto_ban_response_message`) VALUES ("duplicate","placeholder","",1,1,"","","","","","","matrix-token",NULL,0,0,0,NULL,"default","duplicate-aff",0,0,0,0,NULL,"","","","",1789132522,0,1,0,"",0,403,"","") RETURNING `id`
[ERR] 2026/09/11 - 21:15:22 | SYSTEM | audit actor role unavailable (request_id=matrix-role-0, actor_role=0) 
[ERR] 2026/09/11 - 21:15:22 | SYSTEM | audit actor role unavailable (request_id=matrix-role-99, actor_role=99) 
=== RUN   TestAuditDatabaseMatrix/sqlite/upgrade=true
    access_token_audit_test.go:691: database version: 3.50.4
[SYS] 2026/09/11 - 21:15:22 | SQL_DSN not set, using SQLite as database 
[SYS] 2026/09/11 - 21:15:22 | database migration started 

2026/09/11 21:15:22 [32mC:/Users/10178/go/pkg/mod/github.com/glebarez/sqlite@v1.11.0/migrator.go:342
[0m[33m[1.005ms] [34;1m[rows:3][0m SELECT * FROM PRAGMA_index_list("passkey_credentials")

2026/09/11 21:15:22 [32mC:/Users/10178/go/pkg/mod/github.com/glebarez/sqlite@v1.11.0/migrator.go:342
[0m[33m[0.000ms] [34;1m[rows:3][0m SELECT * FROM PRAGMA_index_list("passkey_credentials")
[SYS] 2026/09/11 - 21:15:22 | SQL_DSN not set, using SQLite as database 
[SYS] 2026/09/11 - 21:15:22 | database migration started 

2026/09/11 21:15:22 [32mC:/Users/10178/go/pkg/mod/github.com/glebarez/sqlite@v1.11.0/migrator.go:342
[0m[33m[0.000ms] [34;1m[rows:3][0m SELECT * FROM PRAGMA_index_list("passkey_credentials")

2026/09/11 21:15:22 [32mC:/Users/10178/go/pkg/mod/github.com/glebarez/sqlite@v1.11.0/migrator.go:342
[0m[33m[0.000ms] [34;1m[rows:3][0m SELECT * FROM PRAGMA_index_list("passkey_credentials")

2026/09/11 21:15:22 [31;1mD:/10178/Projects/new-api-upstream-sync/controller/access_token_audit_test.go:725 [35;1mconstraint failed: UNIQUE constraint failed: users.access_token (2067)
[0m[33m[0.538ms] [34;1m[rows:0][0m INSERT INTO `users` (`username`,`password`,`display_name`,`role`,`status`,`email`,`github_id`,`discord_id`,`oidc_id`,`wechat_id`,`telegram_id`,`access_token`,`access_token_created_at`,`quota`,`used_quota`,`request_count`,`requests_per_minute`,`group`,`aff_code`,`aff_count`,`aff_quota`,`aff_history`,`inviter_id`,`deleted_at`,`linux_do_id`,`setting`,`remark`,`stripe_customer`,`created_at`,`last_login_at`,`auth_version`,`auto_ban_until`,`auto_ban_rule`,`auto_ban_record_id`,`auto_ban_response_status`,`auto_ban_response_code`,`auto_ban_response_message`) VALUES ("duplicate","placeholder","",1,1,"","","","","","","matrix-token",NULL,0,0,0,NULL,"default","duplicate-aff",0,0,0,0,NULL,"","","","",1789132522,0,1,0,"",0,403,"","") RETURNING `id`
[ERR] 2026/09/11 - 21:15:22 | SYSTEM | audit actor role unavailable (request_id=matrix-role-0, actor_role=0) 
[ERR] 2026/09/11 - 21:15:22 | SYSTEM | audit actor role unavailable (request_id=matrix-role-99, actor_role=99) 
=== RUN   TestAuditDatabaseMatrix/mysql
    access_token_audit_test.go:671: AUDIT_MYSQL_DSN is not configured
=== RUN   TestAuditDatabaseMatrix/postgres
    access_token_audit_test.go:671: AUDIT_POSTGRES_DSN is not configured
--- PASS: TestAuditDatabaseMatrix (0.67s)
    --- PASS: TestAuditDatabaseMatrix/sqlite (0.67s)
        --- PASS: TestAuditDatabaseMatrix/sqlite/upgrade=false (0.33s)
        --- PASS: TestAuditDatabaseMatrix/sqlite/upgrade=true (0.34s)
    --- SKIP: TestAuditDatabaseMatrix/mysql (0.00s)
    --- SKIP: TestAuditDatabaseMatrix/postgres (0.00s)
=== RUN   TestIndependentAuditLogStores
=== RUN   TestIndependentAuditLogStores/mysql/upgrade=false
    access_token_audit_test.go:789: AUDIT_MYSQL_DSN is not configured
=== RUN   TestIndependentAuditLogStores/mysql/upgrade=true
    access_token_audit_test.go:789: AUDIT_MYSQL_DSN is not configured
=== RUN   TestIndependentAuditLogStores/postgres/upgrade=false
    access_token_audit_test.go:789: AUDIT_POSTGRES_DSN is not configured
=== RUN   TestIndependentAuditLogStores/postgres/upgrade=true
    access_token_audit_test.go:789: AUDIT_POSTGRES_DSN is not configured
=== RUN   TestIndependentAuditLogStores/clickhouse/upgrade=false
    access_token_audit_test.go:789: AUDIT_CLICKHOUSE_DSN is not configured
=== RUN   TestIndependentAuditLogStores/clickhouse/upgrade=true
    access_token_audit_test.go:789: AUDIT_CLICKHOUSE_DSN is not configured
--- PASS: TestIndependentAuditLogStores (0.00s)
    --- SKIP: TestIndependentAuditLogStores/mysql/upgrade=false (0.00s)
    --- SKIP: TestIndependentAuditLogStores/mysql/upgrade=true (0.00s)
    --- SKIP: TestIndependentAuditLogStores/postgres/upgrade=false (0.00s)
    --- SKIP: TestIndependentAuditLogStores/postgres/upgrade=true (0.00s)
    --- SKIP: TestIndependentAuditLogStores/clickhouse/upgrade=false (0.00s)
    --- SKIP: TestIndependentAuditLogStores/clickhouse/upgrade=true (0.00s)
=== RUN   TestSecurityLoginCodeCompletesOnce
=== RUN   TestSecurityLoginCodeCompletesOnce//api/user/login/verify/backup=false
    auth_flow_test.go:76: database: sqlite 3.50.4
=== RUN   TestSecurityLoginCodeCompletesOnce//api/user/login/2fa/backup=false
    auth_flow_test.go:76: database: sqlite 3.50.4
=== RUN   TestSecurityLoginCodeCompletesOnce//api/user/login/verify/backup=true
    auth_flow_test.go:76: database: sqlite 3.50.4
--- PASS: TestSecurityLoginCodeCompletesOnce (0.44s)
    --- PASS: TestSecurityLoginCodeCompletesOnce//api/user/login/verify/backup=false (0.12s)
    --- PASS: TestSecurityLoginCodeCompletesOnce//api/user/login/2fa/backup=false (0.12s)
    --- PASS: TestSecurityLoginCodeCompletesOnce//api/user/login/verify/backup=true (0.19s)
=== RUN   TestSecurityLoginRejectsChangedOrExpiredAuthorization
=== RUN   TestSecurityLoginRejectsChangedOrExpiredAuthorization/expired
    auth_flow_test.go:121: database: sqlite 3.50.4
=== RUN   TestSecurityLoginRejectsChangedOrExpiredAuthorization/disabled_user
    auth_flow_test.go:121: database: sqlite 3.50.4
=== RUN   TestSecurityLoginRejectsChangedOrExpiredAuthorization/auth_version
    auth_flow_test.go:121: database: sqlite 3.50.4
=== RUN   TestSecurityLoginRejectsChangedOrExpiredAuthorization/factor_removed
    auth_flow_test.go:121: database: sqlite 3.50.4
=== RUN   TestSecurityLoginRejectsChangedOrExpiredAuthorization/factor_locked
    auth_flow_test.go:121: database: sqlite 3.50.4
=== RUN   TestSecurityLoginRejectsChangedOrExpiredAuthorization/legacy_flow
    auth_flow_test.go:121: database: sqlite 3.50.4
=== RUN   TestSecurityLoginRejectsChangedOrExpiredAuthorization/wrong_method
    auth_flow_test.go:121: database: sqlite 3.50.4
=== RUN   TestSecurityLoginRejectsChangedOrExpiredAuthorization/other_purpose
    auth_flow_test.go:121: database: sqlite 3.50.4
--- PASS: TestSecurityLoginRejectsChangedOrExpiredAuthorization (0.94s)
    --- PASS: TestSecurityLoginRejectsChangedOrExpiredAuthorization/expired (0.12s)
    --- PASS: TestSecurityLoginRejectsChangedOrExpiredAuthorization/disabled_user (0.12s)
    --- PASS: TestSecurityLoginRejectsChangedOrExpiredAuthorization/auth_version (0.12s)
    --- PASS: TestSecurityLoginRejectsChangedOrExpiredAuthorization/factor_removed (0.12s)
    --- PASS: TestSecurityLoginRejectsChangedOrExpiredAuthorization/factor_locked (0.12s)
    --- PASS: TestSecurityLoginRejectsChangedOrExpiredAuthorization/legacy_flow (0.12s)
    --- PASS: TestSecurityLoginRejectsChangedOrExpiredAuthorization/wrong_method (0.12s)
    --- PASS: TestSecurityLoginRejectsChangedOrExpiredAuthorization/other_purpose (0.12s)
=== RUN   TestSecurityLoginPasskeyDoesNotRequireAdditionalTwoFA
=== RUN   TestSecurityLoginPasskeyDoesNotRequireAdditionalTwoFA/direct=false
    auth_flow_test.go:164: database: sqlite 3.50.4
=== RUN   TestSecurityLoginPasskeyDoesNotRequireAdditionalTwoFA/direct=true
    auth_flow_test.go:164: database: sqlite 3.50.4
--- PASS: TestSecurityLoginPasskeyDoesNotRequireAdditionalTwoFA (0.25s)
    --- PASS: TestSecurityLoginPasskeyDoesNotRequireAdditionalTwoFA/direct=false (0.13s)
    --- PASS: TestSecurityLoginPasskeyDoesNotRequireAdditionalTwoFA/direct=true (0.12s)
=== RUN   TestSecurityLoginPasskeyConcurrentCompletionCreatesOneSession
    auth_flow_test.go:226: database: sqlite 3.50.4
--- PASS: TestSecurityLoginPasskeyConcurrentCompletionCreatesOneSession (0.13s)
=== RUN   TestSecurityLoginSessionFailureRollsBackChallengeConsumption
    auth_flow_test.go:267: database: sqlite 3.50.4
[ERR] 2026/09/11 - 21:15:24 | SYSTEM | auth session internal error (POST /api/user/login/passkey/finish): private session creation failure 
--- PASS: TestSecurityLoginSessionFailureRollsBackChallengeConsumption (0.13s)
=== RUN   TestSecurityLoginFactorStateDoesNotAddPasswordLoginQueries
    auth_flow_test.go:299: database: sqlite 3.50.4
--- PASS: TestSecurityLoginFactorStateDoesNotAddPasswordLoginQueries (0.15s)
=== RUN   TestSecurityLoginAllPrimaryTransportsRequireAdditionalVerification
=== RUN   TestSecurityLoginAllPrimaryTransportsRequireAdditionalVerification/oauth
    auth_flow_test.go:343: database: sqlite 3.50.4
=== RUN   TestSecurityLoginAllPrimaryTransportsRequireAdditionalVerification/custom_oauth
    auth_flow_test.go:343: database: sqlite 3.50.4
=== RUN   TestSecurityLoginAllPrimaryTransportsRequireAdditionalVerification/wechat
    auth_flow_test.go:343: database: sqlite 3.50.4
=== RUN   TestSecurityLoginAllPrimaryTransportsRequireAdditionalVerification/telegram
    auth_flow_test.go:340: database: sqlite 3.50.4
--- PASS: TestSecurityLoginAllPrimaryTransportsRequireAdditionalVerification (0.52s)
    --- PASS: TestSecurityLoginAllPrimaryTransportsRequireAdditionalVerification/oauth (0.12s)
    --- PASS: TestSecurityLoginAllPrimaryTransportsRequireAdditionalVerification/custom_oauth (0.12s)
    --- PASS: TestSecurityLoginAllPrimaryTransportsRequireAdditionalVerification/wechat (0.12s)
    --- PASS: TestSecurityLoginAllPrimaryTransportsRequireAdditionalVerification/telegram (0.15s)
=== RUN   TestSecurityLoginPasskeyCannotCompleteAnotherChallenge
=== RUN   TestSecurityLoginPasskeyCannotCompleteAnotherChallenge/other-user=false
    auth_flow_test.go:411: database: sqlite 3.50.4
=== RUN   TestSecurityLoginPasskeyCannotCompleteAnotherChallenge/other-user=true
    auth_flow_test.go:411: database: sqlite 3.50.4
--- PASS: TestSecurityLoginPasskeyCannotCompleteAnotherChallenge (0.24s)
    --- PASS: TestSecurityLoginPasskeyCannotCompleteAnotherChallenge/other-user=false (0.12s)
    --- PASS: TestSecurityLoginPasskeyCannotCompleteAnotherChallenge/other-user=true (0.12s)
=== RUN   TestSecurityLoginPasskeyCanManageTwoFAWithScopedProofs
=== RUN   TestSecurityLoginPasskeyCanManageTwoFAWithScopedProofs/2fa.disable
    auth_flow_test.go:440: database: sqlite 3.50.4
=== RUN   TestSecurityLoginPasskeyCanManageTwoFAWithScopedProofs/2fa.backup_codes.regenerate
    auth_flow_test.go:440: database: sqlite 3.50.4
--- PASS: TestSecurityLoginPasskeyCanManageTwoFAWithScopedProofs (0.48s)
    --- PASS: TestSecurityLoginPasskeyCanManageTwoFAWithScopedProofs/2fa.disable (0.16s)
    --- PASS: TestSecurityLoginPasskeyCanManageTwoFAWithScopedProofs/2fa.backup_codes.regenerate (0.32s)
=== RUN   TestSecurityLoginRegisteredPasskeyRequiresUserVerification
=== RUN   TestSecurityLoginRegisteredPasskeyRequiresUserVerification/verified=false
    auth_flow_test.go:512: database: sqlite 3.50.4
=== RUN   TestSecurityLoginRegisteredPasskeyRequiresUserVerification/verified=true
    auth_flow_test.go:512: database: sqlite 3.50.4
--- PASS: TestSecurityLoginRegisteredPasskeyRequiresUserVerification (0.25s)
    --- PASS: TestSecurityLoginRegisteredPasskeyRequiresUserVerification/verified=false (0.13s)
    --- PASS: TestSecurityLoginRegisteredPasskeyRequiresUserVerification/verified=true (0.12s)
=== RUN   TestSecurityLoginRequiresConfiguredFactors
=== RUN   TestSecurityLoginRequiresConfiguredFactors/password_without_additional_factors
    auth_flow_test.go:568: database: sqlite 3.50.4
=== RUN   TestSecurityLoginRequiresConfiguredFactors/passkey_requires_verification
    auth_flow_test.go:568: database: sqlite 3.50.4
=== RUN   TestSecurityLoginRequiresConfiguredFactors/twofa_requires_verification
    auth_flow_test.go:568: database: sqlite 3.50.4
=== RUN   TestSecurityLoginRequiresConfiguredFactors/both_factors_are_alternatives
    auth_flow_test.go:568: database: sqlite 3.50.4
=== RUN   TestSecurityLoginRequiresConfiguredFactors/locked_twofa_permits_passkey
    auth_flow_test.go:568: database: sqlite 3.50.4
=== RUN   TestSecurityLoginRequiresConfiguredFactors/disabled_passkey_permits_twofa
    auth_flow_test.go:568: database: sqlite 3.50.4
=== RUN   TestSecurityLoginRequiresConfiguredFactors/only_passkey_disabled_blocks_password
    auth_flow_test.go:568: database: sqlite 3.50.4
=== RUN   TestSecurityLoginRequiresConfiguredFactors/both_factors_unavailable_block_password
    auth_flow_test.go:568: database: sqlite 3.50.4
--- PASS: TestSecurityLoginRequiresConfiguredFactors (1.27s)
    --- PASS: TestSecurityLoginRequiresConfiguredFactors/password_without_additional_factors (0.16s)
    --- PASS: TestSecurityLoginRequiresConfiguredFactors/passkey_requires_verification (0.16s)
    --- PASS: TestSecurityLoginRequiresConfiguredFactors/twofa_requires_verification (0.15s)
    --- PASS: TestSecurityLoginRequiresConfiguredFactors/both_factors_are_alternatives (0.16s)
    --- PASS: TestSecurityLoginRequiresConfiguredFactors/locked_twofa_permits_passkey (0.16s)
    --- PASS: TestSecurityLoginRequiresConfiguredFactors/disabled_passkey_permits_twofa (0.16s)
    --- PASS: TestSecurityLoginRequiresConfiguredFactors/only_passkey_disabled_blocks_password (0.16s)
    --- PASS: TestSecurityLoginRequiresConfiguredFactors/both_factors_unavailable_block_password (0.16s)
=== RUN   TestGenerateOAuthCodeCarriesAffiliateInLoginFlow
--- PASS: TestGenerateOAuthCodeCarriesAffiliateInLoginFlow (0.00s)
=== RUN   TestGenerateOAuthCodeBindsFlowToAuthenticatedSession
    auth_flow_test.go:706: database: sqlite 3.50.4
--- PASS: TestGenerateOAuthCodeBindsFlowToAuthenticatedSession (0.12s)
=== RUN   TestOAuthLoginConsumesFlowOnlyAfterProviderIdentity
=== RUN   TestOAuthLoginConsumesFlowOnlyAfterProviderIdentity/exchange_failure
[ERR] 2026/09/11 - 21:15:27 | SYSTEM | auth session internal error (GET /api/oauth/auth-flow-test): exchange failed 
=== RUN   TestOAuthLoginConsumesFlowOnlyAfterProviderIdentity/user_info_failure
[ERR] 2026/09/11 - 21:15:27 | SYSTEM | auth session internal error (GET /api/oauth/auth-flow-test): user info failed 
--- PASS: TestOAuthLoginConsumesFlowOnlyAfterProviderIdentity (0.00s)
    --- PASS: TestOAuthLoginConsumesFlowOnlyAfterProviderIdentity/exchange_failure (0.00s)
    --- PASS: TestOAuthLoginConsumesFlowOnlyAfterProviderIdentity/user_info_failure (0.00s)
=== RUN   TestOAuthLoginConsumesFlowAfterProviderIdentityAndOnProviderError
[ERR] 2026/09/11 - 21:15:27 | SYSTEM | auth session internal error (GET /api/oauth/auth-flow-test): invalid character 'i' looking for beginning of object key string 
--- PASS: TestOAuthLoginConsumesFlowAfterProviderIdentityAndOnProviderError (0.00s)
=== RUN   TestOAuthBindProviderErrorConsumesSessionBoundFlow
    auth_flow_test.go:796: database: sqlite 3.50.4
--- PASS: TestOAuthBindProviderErrorConsumesSessionBoundFlow (0.12s)
=== RUN   TestAuthLogoutRejectsRefreshCookieSessionMismatch
--- PASS: TestAuthLogoutRejectsRefreshCookieSessionMismatch (0.00s)
=== RUN   TestWriteAuthSessionErrorMapsSessionGrowthLimits
=== RUN   TestWriteAuthSessionErrorMapsSessionGrowthLimits/active_session_limit
=== RUN   TestWriteAuthSessionErrorMapsSessionGrowthLimits/issuance_limit
--- PASS: TestWriteAuthSessionErrorMapsSessionGrowthLimits (0.00s)
    --- PASS: TestWriteAuthSessionErrorMapsSessionGrowthLimits/active_session_limit (0.00s)
    --- PASS: TestWriteAuthSessionErrorMapsSessionGrowthLimits/issuance_limit (0.00s)
=== RUN   TestSessionLimitDoesNotRecordRejectedLoginAsSuccessful
--- PASS: TestSessionLimitDoesNotRecordRejectedLoginAsSuccessful (0.00s)
=== RUN   TestSetupLoginReturnsConfiguredAutoBanResponse
=== RUN   TestSetupLoginReturnsConfiguredAutoBanResponse/banned_snapshot
=== RUN   TestSetupLoginReturnsConfiguredAutoBanResponse/ban_after_snapshot
--- PASS: TestSetupLoginReturnsConfiguredAutoBanResponse (0.00s)
    --- PASS: TestSetupLoginReturnsConfiguredAutoBanResponse/banned_snapshot (0.00s)
    --- PASS: TestSetupLoginReturnsConfiguredAutoBanResponse/ban_after_snapshot (0.00s)
=== RUN   TestAutoPriceSyncConfigRequiresSourceAndDoesNotEnqueue

2026/09/11 21:15:27 [31;1mD:/10178/Projects/new-api-upstream-sync/service/auto_sync_status.go:137 [35;1mrecord not found
[0m[33m[0.000ms] [34;1m[rows:0][0m SELECT * FROM `options` WHERE `options`.`key` = "auto_price_sync.enabled" ORDER BY `options`.`key` LIMIT 1

2026/09/11 21:15:27 [31;1mD:/10178/Projects/new-api-upstream-sync/service/auto_sync_status.go:137 [35;1mrecord not found
[0m[33m[0.000ms] [34;1m[rows:0][0m SELECT * FROM `options` WHERE `options`.`key` = "auto_price_sync.source_descriptor" ORDER BY `options`.`key` LIMIT 1

2026/09/11 21:15:27 [31;1mD:/10178/Projects/new-api-upstream-sync/model/user.go:1570 [35;1mSQL logic error: no such table: users (1)
[0m[33m[0.000ms] [34;1m[rows:0][0m SELECT `username` FROM `users` WHERE id = 1 AND `users`.`deleted_at` IS NULL

2026/09/11 21:15:27 [31;1mD:/10178/Projects/new-api-upstream-sync/model/user.go:1570 [35;1mSQL logic error: no such table: users (1)
[0m[33m[0.000ms] [34;1m[rows:0][0m SELECT `username` FROM `users` WHERE id = 1 AND `users`.`deleted_at` IS NULL

2026/09/11 21:15:27 [31;1mD:/10178/Projects/new-api-upstream-sync/service/auto_sync_status.go:152 [35;1mrecord not found
[0m[33m[0.000ms] [34;1m[rows:0][0m SELECT * FROM `channel_auto_sync_cursors` WHERE type = "auto_price_sync" ORDER BY `channel_auto_sync_cursors`.`type` LIMIT 1

2026/09/11 21:15:27 [31;1mD:/10178/Projects/new-api-upstream-sync/model/system_task.go:151 [35;1mrecord not found
[0m[33m[0.000ms] [34;1m[rows:0][0m SELECT * FROM `system_tasks` WHERE type = "auto_price_sync" AND status IN ("pending","running") ORDER BY id desc,`system_tasks`.`id` LIMIT 1

2026/09/11 21:15:27 [31;1mD:/10178/Projects/new-api-upstream-sync/service/auto_sync_status.go:164 [35;1mrecord not found
[0m[33m[0.000ms] [34;1m[rows:0][0m SELECT * FROM `system_tasks` WHERE type = "auto_price_sync" AND status IN ("succeeded","failed") ORDER BY id DESC,`system_tasks`.`id` LIMIT 1
--- PASS: TestAutoPriceSyncConfigRequiresSourceAndDoesNotEnqueue (0.00s)
=== RUN   TestAutoModelSyncConfigAndStatus

2026/09/11 21:15:27 [31;1mD:/10178/Projects/new-api-upstream-sync/model/user.go:1570 [35;1mSQL logic error: no such table: users (1)
[0m[33m[0.000ms] [34;1m[rows:0][0m SELECT `username` FROM `users` WHERE id = 1 AND `users`.`deleted_at` IS NULL

2026/09/11 21:15:27 [31;1mD:/10178/Projects/new-api-upstream-sync/model/user.go:1570 [35;1mSQL logic error: no such table: users (1)
[0m[33m[0.000ms] [34;1m[rows:0][0m SELECT `username` FROM `users` WHERE id = 1 AND `users`.`deleted_at` IS NULL

2026/09/11 21:15:27 [31;1mD:/10178/Projects/new-api-upstream-sync/service/auto_sync_status.go:152 [35;1mrecord not found
[0m[33m[0.000ms] [34;1m[rows:0][0m SELECT * FROM `channel_auto_sync_cursors` WHERE type = "auto_model_metadata_sync" ORDER BY `channel_auto_sync_cursors`.`type` LIMIT 1

2026/09/11 21:15:27 [31;1mD:/10178/Projects/new-api-upstream-sync/model/system_task.go:151 [35;1mrecord not found
[0m[33m[0.000ms] [34;1m[rows:0][0m SELECT * FROM `system_tasks` WHERE type = "auto_model_metadata_sync" AND status IN ("pending","running") ORDER BY id desc,`system_tasks`.`id` LIMIT 1

2026/09/11 21:15:27 [31;1mD:/10178/Projects/new-api-upstream-sync/service/auto_sync_status.go:164 [35;1mrecord not found
[0m[33m[0.000ms] [34;1m[rows:0][0m SELECT * FROM `system_tasks` WHERE type = "auto_model_metadata_sync" AND status IN ("succeeded","failed") ORDER BY id DESC,`system_tasks`.`id` LIMIT 1

2026/09/11 21:15:27 [31;1mD:/10178/Projects/new-api-upstream-sync/service/auto_sync_status.go:152 [35;1mrecord not found
[0m[33m[0.000ms] [34;1m[rows:0][0m SELECT * FROM `channel_auto_sync_cursors` WHERE type = "auto_model_metadata_sync" ORDER BY `channel_auto_sync_cursors`.`type` LIMIT 1

2026/09/11 21:15:27 [31;1mD:/10178/Projects/new-api-upstream-sync/model/system_task.go:151 [35;1mrecord not found
[0m[33m[0.000ms] [34;1m[rows:0][0m SELECT * FROM `system_tasks` WHERE type = "auto_model_metadata_sync" AND status IN ("pending","running") ORDER BY id desc,`system_tasks`.`id` LIMIT 1

2026/09/11 21:15:27 [31;1mD:/10178/Projects/new-api-upstream-sync/service/auto_sync_status.go:164 [35;1mrecord not found
[0m[33m[0.000ms] [34;1m[rows:0][0m SELECT * FROM `system_tasks` WHERE type = "auto_model_metadata_sync" AND status IN ("succeeded","failed") ORDER BY id DESC,`system_tasks`.`id` LIMIT 1
--- PASS: TestAutoModelSyncConfigAndStatus (0.00s)
=== RUN   TestPricingPatchRejectsInvalidTaskBillingExpressions
=== RUN   TestPricingPatchRejectsInvalidTaskBillingExpressions/invalid_syntax
=== RUN   TestPricingPatchRejectsInvalidTaskBillingExpressions/undeclared_usage_key
=== RUN   TestPricingPatchRejectsInvalidTaskBillingExpressions/fixed_request_pricing
=== RUN   TestPricingPatchRejectsInvalidTaskBillingExpressions/alias_uses_declared_schema
=== RUN   TestPricingPatchRejectsInvalidTaskBillingExpressions/missing_plugin_schema

2026/09/11 21:15:27 [31;1mD:/10178/Projects/new-api-upstream-sync/model/ability.go:39 [35;1mSQL logic error: no such table: abilities (1)
[0m[33m[0.000ms] [34;1m[rows:-][0m SELECT abilities.*, channels.type as channel_type FROM `abilities` left join channels on abilities.channel_id = channels.id WHERE abilities.enabled = true
[SYS] 2026/09/11 - 21:15:27 | GetAllEnableAbilityWithChannels error: SQL logic error: no such table: abilities (1) 

2026/09/11 21:15:27 [31;1mD:/10178/Projects/new-api-upstream-sync/model/user.go:1570 [35;1mSQL logic error: no such table: users (1)
[0m[33m[0.000ms] [34;1m[rows:0][0m SELECT `username` FROM `users` WHERE id = 1 AND `users`.`deleted_at` IS NULL

2026/09/11 21:15:27 [31;1mD:/10178/Projects/new-api-upstream-sync/model/user.go:1570 [35;1mSQL logic error: no such table: users (1)
[0m[33m[0.000ms] [34;1m[rows:0][0m SELECT `username` FROM `users` WHERE id = 1 AND `users`.`deleted_at` IS NULL
--- PASS: TestPricingPatchRejectsInvalidTaskBillingExpressions (0.00s)
    --- PASS: TestPricingPatchRejectsInvalidTaskBillingExpressions/invalid_syntax (0.00s)
    --- PASS: TestPricingPatchRejectsInvalidTaskBillingExpressions/undeclared_usage_key (0.00s)
    --- PASS: TestPricingPatchRejectsInvalidTaskBillingExpressions/fixed_request_pricing (0.00s)
    --- PASS: TestPricingPatchRejectsInvalidTaskBillingExpressions/alias_uses_declared_schema (0.00s)
    --- PASS: TestPricingPatchRejectsInvalidTaskBillingExpressions/missing_plugin_schema (0.00s)
=== RUN   TestAdvancedCustomBalancePreservesStoredValueUnlessSummaryRecognized
=== RUN   TestAdvancedCustomBalancePreservesStoredValueUnlessSummaryRecognized/credit_summary
=== RUN   TestAdvancedCustomBalancePreservesStoredValueUnlessSummaryRecognized/zero_balance
=== RUN   TestAdvancedCustomBalancePreservesStoredValueUnlessSummaryRecognized/unrecognized_JSON
=== RUN   TestAdvancedCustomBalancePreservesStoredValueUnlessSummaryRecognized/negative_summary
=== RUN   TestAdvancedCustomBalancePreservesStoredValueUnlessSummaryRecognized/malformed_response
=== RUN   TestAdvancedCustomBalancePreservesStoredValueUnlessSummaryRecognized/oversized_response
--- PASS: TestAdvancedCustomBalancePreservesStoredValueUnlessSummaryRecognized (0.02s)
    --- PASS: TestAdvancedCustomBalancePreservesStoredValueUnlessSummaryRecognized/credit_summary (0.00s)
    --- PASS: TestAdvancedCustomBalancePreservesStoredValueUnlessSummaryRecognized/zero_balance (0.00s)
    --- PASS: TestAdvancedCustomBalancePreservesStoredValueUnlessSummaryRecognized/unrecognized_JSON (0.00s)
    --- PASS: TestAdvancedCustomBalancePreservesStoredValueUnlessSummaryRecognized/negative_summary (0.00s)
    --- PASS: TestAdvancedCustomBalancePreservesStoredValueUnlessSummaryRecognized/malformed_response (0.00s)
    --- PASS: TestAdvancedCustomBalancePreservesStoredValueUnlessSummaryRecognized/oversized_response (0.00s)
=== RUN   TestChannelHasSensitiveChanges
=== RUN   TestChannelHasSensitiveChanges/non-sensitive_routing_fields
=== RUN   TestChannelHasSensitiveChanges/key_change
=== RUN   TestChannelHasSensitiveChanges/base_url_change
=== RUN   TestChannelHasSensitiveChanges/header_override_change
=== RUN   TestChannelHasSensitiveChanges/omitted_sensitive_fields_do_not_use_zero_values
=== RUN   TestChannelHasSensitiveChanges/unknown_field_fails_closed
=== RUN   TestChannelHasSensitiveChanges/status_is_operational
=== RUN   TestChannelHasSensitiveChanges/read-only_fields_are_ignored_by_sensitivity_check
--- PASS: TestChannelHasSensitiveChanges (0.00s)
    --- PASS: TestChannelHasSensitiveChanges/non-sensitive_routing_fields (0.00s)
    --- PASS: TestChannelHasSensitiveChanges/key_change (0.00s)
    --- PASS: TestChannelHasSensitiveChanges/base_url_change (0.00s)
    --- PASS: TestChannelHasSensitiveChanges/header_override_change (0.00s)
    --- PASS: TestChannelHasSensitiveChanges/omitted_sensitive_fields_do_not_use_zero_values (0.00s)
    --- PASS: TestChannelHasSensitiveChanges/unknown_field_fails_closed (0.00s)
    --- PASS: TestChannelHasSensitiveChanges/status_is_operational (0.00s)
    --- PASS: TestChannelHasSensitiveChanges/read-only_fields_are_ignored_by_sensitivity_check (0.00s)
=== RUN   TestClearChannelReadOnlyFields
--- PASS: TestClearChannelReadOnlyFields (0.00s)
=== RUN   TestUpdateChannelRejectsStatusField
--- PASS: TestUpdateChannelRejectsStatusField (0.00s)
=== RUN   TestChannelStatusValidation
--- PASS: TestChannelStatusValidation (0.00s)
=== RUN   TestChannelFieldsAreClassified
--- PASS: TestChannelFieldsAreClassified (0.00s)
=== RUN   TestChannelCustomBalanceAPIDoesNotReturnCredential

2026/09/11 21:15:27 [31;1mD:/10178/Projects/new-api-upstream-sync/model/channel_custom_balance.go:76 [35;1mrecord not found
[0m[33m[0.000ms] [34;1m[rows:0][0m SELECT * FROM `channel_custom_balances` WHERE channel_id = 1 ORDER BY `channel_custom_balances`.`channel_id` LIMIT 1
--- PASS: TestChannelCustomBalanceAPIDoesNotReturnCredential (0.00s)
=== RUN   TestChannelCustomBalanceAPIRejectsInvalidQuota

2026/09/11 21:15:27 [31;1mD:/10178/Projects/new-api-upstream-sync/model/channel_custom_balance.go:76 [35;1mrecord not found
[0m[33m[0.000ms] [34;1m[rows:0][0m SELECT * FROM `channel_custom_balances` WHERE channel_id = 1 ORDER BY `channel_custom_balances`.`channel_id` LIMIT 1
--- PASS: TestChannelCustomBalanceAPIRejectsInvalidQuota (0.00s)
=== RUN   TestChannelCustomBalanceAPIAcceptsNumericUserID

2026/09/11 21:15:27 [31;1mD:/10178/Projects/new-api-upstream-sync/model/channel_custom_balance.go:76 [35;1mrecord not found
[0m[33m[0.000ms] [34;1m[rows:0][0m SELECT * FROM `channel_custom_balances` WHERE channel_id = 1 ORDER BY `channel_custom_balances`.`channel_id` LIMIT 1
--- PASS: TestChannelCustomBalanceAPIAcceptsNumericUserID (0.00s)
=== RUN   TestUpdateChannelBalanceUsesConfiguredCustomBalance

2026/09/11 21:15:27 [31;1mD:/10178/Projects/new-api-upstream-sync/model/channel_custom_balance.go:76 [35;1mrecord not found
[0m[33m[0.000ms] [34;1m[rows:0][0m SELECT * FROM `channel_custom_balances` WHERE channel_id = 1 ORDER BY `channel_custom_balances`.`channel_id` LIMIT 1
--- PASS: TestUpdateChannelBalanceUsesConfiguredCustomBalance (0.00s)
=== RUN   TestChannelCustomBalanceAPIPreservesLargeNumericUserID

2026/09/11 21:15:27 [31;1mD:/10178/Projects/new-api-upstream-sync/model/channel_custom_balance.go:76 [35;1mrecord not found
[0m[33m[0.000ms] [34;1m[rows:0][0m SELECT * FROM `channel_custom_balances` WHERE channel_id = 1 ORDER BY `channel_custom_balances`.`channel_id` LIMIT 1
--- PASS: TestChannelCustomBalanceAPIPreservesLargeNumericUserID (0.00s)
=== RUN   TestOllamaUserOperationsAuthorizeRequestGuard
=== RUN   TestOllamaUserOperationsAuthorizeRequestGuard/pull
=== RUN   TestOllamaUserOperationsAuthorizeRequestGuard/pull/pending_is_consumed
[SYS] 2026/09/11 - 21:15:27 | SQL_DSN not set, using SQLite as database 
=== RUN   TestOllamaUserOperationsAuthorizeRequestGuard/pull/guard_id_zero
[SYS] 2026/09/11 - 21:15:27 | SQL_DSN not set, using SQLite as database 
=== RUN   TestOllamaUserOperationsAuthorizeRequestGuard/pull/used_accepted
[SYS] 2026/09/11 - 21:15:27 | SQL_DSN not set, using SQLite as database 
=== RUN   TestOllamaUserOperationsAuthorizeRequestGuard/pull/invalidated_accepted
[SYS] 2026/09/11 - 21:15:27 | SQL_DSN not set, using SQLite as database 
=== RUN   TestOllamaUserOperationsAuthorizeRequestGuard/pull/resolved_accepted
[SYS] 2026/09/11 - 21:15:27 | SQL_DSN not set, using SQLite as database 
=== RUN   TestOllamaUserOperationsAuthorizeRequestGuard/pull/deleting_rejected
[SYS] 2026/09/11 - 21:15:27 | SQL_DSN not set, using SQLite as database 
=== RUN   TestOllamaUserOperationsAuthorizeRequestGuard/pull/deleted_rejected
[SYS] 2026/09/11 - 21:15:27 | SQL_DSN not set, using SQLite as database 
=== RUN   TestOllamaUserOperationsAuthorizeRequestGuard/pull_stream
=== RUN   TestOllamaUserOperationsAuthorizeRequestGuard/pull_stream/pending_is_consumed
[SYS] 2026/09/11 - 21:15:27 | SQL_DSN not set, using SQLite as database 
=== RUN   TestOllamaUserOperationsAuthorizeRequestGuard/pull_stream/guard_id_zero
[SYS] 2026/09/11 - 21:15:27 | SQL_DSN not set, using SQLite as database 
=== RUN   TestOllamaUserOperationsAuthorizeRequestGuard/pull_stream/used_accepted
[SYS] 2026/09/11 - 21:15:27 | SQL_DSN not set, using SQLite as database 
=== RUN   TestOllamaUserOperationsAuthorizeRequestGuard/pull_stream/invalidated_accepted
[SYS] 2026/09/11 - 21:15:27 | SQL_DSN not set, using SQLite as database 
=== RUN   TestOllamaUserOperationsAuthorizeRequestGuard/pull_stream/resolved_accepted
[SYS] 2026/09/11 - 21:15:27 | SQL_DSN not set, using SQLite as database 
=== RUN   TestOllamaUserOperationsAuthorizeRequestGuard/pull_stream/deleting_rejected
[SYS] 2026/09/11 - 21:15:27 | SQL_DSN not set, using SQLite as database 
=== RUN   TestOllamaUserOperationsAuthorizeRequestGuard/pull_stream/deleted_rejected
[SYS] 2026/09/11 - 21:15:27 | SQL_DSN not set, using SQLite as database 
=== RUN   TestOllamaUserOperationsAuthorizeRequestGuard/delete
=== RUN   TestOllamaUserOperationsAuthorizeRequestGuard/delete/pending_is_consumed
[SYS] 2026/09/11 - 21:15:27 | SQL_DSN not set, using SQLite as database 
=== RUN   TestOllamaUserOperationsAuthorizeRequestGuard/delete/guard_id_zero
[SYS] 2026/09/11 - 21:15:27 | SQL_DSN not set, using SQLite as database 
=== RUN   TestOllamaUserOperationsAuthorizeRequestGuard/delete/used_accepted
[SYS] 2026/09/11 - 21:15:27 | SQL_DSN not set, using SQLite as database 
=== RUN   TestOllamaUserOperationsAuthorizeRequestGuard/delete/invalidated_accepted
[SYS] 2026/09/11 - 21:15:27 | SQL_DSN not set, using SQLite as database 
=== RUN   TestOllamaUserOperationsAuthorizeRequestGuard/delete/resolved_accepted
[SYS] 2026/09/11 - 21:15:27 | SQL_DSN not set, using SQLite as database 
=== RUN   TestOllamaUserOperationsAuthorizeRequestGuard/delete/deleting_rejected
[SYS] 2026/09/11 - 21:15:27 | SQL_DSN not set, using SQLite as database 
=== RUN   TestOllamaUserOperationsAuthorizeRequestGuard/delete/deleted_rejected
[SYS] 2026/09/11 - 21:15:27 | SQL_DSN not set, using SQLite as database 
=== RUN   TestOllamaUserOperationsAuthorizeRequestGuard/version
=== RUN   TestOllamaUserOperationsAuthorizeRequestGuard/version/pending_is_consumed
[SYS] 2026/09/11 - 21:15:27 | SQL_DSN not set, using SQLite as database 
=== RUN   TestOllamaUserOperationsAuthorizeRequestGuard/version/guard_id_zero
[SYS] 2026/09/11 - 21:15:27 | SQL_DSN not set, using SQLite as database 
=== RUN   TestOllamaUserOperationsAuthorizeRequestGuard/version/used_accepted
[SYS] 2026/09/11 - 21:15:27 | SQL_DSN not set, using SQLite as database 
=== RUN   TestOllamaUserOperationsAuthorizeRequestGuard/version/invalidated_accepted
[SYS] 2026/09/11 - 21:15:27 | SQL_DSN not set, using SQLite as database 
=== RUN   TestOllamaUserOperationsAuthorizeRequestGuard/version/resolved_accepted
[SYS] 2026/09/11 - 21:15:27 | SQL_DSN not set, using SQLite as database 
=== RUN   TestOllamaUserOperationsAuthorizeRequestGuard/version/deleting_rejected
[SYS] 2026/09/11 - 21:15:27 | SQL_DSN not set, using SQLite as database 
=== RUN   TestOllamaUserOperationsAuthorizeRequestGuard/version/deleted_rejected
[SYS] 2026/09/11 - 21:15:27 | SQL_DSN not set, using SQLite as database 
--- PASS: TestOllamaUserOperationsAuthorizeRequestGuard (0.10s)
    --- PASS: TestOllamaUserOperationsAuthorizeRequestGuard/pull (0.03s)
        --- PASS: TestOllamaUserOperationsAuthorizeRequestGuard/pull/pending_is_consumed (0.00s)
        --- PASS: TestOllamaUserOperationsAuthorizeRequestGuard/pull/guard_id_zero (0.00s)
        --- PASS: TestOllamaUserOperationsAuthorizeRequestGuard/pull/used_accepted (0.00s)
        --- PASS: TestOllamaUserOperationsAuthorizeRequestGuard/pull/invalidated_accepted (0.00s)
        --- PASS: TestOllamaUserOperationsAuthorizeRequestGuard/pull/resolved_accepted (0.00s)
        --- PASS: TestOllamaUserOperationsAuthorizeRequestGuard/pull/deleting_rejected (0.00s)
        --- PASS: TestOllamaUserOperationsAuthorizeRequestGuard/pull/deleted_rejected (0.00s)
    --- PASS: TestOllamaUserOperationsAuthorizeRequestGuard/pull_stream (0.03s)
        --- PASS: TestOllamaUserOperationsAuthorizeRequestGuard/pull_stream/pending_is_consumed (0.00s)
        --- PASS: TestOllamaUserOperationsAuthorizeRequestGuard/pull_stream/guard_id_zero (0.00s)
        --- PASS: TestOllamaUserOperationsAuthorizeRequestGuard/pull_stream/used_accepted (0.00s)
        --- PASS: TestOllamaUserOperationsAuthorizeRequestGuard/pull_stream/invalidated_accepted (0.00s)
        --- PASS: TestOllamaUserOperationsAuthorizeRequestGuard/pull_stream/resolved_accepted (0.00s)
        --- PASS: TestOllamaUserOperationsAuthorizeRequestGuard/pull_stream/deleting_rejected (0.00s)
        --- PASS: TestOllamaUserOperationsAuthorizeRequestGuard/pull_stream/deleted_rejected (0.00s)
    --- PASS: TestOllamaUserOperationsAuthorizeRequestGuard/delete (0.02s)
        --- PASS: TestOllamaUserOperationsAuthorizeRequestGuard/delete/pending_is_consumed (0.00s)
        --- PASS: TestOllamaUserOperationsAuthorizeRequestGuard/delete/guard_id_zero (0.00s)
        --- PASS: TestOllamaUserOperationsAuthorizeRequestGuard/delete/used_accepted (0.00s)
        --- PASS: TestOllamaUserOperationsAuthorizeRequestGuard/delete/invalidated_accepted (0.00s)
        --- PASS: TestOllamaUserOperationsAuthorizeRequestGuard/delete/resolved_accepted (0.00s)
        --- PASS: TestOllamaUserOperationsAuthorizeRequestGuard/delete/deleting_rejected (0.00s)
        --- PASS: TestOllamaUserOperationsAuthorizeRequestGuard/delete/deleted_rejected (0.00s)
    --- PASS: TestOllamaUserOperationsAuthorizeRequestGuard/version (0.02s)
        --- PASS: TestOllamaUserOperationsAuthorizeRequestGuard/version/pending_is_consumed (0.00s)
        --- PASS: TestOllamaUserOperationsAuthorizeRequestGuard/version/guard_id_zero (0.00s)
        --- PASS: TestOllamaUserOperationsAuthorizeRequestGuard/version/used_accepted (0.00s)
        --- PASS: TestOllamaUserOperationsAuthorizeRequestGuard/version/invalidated_accepted (0.00s)
        --- PASS: TestOllamaUserOperationsAuthorizeRequestGuard/version/resolved_accepted (0.00s)
        --- PASS: TestOllamaUserOperationsAuthorizeRequestGuard/version/deleting_rejected (0.00s)
        --- PASS: TestOllamaUserOperationsAuthorizeRequestGuard/version/deleted_rejected (0.00s)
=== RUN   TestOllamaUserOperationsRejectMissingAndDatabaseGuard
=== RUN   TestOllamaUserOperationsRejectMissingAndDatabaseGuard/pull
=== RUN   TestOllamaUserOperationsRejectMissingAndDatabaseGuard/pull/missing_guard
[SYS] 2026/09/11 - 21:15:27 | SQL_DSN not set, using SQLite as database 

2026/09/11 21:15:27 [31;1mD:/10178/Projects/new-api-upstream-sync/model/auto_price_guard.go:102 [35;1mrecord not found
[0m[33m[0.000ms] [34;1m[rows:0][0m SELECT * FROM `channel_auto_price_guards` WHERE id = 987654 ORDER BY `channel_auto_price_guards`.`id` LIMIT 1
=== RUN   TestOllamaUserOperationsRejectMissingAndDatabaseGuard/pull/guard_database_error
[SYS] 2026/09/11 - 21:15:27 | SQL_DSN not set, using SQLite as database 

2026/09/11 21:15:27 [31;1mD:/10178/Projects/new-api-upstream-sync/model/auto_price_guard.go:60 [35;1mSQL logic error: no such table: channel_auto_price_guards (1)
[0m[33m[0.000ms] [34;1m[rows:0][0m UPDATE `channel_auto_price_guards` SET `state`="used",`updated_at`=1789132527 WHERE id = 1 AND channel_id = 1 AND state = "pending"
=== RUN   TestOllamaUserOperationsRejectMissingAndDatabaseGuard/pull_stream
=== RUN   TestOllamaUserOperationsRejectMissingAndDatabaseGuard/pull_stream/missing_guard
[SYS] 2026/09/11 - 21:15:27 | SQL_DSN not set, using SQLite as database 

2026/09/11 21:15:27 [31;1mD:/10178/Projects/new-api-upstream-sync/model/auto_price_guard.go:102 [35;1mrecord not found
[0m[33m[0.000ms] [34;1m[rows:0][0m SELECT * FROM `channel_auto_price_guards` WHERE id = 987654 ORDER BY `channel_auto_price_guards`.`id` LIMIT 1
=== RUN   TestOllamaUserOperationsRejectMissingAndDatabaseGuard/pull_stream/guard_database_error
[SYS] 2026/09/11 - 21:15:27 | SQL_DSN not set, using SQLite as database 

2026/09/11 21:15:27 [31;1mD:/10178/Projects/new-api-upstream-sync/model/auto_price_guard.go:60 [35;1mSQL logic error: no such table: channel_auto_price_guards (1)
[0m[33m[0.000ms] [34;1m[rows:0][0m UPDATE `channel_auto_price_guards` SET `state`="used",`updated_at`=1789132527 WHERE id = 1 AND channel_id = 1 AND state = "pending"
=== RUN   TestOllamaUserOperationsRejectMissingAndDatabaseGuard/delete
=== RUN   TestOllamaUserOperationsRejectMissingAndDatabaseGuard/delete/missing_guard
[SYS] 2026/09/11 - 21:15:27 | SQL_DSN not set, using SQLite as database 

2026/09/11 21:15:27 [31;1mD:/10178/Projects/new-api-upstream-sync/model/auto_price_guard.go:102 [35;1mrecord not found
[0m[33m[0.000ms] [34;1m[rows:0][0m SELECT * FROM `channel_auto_price_guards` WHERE id = 987654 ORDER BY `channel_auto_price_guards`.`id` LIMIT 1
=== RUN   TestOllamaUserOperationsRejectMissingAndDatabaseGuard/delete/guard_database_error
[SYS] 2026/09/11 - 21:15:27 | SQL_DSN not set, using SQLite as database 

2026/09/11 21:15:27 [31;1mD:/10178/Projects/new-api-upstream-sync/model/auto_price_guard.go:60 [35;1mSQL logic error: no such table: channel_auto_price_guards (1)
[0m[33m[0.000ms] [34;1m[rows:0][0m UPDATE `channel_auto_price_guards` SET `state`="used",`updated_at`=1789132527 WHERE id = 1 AND channel_id = 1 AND state = "pending"
=== RUN   TestOllamaUserOperationsRejectMissingAndDatabaseGuard/version
=== RUN   TestOllamaUserOperationsRejectMissingAndDatabaseGuard/version/missing_guard
[SYS] 2026/09/11 - 21:15:27 | SQL_DSN not set, using SQLite as database 

2026/09/11 21:15:27 [31;1mD:/10178/Projects/new-api-upstream-sync/model/auto_price_guard.go:102 [35;1mrecord not found
[0m[33m[0.000ms] [34;1m[rows:0][0m SELECT * FROM `channel_auto_price_guards` WHERE id = 987654 ORDER BY `channel_auto_price_guards`.`id` LIMIT 1
=== RUN   TestOllamaUserOperationsRejectMissingAndDatabaseGuard/version/guard_database_error
[SYS] 2026/09/11 - 21:15:27 | SQL_DSN not set, using SQLite as database 

2026/09/11 21:15:27 [31;1mD:/10178/Projects/new-api-upstream-sync/model/auto_price_guard.go:60 [35;1mSQL logic error: no such table: channel_auto_price_guards (1)
[0m[33m[0.000ms] [34;1m[rows:0][0m UPDATE `channel_auto_price_guards` SET `state`="used",`updated_at`=1789132527 WHERE id = 1 AND channel_id = 1 AND state = "pending"
--- PASS: TestOllamaUserOperationsRejectMissingAndDatabaseGuard (0.02s)
    --- PASS: TestOllamaUserOperationsRejectMissingAndDatabaseGuard/pull (0.01s)
        --- PASS: TestOllamaUserOperationsRejectMissingAndDatabaseGuard/pull/missing_guard (0.00s)
        --- PASS: TestOllamaUserOperationsRejectMissingAndDatabaseGuard/pull/guard_database_error (0.00s)
    --- PASS: TestOllamaUserOperationsRejectMissingAndDatabaseGuard/pull_stream (0.01s)
        --- PASS: TestOllamaUserOperationsRejectMissingAndDatabaseGuard/pull_stream/missing_guard (0.00s)
        --- PASS: TestOllamaUserOperationsRejectMissingAndDatabaseGuard/pull_stream/guard_database_error (0.00s)
    --- PASS: TestOllamaUserOperationsRejectMissingAndDatabaseGuard/delete (0.01s)
        --- PASS: TestOllamaUserOperationsRejectMissingAndDatabaseGuard/delete/missing_guard (0.00s)
        --- PASS: TestOllamaUserOperationsRejectMissingAndDatabaseGuard/delete/guard_database_error (0.00s)
    --- PASS: TestOllamaUserOperationsRejectMissingAndDatabaseGuard/version (0.01s)
        --- PASS: TestOllamaUserOperationsRejectMissingAndDatabaseGuard/version/missing_guard (0.00s)
        --- PASS: TestOllamaUserOperationsRejectMissingAndDatabaseGuard/version/guard_database_error (0.00s)
=== RUN   TestShouldRetryHonorsPinRetryMode
--- PASS: TestShouldRetryHonorsPinRetryMode (0.00s)
=== RUN   TestShouldRetryTaskRelayHonorsPinRetryMode
--- PASS: TestShouldRetryTaskRelayHonorsPinRetryMode (0.00s)
=== RUN   TestSameChannelPinsMergeToStricterRetryMode
--- PASS: TestSameChannelPinsMergeToStricterRetryMode (0.00s)
=== RUN   TestBuildDueChannelQueueWarmupTaskDeduplicates

2026/09/11 21:15:27 [31;1mD:/10178/Projects/new-api-upstream-sync/model/named_lease.go:28 [35;1mrecord not found
[0m[33m[0.000ms] [34;1m[rows:0][0m SELECT * FROM `named_leases` WHERE name = "upstream_queue:101" ORDER BY `named_leases`.`name` LIMIT 1

2026/09/11 21:15:27 [31;1mD:/10178/Projects/new-api-upstream-sync/model/system_task.go:151 [35;1mrecord not found
[0m[33m[0.534ms] [34;1m[rows:0][0m SELECT * FROM `system_tasks` WHERE type = "channel_queue_warmup" AND status IN ("pending","running") ORDER BY id desc,`system_tasks`.`id` LIMIT 1

2026/09/11 21:15:27 [31;1mD:/10178/Projects/new-api-upstream-sync/model/named_lease.go:28 [35;1mrecord not found
[0m[33m[0.000ms] [34;1m[rows:0][0m SELECT * FROM `named_leases` WHERE name = "upstream_queue:101" ORDER BY `named_leases`.`name` LIMIT 1
--- PASS: TestBuildDueChannelQueueWarmupTaskDeduplicates (0.00s)
=== RUN   TestBuildDueChannelQueueWarmupTaskSkipsActiveLease
--- PASS: TestBuildDueChannelQueueWarmupTaskSkipsActiveLease (0.00s)
=== RUN   TestQueueWarmerChannelScansOmitKey

2026/09/11 21:15:27 [31;1mD:/10178/Projects/new-api-upstream-sync/model/named_lease.go:28 [35;1mrecord not found
[0m[33m[0.000ms] [34;1m[rows:0][0m SELECT * FROM `named_leases` WHERE name = "upstream_queue:103" ORDER BY `named_leases`.`name` LIMIT 1

2026/09/11 21:15:27 [31;1mD:/10178/Projects/new-api-upstream-sync/model/system_task.go:151 [35;1mrecord not found
[0m[33m[0.000ms] [34;1m[rows:0][0m SELECT * FROM `system_tasks` WHERE type = "channel_queue_warmup" AND status IN ("pending","running") ORDER BY id desc,`system_tasks`.`id` LIMIT 1

2026/09/11 21:15:27 [34;1mD:/10178/Projects/new-api-upstream-sync/controller/channel_queue_warmer_test.go:82
[0m[35m[warn] [0mremoving callback `test:channel_queue_warmer_omits_key` from D:/10178/Projects/new-api-upstream-sync/controller/channel_queue_warmer_test.go:82
--- PASS: TestQueueWarmerChannelScansOmitKey (0.00s)
=== RUN   TestClassifyWarmupOutcome
=== RUN   TestClassifyWarmupOutcome/2xx_success
=== RUN   TestClassifyWarmupOutcome/429_queue_busy
=== RUN   TestClassifyWarmupOutcome/503_queue_busy
=== RUN   TestClassifyWarmupOutcome/custom_busy_code
=== RUN   TestClassifyWarmupOutcome/401_genuine_failure
=== RUN   TestClassifyWarmupOutcome/busy_message_without_busy_code
=== RUN   TestClassifyWarmupOutcome/timeout
=== RUN   TestClassifyWarmupOutcome/connection_error
--- PASS: TestClassifyWarmupOutcome (0.00s)
    --- PASS: TestClassifyWarmupOutcome/2xx_success (0.00s)
    --- PASS: TestClassifyWarmupOutcome/429_queue_busy (0.00s)
    --- PASS: TestClassifyWarmupOutcome/503_queue_busy (0.00s)
    --- PASS: TestClassifyWarmupOutcome/custom_busy_code (0.00s)
    --- PASS: TestClassifyWarmupOutcome/401_genuine_failure (0.00s)
    --- PASS: TestClassifyWarmupOutcome/busy_message_without_busy_code (0.00s)
    --- PASS: TestClassifyWarmupOutcome/timeout (0.00s)
    --- PASS: TestClassifyWarmupOutcome/connection_error (0.00s)
=== RUN   TestClassifyWarmupOutcomeDefaultsBusyCodes
--- PASS: TestClassifyWarmupOutcomeDefaultsBusyCodes (0.00s)
=== RUN   TestSanitizeWarmupMessage
=== RUN   TestSanitizeWarmupMessage/plain_text_credentials
=== RUN   TestSanitizeWarmupMessage/json_credentials
=== RUN   TestSanitizeWarmupMessage/nested_json_credentials
=== RUN   TestSanitizeWarmupMessage/url_query_credentials
--- PASS: TestSanitizeWarmupMessage (0.00s)
    --- PASS: TestSanitizeWarmupMessage/plain_text_credentials (0.00s)
    --- PASS: TestSanitizeWarmupMessage/json_credentials (0.00s)
    --- PASS: TestSanitizeWarmupMessage/nested_json_credentials (0.00s)
    --- PASS: TestSanitizeWarmupMessage/url_query_credentials (0.00s)
=== RUN   TestIsQueueBusyStatusCode
--- PASS: TestIsQueueBusyStatusCode (0.00s)
=== RUN   TestIsQueueBusyMessage
--- PASS: TestIsQueueBusyMessage (0.00s)
=== RUN   TestWarmerStateInFlightGuard
--- PASS: TestWarmerStateInFlightGuard (0.00s)
=== RUN   TestDurationOrDefault
--- PASS: TestDurationOrDefault (0.00s)
=== RUN   TestQueueLeaseName
--- PASS: TestQueueLeaseName (0.00s)
=== RUN   TestQueueWarmupResultAggregation
--- PASS: TestQueueWarmupResultAggregation (0.00s)
=== RUN   TestShouldUseCodexCompatibilityProfileForQueueWarmup
=== RUN   TestShouldUseCodexCompatibilityProfileForQueueWarmup/Codex_compatibility
=== RUN   TestShouldUseCodexCompatibilityProfileForQueueWarmup/legacy_Codex
=== RUN   TestShouldUseCodexCompatibilityProfileForQueueWarmup/non_Codex_channel
=== RUN   TestShouldUseCodexCompatibilityProfileForQueueWarmup/nil_channel
--- PASS: TestShouldUseCodexCompatibilityProfileForQueueWarmup (0.00s)
    --- PASS: TestShouldUseCodexCompatibilityProfileForQueueWarmup/Codex_compatibility (0.00s)
    --- PASS: TestShouldUseCodexCompatibilityProfileForQueueWarmup/legacy_Codex (0.00s)
    --- PASS: TestShouldUseCodexCompatibilityProfileForQueueWarmup/non_Codex_channel (0.00s)
    --- PASS: TestShouldUseCodexCompatibilityProfileForQueueWarmup/nil_channel (0.00s)
=== RUN   TestApplyTestRequestMaxTokens
=== RUN   TestApplyTestRequestMaxTokens/general_request_capped
=== RUN   TestApplyTestRequestMaxTokens/general_request_nil_stays_capped
=== RUN   TestApplyTestRequestMaxTokens/general_request_already_small_stays
=== RUN   TestApplyTestRequestMaxTokens/zero_is_a_no-op
--- PASS: TestApplyTestRequestMaxTokens (0.00s)
    --- PASS: TestApplyTestRequestMaxTokens/general_request_capped (0.00s)
    --- PASS: TestApplyTestRequestMaxTokens/general_request_nil_stays_capped (0.00s)
    --- PASS: TestApplyTestRequestMaxTokens/general_request_already_small_stays (0.00s)
    --- PASS: TestApplyTestRequestMaxTokens/zero_is_a_no-op (0.00s)
=== RUN   TestAddChannelTaskPluginRequiresBindPermission

2026/09/11 21:15:27 [31;1mD:/10178/Projects/new-api-upstream-sync/service/channel_auto_sync_snapshot.go:53 [35;1mrecord not found
[0m[33m[0.000ms] [34;1m[rows:0][0m SELECT * FROM `options` WHERE `options`.`key` = "auto_price_sync.enabled" ORDER BY `options`.`key` LIMIT 1

2026/09/11 21:15:27 [31;1mD:/10178/Projects/new-api-upstream-sync/service/channel_auto_sync_snapshot.go:53 [35;1mrecord not found
[0m[33m[0.000ms] [34;1m[rows:0][0m SELECT * FROM `options` WHERE `options`.`key` = "auto_price_sync.source_descriptor" ORDER BY `options`.`key` LIMIT 1

2026/09/11 21:15:27 [31;1mD:/10178/Projects/new-api-upstream-sync/service/channel_auto_sync_snapshot.go:53 [35;1mrecord not found
[0m[33m[0.000ms] [34;1m[rows:0][0m SELECT * FROM `options` WHERE `options`.`key` = "auto_model_metadata_sync.enabled" ORDER BY `options`.`key` LIMIT 1

2026/09/11 21:15:27 [31;1mD:/10178/Projects/new-api-upstream-sync/service/channel_auto_sync_snapshot.go:53 [35;1mrecord not found
[0m[33m[0.000ms] [34;1m[rows:0][0m SELECT * FROM `options` WHERE `options`.`key` = "auto_price_sync.enabled" ORDER BY `options`.`key` LIMIT 1

2026/09/11 21:15:27 [31;1mD:/10178/Projects/new-api-upstream-sync/service/channel_auto_sync_snapshot.go:53 [35;1mrecord not found
[0m[33m[0.000ms] [34;1m[rows:0][0m SELECT * FROM `options` WHERE `options`.`key` = "auto_price_sync.source_descriptor" ORDER BY `options`.`key` LIMIT 1

2026/09/11 21:15:27 [31;1mD:/10178/Projects/new-api-upstream-sync/service/channel_auto_sync_snapshot.go:53 [35;1mrecord not found
[0m[33m[0.000ms] [34;1m[rows:0][0m SELECT * FROM `options` WHERE `options`.`key` = "auto_model_metadata_sync.enabled" ORDER BY `options`.`key` LIMIT 1
--- PASS: TestAddChannelTaskPluginRequiresBindPermission (0.00s)
=== RUN   TestUpdateChannelTaskPluginRequiresBindPermission
--- PASS: TestUpdateChannelTaskPluginRequiresBindPermission (0.00s)
=== RUN   TestAddChannelTaskPluginPersistsPluginDefaultBaseURLAndAuditsSource

2026/09/11 21:15:27 [31;1mD:/10178/Projects/new-api-upstream-sync/service/channel_auto_sync_snapshot.go:53 [35;1mrecord not found
[0m[33m[0.000ms] [34;1m[rows:0][0m SELECT * FROM `options` WHERE `options`.`key` = "auto_price_sync.enabled" ORDER BY `options`.`key` LIMIT 1

2026/09/11 21:15:27 [31;1mD:/10178/Projects/new-api-upstream-sync/service/channel_auto_sync_snapshot.go:53 [35;1mrecord not found
[0m[33m[0.484ms] [34;1m[rows:0][0m SELECT * FROM `options` WHERE `options`.`key` = "auto_price_sync.source_descriptor" ORDER BY `options`.`key` LIMIT 1

2026/09/11 21:15:27 [31;1mD:/10178/Projects/new-api-upstream-sync/service/channel_auto_sync_snapshot.go:53 [35;1mrecord not found
[0m[33m[0.000ms] [34;1m[rows:0][0m SELECT * FROM `options` WHERE `options`.`key` = "auto_model_metadata_sync.enabled" ORDER BY `options`.`key` LIMIT 1
--- PASS: TestAddChannelTaskPluginPersistsPluginDefaultBaseURLAndAuditsSource (0.01s)
=== RUN   TestUpdateChannelPluginDefaultParticipatesInSparsePatchAndAuthorization
=== RUN   TestUpdateChannelPluginDefaultParticipatesInSparsePatchAndAuthorization/root_persists_default_and_preserves_credentials

2026/09/11 21:15:27 [31;1mD:/10178/Projects/new-api-upstream-sync/service/channel_auto_sync_snapshot.go:53 [35;1mrecord not found
[0m[33m[0.000ms] [34;1m[rows:0][0m SELECT * FROM `options` WHERE `options`.`key` = "auto_price_sync.enabled" ORDER BY `options`.`key` LIMIT 1

2026/09/11 21:15:27 [31;1mD:/10178/Projects/new-api-upstream-sync/service/channel_auto_sync_snapshot.go:53 [35;1mrecord not found
[0m[33m[0.000ms] [34;1m[rows:0][0m SELECT * FROM `options` WHERE `options`.`key` = "auto_price_sync.source_descriptor" ORDER BY `options`.`key` LIMIT 1

2026/09/11 21:15:27 [31;1mD:/10178/Projects/new-api-upstream-sync/service/channel_auto_sync_snapshot.go:53 [35;1mrecord not found
[0m[33m[0.401ms] [34;1m[rows:0][0m SELECT * FROM `options` WHERE `options`.`key` = "auto_model_metadata_sync.enabled" ORDER BY `options`.`key` LIMIT 1
=== RUN   TestUpdateChannelPluginDefaultParticipatesInSparsePatchAndAuthorization/binding_alone_cannot_change_the_endpoint
--- PASS: TestUpdateChannelPluginDefaultParticipatesInSparsePatchAndAuthorization (0.01s)
    --- PASS: TestUpdateChannelPluginDefaultParticipatesInSparsePatchAndAuthorization/root_persists_default_and_preserves_credentials (0.01s)
    --- PASS: TestUpdateChannelPluginDefaultParticipatesInSparsePatchAndAuthorization/binding_alone_cannot_change_the_endpoint (0.00s)
=== RUN   TestValidateTaskPluginChannel
--- PASS: TestValidateTaskPluginChannel (0.00s)
=== RUN   TestValidateTaskPluginChannelFillsPluginDefaultBaseURL
--- PASS: TestValidateTaskPluginChannelFillsPluginDefaultBaseURL (0.00s)
=== RUN   TestChannelProbeValidatesProtocolResults
=== RUN   TestChannelProbeValidatesProtocolResults/chat_text
=== RUN   TestChannelProbeValidatesProtocolResults/chat_empty
=== RUN   TestChannelProbeValidatesProtocolResults/empty_body
=== RUN   TestChannelProbeValidatesProtocolResults/malformed_body
=== RUN   TestChannelProbeValidatesProtocolResults/error_in_200
=== RUN   TestChannelProbeValidatesProtocolResults/output_limit
=== RUN   TestChannelProbeValidatesProtocolResults/chat_stream
=== RUN   TestChannelProbeValidatesProtocolResults/stream_missing_completion
=== RUN   TestChannelProbeValidatesProtocolResults/done_alone
=== RUN   TestChannelProbeValidatesProtocolResults/keepalive_alone
=== RUN   TestChannelProbeValidatesProtocolResults/JSON_instead_of_SSE
=== RUN   TestChannelProbeValidatesProtocolResults/responses_text
=== RUN   TestChannelProbeValidatesProtocolResults/responses_stream
=== RUN   TestChannelProbeValidatesProtocolResults/responses_interrupted
=== RUN   TestChannelProbeValidatesProtocolResults/Claude_text
=== RUN   TestChannelProbeValidatesProtocolResults/Claude_stream
=== RUN   TestChannelProbeValidatesProtocolResults/Gemini_text
=== RUN   TestChannelProbeValidatesProtocolResults/Gemini_stream
=== RUN   TestChannelProbeValidatesProtocolResults/image_JSON
=== RUN   TestChannelProbeValidatesProtocolResults/image_empty
=== RUN   TestChannelProbeValidatesProtocolResults/invalid_image_base64
=== RUN   TestChannelProbeValidatesProtocolResults/responses_not_complete
=== RUN   TestChannelProbeValidatesProtocolResults/late_error_event_without_data
=== RUN   TestChannelProbeValidatesProtocolResults/image_completed
=== RUN   TestChannelProbeValidatesProtocolResults/image_compatibility
=== RUN   TestChannelProbeValidatesProtocolResults/image_partial_only
=== RUN   TestChannelProbeValidatesProtocolResults/embedding_result
=== RUN   TestChannelProbeValidatesProtocolResults/rerank_result
=== RUN   TestChannelProbeValidatesProtocolResults/compaction_result
=== RUN   TestChannelProbeValidatesProtocolResults/tool_not_triggered
=== RUN   TestChannelProbeValidatesProtocolResults/tool_arguments_invalid
=== RUN   TestChannelProbeValidatesProtocolResults/tool_wrong_name
--- PASS: TestChannelProbeValidatesProtocolResults (0.00s)
    --- PASS: TestChannelProbeValidatesProtocolResults/chat_text (0.00s)
    --- PASS: TestChannelProbeValidatesProtocolResults/chat_empty (0.00s)
    --- PASS: TestChannelProbeValidatesProtocolResults/empty_body (0.00s)
    --- PASS: TestChannelProbeValidatesProtocolResults/malformed_body (0.00s)
    --- PASS: TestChannelProbeValidatesProtocolResults/error_in_200 (0.00s)
    --- PASS: TestChannelProbeValidatesProtocolResults/output_limit (0.00s)
    --- PASS: TestChannelProbeValidatesProtocolResults/chat_stream (0.00s)
    --- PASS: TestChannelProbeValidatesProtocolResults/stream_missing_completion (0.00s)
    --- PASS: TestChannelProbeValidatesProtocolResults/done_alone (0.00s)
    --- PASS: TestChannelProbeValidatesProtocolResults/keepalive_alone (0.00s)
    --- PASS: TestChannelProbeValidatesProtocolResults/JSON_instead_of_SSE (0.00s)
    --- PASS: TestChannelProbeValidatesProtocolResults/responses_text (0.00s)
    --- PASS: TestChannelProbeValidatesProtocolResults/responses_stream (0.00s)
    --- PASS: TestChannelProbeValidatesProtocolResults/responses_interrupted (0.00s)
    --- PASS: TestChannelProbeValidatesProtocolResults/Claude_text (0.00s)
    --- PASS: TestChannelProbeValidatesProtocolResults/Claude_stream (0.00s)
    --- PASS: TestChannelProbeValidatesProtocolResults/Gemini_text (0.00s)
    --- PASS: TestChannelProbeValidatesProtocolResults/Gemini_stream (0.00s)
    --- PASS: TestChannelProbeValidatesProtocolResults/image_JSON (0.00s)
    --- PASS: TestChannelProbeValidatesProtocolResults/image_empty (0.00s)
    --- PASS: TestChannelProbeValidatesProtocolResults/invalid_image_base64 (0.00s)
    --- PASS: TestChannelProbeValidatesProtocolResults/responses_not_complete (0.00s)
    --- PASS: TestChannelProbeValidatesProtocolResults/late_error_event_without_data (0.00s)
    --- PASS: TestChannelProbeValidatesProtocolResults/image_completed (0.00s)
    --- PASS: TestChannelProbeValidatesProtocolResults/image_compatibility (0.00s)
    --- PASS: TestChannelProbeValidatesProtocolResults/image_partial_only (0.00s)
    --- PASS: TestChannelProbeValidatesProtocolResults/embedding_result (0.00s)
    --- PASS: TestChannelProbeValidatesProtocolResults/rerank_result (0.00s)
    --- PASS: TestChannelProbeValidatesProtocolResults/compaction_result (0.00s)
    --- PASS: TestChannelProbeValidatesProtocolResults/tool_not_triggered (0.00s)
    --- PASS: TestChannelProbeValidatesProtocolResults/tool_arguments_invalid (0.00s)
    --- PASS: TestChannelProbeValidatesProtocolResults/tool_wrong_name (0.00s)
=== RUN   TestChannelProbeMergesToolArgumentsAcrossProtocols
=== RUN   TestChannelProbeMergesToolArgumentsAcrossProtocols/chat_JSON
=== RUN   TestChannelProbeMergesToolArgumentsAcrossProtocols/chat_fragments
=== RUN   TestChannelProbeMergesToolArgumentsAcrossProtocols/responses_JSON
=== RUN   TestChannelProbeMergesToolArgumentsAcrossProtocols/responses_fragments
=== RUN   TestChannelProbeMergesToolArgumentsAcrossProtocols/Claude_JSON
=== RUN   TestChannelProbeMergesToolArgumentsAcrossProtocols/Claude_fragments
=== RUN   TestChannelProbeMergesToolArgumentsAcrossProtocols/Gemini_JSON
=== RUN   TestChannelProbeMergesToolArgumentsAcrossProtocols/Gemini_stream
--- PASS: TestChannelProbeMergesToolArgumentsAcrossProtocols (0.00s)
    --- PASS: TestChannelProbeMergesToolArgumentsAcrossProtocols/chat_JSON (0.00s)
    --- PASS: TestChannelProbeMergesToolArgumentsAcrossProtocols/chat_fragments (0.00s)
    --- PASS: TestChannelProbeMergesToolArgumentsAcrossProtocols/responses_JSON (0.00s)
    --- PASS: TestChannelProbeMergesToolArgumentsAcrossProtocols/responses_fragments (0.00s)
    --- PASS: TestChannelProbeMergesToolArgumentsAcrossProtocols/Claude_JSON (0.00s)
    --- PASS: TestChannelProbeMergesToolArgumentsAcrossProtocols/Claude_fragments (0.00s)
    --- PASS: TestChannelProbeMergesToolArgumentsAcrossProtocols/Gemini_JSON (0.00s)
    --- PASS: TestChannelProbeMergesToolArgumentsAcrossProtocols/Gemini_stream (0.00s)
=== RUN   TestChannelProbeRejectsLateErrorsAndAbnormalStreamEnd
--- PASS: TestChannelProbeRejectsLateErrorsAndAbnormalStreamEnd (0.00s)
=== RUN   TestChannelProbeDoesNotMergeDifferentToolCalls
--- PASS: TestChannelProbeDoesNotMergeDifferentToolCalls (0.00s)
=== RUN   TestChannelProbeResolvesAliasesAndApplicableTests
--- PASS: TestChannelProbeResolvesAliasesAndApplicableTests (0.00s)
=== RUN   TestChannelProbeToolRequestPreservesModelBudget
=== RUN   TestChannelProbeToolRequestPreservesModelBudget/openai
=== RUN   TestChannelProbeToolRequestPreservesModelBudget/openai-response
=== RUN   TestChannelProbeToolRequestPreservesModelBudget/anthropic
=== RUN   TestChannelProbeToolRequestPreservesModelBudget/gemini
--- PASS: TestChannelProbeToolRequestPreservesModelBudget (0.00s)
    --- PASS: TestChannelProbeToolRequestPreservesModelBudget/openai (0.00s)
    --- PASS: TestChannelProbeToolRequestPreservesModelBudget/openai-response (0.00s)
    --- PASS: TestChannelProbeToolRequestPreservesModelBudget/anthropic (0.00s)
    --- PASS: TestChannelProbeToolRequestPreservesModelBudget/gemini (0.00s)
=== RUN   TestChannelProbeRejectsInvalidTypeBeforeChannelLookup
--- PASS: TestChannelProbeRejectsInvalidTypeBeforeChannelLookup (0.00s)
=== RUN   TestChannelProbeUsesRealRelayAndReturnsFullPreview
[SYS] 2026/09/11 - 21:15:27 | SQL_DSN not set, using SQLite as database 
[SYS] 2026/09/11 - 21:15:27 | testing channel 9102 with model gpt-4o , info RelayInfo{ RelayFormat: openai, RelayMode: 1, IsStream: true, IsPlayground: false, RequestURLPath: "/v1/chat/completions", OriginModelName: "gpt-4o", EstimatePromptTokens: 0, ShouldIncludeUsage: false, DisablePing: false, SendResponseCount: 0, FinalPreConsumedQuota: 0, User{ Id: 9101, Email: "***masked***", Group: "default", UsingGroup: "default", Quota: 1000000 }, Token{ Id: 0, Unlimited: false, Key: ***masked*** }, Timing{ Start: 2026-09-11T21:15:27.7921724+08:00, FirstResponse: 2026-09-11T21:15:26.7921724+08:00, LatencyMs: -1000 }, ChannelMeta{ Type: 1, Id: 9102, IsMultiKey: false, MultiKeyIndex: 0, BaseURL: "http://127.0.0.1:56894", ApiType: 0, ApiVersion: "", Organization: "", CreateTime: 0, UpstreamModelName: "gpt-4o", IsModelMapped: false, SupportStreamOptions: true, ApiKey: ***masked*** }, }  
[INFO] 2026/09/11 - 21:15:27 | SYSTEM | stream ended: reason=done 
[INFO] 2026/09/11 - 21:15:27 | SYSTEM | record consume log: userId=9101, params={"channel_id":9102,"prompt_tokens":10,"completion_tokens":8,"model_name":"gpt-4o","token_name":"模型测试","quota":42,"content":"模型测试","token_id":0,"use_time_seconds":0,"is_stream":true,"group":"default","other":{"admin_info":{"use_channel":null},"cache_ratio":1,"cache_tokens":0,"completion_ratio":4,"frt":1,"group_ratio":1,"model_price":-1,"model_ratio":1,"request_conversion":["OpenAI Compatible"],"request_path":"/v1/chat/completions","stream_status":{"end_reason":"done","status":"ok"},"user_group_ratio":-1}} 
[SYS] 2026/09/11 - 21:15:27 | testing channel #9102 completed 
--- PASS: TestChannelProbeUsesRealRelayAndReturnsFullPreview (0.01s)
=== RUN   TestChannelProbeRedactsCompleteSSEPreview
--- PASS: TestChannelProbeRedactsCompleteSSEPreview (0.00s)
=== RUN   TestChannelProbeKeepsToolIDsSeparateAndAcceptsMixedIDIndexFragments
--- PASS: TestChannelProbeKeepsToolIDsSeparateAndAcceptsMixedIDIndexFragments (0.00s)
=== RUN   TestValidateChannelProxy
=== RUN   TestValidateChannelProxy/empty
=== RUN   TestValidateChannelProxy/http
=== RUN   TestValidateChannelProxy/https
=== RUN   TestValidateChannelProxy/socks5
=== RUN   TestValidateChannelProxy/socks5h
=== RUN   TestValidateChannelProxy/unsupported
=== RUN   TestValidateChannelProxy/path
--- PASS: TestValidateChannelProxy (0.00s)
    --- PASS: TestValidateChannelProxy/empty (0.00s)
    --- PASS: TestValidateChannelProxy/http (0.00s)
    --- PASS: TestValidateChannelProxy/https (0.00s)
    --- PASS: TestValidateChannelProxy/socks5 (0.00s)
    --- PASS: TestValidateChannelProxy/socks5h (0.00s)
    --- PASS: TestValidateChannelProxy/unsupported (0.00s)
    --- PASS: TestValidateChannelProxy/path (0.00s)
=== RUN   TestValidateChannelRequiresCustomBaseURL
=== RUN   TestValidateChannelRequiresCustomBaseURL/New_API_missing
=== RUN   TestValidateChannelRequiresCustomBaseURL/Codex_blank
=== RUN   TestValidateChannelRequiresCustomBaseURL/Claude_Code_configured
--- PASS: TestValidateChannelRequiresCustomBaseURL (0.00s)
    --- PASS: TestValidateChannelRequiresCustomBaseURL/New_API_missing (0.00s)
    --- PASS: TestValidateChannelRequiresCustomBaseURL/Codex_blank (0.00s)
    --- PASS: TestValidateChannelRequiresCustomBaseURL/Claude_Code_configured (0.00s)
=== RUN   TestCompatibilityChannelRegistration
=== RUN   TestCompatibilityChannelRegistration/Codex
=== RUN   TestCompatibilityChannelRegistration/Claude_Code
--- PASS: TestCompatibilityChannelRegistration (0.00s)
    --- PASS: TestCompatibilityChannelRegistration/Codex (0.00s)
    --- PASS: TestCompatibilityChannelRegistration/Claude_Code (0.00s)
=== RUN   TestCodexCompatibilityChannelTestUsesStreamingResponses
--- PASS: TestCodexCompatibilityChannelTestUsesStreamingResponses (0.00s)
=== RUN   TestBuildChannelTestRequestUsesConfiguredMessage
--- PASS: TestBuildChannelTestRequestUsesConfiguredMessage (0.00s)
=== RUN   TestBuildWarmupRequestInjectsSystemPromptAsInstructions
--- PASS: TestBuildWarmupRequestInjectsSystemPromptAsInstructions (0.00s)
=== RUN   TestResolveChannelTestMessageUsesOverrideThenGlobalDefault
--- PASS: TestResolveChannelTestMessageUsesOverrideThenGlobalDefault (0.00s)
=== RUN   TestReadChannelTestResponseBodyBoundsStreamCapture
--- PASS: TestReadChannelTestResponseBodyBoundsStreamCapture (0.00s)
=== RUN   TestReadChannelTestResponseBodyKeepsNonStreamBodyForValidation
--- PASS: TestReadChannelTestResponseBodyKeepsNonStreamBodyForValidation (0.00s)
=== RUN   TestSanitizeChannelTestResponsePreviewRedactsSecretsButKeepsUsage
--- PASS: TestSanitizeChannelTestResponsePreviewRedactsSecretsButKeepsUsage (0.00s)
=== RUN   TestChannelTestDetailedRejectsOversizedMessageBeforeChannelLookup
--- PASS: TestChannelTestDetailedRejectsOversizedMessageBeforeChannelLookup (0.00s)
=== RUN   TestCodeBuddyChannelUsesOpenAIChatCompletions
--- PASS: TestCodeBuddyChannelUsesOpenAIChatCompletions (0.00s)
=== RUN   TestNewAPIChannelRegistration
--- PASS: TestNewAPIChannelRegistration (0.00s)
=== RUN   TestVercelChannelRegistration
--- PASS: TestVercelChannelRegistration (0.00s)
=== RUN   TestResponsesCompactChannelSupport
=== RUN   TestResponsesCompactChannelSupport/OpenAI
=== RUN   TestResponsesCompactChannelSupport/Azure
=== RUN   TestResponsesCompactChannelSupport/Codex
=== RUN   TestResponsesCompactChannelSupport/Advanced_Custom
=== RUN   TestResponsesCompactChannelSupport/Sub2API
=== RUN   TestResponsesCompactChannelSupport/New_API
=== RUN   TestResponsesCompactChannelSupport/Anthropic
--- PASS: TestResponsesCompactChannelSupport (0.00s)
    --- PASS: TestResponsesCompactChannelSupport/OpenAI (0.00s)
    --- PASS: TestResponsesCompactChannelSupport/Azure (0.00s)
    --- PASS: TestResponsesCompactChannelSupport/Codex (0.00s)
    --- PASS: TestResponsesCompactChannelSupport/Advanced_Custom (0.00s)
    --- PASS: TestResponsesCompactChannelSupport/Sub2API (0.00s)
    --- PASS: TestResponsesCompactChannelSupport/New_API (0.00s)
    --- PASS: TestResponsesCompactChannelSupport/Anthropic (0.00s)
=== RUN   TestMultiprotocolGatewayEndpointTypes
--- PASS: TestMultiprotocolGatewayEndpointTypes (0.00s)
=== RUN   TestCopyChannelRejectsInvalidLegacyProxySettings
[SYS] 2026/09/11 - 21:15:27 | SQL_DSN not set, using SQLite as database 
[SYS] 2026/09/11 - 21:15:27 | failed to validate cloned channel: invalid channel proxy: proxy URL must not include a path 
--- PASS: TestCopyChannelRejectsInvalidLegacyProxySettings (0.00s)
=== RUN   TestDeleteChannelResetsProxyCacheWhenPreReadFails
[SYS] 2026/09/11 - 21:15:27 | SQL_DSN not set, using SQLite as database 

2026/09/11 21:15:27 [31;1mD:/10178/Projects/new-api-upstream-sync/model/channel.go:446 [35;1mrecord not found
[0m[33m[0.000ms] [34;1m[rows:0][0m SELECT `channels`.`id`,`channels`.`type`,`channels`.`open_ai_organization`,`channels`.`test_model`,`channels`.`status`,`channels`.`name`,`channels`.`weight`,`channels`.`created_time`,`channels`.`test_time`,`channels`.`response_time`,`channels`.`base_url`,`channels`.`other`,`channels`.`balance`,`channels`.`balance_updated_time`,`channels`.`models`,`channels`.`group`,`channels`.`used_quota`,`channels`.`model_mapping`,`channels`.`status_code_mapping`,`channels`.`priority`,`channels`.`auto_ban`,`channels`.`other_info`,`channels`.`tag`,`channels`.`setting`,`channels`.`param_override`,`channels`.`header_override`,`channels`.`remark`,`channels`.`channel_info`,`channels`.`settings`,`channels`.`auto_price_guard_id`,`channels`.`config_revision` FROM `channels` WHERE id = 999999 AND `channels`.`id` = 999999 ORDER BY `channels`.`id` LIMIT 1
[ERR] 2026/09/11 - 21:15:27 | SYSTEM | audit actor role unavailable (request_id=202609111315278051860008268d9d67tuVlHQC, actor_role=0) 
--- PASS: TestDeleteChannelResetsProxyCacheWhenPreReadFails (0.00s)
=== RUN   TestDeleteChannelBatchReportsAndAuditsActualDeletedCount
[SYS] 2026/09/11 - 21:15:27 | SQL_DSN not set, using SQLite as database 
[ERR] 2026/09/11 - 21:15:27 | SYSTEM | audit actor role unavailable (request_id=202609111315278094573008268d9d6fyDyRA1Z, actor_role=0) 
--- PASS: TestDeleteChannelBatchReportsAndAuditsActualDeletedCount (0.00s)
=== RUN   TestSettleTestQuotaUsesTieredBilling
--- PASS: TestSettleTestQuotaUsesTieredBilling (0.00s)
=== RUN   TestBuildTestLogOtherInjectsTieredInfo
--- PASS: TestBuildTestLogOtherInjectsTieredInfo (0.00s)
=== RUN   TestResolveChannelTestUserIDUsesRequestUser
--- PASS: TestResolveChannelTestUserIDUsesRequestUser (0.00s)
=== RUN   TestSelectChannelsForAutomaticTestPassiveRecoveryOnlyUsesAutoDisabled
--- PASS: TestSelectChannelsForAutomaticTestPassiveRecoveryOnlyUsesAutoDisabled (0.00s)
=== RUN   TestSelectChannelsForAutomaticTestScheduledSkipsManualDisabled
--- PASS: TestSelectChannelsForAutomaticTestScheduledSkipsManualDisabled (0.00s)
=== RUN   TestSelectChannelsForAutomaticTestAutoBanOnlyUsesEligibleChannels
--- PASS: TestSelectChannelsForAutomaticTestAutoBanOnlyUsesEligibleChannels (0.00s)
=== RUN   TestRunChannelTestWorkersHonorsConfiguredConcurrency
--- PASS: TestRunChannelTestWorkersHonorsConfiguredConcurrency (0.00s)
=== RUN   TestRunChannelTestWorkersStopsAfterCancellation
--- PASS: TestRunChannelTestWorkersStopsAfterCancellation (0.00s)
=== RUN   TestTestAllChannelsRejectsExistingActiveTask
[SYS] 2026/09/11 - 21:15:27 | SQL_DSN not set, using SQLite as database 
--- PASS: TestTestAllChannelsRejectsExistingActiveTask (0.00s)
=== RUN   TestNativeChannelTestRequestBudgetAndMessage
=== RUN   TestNativeChannelTestRequestBudgetAndMessage/anthropic/json
=== RUN   TestNativeChannelTestRequestBudgetAndMessage/anthropic/stream
=== RUN   TestNativeChannelTestRequestBudgetAndMessage/gemini/json
=== RUN   TestNativeChannelTestRequestBudgetAndMessage/gemini/stream
--- PASS: TestNativeChannelTestRequestBudgetAndMessage (0.00s)
    --- PASS: TestNativeChannelTestRequestBudgetAndMessage/anthropic/json (0.00s)
    --- PASS: TestNativeChannelTestRequestBudgetAndMessage/anthropic/stream (0.00s)
    --- PASS: TestNativeChannelTestRequestBudgetAndMessage/gemini/json (0.00s)
    --- PASS: TestNativeChannelTestRequestBudgetAndMessage/gemini/stream (0.00s)
=== RUN   TestChannelProbeForwardsAllConversationProtocols
[SYS] 2026/09/11 - 21:15:27 | SQL_DSN not set, using SQLite as database 
=== RUN   TestChannelProbeForwardsAllConversationProtocols/openai//json/native
[SYS] 2026/09/11 - 21:15:27 | testing channel 9112 with model gpt-4o , info RelayInfo{ RelayFormat: openai, RelayMode: 1, IsStream: false, IsPlayground: false, RequestURLPath: "/v1/chat/completions", OriginModelName: "gpt-4o", EstimatePromptTokens: 0, ShouldIncludeUsage: false, DisablePing: false, SendResponseCount: 0, FinalPreConsumedQuota: 0, User{ Id: 9111, Email: "***masked***", Group: "default", UsingGroup: "default", Quota: 1000000 }, Token{ Id: 0, Unlimited: false, Key: ***masked*** }, Timing{ Start: 2026-09-11T21:15:27.8197311+08:00, FirstResponse: 2026-09-11T21:15:26.8197311+08:00, LatencyMs: -1000 }, ChannelMeta{ Type: 1, Id: 9112, IsMultiKey: false, MultiKeyIndex: 0, BaseURL: "http://127.0.0.1:56896", ApiType: 0, ApiVersion: "", Organization: "", CreateTime: 0, UpstreamModelName: "gpt-4o", IsModelMapped: false, SupportStreamOptions: true, ApiKey: ***masked*** }, }  
[INFO] 2026/09/11 - 21:15:27 | SYSTEM | record consume log: userId=9111, params={"channel_id":9112,"prompt_tokens":10,"completion_tokens":2,"model_name":"gpt-4o","token_name":"模型测试","quota":18,"content":"模型测试","token_id":0,"use_time_seconds":0,"is_stream":false,"group":"default","other":{"admin_info":{"use_channel":null},"cache_ratio":1,"cache_tokens":0,"completion_ratio":4,"frt":-1000,"group_ratio":1,"model_price":-1,"model_ratio":1,"request_conversion":["OpenAI Compatible"],"request_path":"/v1/chat/completions","user_group_ratio":-1}} 
[SYS] 2026/09/11 - 21:15:27 | testing channel #9112 completed 
=== RUN   TestChannelProbeForwardsAllConversationProtocols/openai//json/custom
[SYS] 2026/09/11 - 21:15:27 | testing channel 9112 with model gpt-4o , info RelayInfo{ RelayFormat: openai, RelayMode: 1, IsStream: false, IsPlayground: false, RequestURLPath: "/v1/chat/completions", OriginModelName: "gpt-4o", EstimatePromptTokens: 0, ShouldIncludeUsage: false, DisablePing: false, SendResponseCount: 0, FinalPreConsumedQuota: 0, User{ Id: 9111, Email: "***masked***", Group: "default", UsingGroup: "default", Quota: 1000000 }, Token{ Id: 0, Unlimited: false, Key: ***masked*** }, Timing{ Start: 2026-09-11T21:15:27.8212869+08:00, FirstResponse: 2026-09-11T21:15:26.8212869+08:00, LatencyMs: -1000 }, ChannelMeta{ Type: 58, Id: 9112, IsMultiKey: false, MultiKeyIndex: 0, BaseURL: "http://127.0.0.1:56898", ApiType: 35, ApiVersion: "", Organization: "", CreateTime: 0, UpstreamModelName: "gpt-4o", IsModelMapped: false, SupportStreamOptions: true, ApiKey: ***masked*** }, }  
[INFO] 2026/09/11 - 21:15:27 | SYSTEM | record consume log: userId=9111, params={"channel_id":9112,"prompt_tokens":10,"completion_tokens":2,"model_name":"gpt-4o","token_name":"模型测试","quota":18,"content":"模型测试","token_id":0,"use_time_seconds":0,"is_stream":false,"group":"default","other":{"admin_info":{"use_channel":null},"cache_ratio":1,"cache_tokens":0,"completion_ratio":4,"frt":-1000,"group_ratio":1,"model_price":-1,"model_ratio":1,"request_conversion":["OpenAI Compatible"],"request_path":"/v1/chat/completions","user_group_ratio":-1}} 
[SYS] 2026/09/11 - 21:15:27 | testing channel #9112 completed 
=== RUN   TestChannelProbeForwardsAllConversationProtocols/openai//stream/native
[SYS] 2026/09/11 - 21:15:27 | testing channel 9112 with model gpt-4o , info RelayInfo{ RelayFormat: openai, RelayMode: 1, IsStream: true, IsPlayground: false, RequestURLPath: "/v1/chat/completions", OriginModelName: "gpt-4o", EstimatePromptTokens: 0, ShouldIncludeUsage: false, DisablePing: false, SendResponseCount: 0, FinalPreConsumedQuota: 0, User{ Id: 9111, Email: "***masked***", Group: "default", UsingGroup: "default", Quota: 1000000 }, Token{ Id: 0, Unlimited: false, Key: ***masked*** }, Timing{ Start: 2026-09-11T21:15:27.822323+08:00, FirstResponse: 2026-09-11T21:15:26.822323+08:00, LatencyMs: -1000 }, ChannelMeta{ Type: 1, Id: 9112, IsMultiKey: false, MultiKeyIndex: 0, BaseURL: "http://127.0.0.1:56900", ApiType: 0, ApiVersion: "", Organization: "", CreateTime: 0, UpstreamModelName: "gpt-4o", IsModelMapped: false, SupportStreamOptions: true, ApiKey: ***masked*** }, }  
[INFO] 2026/09/11 - 21:15:27 | SYSTEM | stream ended: reason=done 
[INFO] 2026/09/11 - 21:15:27 | SYSTEM | record consume log: userId=9111, params={"channel_id":9112,"prompt_tokens":10,"completion_tokens":2,"model_name":"gpt-4o","token_name":"模型测试","quota":18,"content":"模型测试","token_id":0,"use_time_seconds":0,"is_stream":true,"group":"default","other":{"admin_info":{"use_channel":null},"cache_ratio":1,"cache_tokens":0,"completion_ratio":4,"frt":0,"group_ratio":1,"model_price":-1,"model_ratio":1,"request_conversion":["OpenAI Compatible"],"request_path":"/v1/chat/completions","stream_status":{"end_reason":"done","status":"ok"},"user_group_ratio":-1}} 
[SYS] 2026/09/11 - 21:15:27 | testing channel #9112 completed 
=== RUN   TestChannelProbeForwardsAllConversationProtocols/openai//stream/custom
[SYS] 2026/09/11 - 21:15:27 | testing channel 9112 with model gpt-4o , info RelayInfo{ RelayFormat: openai, RelayMode: 1, IsStream: true, IsPlayground: false, RequestURLPath: "/v1/chat/completions", OriginModelName: "gpt-4o", EstimatePromptTokens: 0, ShouldIncludeUsage: false, DisablePing: false, SendResponseCount: 0, FinalPreConsumedQuota: 0, User{ Id: 9111, Email: "***masked***", Group: "default", UsingGroup: "default", Quota: 1000000 }, Token{ Id: 0, Unlimited: false, Key: ***masked*** }, Timing{ Start: 2026-09-11T21:15:27.8233727+08:00, FirstResponse: 2026-09-11T21:15:26.8233727+08:00, LatencyMs: -1000 }, ChannelMeta{ Type: 58, Id: 9112, IsMultiKey: false, MultiKeyIndex: 0, BaseURL: "http://127.0.0.1:56903", ApiType: 35, ApiVersion: "", Organization: "", CreateTime: 0, UpstreamModelName: "gpt-4o", IsModelMapped: false, SupportStreamOptions: true, ApiKey: ***masked*** }, }  
[INFO] 2026/09/11 - 21:15:27 | SYSTEM | stream ended: reason=done 
[INFO] 2026/09/11 - 21:15:27 | SYSTEM | record consume log: userId=9111, params={"channel_id":9112,"prompt_tokens":10,"completion_tokens":2,"model_name":"gpt-4o","token_name":"模型测试","quota":18,"content":"模型测试","token_id":0,"use_time_seconds":0,"is_stream":true,"group":"default","other":{"admin_info":{"use_channel":null},"cache_ratio":1,"cache_tokens":0,"completion_ratio":4,"frt":1,"group_ratio":1,"model_price":-1,"model_ratio":1,"request_conversion":["OpenAI Compatible"],"request_path":"/v1/chat/completions","stream_status":{"end_reason":"done","status":"ok"},"user_group_ratio":-1}} 
[SYS] 2026/09/11 - 21:15:27 | testing channel #9112 completed 
=== RUN   TestChannelProbeForwardsAllConversationProtocols/openai/basic/json/native
[SYS] 2026/09/11 - 21:15:27 | testing channel 9112 with model gpt-4o , info RelayInfo{ RelayFormat: openai, RelayMode: 1, IsStream: false, IsPlayground: false, RequestURLPath: "/v1/chat/completions", OriginModelName: "gpt-4o", EstimatePromptTokens: 0, ShouldIncludeUsage: false, DisablePing: false, SendResponseCount: 0, FinalPreConsumedQuota: 0, User{ Id: 9111, Email: "***masked***", Group: "default", UsingGroup: "default", Quota: 1000000 }, Token{ Id: 0, Unlimited: false, Key: ***masked*** }, Timing{ Start: 2026-09-11T21:15:27.8255415+08:00, FirstResponse: 2026-09-11T21:15:26.8255415+08:00, LatencyMs: -1000 }, ChannelMeta{ Type: 1, Id: 9112, IsMultiKey: false, MultiKeyIndex: 0, BaseURL: "http://127.0.0.1:56905", ApiType: 0, ApiVersion: "", Organization: "", CreateTime: 0, UpstreamModelName: "gpt-4o", IsModelMapped: false, SupportStreamOptions: true, ApiKey: ***masked*** }, }  
[INFO] 2026/09/11 - 21:15:27 | SYSTEM | record consume log: userId=9111, params={"channel_id":9112,"prompt_tokens":10,"completion_tokens":2,"model_name":"gpt-4o","token_name":"模型测试","quota":18,"content":"模型测试","token_id":0,"use_time_seconds":0,"is_stream":false,"group":"default","other":{"admin_info":{"use_channel":null},"cache_ratio":1,"cache_tokens":0,"completion_ratio":4,"frt":-1000,"group_ratio":1,"model_price":-1,"model_ratio":1,"request_conversion":["OpenAI Compatible"],"request_path":"/v1/chat/completions","user_group_ratio":-1}} 
[SYS] 2026/09/11 - 21:15:27 | testing channel #9112 completed 
=== RUN   TestChannelProbeForwardsAllConversationProtocols/openai/basic/json/custom
[SYS] 2026/09/11 - 21:15:27 | testing channel 9112 with model gpt-4o , info RelayInfo{ RelayFormat: openai, RelayMode: 1, IsStream: false, IsPlayground: false, RequestURLPath: "/v1/chat/completions", OriginModelName: "gpt-4o", EstimatePromptTokens: 0, ShouldIncludeUsage: false, DisablePing: false, SendResponseCount: 0, FinalPreConsumedQuota: 0, User{ Id: 9111, Email: "***masked***", Group: "default", UsingGroup: "default", Quota: 1000000 }, Token{ Id: 0, Unlimited: false, Key: ***masked*** }, Timing{ Start: 2026-09-11T21:15:27.8266178+08:00, FirstResponse: 2026-09-11T21:15:26.8266178+08:00, LatencyMs: -1000 }, ChannelMeta{ Type: 58, Id: 9112, IsMultiKey: false, MultiKeyIndex: 0, BaseURL: "http://127.0.0.1:56907", ApiType: 35, ApiVersion: "", Organization: "", CreateTime: 0, UpstreamModelName: "gpt-4o", IsModelMapped: false, SupportStreamOptions: true, ApiKey: ***masked*** }, }  
[INFO] 2026/09/11 - 21:15:27 | SYSTEM | record consume log: userId=9111, params={"channel_id":9112,"prompt_tokens":10,"completion_tokens":2,"model_name":"gpt-4o","token_name":"模型测试","quota":18,"content":"模型测试","token_id":0,"use_time_seconds":0,"is_stream":false,"group":"default","other":{"admin_info":{"use_channel":null},"cache_ratio":1,"cache_tokens":0,"completion_ratio":4,"frt":-1000,"group_ratio":1,"model_price":-1,"model_ratio":1,"request_conversion":["OpenAI Compatible"],"request_path":"/v1/chat/completions","user_group_ratio":-1}} 
[SYS] 2026/09/11 - 21:15:27 | testing channel #9112 completed 
=== RUN   TestChannelProbeForwardsAllConversationProtocols/openai/basic/stream/native
[SYS] 2026/09/11 - 21:15:27 | testing channel 9112 with model gpt-4o , info RelayInfo{ RelayFormat: openai, RelayMode: 1, IsStream: true, IsPlayground: false, RequestURLPath: "/v1/chat/completions", OriginModelName: "gpt-4o", EstimatePromptTokens: 0, ShouldIncludeUsage: false, DisablePing: false, SendResponseCount: 0, FinalPreConsumedQuota: 0, User{ Id: 9111, Email: "***masked***", Group: "default", UsingGroup: "default", Quota: 1000000 }, Token{ Id: 0, Unlimited: false, Key: ***masked*** }, Timing{ Start: 2026-09-11T21:15:27.8276222+08:00, FirstResponse: 2026-09-11T21:15:26.8276222+08:00, LatencyMs: -1000 }, ChannelMeta{ Type: 1, Id: 9112, IsMultiKey: false, MultiKeyIndex: 0, BaseURL: "http://127.0.0.1:56909", ApiType: 0, ApiVersion: "", Organization: "", CreateTime: 0, UpstreamModelName: "gpt-4o", IsModelMapped: false, SupportStreamOptions: true, ApiKey: ***masked*** }, }  
[INFO] 2026/09/11 - 21:15:27 | SYSTEM | stream ended: reason=done 
[INFO] 2026/09/11 - 21:15:27 | SYSTEM | record consume log: userId=9111, params={"channel_id":9112,"prompt_tokens":10,"completion_tokens":2,"model_name":"gpt-4o","token_name":"模型测试","quota":18,"content":"模型测试","token_id":0,"use_time_seconds":0,"is_stream":true,"group":"default","other":{"admin_info":{"use_channel":null},"cache_ratio":1,"cache_tokens":0,"completion_ratio":4,"frt":1,"group_ratio":1,"model_price":-1,"model_ratio":1,"request_conversion":["OpenAI Compatible"],"request_path":"/v1/chat/completions","stream_status":{"end_reason":"done","status":"ok"},"user_group_ratio":-1}} 
[SYS] 2026/09/11 - 21:15:27 | testing channel #9112 completed 
=== RUN   TestChannelProbeForwardsAllConversationProtocols/openai/basic/stream/custom
[SYS] 2026/09/11 - 21:15:27 | testing channel 9112 with model gpt-4o , info RelayInfo{ RelayFormat: openai, RelayMode: 1, IsStream: true, IsPlayground: false, RequestURLPath: "/v1/chat/completions", OriginModelName: "gpt-4o", EstimatePromptTokens: 0, ShouldIncludeUsage: false, DisablePing: false, SendResponseCount: 0, FinalPreConsumedQuota: 0, User{ Id: 9111, Email: "***masked***", Group: "default", UsingGroup: "default", Quota: 1000000 }, Token{ Id: 0, Unlimited: false, Key: ***masked*** }, Timing{ Start: 2026-09-11T21:15:27.8291659+08:00, FirstResponse: 2026-09-11T21:15:26.8291659+08:00, LatencyMs: -1000 }, ChannelMeta{ Type: 58, Id: 9112, IsMultiKey: false, MultiKeyIndex: 0, BaseURL: "http://127.0.0.1:56911", ApiType: 35, ApiVersion: "", Organization: "", CreateTime: 0, UpstreamModelName: "gpt-4o", IsModelMapped: false, SupportStreamOptions: true, ApiKey: ***masked*** }, }  
[INFO] 2026/09/11 - 21:15:27 | SYSTEM | stream ended: reason=done 
[INFO] 2026/09/11 - 21:15:27 | SYSTEM | record consume log: userId=9111, params={"channel_id":9112,"prompt_tokens":10,"completion_tokens":2,"model_name":"gpt-4o","token_name":"模型测试","quota":18,"content":"模型测试","token_id":0,"use_time_seconds":0,"is_stream":true,"group":"default","other":{"admin_info":{"use_channel":null},"cache_ratio":1,"cache_tokens":0,"completion_ratio":4,"frt":0,"group_ratio":1,"model_price":-1,"model_ratio":1,"request_conversion":["OpenAI Compatible"],"request_path":"/v1/chat/completions","stream_status":{"end_reason":"done","status":"ok"},"user_group_ratio":-1}} 
[SYS] 2026/09/11 - 21:15:27 | testing channel #9112 completed 
=== RUN   TestChannelProbeForwardsAllConversationProtocols/openai/tool_call/json/native
[SYS] 2026/09/11 - 21:15:27 | testing channel 9112 with model gpt-4o , info RelayInfo{ RelayFormat: openai, RelayMode: 1, IsStream: false, IsPlayground: false, RequestURLPath: "/v1/chat/completions", OriginModelName: "gpt-4o", EstimatePromptTokens: 0, ShouldIncludeUsage: false, DisablePing: false, SendResponseCount: 0, FinalPreConsumedQuota: 0, User{ Id: 9111, Email: "***masked***", Group: "default", UsingGroup: "default", Quota: 1000000 }, Token{ Id: 0, Unlimited: false, Key: ***masked*** }, Timing{ Start: 2026-09-11T21:15:27.8302128+08:00, FirstResponse: 2026-09-11T21:15:26.8302128+08:00, LatencyMs: -1000 }, ChannelMeta{ Type: 1, Id: 9112, IsMultiKey: false, MultiKeyIndex: 0, BaseURL: "http://127.0.0.1:56913", ApiType: 0, ApiVersion: "", Organization: "", CreateTime: 0, UpstreamModelName: "gpt-4o", IsModelMapped: false, SupportStreamOptions: true, ApiKey: ***masked*** }, }  
[INFO] 2026/09/11 - 21:15:27 | SYSTEM | record consume log: userId=9111, params={"channel_id":9112,"prompt_tokens":10,"completion_tokens":8,"model_name":"gpt-4o","token_name":"模型测试","quota":42,"content":"模型测试","token_id":0,"use_time_seconds":0,"is_stream":false,"group":"default","other":{"admin_info":{"use_channel":null},"cache_ratio":1,"cache_tokens":0,"completion_ratio":4,"frt":-1000,"group_ratio":1,"model_price":-1,"model_ratio":1,"request_conversion":["OpenAI Compatible"],"request_path":"/v1/chat/completions","user_group_ratio":-1}} 
[SYS] 2026/09/11 - 21:15:27 | testing channel #9112 completed 
=== RUN   TestChannelProbeForwardsAllConversationProtocols/openai/tool_call/json/custom
[SYS] 2026/09/11 - 21:15:27 | testing channel 9112 with model gpt-4o , info RelayInfo{ RelayFormat: openai, RelayMode: 1, IsStream: false, IsPlayground: false, RequestURLPath: "/v1/chat/completions", OriginModelName: "gpt-4o", EstimatePromptTokens: 0, ShouldIncludeUsage: false, DisablePing: false, SendResponseCount: 0, FinalPreConsumedQuota: 0, User{ Id: 9111, Email: "***masked***", Group: "default", UsingGroup: "default", Quota: 1000000 }, Token{ Id: 0, Unlimited: false, Key: ***masked*** }, Timing{ Start: 2026-09-11T21:15:27.8317911+08:00, FirstResponse: 2026-09-11T21:15:26.8317911+08:00, LatencyMs: -1000 }, ChannelMeta{ Type: 58, Id: 9112, IsMultiKey: false, MultiKeyIndex: 0, BaseURL: "http://127.0.0.1:56915", ApiType: 35, ApiVersion: "", Organization: "", CreateTime: 0, UpstreamModelName: "gpt-4o", IsModelMapped: false, SupportStreamOptions: true, ApiKey: ***masked*** }, }  
[INFO] 2026/09/11 - 21:15:27 | SYSTEM | record consume log: userId=9111, params={"channel_id":9112,"prompt_tokens":10,"completion_tokens":8,"model_name":"gpt-4o","token_name":"模型测试","quota":42,"content":"模型测试","token_id":0,"use_time_seconds":0,"is_stream":false,"group":"default","other":{"admin_info":{"use_channel":null},"cache_ratio":1,"cache_tokens":0,"completion_ratio":4,"frt":-1000,"group_ratio":1,"model_price":-1,"model_ratio":1,"request_conversion":["OpenAI Compatible"],"request_path":"/v1/chat/completions","user_group_ratio":-1}} 
[SYS] 2026/09/11 - 21:15:27 | testing channel #9112 completed 
=== RUN   TestChannelProbeForwardsAllConversationProtocols/openai/tool_call/stream/native
[SYS] 2026/09/11 - 21:15:27 | testing channel 9112 with model gpt-4o , info RelayInfo{ RelayFormat: openai, RelayMode: 1, IsStream: true, IsPlayground: false, RequestURLPath: "/v1/chat/completions", OriginModelName: "gpt-4o", EstimatePromptTokens: 0, ShouldIncludeUsage: false, DisablePing: false, SendResponseCount: 0, FinalPreConsumedQuota: 0, User{ Id: 9111, Email: "***masked***", Group: "default", UsingGroup: "default", Quota: 1000000 }, Token{ Id: 0, Unlimited: false, Key: ***masked*** }, Timing{ Start: 2026-09-11T21:15:27.8328477+08:00, FirstResponse: 2026-09-11T21:15:26.8328477+08:00, LatencyMs: -1000 }, ChannelMeta{ Type: 1, Id: 9112, IsMultiKey: false, MultiKeyIndex: 0, BaseURL: "http://127.0.0.1:56917", ApiType: 0, ApiVersion: "", Organization: "", CreateTime: 0, UpstreamModelName: "gpt-4o", IsModelMapped: false, SupportStreamOptions: true, ApiKey: ***masked*** }, }  
[INFO] 2026/09/11 - 21:15:27 | SYSTEM | stream ended: reason=done 
[INFO] 2026/09/11 - 21:15:27 | SYSTEM | record consume log: userId=9111, params={"channel_id":9112,"prompt_tokens":10,"completion_tokens":8,"model_name":"gpt-4o","token_name":"模型测试","quota":42,"content":"模型测试","token_id":0,"use_time_seconds":0,"is_stream":true,"group":"default","other":{"admin_info":{"use_channel":null},"cache_ratio":1,"cache_tokens":0,"completion_ratio":4,"frt":1,"group_ratio":1,"model_price":-1,"model_ratio":1,"request_conversion":["OpenAI Compatible"],"request_path":"/v1/chat/completions","stream_status":{"end_reason":"done","status":"ok"},"user_group_ratio":-1}} 
[SYS] 2026/09/11 - 21:15:27 | testing channel #9112 completed 
=== RUN   TestChannelProbeForwardsAllConversationProtocols/openai/tool_call/stream/custom
[SYS] 2026/09/11 - 21:15:27 | testing channel 9112 with model gpt-4o , info RelayInfo{ RelayFormat: openai, RelayMode: 1, IsStream: true, IsPlayground: false, RequestURLPath: "/v1/chat/completions", OriginModelName: "gpt-4o", EstimatePromptTokens: 0, ShouldIncludeUsage: false, DisablePing: false, SendResponseCount: 0, FinalPreConsumedQuota: 0, User{ Id: 9111, Email: "***masked***", Group: "default", UsingGroup: "default", Quota: 1000000 }, Token{ Id: 0, Unlimited: false, Key: ***masked*** }, Timing{ Start: 2026-09-11T21:15:27.8344199+08:00, FirstResponse: 2026-09-11T21:15:26.8344199+08:00, LatencyMs: -1000 }, ChannelMeta{ Type: 58, Id: 9112, IsMultiKey: false, MultiKeyIndex: 0, BaseURL: "http://127.0.0.1:56919", ApiType: 35, ApiVersion: "", Organization: "", CreateTime: 0, UpstreamModelName: "gpt-4o", IsModelMapped: false, SupportStreamOptions: true, ApiKey: ***masked*** }, }  
[INFO] 2026/09/11 - 21:15:27 | SYSTEM | stream ended: reason=done 
[INFO] 2026/09/11 - 21:15:27 | SYSTEM | record consume log: userId=9111, params={"channel_id":9112,"prompt_tokens":10,"completion_tokens":8,"model_name":"gpt-4o","token_name":"模型测试","quota":42,"content":"模型测试","token_id":0,"use_time_seconds":0,"is_stream":true,"group":"default","other":{"admin_info":{"use_channel":null},"cache_ratio":1,"cache_tokens":0,"completion_ratio":4,"frt":0,"group_ratio":1,"model_price":-1,"model_ratio":1,"request_conversion":["OpenAI Compatible"],"request_path":"/v1/chat/completions","stream_status":{"end_reason":"done","status":"ok"},"user_group_ratio":-1}} 
[SYS] 2026/09/11 - 21:15:27 | testing channel #9112 completed 
=== RUN   TestChannelProbeForwardsAllConversationProtocols/openai-response//json/native
[SYS] 2026/09/11 - 21:15:27 | testing channel 9112 with model gpt-4o , info RelayInfo{ RelayFormat: openai_responses, RelayMode: 30, IsStream: false, IsPlayground: false, RequestURLPath: "/v1/responses", OriginModelName: "gpt-4o", EstimatePromptTokens: 0, ShouldIncludeUsage: false, DisablePing: false, SendResponseCount: 0, FinalPreConsumedQuota: 0, User{ Id: 9111, Email: "***masked***", Group: "default", UsingGroup: "default", Quota: 1000000 }, Token{ Id: 0, Unlimited: false, Key: ***masked*** }, Timing{ Start: 2026-09-11T21:15:27.8359886+08:00, FirstResponse: 2026-09-11T21:15:26.8359886+08:00, LatencyMs: -1000 }, ChannelMeta{ Type: 1, Id: 9112, IsMultiKey: false, MultiKeyIndex: 0, BaseURL: "http://127.0.0.1:56921", ApiType: 0, ApiVersion: "", Organization: "", CreateTime: 0, UpstreamModelName: "gpt-4o", IsModelMapped: false, SupportStreamOptions: true, ApiKey: ***masked*** }, }  
[INFO] 2026/09/11 - 21:15:27 | SYSTEM | record consume log: userId=9111, params={"channel_id":9112,"prompt_tokens":10,"completion_tokens":2,"model_name":"gpt-4o","token_name":"模型测试","quota":18,"content":"模型测试","token_id":0,"use_time_seconds":0,"is_stream":false,"group":"default","other":{"admin_info":{"use_channel":null},"cache_ratio":1,"cache_tokens":0,"completion_ratio":4,"frt":-1000,"group_ratio":1,"model_price":-1,"model_ratio":1,"request_conversion":["OpenAI Responses"],"request_path":"/v1/responses","user_group_ratio":-1}} 
[SYS] 2026/09/11 - 21:15:27 | testing channel #9112 completed 
=== RUN   TestChannelProbeForwardsAllConversationProtocols/openai-response//json/custom
[SYS] 2026/09/11 - 21:15:27 | testing channel 9112 with model gpt-4o , info RelayInfo{ RelayFormat: openai_responses, RelayMode: 30, IsStream: false, IsPlayground: false, RequestURLPath: "/v1/responses", OriginModelName: "gpt-4o", EstimatePromptTokens: 0, ShouldIncludeUsage: false, DisablePing: false, SendResponseCount: 0, FinalPreConsumedQuota: 0, User{ Id: 9111, Email: "***masked***", Group: "default", UsingGroup: "default", Quota: 1000000 }, Token{ Id: 0, Unlimited: false, Key: ***masked*** }, Timing{ Start: 2026-09-11T21:15:27.8375535+08:00, FirstResponse: 2026-09-11T21:15:26.8375535+08:00, LatencyMs: -1000 }, ChannelMeta{ Type: 58, Id: 9112, IsMultiKey: false, MultiKeyIndex: 0, BaseURL: "http://127.0.0.1:56923", ApiType: 35, ApiVersion: "", Organization: "", CreateTime: 0, UpstreamModelName: "gpt-4o", IsModelMapped: false, SupportStreamOptions: true, ApiKey: ***masked*** }, }  
[INFO] 2026/09/11 - 21:15:27 | SYSTEM | record consume log: userId=9111, params={"channel_id":9112,"prompt_tokens":10,"completion_tokens":2,"model_name":"gpt-4o","token_name":"模型测试","quota":18,"content":"模型测试","token_id":0,"use_time_seconds":0,"is_stream":false,"group":"default","other":{"admin_info":{"use_channel":null},"cache_ratio":1,"cache_tokens":0,"completion_ratio":4,"frt":-1000,"group_ratio":1,"model_price":-1,"model_ratio":1,"request_conversion":["OpenAI Responses"],"request_path":"/v1/responses","user_group_ratio":-1}} 
[SYS] 2026/09/11 - 21:15:27 | testing channel #9112 completed 
=== RUN   TestChannelProbeForwardsAllConversationProtocols/openai-response//stream/native
[SYS] 2026/09/11 - 21:15:27 | testing channel 9112 with model gpt-4o , info RelayInfo{ RelayFormat: openai_responses, RelayMode: 30, IsStream: true, IsPlayground: false, RequestURLPath: "/v1/responses", OriginModelName: "gpt-4o", EstimatePromptTokens: 0, ShouldIncludeUsage: false, DisablePing: false, SendResponseCount: 0, FinalPreConsumedQuota: 0, User{ Id: 9111, Email: "***masked***", Group: "default", UsingGroup: "default", Quota: 1000000 }, Token{ Id: 0, Unlimited: false, Key: ***masked*** }, Timing{ Start: 2026-09-11T21:15:27.838595+08:00, FirstResponse: 2026-09-11T21:15:26.838595+08:00, LatencyMs: -1000 }, ChannelMeta{ Type: 1, Id: 9112, IsMultiKey: false, MultiKeyIndex: 0, BaseURL: "http://127.0.0.1:56925", ApiType: 0, ApiVersion: "", Organization: "", CreateTime: 0, UpstreamModelName: "gpt-4o", IsModelMapped: false, SupportStreamOptions: true, ApiKey: ***masked*** }, }  
[INFO] 2026/09/11 - 21:15:27 | SYSTEM | stream ended: reason=eof 
[INFO] 2026/09/11 - 21:15:27 | SYSTEM | record consume log: userId=9111, params={"channel_id":9112,"prompt_tokens":10,"completion_tokens":2,"model_name":"gpt-4o","token_name":"模型测试","quota":18,"content":"模型测试","token_id":0,"use_time_seconds":0,"is_stream":true,"group":"default","other":{"admin_info":{"use_channel":null},"cache_ratio":1,"cache_tokens":0,"completion_ratio":4,"frt":1,"group_ratio":1,"model_price":-1,"model_ratio":1,"request_conversion":["OpenAI Responses"],"request_path":"/v1/responses","stream_status":{"end_reason":"eof","status":"ok"},"user_group_ratio":-1}} 
[SYS] 2026/09/11 - 21:15:27 | testing channel #9112 completed 
=== RUN   TestChannelProbeForwardsAllConversationProtocols/openai-response//stream/custom
[SYS] 2026/09/11 - 21:15:27 | testing channel 9112 with model gpt-4o , info RelayInfo{ RelayFormat: openai_responses, RelayMode: 30, IsStream: true, IsPlayground: false, RequestURLPath: "/v1/responses", OriginModelName: "gpt-4o", EstimatePromptTokens: 0, ShouldIncludeUsage: false, DisablePing: false, SendResponseCount: 0, FinalPreConsumedQuota: 0, User{ Id: 9111, Email: "***masked***", Group: "default", UsingGroup: "default", Quota: 1000000 }, Token{ Id: 0, Unlimited: false, Key: ***masked*** }, Timing{ Start: 2026-09-11T21:15:27.8397036+08:00, FirstResponse: 2026-09-11T21:15:26.8397036+08:00, LatencyMs: -1000 }, ChannelMeta{ Type: 58, Id: 9112, IsMultiKey: false, MultiKeyIndex: 0, BaseURL: "http://127.0.0.1:56927", ApiType: 35, ApiVersion: "", Organization: "", CreateTime: 0, UpstreamModelName: "gpt-4o", IsModelMapped: false, SupportStreamOptions: true, ApiKey: ***masked*** }, }  
[INFO] 2026/09/11 - 21:15:27 | SYSTEM | stream ended: reason=eof 
[INFO] 2026/09/11 - 21:15:27 | SYSTEM | record consume log: userId=9111, params={"channel_id":9112,"prompt_tokens":10,"completion_tokens":2,"model_name":"gpt-4o","token_name":"模型测试","quota":18,"content":"模型测试","token_id":0,"use_time_seconds":0,"is_stream":true,"group":"default","other":{"admin_info":{"use_channel":null},"cache_ratio":1,"cache_tokens":0,"completion_ratio":4,"frt":1,"group_ratio":1,"model_price":-1,"model_ratio":1,"request_conversion":["OpenAI Responses"],"request_path":"/v1/responses","stream_status":{"end_reason":"eof","status":"ok"},"user_group_ratio":-1}} 
[SYS] 2026/09/11 - 21:15:27 | testing channel #9112 completed 
=== RUN   TestChannelProbeForwardsAllConversationProtocols/openai-response/basic/json/native
[SYS] 2026/09/11 - 21:15:27 | testing channel 9112 with model gpt-4o , info RelayInfo{ RelayFormat: openai_responses, RelayMode: 30, IsStream: false, IsPlayground: false, RequestURLPath: "/v1/responses", OriginModelName: "gpt-4o", EstimatePromptTokens: 0, ShouldIncludeUsage: false, DisablePing: false, SendResponseCount: 0, FinalPreConsumedQuota: 0, User{ Id: 9111, Email: "***masked***", Group: "default", UsingGroup: "default", Quota: 1000000 }, Token{ Id: 0, Unlimited: false, Key: ***masked*** }, Timing{ Start: 2026-09-11T21:15:27.841266+08:00, FirstResponse: 2026-09-11T21:15:26.841266+08:00, LatencyMs: -1000 }, ChannelMeta{ Type: 1, Id: 9112, IsMultiKey: false, MultiKeyIndex: 0, BaseURL: "http://127.0.0.1:56929", ApiType: 0, ApiVersion: "", Organization: "", CreateTime: 0, UpstreamModelName: "gpt-4o", IsModelMapped: false, SupportStreamOptions: true, ApiKey: ***masked*** }, }  
[INFO] 2026/09/11 - 21:15:27 | SYSTEM | record consume log: userId=9111, params={"channel_id":9112,"prompt_tokens":10,"completion_tokens":2,"model_name":"gpt-4o","token_name":"模型测试","quota":18,"content":"模型测试","token_id":0,"use_time_seconds":0,"is_stream":false,"group":"default","other":{"admin_info":{"use_channel":null},"cache_ratio":1,"cache_tokens":0,"completion_ratio":4,"frt":-1000,"group_ratio":1,"model_price":-1,"model_ratio":1,"request_conversion":["OpenAI Responses"],"request_path":"/v1/responses","user_group_ratio":-1}} 
[SYS] 2026/09/11 - 21:15:27 | testing channel #9112 completed 
=== RUN   TestChannelProbeForwardsAllConversationProtocols/openai-response/basic/json/custom
[SYS] 2026/09/11 - 21:15:27 | testing channel 9112 with model gpt-4o , info RelayInfo{ RelayFormat: openai_responses, RelayMode: 30, IsStream: false, IsPlayground: false, RequestURLPath: "/v1/responses", OriginModelName: "gpt-4o", EstimatePromptTokens: 0, ShouldIncludeUsage: false, DisablePing: false, SendResponseCount: 0, FinalPreConsumedQuota: 0, User{ Id: 9111, Email: "***masked***", Group: "default", UsingGroup: "default", Quota: 1000000 }, Token{ Id: 0, Unlimited: false, Key: ***masked*** }, Timing{ Start: 2026-09-11T21:15:27.8423051+08:00, FirstResponse: 2026-09-11T21:15:26.8423051+08:00, LatencyMs: -1000 }, ChannelMeta{ Type: 58, Id: 9112, IsMultiKey: false, MultiKeyIndex: 0, BaseURL: "http://127.0.0.1:56931", ApiType: 35, ApiVersion: "", Organization: "", CreateTime: 0, UpstreamModelName: "gpt-4o", IsModelMapped: false, SupportStreamOptions: true, ApiKey: ***masked*** }, }  
[INFO] 2026/09/11 - 21:15:27 | SYSTEM | record consume log: userId=9111, params={"channel_id":9112,"prompt_tokens":10,"completion_tokens":2,"model_name":"gpt-4o","token_name":"模型测试","quota":18,"content":"模型测试","token_id":0,"use_time_seconds":0,"is_stream":false,"group":"default","other":{"admin_info":{"use_channel":null},"cache_ratio":1,"cache_tokens":0,"completion_ratio":4,"frt":-1000,"group_ratio":1,"model_price":-1,"model_ratio":1,"request_conversion":["OpenAI Responses"],"request_path":"/v1/responses","user_group_ratio":-1}} 
[SYS] 2026/09/11 - 21:15:27 | testing channel #9112 completed 
=== RUN   TestChannelProbeForwardsAllConversationProtocols/openai-response/basic/stream/native
[SYS] 2026/09/11 - 21:15:27 | testing channel 9112 with model gpt-4o , info RelayInfo{ RelayFormat: openai_responses, RelayMode: 30, IsStream: true, IsPlayground: false, RequestURLPath: "/v1/responses", OriginModelName: "gpt-4o", EstimatePromptTokens: 0, ShouldIncludeUsage: false, DisablePing: false, SendResponseCount: 0, FinalPreConsumedQuota: 0, User{ Id: 9111, Email: "***masked***", Group: "default", UsingGroup: "default", Quota: 1000000 }, Token{ Id: 0, Unlimited: false, Key: ***masked*** }, Timing{ Start: 2026-09-11T21:15:27.8444009+08:00, FirstResponse: 2026-09-11T21:15:26.8444009+08:00, LatencyMs: -1000 }, ChannelMeta{ Type: 1, Id: 9112, IsMultiKey: false, MultiKeyIndex: 0, BaseURL: "http://127.0.0.1:56933", ApiType: 0, ApiVersion: "", Organization: "", CreateTime: 0, UpstreamModelName: "gpt-4o", IsModelMapped: false, SupportStreamOptions: true, ApiKey: ***masked*** }, }  
[INFO] 2026/09/11 - 21:15:27 | SYSTEM | stream ended: reason=eof 
[INFO] 2026/09/11 - 21:15:27 | SYSTEM | record consume log: userId=9111, params={"channel_id":9112,"prompt_tokens":10,"completion_tokens":2,"model_name":"gpt-4o","token_name":"模型测试","quota":18,"content":"模型测试","token_id":0,"use_time_seconds":0,"is_stream":true,"group":"default","other":{"admin_info":{"use_channel":null},"cache_ratio":1,"cache_tokens":0,"completion_ratio":4,"frt":0,"group_ratio":1,"model_price":-1,"model_ratio":1,"request_conversion":["OpenAI Responses"],"request_path":"/v1/responses","stream_status":{"end_reason":"eof","status":"ok"},"user_group_ratio":-1}} 
[SYS] 2026/09/11 - 21:15:27 | testing channel #9112 completed 
=== RUN   TestChannelProbeForwardsAllConversationProtocols/openai-response/basic/stream/custom
[SYS] 2026/09/11 - 21:15:27 | testing channel 9112 with model gpt-4o , info RelayInfo{ RelayFormat: openai_responses, RelayMode: 30, IsStream: true, IsPlayground: false, RequestURLPath: "/v1/responses", OriginModelName: "gpt-4o", EstimatePromptTokens: 0, ShouldIncludeUsage: false, DisablePing: false, SendResponseCount: 0, FinalPreConsumedQuota: 0, User{ Id: 9111, Email: "***masked***", Group: "default", UsingGroup: "default", Quota: 1000000 }, Token{ Id: 0, Unlimited: false, Key: ***masked*** }, Timing{ Start: 2026-09-11T21:15:27.846065+08:00, FirstResponse: 2026-09-11T21:15:26.846065+08:00, LatencyMs: -1000 }, ChannelMeta{ Type: 58, Id: 9112, IsMultiKey: false, MultiKeyIndex: 0, BaseURL: "http://127.0.0.1:56935", ApiType: 35, ApiVersion: "", Organization: "", CreateTime: 0, UpstreamModelName: "gpt-4o", IsModelMapped: false, SupportStreamOptions: true, ApiKey: ***masked*** }, }  
[INFO] 2026/09/11 - 21:15:27 | SYSTEM | stream ended: reason=eof 
[INFO] 2026/09/11 - 21:15:27 | SYSTEM | record consume log: userId=9111, params={"channel_id":9112,"prompt_tokens":10,"completion_tokens":2,"model_name":"gpt-4o","token_name":"模型测试","quota":18,"content":"模型测试","token_id":0,"use_time_seconds":0,"is_stream":true,"group":"default","other":{"admin_info":{"use_channel":null},"cache_ratio":1,"cache_tokens":0,"completion_ratio":4,"frt":0,"group_ratio":1,"model_price":-1,"model_ratio":1,"request_conversion":["OpenAI Responses"],"request_path":"/v1/responses","stream_status":{"end_reason":"eof","status":"ok"},"user_group_ratio":-1}} 
[SYS] 2026/09/11 - 21:15:27 | testing channel #9112 completed 
=== RUN   TestChannelProbeForwardsAllConversationProtocols/openai-response/tool_call/json/native
[SYS] 2026/09/11 - 21:15:27 | testing channel 9112 with model gpt-4o , info RelayInfo{ RelayFormat: openai_responses, RelayMode: 30, IsStream: false, IsPlayground: false, RequestURLPath: "/v1/responses", OriginModelName: "gpt-4o", EstimatePromptTokens: 0, ShouldIncludeUsage: false, DisablePing: false, SendResponseCount: 0, FinalPreConsumedQuota: 0, User{ Id: 9111, Email: "***masked***", Group: "default", UsingGroup: "default", Quota: 1000000 }, Token{ Id: 0, Unlimited: false, Key: ***masked*** }, Timing{ Start: 2026-09-11T21:15:27.8481504+08:00, FirstResponse: 2026-09-11T21:15:26.8481504+08:00, LatencyMs: -1000 }, ChannelMeta{ Type: 1, Id: 9112, IsMultiKey: false, MultiKeyIndex: 0, BaseURL: "http://127.0.0.1:56937", ApiType: 0, ApiVersion: "", Organization: "", CreateTime: 0, UpstreamModelName: "gpt-4o", IsModelMapped: false, SupportStreamOptions: true, ApiKey: ***masked*** }, ResponsesTools{ function: calls=0 }, }  
[INFO] 2026/09/11 - 21:15:27 | SYSTEM | record consume log: userId=9111, params={"channel_id":9112,"prompt_tokens":10,"completion_tokens":8,"model_name":"gpt-4o","token_name":"模型测试","quota":42,"content":"模型测试","token_id":0,"use_time_seconds":0,"is_stream":false,"group":"default","other":{"admin_info":{"use_channel":null},"cache_ratio":1,"cache_tokens":0,"completion_ratio":4,"frt":-1000,"group_ratio":1,"model_price":-1,"model_ratio":1,"request_conversion":["OpenAI Responses"],"request_path":"/v1/responses","user_group_ratio":-1}} 
[SYS] 2026/09/11 - 21:15:27 | testing channel #9112 completed 
=== RUN   TestChannelProbeForwardsAllConversationProtocols/openai-response/tool_call/json/custom
[SYS] 2026/09/11 - 21:15:27 | testing channel 9112 with model gpt-4o , info RelayInfo{ RelayFormat: openai_responses, RelayMode: 30, IsStream: false, IsPlayground: false, RequestURLPath: "/v1/responses", OriginModelName: "gpt-4o", EstimatePromptTokens: 0, ShouldIncludeUsage: false, DisablePing: false, SendResponseCount: 0, FinalPreConsumedQuota: 0, User{ Id: 9111, Email: "***masked***", Group: "default", UsingGroup: "default", Quota: 1000000 }, Token{ Id: 0, Unlimited: false, Key: ***masked*** }, Timing{ Start: 2026-09-11T21:15:27.8491939+08:00, FirstResponse: 2026-09-11T21:15:26.8491939+08:00, LatencyMs: -1000 }, ChannelMeta{ Type: 58, Id: 9112, IsMultiKey: false, MultiKeyIndex: 0, BaseURL: "http://127.0.0.1:56939", ApiType: 35, ApiVersion: "", Organization: "", CreateTime: 0, UpstreamModelName: "gpt-4o", IsModelMapped: false, SupportStreamOptions: true, ApiKey: ***masked*** }, ResponsesTools{ function: calls=0 }, }  
[INFO] 2026/09/11 - 21:15:27 | SYSTEM | record consume log: userId=9111, params={"channel_id":9112,"prompt_tokens":10,"completion_tokens":8,"model_name":"gpt-4o","token_name":"模型测试","quota":42,"content":"模型测试","token_id":0,"use_time_seconds":0,"is_stream":false,"group":"default","other":{"admin_info":{"use_channel":null},"cache_ratio":1,"cache_tokens":0,"completion_ratio":4,"frt":-1000,"group_ratio":1,"model_price":-1,"model_ratio":1,"request_conversion":["OpenAI Responses"],"request_path":"/v1/responses","user_group_ratio":-1}} 
[SYS] 2026/09/11 - 21:15:27 | testing channel #9112 completed 
=== RUN   TestChannelProbeForwardsAllConversationProtocols/openai-response/tool_call/stream/native
[SYS] 2026/09/11 - 21:15:27 | testing channel 9112 with model gpt-4o , info RelayInfo{ RelayFormat: openai_responses, RelayMode: 30, IsStream: true, IsPlayground: false, RequestURLPath: "/v1/responses", OriginModelName: "gpt-4o", EstimatePromptTokens: 0, ShouldIncludeUsage: false, DisablePing: false, SendResponseCount: 0, FinalPreConsumedQuota: 0, User{ Id: 9111, Email: "***masked***", Group: "default", UsingGroup: "default", Quota: 1000000 }, Token{ Id: 0, Unlimited: false, Key: ***masked*** }, Timing{ Start: 2026-09-11T21:15:27.8509496+08:00, FirstResponse: 2026-09-11T21:15:26.8509496+08:00, LatencyMs: -1000 }, ChannelMeta{ Type: 1, Id: 9112, IsMultiKey: false, MultiKeyIndex: 0, BaseURL: "http://127.0.0.1:56941", ApiType: 0, ApiVersion: "", Organization: "", CreateTime: 0, UpstreamModelName: "gpt-4o", IsModelMapped: false, SupportStreamOptions: true, ApiKey: ***masked*** }, ResponsesTools{ function: calls=0 }, }  
[INFO] 2026/09/11 - 21:15:27 | SYSTEM | stream ended: reason=eof 
[INFO] 2026/09/11 - 21:15:27 | SYSTEM | record consume log: userId=9111, params={"channel_id":9112,"prompt_tokens":10,"completion_tokens":8,"model_name":"gpt-4o","token_name":"模型测试","quota":42,"content":"模型测试","token_id":0,"use_time_seconds":0,"is_stream":true,"group":"default","other":{"admin_info":{"use_channel":null},"cache_ratio":1,"cache_tokens":0,"completion_ratio":4,"frt":1,"group_ratio":1,"model_price":-1,"model_ratio":1,"request_conversion":["OpenAI Responses"],"request_path":"/v1/responses","stream_status":{"end_reason":"eof","status":"ok"},"user_group_ratio":-1}} 
[SYS] 2026/09/11 - 21:15:27 | testing channel #9112 completed 
=== RUN   TestChannelProbeForwardsAllConversationProtocols/openai-response/tool_call/stream/custom
[SYS] 2026/09/11 - 21:15:27 | testing channel 9112 with model gpt-4o , info RelayInfo{ RelayFormat: openai_responses, RelayMode: 30, IsStream: true, IsPlayground: false, RequestURLPath: "/v1/responses", OriginModelName: "gpt-4o", EstimatePromptTokens: 0, ShouldIncludeUsage: false, DisablePing: false, SendResponseCount: 0, FinalPreConsumedQuota: 0, User{ Id: 9111, Email: "***masked***", Group: "default", UsingGroup: "default", Quota: 1000000 }, Token{ Id: 0, Unlimited: false, Key: ***masked*** }, Timing{ Start: 2026-09-11T21:15:27.8525186+08:00, FirstResponse: 2026-09-11T21:15:26.8525186+08:00, LatencyMs: -1000 }, ChannelMeta{ Type: 58, Id: 9112, IsMultiKey: false, MultiKeyIndex: 0, BaseURL: "http://127.0.0.1:56943", ApiType: 35, ApiVersion: "", Organization: "", CreateTime: 0, UpstreamModelName: "gpt-4o", IsModelMapped: false, SupportStreamOptions: true, ApiKey: ***masked*** }, ResponsesTools{ function: calls=0 }, }  
[INFO] 2026/09/11 - 21:15:27 | SYSTEM | stream ended: reason=eof 
[INFO] 2026/09/11 - 21:15:27 | SYSTEM | record consume log: userId=9111, params={"channel_id":9112,"prompt_tokens":10,"completion_tokens":8,"model_name":"gpt-4o","token_name":"模型测试","quota":42,"content":"模型测试","token_id":0,"use_time_seconds":0,"is_stream":true,"group":"default","other":{"admin_info":{"use_channel":null},"cache_ratio":1,"cache_tokens":0,"completion_ratio":4,"frt":1,"group_ratio":1,"model_price":-1,"model_ratio":1,"request_conversion":["OpenAI Responses"],"request_path":"/v1/responses","stream_status":{"end_reason":"eof","status":"ok"},"user_group_ratio":-1}} 
[SYS] 2026/09/11 - 21:15:27 | testing channel #9112 completed 
=== RUN   TestChannelProbeForwardsAllConversationProtocols/anthropic//json/native
[SYS] 2026/09/11 - 21:15:27 | testing channel 9112 with model gpt-4o , info RelayInfo{ RelayFormat: claude, RelayMode: 0, IsStream: false, IsPlayground: false, RequestURLPath: "/v1/messages", OriginModelName: "gpt-4o", EstimatePromptTokens: 0, ShouldIncludeUsage: false, DisablePing: false, SendResponseCount: 0, FinalPreConsumedQuota: 0, User{ Id: 9111, Email: "***masked***", Group: "default", UsingGroup: "default", Quota: 1000000 }, Token{ Id: 0, Unlimited: false, Key: ***masked*** }, Timing{ Start: 2026-09-11T21:15:27.8553009+08:00, FirstResponse: 2026-09-11T21:15:26.8553009+08:00, LatencyMs: -1000 }, ChannelMeta{ Type: 14, Id: 9112, IsMultiKey: false, MultiKeyIndex: 0, BaseURL: "http://127.0.0.1:56945", ApiType: 1, ApiVersion: "", Organization: "", CreateTime: 0, UpstreamModelName: "gpt-4o", IsModelMapped: false, SupportStreamOptions: true, ApiKey: ***masked*** }, }  
[INFO] 2026/09/11 - 21:15:27 | SYSTEM | record consume log: userId=9111, params={"channel_id":9112,"prompt_tokens":10,"completion_tokens":2,"model_name":"gpt-4o","token_name":"模型测试","quota":18,"content":"模型测试","token_id":0,"use_time_seconds":0,"is_stream":false,"group":"default","other":{"admin_info":{"use_channel":null},"cache_ratio":1,"cache_tokens":0,"claude":true,"completion_ratio":4,"frt":-1000,"group_ratio":1,"model_price":-1,"model_ratio":1,"request_conversion":["Claude Messages"],"request_path":"/v1/messages","user_group_ratio":-1}} 
[SYS] 2026/09/11 - 21:15:27 | testing channel #9112 completed 
=== RUN   TestChannelProbeForwardsAllConversationProtocols/anthropic//json/custom
[SYS] 2026/09/11 - 21:15:27 | testing channel 9112 with model gpt-4o , info RelayInfo{ RelayFormat: claude, RelayMode: 0, IsStream: false, IsPlayground: false, RequestURLPath: "/v1/messages", OriginModelName: "gpt-4o", EstimatePromptTokens: 0, ShouldIncludeUsage: false, DisablePing: false, SendResponseCount: 0, FinalPreConsumedQuota: 0, User{ Id: 9111, Email: "***masked***", Group: "default", UsingGroup: "default", Quota: 1000000 }, Token{ Id: 0, Unlimited: false, Key: ***masked*** }, Timing{ Start: 2026-09-11T21:15:27.8571974+08:00, FirstResponse: 2026-09-11T21:15:26.8571974+08:00, LatencyMs: -1000 }, ChannelMeta{ Type: 58, Id: 9112, IsMultiKey: false, MultiKeyIndex: 0, BaseURL: "http://127.0.0.1:56947", ApiType: 35, ApiVersion: "", Organization: "", CreateTime: 0, UpstreamModelName: "gpt-4o", IsModelMapped: false, SupportStreamOptions: true, ApiKey: ***masked*** }, }  
[INFO] 2026/09/11 - 21:15:27 | SYSTEM | record consume log: userId=9111, params={"channel_id":9112,"prompt_tokens":10,"completion_tokens":2,"model_name":"gpt-4o","token_name":"模型测试","quota":18,"content":"模型测试","token_id":0,"use_time_seconds":0,"is_stream":false,"group":"default","other":{"admin_info":{"use_channel":null},"cache_ratio":1,"cache_tokens":0,"claude":true,"completion_ratio":4,"frt":-1000,"group_ratio":1,"model_price":-1,"model_ratio":1,"request_conversion":["Claude Messages"],"request_path":"/v1/messages","user_group_ratio":-1}} 
[SYS] 2026/09/11 - 21:15:27 | testing channel #9112 completed 
=== RUN   TestChannelProbeForwardsAllConversationProtocols/anthropic//stream/native
[SYS] 2026/09/11 - 21:15:27 | testing channel 9112 with model gpt-4o , info RelayInfo{ RelayFormat: claude, RelayMode: 0, IsStream: true, IsPlayground: false, RequestURLPath: "/v1/messages", OriginModelName: "gpt-4o", EstimatePromptTokens: 0, ShouldIncludeUsage: false, DisablePing: false, SendResponseCount: 0, FinalPreConsumedQuota: 0, User{ Id: 9111, Email: "***masked***", Group: "default", UsingGroup: "default", Quota: 1000000 }, Token{ Id: 0, Unlimited: false, Key: ***masked*** }, Timing{ Start: 2026-09-11T21:15:27.8582296+08:00, FirstResponse: 2026-09-11T21:15:26.8582296+08:00, LatencyMs: -1000 }, ChannelMeta{ Type: 14, Id: 9112, IsMultiKey: false, MultiKeyIndex: 0, BaseURL: "http://127.0.0.1:56949", ApiType: 1, ApiVersion: "", Organization: "", CreateTime: 0, UpstreamModelName: "gpt-4o", IsModelMapped: false, SupportStreamOptions: true, ApiKey: ***masked*** }, }  
[INFO] 2026/09/11 - 21:15:27 | SYSTEM | stream ended: reason=eof 
[INFO] 2026/09/11 - 21:15:27 | SYSTEM | record consume log: userId=9111, params={"channel_id":9112,"prompt_tokens":10,"completion_tokens":2,"model_name":"gpt-4o","token_name":"模型测试","quota":18,"content":"模型测试","token_id":0,"use_time_seconds":0,"is_stream":true,"group":"default","other":{"admin_info":{"use_channel":null},"cache_ratio":1,"cache_tokens":0,"claude":true,"completion_ratio":4,"frt":1,"group_ratio":1,"model_price":-1,"model_ratio":1,"request_conversion":["Claude Messages"],"request_path":"/v1/messages","stream_status":{"end_reason":"eof","status":"ok"},"user_group_ratio":-1}} 
[SYS] 2026/09/11 - 21:15:27 | testing channel #9112 completed 
=== RUN   TestChannelProbeForwardsAllConversationProtocols/anthropic//stream/custom
[SYS] 2026/09/11 - 21:15:27 | testing channel 9112 with model gpt-4o , info RelayInfo{ RelayFormat: claude, RelayMode: 0, IsStream: true, IsPlayground: false, RequestURLPath: "/v1/messages", OriginModelName: "gpt-4o", EstimatePromptTokens: 0, ShouldIncludeUsage: false, DisablePing: false, SendResponseCount: 0, FinalPreConsumedQuota: 0, User{ Id: 9111, Email: "***masked***", Group: "default", UsingGroup: "default", Quota: 1000000 }, Token{ Id: 0, Unlimited: false, Key: ***masked*** }, Timing{ Start: 2026-09-11T21:15:27.859913+08:00, FirstResponse: 2026-09-11T21:15:26.859913+08:00, LatencyMs: -1000 }, ChannelMeta{ Type: 58, Id: 9112, IsMultiKey: false, MultiKeyIndex: 0, BaseURL: "http://127.0.0.1:56951", ApiType: 35, ApiVersion: "", Organization: "", CreateTime: 0, UpstreamModelName: "gpt-4o", IsModelMapped: false, SupportStreamOptions: true, ApiKey: ***masked*** }, }  
[INFO] 2026/09/11 - 21:15:27 | SYSTEM | stream ended: reason=eof 
[INFO] 2026/09/11 - 21:15:27 | SYSTEM | record consume log: userId=9111, params={"channel_id":9112,"prompt_tokens":10,"completion_tokens":2,"model_name":"gpt-4o","token_name":"模型测试","quota":18,"content":"模型测试","token_id":0,"use_time_seconds":0,"is_stream":true,"group":"default","other":{"admin_info":{"use_channel":null},"cache_ratio":1,"cache_tokens":0,"claude":true,"completion_ratio":4,"frt":1,"group_ratio":1,"model_price":-1,"model_ratio":1,"request_conversion":["Claude Messages"],"request_path":"/v1/messages","stream_status":{"end_reason":"eof","status":"ok"},"user_group_ratio":-1}} 
[SYS] 2026/09/11 - 21:15:27 | testing channel #9112 completed 
=== RUN   TestChannelProbeForwardsAllConversationProtocols/anthropic/basic/json/native
[SYS] 2026/09/11 - 21:15:27 | testing channel 9112 with model gpt-4o , info RelayInfo{ RelayFormat: claude, RelayMode: 0, IsStream: false, IsPlayground: false, RequestURLPath: "/v1/messages", OriginModelName: "gpt-4o", EstimatePromptTokens: 0, ShouldIncludeUsage: false, DisablePing: false, SendResponseCount: 0, FinalPreConsumedQuota: 0, User{ Id: 9111, Email: "***masked***", Group: "default", UsingGroup: "default", Quota: 1000000 }, Token{ Id: 0, Unlimited: false, Key: ***masked*** }, Timing{ Start: 2026-09-11T21:15:27.8609568+08:00, FirstResponse: 2026-09-11T21:15:26.8609568+08:00, LatencyMs: -1000 }, ChannelMeta{ Type: 14, Id: 9112, IsMultiKey: false, MultiKeyIndex: 0, BaseURL: "http://127.0.0.1:56953", ApiType: 1, ApiVersion: "", Organization: "", CreateTime: 0, UpstreamModelName: "gpt-4o", IsModelMapped: false, SupportStreamOptions: true, ApiKey: ***masked*** }, }  
[INFO] 2026/09/11 - 21:15:27 | SYSTEM | record consume log: userId=9111, params={"channel_id":9112,"prompt_tokens":10,"completion_tokens":2,"model_name":"gpt-4o","token_name":"模型测试","quota":18,"content":"模型测试","token_id":0,"use_time_seconds":0,"is_stream":false,"group":"default","other":{"admin_info":{"use_channel":null},"cache_ratio":1,"cache_tokens":0,"claude":true,"completion_ratio":4,"frt":-1000,"group_ratio":1,"model_price":-1,"model_ratio":1,"request_conversion":["Claude Messages"],"request_path":"/v1/messages","user_group_ratio":-1}} 
[SYS] 2026/09/11 - 21:15:27 | testing channel #9112 completed 
=== RUN   TestChannelProbeForwardsAllConversationProtocols/anthropic/basic/json/custom
[SYS] 2026/09/11 - 21:15:27 | testing channel 9112 with model gpt-4o , info RelayInfo{ RelayFormat: claude, RelayMode: 0, IsStream: false, IsPlayground: false, RequestURLPath: "/v1/messages", OriginModelName: "gpt-4o", EstimatePromptTokens: 0, ShouldIncludeUsage: false, DisablePing: false, SendResponseCount: 0, FinalPreConsumedQuota: 0, User{ Id: 9111, Email: "***masked***", Group: "default", UsingGroup: "default", Quota: 1000000 }, Token{ Id: 0, Unlimited: false, Key: ***masked*** }, Timing{ Start: 2026-09-11T21:15:27.862023+08:00, FirstResponse: 2026-09-11T21:15:26.862023+08:00, LatencyMs: -1000 }, ChannelMeta{ Type: 58, Id: 9112, IsMultiKey: false, MultiKeyIndex: 0, BaseURL: "http://127.0.0.1:56955", ApiType: 35, ApiVersion: "", Organization: "", CreateTime: 0, UpstreamModelName: "gpt-4o", IsModelMapped: false, SupportStreamOptions: true, ApiKey: ***masked*** }, }  
[INFO] 2026/09/11 - 21:15:27 | SYSTEM | record consume log: userId=9111, params={"channel_id":9112,"prompt_tokens":10,"completion_tokens":2,"model_name":"gpt-4o","token_name":"模型测试","quota":18,"content":"模型测试","token_id":0,"use_time_seconds":0,"is_stream":false,"group":"default","other":{"admin_info":{"use_channel":null},"cache_ratio":1,"cache_tokens":0,"claude":true,"completion_ratio":4,"frt":-1000,"group_ratio":1,"model_price":-1,"model_ratio":1,"request_conversion":["Claude Messages"],"request_path":"/v1/messages","user_group_ratio":-1}} 
[SYS] 2026/09/11 - 21:15:27 | testing channel #9112 completed 
=== RUN   TestChannelProbeForwardsAllConversationProtocols/anthropic/basic/stream/native
[SYS] 2026/09/11 - 21:15:27 | testing channel 9112 with model gpt-4o , info RelayInfo{ RelayFormat: claude, RelayMode: 0, IsStream: true, IsPlayground: false, RequestURLPath: "/v1/messages", OriginModelName: "gpt-4o", EstimatePromptTokens: 0, ShouldIncludeUsage: false, DisablePing: false, SendResponseCount: 0, FinalPreConsumedQuota: 0, User{ Id: 9111, Email: "***masked***", Group: "default", UsingGroup: "default", Quota: 1000000 }, Token{ Id: 0, Unlimited: false, Key: ***masked*** }, Timing{ Start: 2026-09-11T21:15:27.8636303+08:00, FirstResponse: 2026-09-11T21:15:26.8636303+08:00, LatencyMs: -1000 }, ChannelMeta{ Type: 14, Id: 9112, IsMultiKey: false, MultiKeyIndex: 0, BaseURL: "http://127.0.0.1:56957", ApiType: 1, ApiVersion: "", Organization: "", CreateTime: 0, UpstreamModelName: "gpt-4o", IsModelMapped: false, SupportStreamOptions: true, ApiKey: ***masked*** }, }  
[INFO] 2026/09/11 - 21:15:27 | SYSTEM | stream ended: reason=eof 
[INFO] 2026/09/11 - 21:15:27 | SYSTEM | record consume log: userId=9111, params={"channel_id":9112,"prompt_tokens":10,"completion_tokens":2,"model_name":"gpt-4o","token_name":"模型测试","quota":18,"content":"模型测试","token_id":0,"use_time_seconds":0,"is_stream":true,"group":"default","other":{"admin_info":{"use_channel":null},"cache_ratio":1,"cache_tokens":0,"claude":true,"completion_ratio":4,"frt":1,"group_ratio":1,"model_price":-1,"model_ratio":1,"request_conversion":["Claude Messages"],"request_path":"/v1/messages","stream_status":{"end_reason":"eof","status":"ok"},"user_group_ratio":-1}} 
[SYS] 2026/09/11 - 21:15:27 | testing channel #9112 completed 
=== RUN   TestChannelProbeForwardsAllConversationProtocols/anthropic/basic/stream/custom
[SYS] 2026/09/11 - 21:15:27 | testing channel 9112 with model gpt-4o , info RelayInfo{ RelayFormat: claude, RelayMode: 0, IsStream: true, IsPlayground: false, RequestURLPath: "/v1/messages", OriginModelName: "gpt-4o", EstimatePromptTokens: 0, ShouldIncludeUsage: false, DisablePing: false, SendResponseCount: 0, FinalPreConsumedQuota: 0, User{ Id: 9111, Email: "***masked***", Group: "default", UsingGroup: "default", Quota: 1000000 }, Token{ Id: 0, Unlimited: false, Key: ***masked*** }, Timing{ Start: 2026-09-11T21:15:27.8651873+08:00, FirstResponse: 2026-09-11T21:15:26.8651873+08:00, LatencyMs: -1000 }, ChannelMeta{ Type: 58, Id: 9112, IsMultiKey: false, MultiKeyIndex: 0, BaseURL: "http://127.0.0.1:56959", ApiType: 35, ApiVersion: "", Organization: "", CreateTime: 0, UpstreamModelName: "gpt-4o", IsModelMapped: false, SupportStreamOptions: true, ApiKey: ***masked*** }, }  
[INFO] 2026/09/11 - 21:15:27 | SYSTEM | stream ended: reason=eof 
[INFO] 2026/09/11 - 21:15:27 | SYSTEM | record consume log: userId=9111, params={"channel_id":9112,"prompt_tokens":10,"completion_tokens":2,"model_name":"gpt-4o","token_name":"模型测试","quota":18,"content":"模型测试","token_id":0,"use_time_seconds":0,"is_stream":true,"group":"default","other":{"admin_info":{"use_channel":null},"cache_ratio":1,"cache_tokens":0,"claude":true,"completion_ratio":4,"frt":0,"group_ratio":1,"model_price":-1,"model_ratio":1,"request_conversion":["Claude Messages"],"request_path":"/v1/messages","stream_status":{"end_reason":"eof","status":"ok"},"user_group_ratio":-1}} 
[SYS] 2026/09/11 - 21:15:27 | testing channel #9112 completed 
=== RUN   TestChannelProbeForwardsAllConversationProtocols/anthropic/tool_call/json/native
[SYS] 2026/09/11 - 21:15:27 | testing channel 9112 with model gpt-4o , info RelayInfo{ RelayFormat: claude, RelayMode: 0, IsStream: false, IsPlayground: false, RequestURLPath: "/v1/messages", OriginModelName: "gpt-4o", EstimatePromptTokens: 0, ShouldIncludeUsage: false, DisablePing: false, SendResponseCount: 0, FinalPreConsumedQuota: 0, User{ Id: 9111, Email: "***masked***", Group: "default", UsingGroup: "default", Quota: 1000000 }, Token{ Id: 0, Unlimited: false, Key: ***masked*** }, Timing{ Start: 2026-09-11T21:15:27.8662322+08:00, FirstResponse: 2026-09-11T21:15:26.8662322+08:00, LatencyMs: -1000 }, ChannelMeta{ Type: 14, Id: 9112, IsMultiKey: false, MultiKeyIndex: 0, BaseURL: "http://127.0.0.1:56961", ApiType: 1, ApiVersion: "", Organization: "", CreateTime: 0, UpstreamModelName: "gpt-4o", IsModelMapped: false, SupportStreamOptions: true, ApiKey: ***masked*** }, }  
[INFO] 2026/09/11 - 21:15:27 | SYSTEM | record consume log: userId=9111, params={"channel_id":9112,"prompt_tokens":10,"completion_tokens":8,"model_name":"gpt-4o","token_name":"模型测试","quota":42,"content":"模型测试","token_id":0,"use_time_seconds":0,"is_stream":false,"group":"default","other":{"admin_info":{"use_channel":null},"cache_ratio":1,"cache_tokens":0,"claude":true,"completion_ratio":4,"frt":-1000,"group_ratio":1,"model_price":-1,"model_ratio":1,"request_conversion":["Claude Messages"],"request_path":"/v1/messages","user_group_ratio":-1}} 
[SYS] 2026/09/11 - 21:15:27 | testing channel #9112 completed 
=== RUN   TestChannelProbeForwardsAllConversationProtocols/anthropic/tool_call/json/custom
[SYS] 2026/09/11 - 21:15:27 | testing channel 9112 with model gpt-4o , info RelayInfo{ RelayFormat: claude, RelayMode: 0, IsStream: false, IsPlayground: false, RequestURLPath: "/v1/messages", OriginModelName: "gpt-4o", EstimatePromptTokens: 0, ShouldIncludeUsage: false, DisablePing: false, SendResponseCount: 0, FinalPreConsumedQuota: 0, User{ Id: 9111, Email: "***masked***", Group: "default", UsingGroup: "default", Quota: 1000000 }, Token{ Id: 0, Unlimited: false, Key: ***masked*** }, Timing{ Start: 2026-09-11T21:15:27.8672786+08:00, FirstResponse: 2026-09-11T21:15:26.8672786+08:00, LatencyMs: -1000 }, ChannelMeta{ Type: 58, Id: 9112, IsMultiKey: false, MultiKeyIndex: 0, BaseURL: "http://127.0.0.1:56963", ApiType: 35, ApiVersion: "", Organization: "", CreateTime: 0, UpstreamModelName: "gpt-4o", IsModelMapped: false, SupportStreamOptions: true, ApiKey: ***masked*** }, }  
[INFO] 2026/09/11 - 21:15:27 | SYSTEM | record consume log: userId=9111, params={"channel_id":9112,"prompt_tokens":10,"completion_tokens":8,"model_name":"gpt-4o","token_name":"模型测试","quota":42,"content":"模型测试","token_id":0,"use_time_seconds":0,"is_stream":false,"group":"default","other":{"admin_info":{"use_channel":null},"cache_ratio":1,"cache_tokens":0,"claude":true,"completion_ratio":4,"frt":-1000,"group_ratio":1,"model_price":-1,"model_ratio":1,"request_conversion":["Claude Messages"],"request_path":"/v1/messages","user_group_ratio":-1}} 
[SYS] 2026/09/11 - 21:15:27 | testing channel #9112 completed 
=== RUN   TestChannelProbeForwardsAllConversationProtocols/anthropic/tool_call/stream/native
[SYS] 2026/09/11 - 21:15:27 | testing channel 9112 with model gpt-4o , info RelayInfo{ RelayFormat: claude, RelayMode: 0, IsStream: true, IsPlayground: false, RequestURLPath: "/v1/messages", OriginModelName: "gpt-4o", EstimatePromptTokens: 0, ShouldIncludeUsage: false, DisablePing: false, SendResponseCount: 0, FinalPreConsumedQuota: 0, User{ Id: 9111, Email: "***masked***", Group: "default", UsingGroup: "default", Quota: 1000000 }, Token{ Id: 0, Unlimited: false, Key: ***masked*** }, Timing{ Start: 2026-09-11T21:15:27.8688394+08:00, FirstResponse: 2026-09-11T21:15:26.8688394+08:00, LatencyMs: -1000 }, ChannelMeta{ Type: 14, Id: 9112, IsMultiKey: false, MultiKeyIndex: 0, BaseURL: "http://127.0.0.1:56965", ApiType: 1, ApiVersion: "", Organization: "", CreateTime: 0, UpstreamModelName: "gpt-4o", IsModelMapped: false, SupportStreamOptions: true, ApiKey: ***masked*** }, }  
[INFO] 2026/09/11 - 21:15:27 | SYSTEM | stream ended: reason=eof 
[INFO] 2026/09/11 - 21:15:27 | SYSTEM | record consume log: userId=9111, params={"channel_id":9112,"prompt_tokens":10,"completion_tokens":8,"model_name":"gpt-4o","token_name":"模型测试","quota":42,"content":"模型测试","token_id":0,"use_time_seconds":0,"is_stream":true,"group":"default","other":{"admin_info":{"use_channel":null},"cache_ratio":1,"cache_tokens":0,"claude":true,"completion_ratio":4,"frt":1,"group_ratio":1,"model_price":-1,"model_ratio":1,"request_conversion":["Claude Messages"],"request_path":"/v1/messages","stream_status":{"end_reason":"eof","status":"ok"},"user_group_ratio":-1}} 
[SYS] 2026/09/11 - 21:15:27 | testing channel #9112 completed 
=== RUN   TestChannelProbeForwardsAllConversationProtocols/anthropic/tool_call/stream/custom
[SYS] 2026/09/11 - 21:15:27 | testing channel 9112 with model gpt-4o , info RelayInfo{ RelayFormat: claude, RelayMode: 0, IsStream: true, IsPlayground: false, RequestURLPath: "/v1/messages", OriginModelName: "gpt-4o", EstimatePromptTokens: 0, ShouldIncludeUsage: false, DisablePing: false, SendResponseCount: 0, FinalPreConsumedQuota: 0, User{ Id: 9111, Email: "***masked***", Group: "default", UsingGroup: "default", Quota: 1000000 }, Token{ Id: 0, Unlimited: false, Key: ***masked*** }, Timing{ Start: 2026-09-11T21:15:27.8704377+08:00, FirstResponse: 2026-09-11T21:15:26.8704377+08:00, LatencyMs: -1000 }, ChannelMeta{ Type: 58, Id: 9112, IsMultiKey: false, MultiKeyIndex: 0, BaseURL: "http://127.0.0.1:56967", ApiType: 35, ApiVersion: "", Organization: "", CreateTime: 0, UpstreamModelName: "gpt-4o", IsModelMapped: false, SupportStreamOptions: true, ApiKey: ***masked*** }, }  
[INFO] 2026/09/11 - 21:15:27 | SYSTEM | stream ended: reason=eof 
[INFO] 2026/09/11 - 21:15:27 | SYSTEM | record consume log: userId=9111, params={"channel_id":9112,"prompt_tokens":10,"completion_tokens":8,"model_name":"gpt-4o","token_name":"模型测试","quota":42,"content":"模型测试","token_id":0,"use_time_seconds":0,"is_stream":true,"group":"default","other":{"admin_info":{"use_channel":null},"cache_ratio":1,"cache_tokens":0,"claude":true,"completion_ratio":4,"frt":0,"group_ratio":1,"model_price":-1,"model_ratio":1,"request_conversion":["Claude Messages"],"request_path":"/v1/messages","stream_status":{"end_reason":"eof","status":"ok"},"user_group_ratio":-1}} 
[SYS] 2026/09/11 - 21:15:27 | testing channel #9112 completed 
=== RUN   TestChannelProbeForwardsAllConversationProtocols/gemini//json/native
[SYS] 2026/09/11 - 21:15:27 | testing channel 9112 with model gpt-4o , info RelayInfo{ RelayFormat: gemini, RelayMode: 32, IsStream: false, IsPlayground: false, RequestURLPath: "/v1beta/models/gpt-4o:generateContent", OriginModelName: "gpt-4o", EstimatePromptTokens: 0, ShouldIncludeUsage: false, DisablePing: false, SendResponseCount: 0, FinalPreConsumedQuota: 0, User{ Id: 9111, Email: "***masked***", Group: "default", UsingGroup: "default", Quota: 1000000 }, Token{ Id: 0, Unlimited: false, Key: ***masked*** }, Timing{ Start: 2026-09-11T21:15:27.872002+08:00, FirstResponse: 2026-09-11T21:15:26.872002+08:00, LatencyMs: -1000 }, ChannelMeta{ Type: 24, Id: 9112, IsMultiKey: false, MultiKeyIndex: 0, BaseURL: "http://127.0.0.1:56969", ApiType: 9, ApiVersion: "", Organization: "", CreateTime: 0, UpstreamModelName: "gpt-4o", IsModelMapped: false, SupportStreamOptions: true, ApiKey: ***masked*** }, }  
[INFO] 2026/09/11 - 21:15:27 | SYSTEM | record consume log: userId=9111, params={"channel_id":9112,"prompt_tokens":10,"completion_tokens":2,"model_name":"gpt-4o","token_name":"模型测试","quota":18,"content":"模型测试","token_id":0,"use_time_seconds":0,"is_stream":false,"group":"default","other":{"admin_info":{"use_channel":null},"cache_ratio":1,"cache_tokens":0,"completion_ratio":4,"frt":-1000,"group_ratio":1,"model_price":-1,"model_ratio":1,"request_conversion":["Google Gemini"],"request_path":"/v1beta/models/gpt-4o:generateContent","user_group_ratio":-1}} 
[SYS] 2026/09/11 - 21:15:27 | testing channel #9112 completed 
=== RUN   TestChannelProbeForwardsAllConversationProtocols/gemini//json/custom
[SYS] 2026/09/11 - 21:15:27 | testing channel 9112 with model gpt-4o , info RelayInfo{ RelayFormat: gemini, RelayMode: 32, IsStream: false, IsPlayground: false, RequestURLPath: "/v1beta/models/gpt-4o:generateContent", OriginModelName: "gpt-4o", EstimatePromptTokens: 0, ShouldIncludeUsage: false, DisablePing: false, SendResponseCount: 0, FinalPreConsumedQuota: 0, User{ Id: 9111, Email: "***masked***", Group: "default", UsingGroup: "default", Quota: 1000000 }, Token{ Id: 0, Unlimited: false, Key: ***masked*** }, Timing{ Start: 2026-09-11T21:15:27.8730717+08:00, FirstResponse: 2026-09-11T21:15:26.8730717+08:00, LatencyMs: -1000 }, ChannelMeta{ Type: 58, Id: 9112, IsMultiKey: false, MultiKeyIndex: 0, BaseURL: "http://127.0.0.1:56971", ApiType: 35, ApiVersion: "", Organization: "", CreateTime: 0, UpstreamModelName: "gpt-4o", IsModelMapped: false, SupportStreamOptions: true, ApiKey: ***masked*** }, }  
[INFO] 2026/09/11 - 21:15:27 | SYSTEM | record consume log: userId=9111, params={"channel_id":9112,"prompt_tokens":10,"completion_tokens":2,"model_name":"gpt-4o","token_name":"模型测试","quota":18,"content":"模型测试","token_id":0,"use_time_seconds":0,"is_stream":false,"group":"default","other":{"admin_info":{"use_channel":null},"cache_ratio":1,"cache_tokens":0,"completion_ratio":4,"frt":-1000,"group_ratio":1,"model_price":-1,"model_ratio":1,"request_conversion":["Google Gemini"],"request_path":"/v1beta/models/gpt-4o:generateContent","user_group_ratio":-1}} 
[SYS] 2026/09/11 - 21:15:27 | testing channel #9112 completed 
=== RUN   TestChannelProbeForwardsAllConversationProtocols/gemini//stream/native
[SYS] 2026/09/11 - 21:15:27 | testing channel 9112 with model gpt-4o , info RelayInfo{ RelayFormat: gemini, RelayMode: 32, IsStream: true, IsPlayground: false, RequestURLPath: "/v1beta/models/gpt-4o:streamGenerateContent?alt=sse", OriginModelName: "gpt-4o", EstimatePromptTokens: 0, ShouldIncludeUsage: false, DisablePing: false, SendResponseCount: 0, FinalPreConsumedQuota: 0, User{ Id: 9111, Email: "***masked***", Group: "default", UsingGroup: "default", Quota: 1000000 }, Token{ Id: 0, Unlimited: false, Key: ***masked*** }, Timing{ Start: 2026-09-11T21:15:27.8741564+08:00, FirstResponse: 2026-09-11T21:15:26.8741564+08:00, LatencyMs: -1000 }, ChannelMeta{ Type: 24, Id: 9112, IsMultiKey: false, MultiKeyIndex: 0, BaseURL: "http://127.0.0.1:56973", ApiType: 9, ApiVersion: "", Organization: "", CreateTime: 0, UpstreamModelName: "gpt-4o", IsModelMapped: false, SupportStreamOptions: true, ApiKey: ***masked*** }, }  
[INFO] 2026/09/11 - 21:15:27 | SYSTEM | stream ended: reason=eof 
[INFO] 2026/09/11 - 21:15:27 | SYSTEM | record consume log: userId=9111, params={"channel_id":9112,"prompt_tokens":10,"completion_tokens":2,"model_name":"gpt-4o","token_name":"模型测试","quota":18,"content":"模型测试","token_id":0,"use_time_seconds":0,"is_stream":true,"group":"default","other":{"admin_info":{"use_channel":null},"cache_ratio":1,"cache_tokens":0,"completion_ratio":4,"frt":0,"group_ratio":1,"model_price":-1,"model_ratio":1,"request_conversion":["Google Gemini"],"request_path":"/v1beta/models/gpt-4o:streamGenerateContent","stream_status":{"end_reason":"eof","status":"ok"},"user_group_ratio":-1}} 
[SYS] 2026/09/11 - 21:15:27 | testing channel #9112 completed 
=== RUN   TestChannelProbeForwardsAllConversationProtocols/gemini//stream/custom
[SYS] 2026/09/11 - 21:15:27 | testing channel 9112 with model gpt-4o , info RelayInfo{ RelayFormat: gemini, RelayMode: 32, IsStream: true, IsPlayground: false, RequestURLPath: "/v1beta/models/gpt-4o:streamGenerateContent?alt=sse", OriginModelName: "gpt-4o", EstimatePromptTokens: 0, ShouldIncludeUsage: false, DisablePing: false, SendResponseCount: 0, FinalPreConsumedQuota: 0, User{ Id: 9111, Email: "***masked***", Group: "default", UsingGroup: "default", Quota: 1000000 }, Token{ Id: 0, Unlimited: false, Key: ***masked*** }, Timing{ Start: 2026-09-11T21:15:27.8757288+08:00, FirstResponse: 2026-09-11T21:15:26.8757288+08:00, LatencyMs: -1000 }, ChannelMeta{ Type: 58, Id: 9112, IsMultiKey: false, MultiKeyIndex: 0, BaseURL: "http://127.0.0.1:56975", ApiType: 35, ApiVersion: "", Organization: "", CreateTime: 0, UpstreamModelName: "gpt-4o", IsModelMapped: false, SupportStreamOptions: true, ApiKey: ***masked*** }, }  
[INFO] 2026/09/11 - 21:15:27 | SYSTEM | stream ended: reason=eof 
[INFO] 2026/09/11 - 21:15:27 | SYSTEM | record consume log: userId=9111, params={"channel_id":9112,"prompt_tokens":10,"completion_tokens":2,"model_name":"gpt-4o","token_name":"模型测试","quota":18,"content":"模型测试","token_id":0,"use_time_seconds":0,"is_stream":true,"group":"default","other":{"admin_info":{"use_channel":null},"cache_ratio":1,"cache_tokens":0,"completion_ratio":4,"frt":1,"group_ratio":1,"model_price":-1,"model_ratio":1,"request_conversion":["Google Gemini"],"request_path":"/v1beta/models/gpt-4o:streamGenerateContent","stream_status":{"end_reason":"eof","status":"ok"},"user_group_ratio":-1}} 
[SYS] 2026/09/11 - 21:15:27 | testing channel #9112 completed 
=== RUN   TestChannelProbeForwardsAllConversationProtocols/gemini/basic/json/native
[SYS] 2026/09/11 - 21:15:27 | testing channel 9112 with model gpt-4o , info RelayInfo{ RelayFormat: gemini, RelayMode: 32, IsStream: false, IsPlayground: false, RequestURLPath: "/v1beta/models/gpt-4o:generateContent", OriginModelName: "gpt-4o", EstimatePromptTokens: 0, ShouldIncludeUsage: false, DisablePing: false, SendResponseCount: 0, FinalPreConsumedQuota: 0, User{ Id: 9111, Email: "***masked***", Group: "default", UsingGroup: "default", Quota: 1000000 }, Token{ Id: 0, Unlimited: false, Key: ***masked*** }, Timing{ Start: 2026-09-11T21:15:27.8767721+08:00, FirstResponse: 2026-09-11T21:15:26.8767721+08:00, LatencyMs: -1000 }, ChannelMeta{ Type: 24, Id: 9112, IsMultiKey: false, MultiKeyIndex: 0, BaseURL: "http://127.0.0.1:56977", ApiType: 9, ApiVersion: "", Organization: "", CreateTime: 0, UpstreamModelName: "gpt-4o", IsModelMapped: false, SupportStreamOptions: true, ApiKey: ***masked*** }, }  
[INFO] 2026/09/11 - 21:15:27 | SYSTEM | record consume log: userId=9111, params={"channel_id":9112,"prompt_tokens":10,"completion_tokens":2,"model_name":"gpt-4o","token_name":"模型测试","quota":18,"content":"模型测试","token_id":0,"use_time_seconds":0,"is_stream":false,"group":"default","other":{"admin_info":{"use_channel":null},"cache_ratio":1,"cache_tokens":0,"completion_ratio":4,"frt":-1000,"group_ratio":1,"model_price":-1,"model_ratio":1,"request_conversion":["Google Gemini"],"request_path":"/v1beta/models/gpt-4o:generateContent","user_group_ratio":-1}} 
[SYS] 2026/09/11 - 21:15:27 | testing channel #9112 completed 
=== RUN   TestChannelProbeForwardsAllConversationProtocols/gemini/basic/json/custom
[SYS] 2026/09/11 - 21:15:27 | testing channel 9112 with model gpt-4o , info RelayInfo{ RelayFormat: gemini, RelayMode: 32, IsStream: false, IsPlayground: false, RequestURLPath: "/v1beta/models/gpt-4o:generateContent", OriginModelName: "gpt-4o", EstimatePromptTokens: 0, ShouldIncludeUsage: false, DisablePing: false, SendResponseCount: 0, FinalPreConsumedQuota: 0, User{ Id: 9111, Email: "***masked***", Group: "default", UsingGroup: "default", Quota: 1000000 }, Token{ Id: 0, Unlimited: false, Key: ***masked*** }, Timing{ Start: 2026-09-11T21:15:27.8778089+08:00, FirstResponse: 2026-09-11T21:15:26.8778089+08:00, LatencyMs: -1000 }, ChannelMeta{ Type: 58, Id: 9112, IsMultiKey: false, MultiKeyIndex: 0, BaseURL: "http://127.0.0.1:56979", ApiType: 35, ApiVersion: "", Organization: "", CreateTime: 0, UpstreamModelName: "gpt-4o", IsModelMapped: false, SupportStreamOptions: true, ApiKey: ***masked*** }, }  
[INFO] 2026/09/11 - 21:15:27 | SYSTEM | record consume log: userId=9111, params={"channel_id":9112,"prompt_tokens":10,"completion_tokens":2,"model_name":"gpt-4o","token_name":"模型测试","quota":18,"content":"模型测试","token_id":0,"use_time_seconds":0,"is_stream":false,"group":"default","other":{"admin_info":{"use_channel":null},"cache_ratio":1,"cache_tokens":0,"completion_ratio":4,"frt":-1000,"group_ratio":1,"model_price":-1,"model_ratio":1,"request_conversion":["Google Gemini"],"request_path":"/v1beta/models/gpt-4o:generateContent","user_group_ratio":-1}} 
[SYS] 2026/09/11 - 21:15:27 | testing channel #9112 completed 
=== RUN   TestChannelProbeForwardsAllConversationProtocols/gemini/basic/stream/native
[SYS] 2026/09/11 - 21:15:27 | testing channel 9112 with model gpt-4o , info RelayInfo{ RelayFormat: gemini, RelayMode: 32, IsStream: true, IsPlayground: false, RequestURLPath: "/v1beta/models/gpt-4o:streamGenerateContent?alt=sse", OriginModelName: "gpt-4o", EstimatePromptTokens: 0, ShouldIncludeUsage: false, DisablePing: false, SendResponseCount: 0, FinalPreConsumedQuota: 0, User{ Id: 9111, Email: "***masked***", Group: "default", UsingGroup: "default", Quota: 1000000 }, Token{ Id: 0, Unlimited: false, Key: ***masked*** }, Timing{ Start: 2026-09-11T21:15:27.8793172+08:00, FirstResponse: 2026-09-11T21:15:26.8793172+08:00, LatencyMs: -1000 }, ChannelMeta{ Type: 24, Id: 9112, IsMultiKey: false, MultiKeyIndex: 0, BaseURL: "http://127.0.0.1:56981", ApiType: 9, ApiVersion: "", Organization: "", CreateTime: 0, UpstreamModelName: "gpt-4o", IsModelMapped: false, SupportStreamOptions: true, ApiKey: ***masked*** }, }  
[INFO] 2026/09/11 - 21:15:27 | SYSTEM | stream ended: reason=eof 
[INFO] 2026/09/11 - 21:15:27 | SYSTEM | record consume log: userId=9111, params={"channel_id":9112,"prompt_tokens":10,"completion_tokens":2,"model_name":"gpt-4o","token_name":"模型测试","quota":18,"content":"模型测试","token_id":0,"use_time_seconds":0,"is_stream":true,"group":"default","other":{"admin_info":{"use_channel":null},"cache_ratio":1,"cache_tokens":0,"completion_ratio":4,"frt":0,"group_ratio":1,"model_price":-1,"model_ratio":1,"request_conversion":["Google Gemini"],"request_path":"/v1beta/models/gpt-4o:streamGenerateContent","stream_status":{"end_reason":"eof","status":"ok"},"user_group_ratio":-1}} 
[SYS] 2026/09/11 - 21:15:27 | testing channel #9112 completed 
=== RUN   TestChannelProbeForwardsAllConversationProtocols/gemini/basic/stream/custom
[SYS] 2026/09/11 - 21:15:27 | testing channel 9112 with model gpt-4o , info RelayInfo{ RelayFormat: gemini, RelayMode: 32, IsStream: true, IsPlayground: false, RequestURLPath: "/v1beta/models/gpt-4o:streamGenerateContent?alt=sse", OriginModelName: "gpt-4o", EstimatePromptTokens: 0, ShouldIncludeUsage: false, DisablePing: false, SendResponseCount: 0, FinalPreConsumedQuota: 0, User{ Id: 9111, Email: "***masked***", Group: "default", UsingGroup: "default", Quota: 1000000 }, Token{ Id: 0, Unlimited: false, Key: ***masked*** }, Timing{ Start: 2026-09-11T21:15:27.8808736+08:00, FirstResponse: 2026-09-11T21:15:26.8808736+08:00, LatencyMs: -1000 }, ChannelMeta{ Type: 58, Id: 9112, IsMultiKey: false, MultiKeyIndex: 0, BaseURL: "http://127.0.0.1:56983", ApiType: 35, ApiVersion: "", Organization: "", CreateTime: 0, UpstreamModelName: "gpt-4o", IsModelMapped: false, SupportStreamOptions: true, ApiKey: ***masked*** }, }  
[INFO] 2026/09/11 - 21:15:27 | SYSTEM | stream ended: reason=eof 
[INFO] 2026/09/11 - 21:15:27 | SYSTEM | record consume log: userId=9111, params={"channel_id":9112,"prompt_tokens":10,"completion_tokens":2,"model_name":"gpt-4o","token_name":"模型测试","quota":18,"content":"模型测试","token_id":0,"use_time_seconds":0,"is_stream":true,"group":"default","other":{"admin_info":{"use_channel":null},"cache_ratio":1,"cache_tokens":0,"completion_ratio":4,"frt":1,"group_ratio":1,"model_price":-1,"model_ratio":1,"request_conversion":["Google Gemini"],"request_path":"/v1beta/models/gpt-4o:streamGenerateContent","stream_status":{"end_reason":"eof","status":"ok"},"user_group_ratio":-1}} 
[SYS] 2026/09/11 - 21:15:27 | testing channel #9112 completed 
=== RUN   TestChannelProbeForwardsAllConversationProtocols/gemini/tool_call/json/native
[SYS] 2026/09/11 - 21:15:27 | testing channel 9112 with model gpt-4o , info RelayInfo{ RelayFormat: gemini, RelayMode: 32, IsStream: false, IsPlayground: false, RequestURLPath: "/v1beta/models/gpt-4o:generateContent", OriginModelName: "gpt-4o", EstimatePromptTokens: 0, ShouldIncludeUsage: false, DisablePing: false, SendResponseCount: 0, FinalPreConsumedQuota: 0, User{ Id: 9111, Email: "***masked***", Group: "default", UsingGroup: "default", Quota: 1000000 }, Token{ Id: 0, Unlimited: false, Key: ***masked*** }, Timing{ Start: 2026-09-11T21:15:27.8819127+08:00, FirstResponse: 2026-09-11T21:15:26.8819127+08:00, LatencyMs: -1000 }, ChannelMeta{ Type: 24, Id: 9112, IsMultiKey: false, MultiKeyIndex: 0, BaseURL: "http://127.0.0.1:56985", ApiType: 9, ApiVersion: "", Organization: "", CreateTime: 0, UpstreamModelName: "gpt-4o", IsModelMapped: false, SupportStreamOptions: true, ApiKey: ***masked*** }, }  
[INFO] 2026/09/11 - 21:15:27 | SYSTEM | record consume log: userId=9111, params={"channel_id":9112,"prompt_tokens":10,"completion_tokens":8,"model_name":"gpt-4o","token_name":"模型测试","quota":42,"content":"模型测试","token_id":0,"use_time_seconds":0,"is_stream":false,"group":"default","other":{"admin_info":{"use_channel":null},"cache_ratio":1,"cache_tokens":0,"completion_ratio":4,"frt":-1000,"group_ratio":1,"model_price":-1,"model_ratio":1,"request_conversion":["Google Gemini"],"request_path":"/v1beta/models/gpt-4o:generateContent","user_group_ratio":-1}} 
[SYS] 2026/09/11 - 21:15:27 | testing channel #9112 completed 
=== RUN   TestChannelProbeForwardsAllConversationProtocols/gemini/tool_call/json/custom
[SYS] 2026/09/11 - 21:15:27 | testing channel 9112 with model gpt-4o , info RelayInfo{ RelayFormat: gemini, RelayMode: 32, IsStream: false, IsPlayground: false, RequestURLPath: "/v1beta/models/gpt-4o:generateContent", OriginModelName: "gpt-4o", EstimatePromptTokens: 0, ShouldIncludeUsage: false, DisablePing: false, SendResponseCount: 0, FinalPreConsumedQuota: 0, User{ Id: 9111, Email: "***masked***", Group: "default", UsingGroup: "default", Quota: 1000000 }, Token{ Id: 0, Unlimited: false, Key: ***masked*** }, Timing{ Start: 2026-09-11T21:15:27.8829933+08:00, FirstResponse: 2026-09-11T21:15:26.8829933+08:00, LatencyMs: -1000 }, ChannelMeta{ Type: 58, Id: 9112, IsMultiKey: false, MultiKeyIndex: 0, BaseURL: "http://127.0.0.1:56987", ApiType: 35, ApiVersion: "", Organization: "", CreateTime: 0, UpstreamModelName: "gpt-4o", IsModelMapped: false, SupportStreamOptions: true, ApiKey: ***masked*** }, }  
[INFO] 2026/09/11 - 21:15:27 | SYSTEM | record consume log: userId=9111, params={"channel_id":9112,"prompt_tokens":10,"completion_tokens":8,"model_name":"gpt-4o","token_name":"模型测试","quota":42,"content":"模型测试","token_id":0,"use_time_seconds":0,"is_stream":false,"group":"default","other":{"admin_info":{"use_channel":null},"cache_ratio":1,"cache_tokens":0,"completion_ratio":4,"frt":-1000,"group_ratio":1,"model_price":-1,"model_ratio":1,"request_conversion":["Google Gemini"],"request_path":"/v1beta/models/gpt-4o:generateContent","user_group_ratio":-1}} 
[SYS] 2026/09/11 - 21:15:27 | testing channel #9112 completed 
=== RUN   TestChannelProbeForwardsAllConversationProtocols/gemini/tool_call/stream/native
[SYS] 2026/09/11 - 21:15:27 | testing channel 9112 with model gpt-4o , info RelayInfo{ RelayFormat: gemini, RelayMode: 32, IsStream: true, IsPlayground: false, RequestURLPath: "/v1beta/models/gpt-4o:streamGenerateContent?alt=sse", OriginModelName: "gpt-4o", EstimatePromptTokens: 0, ShouldIncludeUsage: false, DisablePing: false, SendResponseCount: 0, FinalPreConsumedQuota: 0, User{ Id: 9111, Email: "***masked***", Group: "default", UsingGroup: "default", Quota: 1000000 }, Token{ Id: 0, Unlimited: false, Key: ***masked*** }, Timing{ Start: 2026-09-11T21:15:27.8845882+08:00, FirstResponse: 2026-09-11T21:15:26.8845882+08:00, LatencyMs: -1000 }, ChannelMeta{ Type: 24, Id: 9112, IsMultiKey: false, MultiKeyIndex: 0, BaseURL: "http://127.0.0.1:56989", ApiType: 9, ApiVersion: "", Organization: "", CreateTime: 0, UpstreamModelName: "gpt-4o", IsModelMapped: false, SupportStreamOptions: true, ApiKey: ***masked*** }, }  
[INFO] 2026/09/11 - 21:15:27 | SYSTEM | stream ended: reason=eof 
[INFO] 2026/09/11 - 21:15:27 | SYSTEM | record consume log: userId=9111, params={"channel_id":9112,"prompt_tokens":10,"completion_tokens":8,"model_name":"gpt-4o","token_name":"模型测试","quota":42,"content":"模型测试","token_id":0,"use_time_seconds":0,"is_stream":true,"group":"default","other":{"admin_info":{"use_channel":null},"cache_ratio":1,"cache_tokens":0,"completion_ratio":4,"frt":1,"group_ratio":1,"model_price":-1,"model_ratio":1,"request_conversion":["Google Gemini"],"request_path":"/v1beta/models/gpt-4o:streamGenerateContent","stream_status":{"end_reason":"eof","status":"ok"},"user_group_ratio":-1}} 
[SYS] 2026/09/11 - 21:15:27 | testing channel #9112 completed 
=== RUN   TestChannelProbeForwardsAllConversationProtocols/gemini/tool_call/stream/custom
[SYS] 2026/09/11 - 21:15:27 | testing channel 9112 with model gpt-4o , info RelayInfo{ RelayFormat: gemini, RelayMode: 32, IsStream: true, IsPlayground: false, RequestURLPath: "/v1beta/models/gpt-4o:streamGenerateContent?alt=sse", OriginModelName: "gpt-4o", EstimatePromptTokens: 0, ShouldIncludeUsage: false, DisablePing: false, SendResponseCount: 0, FinalPreConsumedQuota: 0, User{ Id: 9111, Email: "***masked***", Group: "default", UsingGroup: "default", Quota: 1000000 }, Token{ Id: 0, Unlimited: false, Key: ***masked*** }, Timing{ Start: 2026-09-11T21:15:27.8861405+08:00, FirstResponse: 2026-09-11T21:15:26.8861405+08:00, LatencyMs: -1000 }, ChannelMeta{ Type: 58, Id: 9112, IsMultiKey: false, MultiKeyIndex: 0, BaseURL: "http://127.0.0.1:56991", ApiType: 35, ApiVersion: "", Organization: "", CreateTime: 0, UpstreamModelName: "gpt-4o", IsModelMapped: false, SupportStreamOptions: true, ApiKey: ***masked*** }, }  
[INFO] 2026/09/11 - 21:15:27 | SYSTEM | stream ended: reason=eof 
[INFO] 2026/09/11 - 21:15:27 | SYSTEM | record consume log: userId=9111, params={"channel_id":9112,"prompt_tokens":10,"completion_tokens":8,"model_name":"gpt-4o","token_name":"模型测试","quota":42,"content":"模型测试","token_id":0,"use_time_seconds":0,"is_stream":true,"group":"default","other":{"admin_info":{"use_channel":null},"cache_ratio":1,"cache_tokens":0,"completion_ratio":4,"frt":0,"group_ratio":1,"model_price":-1,"model_ratio":1,"request_conversion":["Google Gemini"],"request_path":"/v1beta/models/gpt-4o:streamGenerateContent","stream_status":{"end_reason":"eof","status":"ok"},"user_group_ratio":-1}} 
[SYS] 2026/09/11 - 21:15:27 | testing channel #9112 completed 
--- PASS: TestChannelProbeForwardsAllConversationProtocols (0.07s)
    --- PASS: TestChannelProbeForwardsAllConversationProtocols/openai//json/native (0.00s)
    --- PASS: TestChannelProbeForwardsAllConversationProtocols/openai//json/custom (0.00s)
    --- PASS: TestChannelProbeForwardsAllConversationProtocols/openai//stream/native (0.00s)
    --- PASS: TestChannelProbeForwardsAllConversationProtocols/openai//stream/custom (0.00s)
    --- PASS: TestChannelProbeForwardsAllConversationProtocols/openai/basic/json/native (0.00s)
    --- PASS: TestChannelProbeForwardsAllConversationProtocols/openai/basic/json/custom (0.00s)
    --- PASS: TestChannelProbeForwardsAllConversationProtocols/openai/basic/stream/native (0.00s)
    --- PASS: TestChannelProbeForwardsAllConversationProtocols/openai/basic/stream/custom (0.00s)
    --- PASS: TestChannelProbeForwardsAllConversationProtocols/openai/tool_call/json/native (0.00s)
    --- PASS: TestChannelProbeForwardsAllConversationProtocols/openai/tool_call/json/custom (0.00s)
    --- PASS: TestChannelProbeForwardsAllConversationProtocols/openai/tool_call/stream/native (0.00s)
    --- PASS: TestChannelProbeForwardsAllConversationProtocols/openai/tool_call/stream/custom (0.00s)
    --- PASS: TestChannelProbeForwardsAllConversationProtocols/openai-response//json/native (0.00s)
    --- PASS: TestChannelProbeForwardsAllConversationProtocols/openai-response//json/custom (0.00s)
    --- PASS: TestChannelProbeForwardsAllConversationProtocols/openai-response//stream/native (0.00s)
    --- PASS: TestChannelProbeForwardsAllConversationProtocols/openai-response//stream/custom (0.00s)
    --- PASS: TestChannelProbeForwardsAllConversationProtocols/openai-response/basic/json/native (0.00s)
    --- PASS: TestChannelProbeForwardsAllConversationProtocols/openai-response/basic/json/custom (0.00s)
    --- PASS: TestChannelProbeForwardsAllConversationProtocols/openai-response/basic/stream/native (0.00s)
    --- PASS: TestChannelProbeForwardsAllConversationProtocols/openai-response/basic/stream/custom (0.00s)
    --- PASS: TestChannelProbeForwardsAllConversationProtocols/openai-response/tool_call/json/native (0.00s)
    --- PASS: TestChannelProbeForwardsAllConversationProtocols/openai-response/tool_call/json/custom (0.00s)
    --- PASS: TestChannelProbeForwardsAllConversationProtocols/openai-response/tool_call/stream/native (0.00s)
    --- PASS: TestChannelProbeForwardsAllConversationProtocols/openai-response/tool_call/stream/custom (0.00s)
    --- PASS: TestChannelProbeForwardsAllConversationProtocols/anthropic//json/native (0.00s)
    --- PASS: TestChannelProbeForwardsAllConversationProtocols/anthropic//json/custom (0.00s)
    --- PASS: TestChannelProbeForwardsAllConversationProtocols/anthropic//stream/native (0.00s)
    --- PASS: TestChannelProbeForwardsAllConversationProtocols/anthropic//stream/custom (0.00s)
    --- PASS: TestChannelProbeForwardsAllConversationProtocols/anthropic/basic/json/native (0.00s)
    --- PASS: TestChannelProbeForwardsAllConversationProtocols/anthropic/basic/json/custom (0.00s)
    --- PASS: TestChannelProbeForwardsAllConversationProtocols/anthropic/basic/stream/native (0.00s)
    --- PASS: TestChannelProbeForwardsAllConversationProtocols/anthropic/basic/stream/custom (0.00s)
    --- PASS: TestChannelProbeForwardsAllConversationProtocols/anthropic/tool_call/json/native (0.00s)
    --- PASS: TestChannelProbeForwardsAllConversationProtocols/anthropic/tool_call/json/custom (0.00s)
    --- PASS: TestChannelProbeForwardsAllConversationProtocols/anthropic/tool_call/stream/native (0.00s)
    --- PASS: TestChannelProbeForwardsAllConversationProtocols/anthropic/tool_call/stream/custom (0.00s)
    --- PASS: TestChannelProbeForwardsAllConversationProtocols/gemini//json/native (0.00s)
    --- PASS: TestChannelProbeForwardsAllConversationProtocols/gemini//json/custom (0.00s)
    --- PASS: TestChannelProbeForwardsAllConversationProtocols/gemini//stream/native (0.00s)
    --- PASS: TestChannelProbeForwardsAllConversationProtocols/gemini//stream/custom (0.00s)
    --- PASS: TestChannelProbeForwardsAllConversationProtocols/gemini/basic/json/native (0.00s)
    --- PASS: TestChannelProbeForwardsAllConversationProtocols/gemini/basic/json/custom (0.00s)
    --- PASS: TestChannelProbeForwardsAllConversationProtocols/gemini/basic/stream/native (0.00s)
    --- PASS: TestChannelProbeForwardsAllConversationProtocols/gemini/basic/stream/custom (0.00s)
    --- PASS: TestChannelProbeForwardsAllConversationProtocols/gemini/tool_call/json/native (0.00s)
    --- PASS: TestChannelProbeForwardsAllConversationProtocols/gemini/tool_call/json/custom (0.00s)
    --- PASS: TestChannelProbeForwardsAllConversationProtocols/gemini/tool_call/stream/native (0.00s)
    --- PASS: TestChannelProbeForwardsAllConversationProtocols/gemini/tool_call/stream/custom (0.00s)
=== RUN   TestChannelProbeImageForwardingAndIncompleteUpstream
[SYS] 2026/09/11 - 21:15:27 | SQL_DSN not set, using SQLite as database 
=== RUN   TestChannelProbeImageForwardingAndIncompleteUpstream/image_JSON
[SYS] 2026/09/11 - 21:15:27 | testing channel 9122 with model gpt-image-2 , info RelayInfo{ RelayFormat: openai_image, RelayMode: 5, IsStream: false, IsPlayground: false, RequestURLPath: "/v1/images/generations", OriginModelName: "gpt-image-2", EstimatePromptTokens: 0, ShouldIncludeUsage: false, DisablePing: false, SendResponseCount: 0, FinalPreConsumedQuota: 0, User{ Id: 9121, Email: "***masked***", Group: "default", UsingGroup: "default", Quota: 1000000 }, Token{ Id: 0, Unlimited: false, Key: ***masked*** }, Timing{ Start: 2026-09-11T21:15:27.8918913+08:00, FirstResponse: 2026-09-11T21:15:26.8918913+08:00, LatencyMs: -1000 }, ChannelMeta{ Type: 1, Id: 9122, IsMultiKey: false, MultiKeyIndex: 0, BaseURL: "http://127.0.0.1:56993", ApiType: 0, ApiVersion: "", Organization: "", CreateTime: 0, UpstreamModelName: "gpt-image-2", IsModelMapped: false, SupportStreamOptions: true, ApiKey: ***masked*** }, }  
[INFO] 2026/09/11 - 21:15:27 | SYSTEM | record consume log: userId=9121, params={"channel_id":9122,"prompt_tokens":0,"completion_tokens":0,"model_name":"gpt-image-2","token_name":"模型测试","quota":1,"content":"模型测试","token_id":0,"use_time_seconds":0,"is_stream":false,"group":"default","other":{"admin_info":{"use_channel":null},"cache_ratio":1,"cache_tokens":0,"completion_ratio":2,"frt":-1000,"group_ratio":1,"model_price":-1,"model_ratio":1,"request_conversion":["openai_image"],"request_path":"/v1/images/generations","user_group_ratio":-1}} 
[SYS] 2026/09/11 - 21:15:27 | testing channel #9122 completed 
=== RUN   TestChannelProbeImageForwardingAndIncompleteUpstream/image_SSE
[SYS] 2026/09/11 - 21:15:27 | testing channel 9122 with model gpt-image-2 , info RelayInfo{ RelayFormat: openai_image, RelayMode: 5, IsStream: true, IsPlayground: false, RequestURLPath: "/v1/images/generations", OriginModelName: "gpt-image-2", EstimatePromptTokens: 0, ShouldIncludeUsage: false, DisablePing: false, SendResponseCount: 0, FinalPreConsumedQuota: 0, User{ Id: 9121, Email: "***masked***", Group: "default", UsingGroup: "default", Quota: 1000000 }, Token{ Id: 0, Unlimited: false, Key: ***masked*** }, Timing{ Start: 2026-09-11T21:15:27.8934453+08:00, FirstResponse: 2026-09-11T21:15:26.8934453+08:00, LatencyMs: -1000 }, ChannelMeta{ Type: 1, Id: 9122, IsMultiKey: false, MultiKeyIndex: 0, BaseURL: "http://127.0.0.1:56995", ApiType: 0, ApiVersion: "", Organization: "", CreateTime: 0, UpstreamModelName: "gpt-image-2", IsModelMapped: false, SupportStreamOptions: true, ApiKey: ***masked*** }, }  
[INFO] 2026/09/11 - 21:15:27 | SYSTEM | stream ended: reason=eof 
[INFO] 2026/09/11 - 21:15:27 | SYSTEM | record consume log: userId=9121, params={"channel_id":9122,"prompt_tokens":0,"completion_tokens":0,"model_name":"gpt-image-2","token_name":"模型测试","quota":1,"content":"模型测试","token_id":0,"use_time_seconds":0,"is_stream":true,"group":"default","other":{"admin_info":{"use_channel":null},"cache_ratio":1,"cache_tokens":0,"completion_ratio":2,"frt":0,"group_ratio":1,"model_price":-1,"model_ratio":1,"request_conversion":["openai_image"],"request_path":"/v1/images/generations","stream_status":{"end_reason":"eof","status":"ok"},"user_group_ratio":-1}} 
[SYS] 2026/09/11 - 21:15:27 | testing channel #9122 completed 
=== RUN   TestChannelProbeImageForwardingAndIncompleteUpstream/image_compatibility_SSE
[SYS] 2026/09/11 - 21:15:27 | testing channel 9122 with model gpt-image-2 , info RelayInfo{ RelayFormat: openai_image, RelayMode: 5, IsStream: true, IsPlayground: false, RequestURLPath: "/v1/images/generations", OriginModelName: "gpt-image-2", EstimatePromptTokens: 0, ShouldIncludeUsage: false, DisablePing: false, SendResponseCount: 0, FinalPreConsumedQuota: 0, User{ Id: 9121, Email: "***masked***", Group: "default", UsingGroup: "default", Quota: 1000000 }, Token{ Id: 0, Unlimited: false, Key: ***masked*** }, Timing{ Start: 2026-09-11T21:15:27.8944794+08:00, FirstResponse: 2026-09-11T21:15:26.8944794+08:00, LatencyMs: -1000 }, ChannelMeta{ Type: 1, Id: 9122, IsMultiKey: false, MultiKeyIndex: 0, BaseURL: "http://127.0.0.1:56997", ApiType: 0, ApiVersion: "", Organization: "", CreateTime: 0, UpstreamModelName: "gpt-image-2", IsModelMapped: false, SupportStreamOptions: true, ApiKey: ***masked*** }, }  
[INFO] 2026/09/11 - 21:15:27 | SYSTEM | record consume log: userId=9121, params={"channel_id":9122,"prompt_tokens":0,"completion_tokens":0,"model_name":"gpt-image-2","token_name":"模型测试","quota":1,"content":"模型测试","token_id":0,"use_time_seconds":0,"is_stream":true,"group":"default","other":{"admin_info":{"use_channel":null},"cache_ratio":1,"cache_tokens":0,"completion_ratio":2,"frt":0,"group_ratio":1,"model_price":-1,"model_ratio":1,"request_conversion":["openai_image"],"request_path":"/v1/images/generations","stream_status":{"end_reason":"done","status":"ok"},"user_group_ratio":-1}} 
[SYS] 2026/09/11 - 21:15:27 | testing channel #9122 completed 
=== RUN   TestChannelProbeImageForwardingAndIncompleteUpstream/truncated_chat_before_finish
[SYS] 2026/09/11 - 21:15:27 | testing channel 9122 with model gpt-4o , info RelayInfo{ RelayFormat: openai, RelayMode: 1, IsStream: true, IsPlayground: false, RequestURLPath: "/v1/chat/completions", OriginModelName: "gpt-4o", EstimatePromptTokens: 0, ShouldIncludeUsage: false, DisablePing: false, SendResponseCount: 0, FinalPreConsumedQuota: 0, User{ Id: 9121, Email: "***masked***", Group: "default", UsingGroup: "default", Quota: 1000000 }, Token{ Id: 0, Unlimited: false, Key: ***masked*** }, Timing{ Start: 2026-09-11T21:15:27.89552+08:00, FirstResponse: 2026-09-11T21:15:26.89552+08:00, LatencyMs: -1000 }, ChannelMeta{ Type: 1, Id: 9122, IsMultiKey: false, MultiKeyIndex: 0, BaseURL: "http://127.0.0.1:56999", ApiType: 0, ApiVersion: "", Organization: "", CreateTime: 0, UpstreamModelName: "gpt-4o", IsModelMapped: false, SupportStreamOptions: true, ApiKey: ***masked*** }, }  
[INFO] 2026/09/11 - 21:15:27 | SYSTEM | stream ended: reason=eof 
[INFO] 2026/09/11 - 21:15:27 | SYSTEM | record consume log: userId=9121, params={"channel_id":9122,"prompt_tokens":0,"completion_tokens":2,"model_name":"gpt-4o","token_name":"模型测试","quota":8,"content":"模型测试","token_id":0,"use_time_seconds":0,"is_stream":true,"group":"default","other":{"admin_info":{"local_count_tokens":true,"use_channel":null},"cache_ratio":1,"cache_tokens":0,"completion_ratio":4,"frt":1,"group_ratio":1,"model_price":-1,"model_ratio":1,"request_conversion":["OpenAI Compatible"],"request_path":"/v1/chat/completions","stream_status":{"end_reason":"eof","status":"ok"},"user_group_ratio":-1}} 
[SYS] 2026/09/11 - 21:15:27 | testing channel #9122 completed 
=== RUN   TestChannelProbeImageForwardingAndIncompleteUpstream/empty_chat_stream
[SYS] 2026/09/11 - 21:15:27 | testing channel 9122 with model gpt-4o , info RelayInfo{ RelayFormat: openai, RelayMode: 1, IsStream: true, IsPlayground: false, RequestURLPath: "/v1/chat/completions", OriginModelName: "gpt-4o", EstimatePromptTokens: 0, ShouldIncludeUsage: false, DisablePing: false, SendResponseCount: 0, FinalPreConsumedQuota: 0, User{ Id: 9121, Email: "***masked***", Group: "default", UsingGroup: "default", Quota: 1000000 }, Token{ Id: 0, Unlimited: false, Key: ***masked*** }, Timing{ Start: 2026-09-11T21:15:27.8970924+08:00, FirstResponse: 2026-09-11T21:15:26.8970924+08:00, LatencyMs: -1000 }, ChannelMeta{ Type: 1, Id: 9122, IsMultiKey: false, MultiKeyIndex: 0, BaseURL: "http://127.0.0.1:57001", ApiType: 0, ApiVersion: "", Organization: "", CreateTime: 0, UpstreamModelName: "gpt-4o", IsModelMapped: false, SupportStreamOptions: true, ApiKey: ***masked*** }, }  
[INFO] 2026/09/11 - 21:15:27 | SYSTEM | stream ended: reason=done 
[ERR] 2026/09/11 - 21:15:27 | SYSTEM | error handling last response: unexpected end of JSON input, lastStreamData: [] 
[INFO] 2026/09/11 - 21:15:27 | SYSTEM | record consume log: userId=9121, params={"channel_id":9122,"prompt_tokens":0,"completion_tokens":0,"model_name":"gpt-4o","token_name":"模型测试","quota":1,"content":"模型测试","token_id":0,"use_time_seconds":0,"is_stream":true,"group":"default","other":{"admin_info":{"local_count_tokens":true,"use_channel":null},"cache_ratio":1,"cache_tokens":0,"completion_ratio":4,"frt":-1000,"group_ratio":1,"model_price":-1,"model_ratio":1,"request_conversion":["OpenAI Compatible"],"request_path":"/v1/chat/completions","stream_status":{"end_reason":"done","status":"ok"},"user_group_ratio":-1}} 
[SYS] 2026/09/11 - 21:15:27 | testing channel #9122 completed 
=== RUN   TestChannelProbeImageForwardingAndIncompleteUpstream/late_malformed_event
[SYS] 2026/09/11 - 21:15:27 | testing channel 9122 with model gpt-4o , info RelayInfo{ RelayFormat: openai, RelayMode: 1, IsStream: true, IsPlayground: false, RequestURLPath: "/v1/chat/completions", OriginModelName: "gpt-4o", EstimatePromptTokens: 0, ShouldIncludeUsage: false, DisablePing: false, SendResponseCount: 0, FinalPreConsumedQuota: 0, User{ Id: 9121, Email: "***masked***", Group: "default", UsingGroup: "default", Quota: 1000000 }, Token{ Id: 0, Unlimited: false, Key: ***masked*** }, Timing{ Start: 2026-09-11T21:15:27.8981268+08:00, FirstResponse: 2026-09-11T21:15:26.8981268+08:00, LatencyMs: -1000 }, ChannelMeta{ Type: 1, Id: 9122, IsMultiKey: false, MultiKeyIndex: 0, BaseURL: "http://127.0.0.1:57003", ApiType: 0, ApiVersion: "", Organization: "", CreateTime: 0, UpstreamModelName: "gpt-4o", IsModelMapped: false, SupportStreamOptions: true, ApiKey: ***masked*** }, }  
[ERR] 2026/09/11 - 21:15:27 | SYSTEM | error processing stream token data: invalid character 'b' looking for beginning of value 
[ERR] 2026/09/11 - 21:15:27 | SYSTEM | stream ended: reason=eof soft_errors=1, received=2 
[ERR] 2026/09/11 - 21:15:27 | SYSTEM | error handling last response: invalid character 'b' looking for beginning of value, lastStreamData: [broken-json] 
[INFO] 2026/09/11 - 21:15:27 | SYSTEM | record consume log: userId=9121, params={"channel_id":9122,"prompt_tokens":0,"completion_tokens":2,"model_name":"gpt-4o","token_name":"模型测试","quota":8,"content":"模型测试","token_id":0,"use_time_seconds":0,"is_stream":true,"group":"default","other":{"admin_info":{"local_count_tokens":true,"use_channel":null},"cache_ratio":1,"cache_tokens":0,"completion_ratio":4,"frt":0,"group_ratio":1,"model_price":-1,"model_ratio":1,"request_conversion":["OpenAI Compatible"],"request_path":"/v1/chat/completions","stream_status":{"end_reason":"eof","error_count":1,"errors":["invalid character 'b' looking for beginning of value"],"status":"error"},"user_group_ratio":-1}} 
[SYS] 2026/09/11 - 21:15:27 | testing channel #9122 completed 
--- PASS: TestChannelProbeImageForwardingAndIncompleteUpstream (0.01s)
    --- PASS: TestChannelProbeImageForwardingAndIncompleteUpstream/image_JSON (0.00s)
    --- PASS: TestChannelProbeImageForwardingAndIncompleteUpstream/image_SSE (0.00s)
    --- PASS: TestChannelProbeImageForwardingAndIncompleteUpstream/image_compatibility_SSE (0.00s)
    --- PASS: TestChannelProbeImageForwardingAndIncompleteUpstream/truncated_chat_before_finish (0.00s)
    --- PASS: TestChannelProbeImageForwardingAndIncompleteUpstream/empty_chat_stream (0.00s)
    --- PASS: TestChannelProbeImageForwardingAndIncompleteUpstream/late_malformed_event (0.00s)
=== RUN   TestChannelTestOpenAIChatCompatibility
=== RUN   TestChannelTestOpenAIChatCompatibility/GPT6_automatic
=== RUN   TestChannelTestOpenAIChatCompatibility/GPT6_explicit_Azure_stream
=== RUN   TestChannelTestOpenAIChatCompatibility/alias_maps_to_GPT6
=== RUN   TestChannelTestOpenAIChatCompatibility/GPT5_alias_maps_to_Qwen
=== RUN   TestChannelTestOpenAIChatCompatibility/GPT5_stream
=== RUN   TestChannelTestOpenAIChatCompatibility/GPT4_explicit
=== RUN   TestChannelTestOpenAIChatCompatibility/o_series
--- PASS: TestChannelTestOpenAIChatCompatibility (0.00s)
    --- PASS: TestChannelTestOpenAIChatCompatibility/GPT6_automatic (0.00s)
    --- PASS: TestChannelTestOpenAIChatCompatibility/GPT6_explicit_Azure_stream (0.00s)
    --- PASS: TestChannelTestOpenAIChatCompatibility/alias_maps_to_GPT6 (0.00s)
    --- PASS: TestChannelTestOpenAIChatCompatibility/GPT5_alias_maps_to_Qwen (0.00s)
    --- PASS: TestChannelTestOpenAIChatCompatibility/GPT5_stream (0.00s)
    --- PASS: TestChannelTestOpenAIChatCompatibility/GPT4_explicit (0.00s)
    --- PASS: TestChannelTestOpenAIChatCompatibility/o_series (0.00s)
=== RUN   TestOpenAIChatSamplingCompatibility
=== RUN   TestOpenAIChatSamplingCompatibility/GPT5.1_explicit_none
=== RUN   TestOpenAIChatSamplingCompatibility/GPT5.2_default_none
=== RUN   TestOpenAIChatSamplingCompatibility/GPT5.2_dated_snapshot
=== RUN   TestOpenAIChatSamplingCompatibility/GPT5.4_reasoning
=== RUN   TestOpenAIChatSamplingCompatibility/GPT5.4_snapshot_none
=== RUN   TestOpenAIChatSamplingCompatibility/explicit_zero_values
=== RUN   TestOpenAIChatSamplingCompatibility/GPT5_original
=== RUN   TestOpenAIChatSamplingCompatibility/GPT5.6_existing_policy
=== RUN   TestOpenAIChatSamplingCompatibility/pro_variant
=== RUN   TestOpenAIChatSamplingCompatibility/chat_variant
=== RUN   TestOpenAIChatSamplingCompatibility/codex_model_name_keeps_max
=== RUN   TestOpenAIChatSamplingCompatibility/GPT6
=== RUN   TestOpenAIChatSamplingCompatibility/GPT6_snapshot
=== RUN   TestOpenAIChatSamplingCompatibility/GPT6_effort_suffix
=== RUN   TestOpenAIChatSamplingCompatibility/none_effort_suffix
=== RUN   TestOpenAIChatSamplingCompatibility/modifier_overrides_explicit_effort
[WARN] 2026/09/11 - 21:15:27 | SYSTEM | conversion diagnostic: code="model_modifier_overrode_request" severity="warning" from="openai" to="" path="model.@thinking" message="model thinking modifier overrides structured request reasoning fields" 
=== RUN   TestOpenAIChatSamplingCompatibility/mapped_modifier_wins
[WARN] 2026/09/11 - 21:15:27 | SYSTEM | conversion diagnostic: code="mapped_model_modifier_override" severity="warning" from="openai" to="" path="model.@thinking" message="mapped-model thinking modifier overrides the origin-model modifier" 
=== RUN   TestOpenAIChatSamplingCompatibility/nested_reasoning_disabled
=== RUN   TestOpenAIChatSamplingCompatibility/o1_mini_role_exception
=== RUN   TestOpenAIChatSamplingCompatibility/GPT4_unchanged
=== RUN   TestOpenAIChatSamplingCompatibility/future_model_unchanged
--- PASS: TestOpenAIChatSamplingCompatibility (0.00s)
    --- PASS: TestOpenAIChatSamplingCompatibility/GPT5.1_explicit_none (0.00s)
    --- PASS: TestOpenAIChatSamplingCompatibility/GPT5.2_default_none (0.00s)
    --- PASS: TestOpenAIChatSamplingCompatibility/GPT5.2_dated_snapshot (0.00s)
    --- PASS: TestOpenAIChatSamplingCompatibility/GPT5.4_reasoning (0.00s)
    --- PASS: TestOpenAIChatSamplingCompatibility/GPT5.4_snapshot_none (0.00s)
    --- PASS: TestOpenAIChatSamplingCompatibility/explicit_zero_values (0.00s)
    --- PASS: TestOpenAIChatSamplingCompatibility/GPT5_original (0.00s)
    --- PASS: TestOpenAIChatSamplingCompatibility/GPT5.6_existing_policy (0.00s)
    --- PASS: TestOpenAIChatSamplingCompatibility/pro_variant (0.00s)
    --- PASS: TestOpenAIChatSamplingCompatibility/chat_variant (0.00s)
    --- PASS: TestOpenAIChatSamplingCompatibility/codex_model_name_keeps_max (0.00s)
    --- PASS: TestOpenAIChatSamplingCompatibility/GPT6 (0.00s)
    --- PASS: TestOpenAIChatSamplingCompatibility/GPT6_snapshot (0.00s)
    --- PASS: TestOpenAIChatSamplingCompatibility/GPT6_effort_suffix (0.00s)
    --- PASS: TestOpenAIChatSamplingCompatibility/none_effort_suffix (0.00s)
    --- PASS: TestOpenAIChatSamplingCompatibility/modifier_overrides_explicit_effort (0.00s)
    --- PASS: TestOpenAIChatSamplingCompatibility/mapped_modifier_wins (0.00s)
    --- PASS: TestOpenAIChatSamplingCompatibility/nested_reasoning_disabled (0.00s)
    --- PASS: TestOpenAIChatSamplingCompatibility/o1_mini_role_exception (0.00s)
    --- PASS: TestOpenAIChatSamplingCompatibility/GPT4_unchanged (0.00s)
    --- PASS: TestOpenAIChatSamplingCompatibility/future_model_unchanged (0.00s)
=== RUN   TestOpenAIChatTokenLimitCompatibility
=== RUN   TestOpenAIChatTokenLimitCompatibility/gpt-5/omitted
=== RUN   TestOpenAIChatTokenLimitCompatibility/gpt-5/legacy_only
=== RUN   TestOpenAIChatTokenLimitCompatibility/gpt-5/completion_only
=== RUN   TestOpenAIChatTokenLimitCompatibility/gpt-5/both_positive_stay_present
=== RUN   TestOpenAIChatTokenLimitCompatibility/gpt-5/zero_completion_falls_back
=== RUN   TestOpenAIChatTokenLimitCompatibility/gpt-5/legacy_zero_stays_present
=== RUN   TestOpenAIChatTokenLimitCompatibility/gpt-5/completion_zero_stays_present
=== RUN   TestOpenAIChatTokenLimitCompatibility/gpt-5/both_zero_stay_present
=== RUN   TestOpenAIChatTokenLimitCompatibility/o3-mini/omitted
=== RUN   TestOpenAIChatTokenLimitCompatibility/o3-mini/legacy_only
=== RUN   TestOpenAIChatTokenLimitCompatibility/o3-mini/completion_only
=== RUN   TestOpenAIChatTokenLimitCompatibility/o3-mini/both_positive_stay_present
=== RUN   TestOpenAIChatTokenLimitCompatibility/o3-mini/zero_completion_falls_back
=== RUN   TestOpenAIChatTokenLimitCompatibility/o3-mini/legacy_zero_stays_present
=== RUN   TestOpenAIChatTokenLimitCompatibility/o3-mini/completion_zero_stays_present
=== RUN   TestOpenAIChatTokenLimitCompatibility/o3-mini/both_zero_stay_present
=== RUN   TestOpenAIChatTokenLimitCompatibility/gpt-6-astra/omitted
=== RUN   TestOpenAIChatTokenLimitCompatibility/gpt-6-astra/legacy_only
=== RUN   TestOpenAIChatTokenLimitCompatibility/gpt-6-astra/completion_only
=== RUN   TestOpenAIChatTokenLimitCompatibility/gpt-6-astra/both_positive_stay_present
=== RUN   TestOpenAIChatTokenLimitCompatibility/gpt-6-astra/zero_completion_falls_back
=== RUN   TestOpenAIChatTokenLimitCompatibility/gpt-6-astra/legacy_zero_stays_present
=== RUN   TestOpenAIChatTokenLimitCompatibility/gpt-6-astra/completion_zero_stays_present
=== RUN   TestOpenAIChatTokenLimitCompatibility/gpt-6-astra/both_zero_stay_present
--- PASS: TestOpenAIChatTokenLimitCompatibility (0.00s)
    --- PASS: TestOpenAIChatTokenLimitCompatibility/gpt-5/omitted (0.00s)
    --- PASS: TestOpenAIChatTokenLimitCompatibility/gpt-5/legacy_only (0.00s)
    --- PASS: TestOpenAIChatTokenLimitCompatibility/gpt-5/completion_only (0.00s)
    --- PASS: TestOpenAIChatTokenLimitCompatibility/gpt-5/both_positive_stay_present (0.00s)
    --- PASS: TestOpenAIChatTokenLimitCompatibility/gpt-5/zero_completion_falls_back (0.00s)
    --- PASS: TestOpenAIChatTokenLimitCompatibility/gpt-5/legacy_zero_stays_present (0.00s)
    --- PASS: TestOpenAIChatTokenLimitCompatibility/gpt-5/completion_zero_stays_present (0.00s)
    --- PASS: TestOpenAIChatTokenLimitCompatibility/gpt-5/both_zero_stay_present (0.00s)
    --- PASS: TestOpenAIChatTokenLimitCompatibility/o3-mini/omitted (0.00s)
    --- PASS: TestOpenAIChatTokenLimitCompatibility/o3-mini/legacy_only (0.00s)
    --- PASS: TestOpenAIChatTokenLimitCompatibility/o3-mini/completion_only (0.00s)
    --- PASS: TestOpenAIChatTokenLimitCompatibility/o3-mini/both_positive_stay_present (0.00s)
    --- PASS: TestOpenAIChatTokenLimitCompatibility/o3-mini/zero_completion_falls_back (0.00s)
    --- PASS: TestOpenAIChatTokenLimitCompatibility/o3-mini/legacy_zero_stays_present (0.00s)
    --- PASS: TestOpenAIChatTokenLimitCompatibility/o3-mini/completion_zero_stays_present (0.00s)
    --- PASS: TestOpenAIChatTokenLimitCompatibility/o3-mini/both_zero_stay_present (0.00s)
    --- PASS: TestOpenAIChatTokenLimitCompatibility/gpt-6-astra/omitted (0.00s)
    --- PASS: TestOpenAIChatTokenLimitCompatibility/gpt-6-astra/legacy_only (0.00s)
    --- PASS: TestOpenAIChatTokenLimitCompatibility/gpt-6-astra/completion_only (0.00s)
    --- PASS: TestOpenAIChatTokenLimitCompatibility/gpt-6-astra/both_positive_stay_present (0.00s)
    --- PASS: TestOpenAIChatTokenLimitCompatibility/gpt-6-astra/zero_completion_falls_back (0.00s)
    --- PASS: TestOpenAIChatTokenLimitCompatibility/gpt-6-astra/legacy_zero_stays_present (0.00s)
    --- PASS: TestOpenAIChatTokenLimitCompatibility/gpt-6-astra/completion_zero_stays_present (0.00s)
    --- PASS: TestOpenAIChatTokenLimitCompatibility/gpt-6-astra/both_zero_stay_present (0.00s)
=== RUN   TestDirectOpenAIResponsesKeepsExistingParameters
--- PASS: TestDirectOpenAIResponsesKeepsExistingParameters (0.00s)
=== RUN   TestParseOpenAIModelIDsStrictResponseContract
=== RUN   TestParseOpenAIModelIDsStrictResponseContract/malformed_JSON
=== RUN   TestParseOpenAIModelIDsStrictResponseContract/missing_data
=== RUN   TestParseOpenAIModelIDsStrictResponseContract/null_data
=== RUN   TestParseOpenAIModelIDsStrictResponseContract/empty_data
=== RUN   TestParseOpenAIModelIDsStrictResponseContract/all_IDs_empty
=== RUN   TestParseOpenAIModelIDsStrictResponseContract/filters_empty_IDs_and_normalizes_valid_IDs
--- PASS: TestParseOpenAIModelIDsStrictResponseContract (0.00s)
    --- PASS: TestParseOpenAIModelIDsStrictResponseContract/malformed_JSON (0.00s)
    --- PASS: TestParseOpenAIModelIDsStrictResponseContract/missing_data (0.00s)
    --- PASS: TestParseOpenAIModelIDsStrictResponseContract/null_data (0.00s)
    --- PASS: TestParseOpenAIModelIDsStrictResponseContract/empty_data (0.00s)
    --- PASS: TestParseOpenAIModelIDsStrictResponseContract/all_IDs_empty (0.00s)
    --- PASS: TestParseOpenAIModelIDsStrictResponseContract/filters_empty_IDs_and_normalizes_valid_IDs (0.00s)
=== RUN   TestFetchAdvancedCustomModelsAppliesHeaderOverrideAfterRouteAuth
--- PASS: TestFetchAdvancedCustomModelsAppliesHeaderOverrideAfterRouteAuth (0.00s)
=== RUN   TestFetchAdvancedCustomModelsUsesEnabledSavedMultiKey
--- PASS: TestFetchAdvancedCustomModelsUsesEnabledSavedMultiKey (0.00s)
=== RUN   TestFetchAdvancedCustomModelsRejectsNonOKResponse
--- PASS: TestFetchAdvancedCustomModelsRejectsNonOKResponse (0.00s)
=== RUN   TestFetchAdvancedCustomModelsRedactsQueryKeyFromTransportErrors
--- PASS: TestFetchAdvancedCustomModelsRedactsQueryKeyFromTransportErrors (0.00s)
=== RUN   TestFetchOrdinaryOpenAIModelsKeepsExistingEmptyDataBehavior
--- PASS: TestFetchOrdinaryOpenAIModelsKeepsExistingEmptyDataBehavior (0.00s)
=== RUN   TestApplyFetchModelsOtherSettingsCarriesStandardClientIdentity
--- PASS: TestApplyFetchModelsOtherSettingsCarriesStandardClientIdentity (0.00s)
=== RUN   TestApplyFetchModelsOtherSettingsRejectsStandardChannelProfileMismatch
--- PASS: TestApplyFetchModelsOtherSettingsRejectsStandardChannelProfileMismatch (0.00s)
=== RUN   TestFetchModelsAdvancedCustomCreatePreview
--- PASS: TestFetchModelsAdvancedCustomCreatePreview (0.00s)
=== RUN   TestFetchModelsAdvancedCustomEditPreviewUsesSavedKeyAndExplicitClears
[SYS] 2026/09/11 - 21:15:27 | SQL_DSN not set, using SQLite as database 
--- PASS: TestFetchModelsAdvancedCustomEditPreviewUsesSavedKeyAndExplicitClears (0.00s)
=== RUN   TestFailedAdvancedCustomDetectionDoesNotStageFullRemoval
[SYS] 2026/09/11 - 21:15:27 | SQL_DSN not set, using SQLite as database 
--- PASS: TestFailedAdvancedCustomDetectionDoesNotStageFullRemoval (0.01s)
=== RUN   TestFetchModelsUsesSharedChannelFetchBehavior
--- PASS: TestFetchModelsUsesSharedChannelFetchBehavior (0.00s)
=== RUN   TestFetchNewAPIModelsUsesOpenAIContract
--- PASS: TestFetchNewAPIModelsUsesOpenAIContract (0.00s)
=== RUN   TestBuildFetchModelsHeadersUsesCompatibilityIdentities
=== RUN   TestBuildFetchModelsHeadersUsesCompatibilityIdentities/Codex
=== RUN   TestBuildFetchModelsHeadersUsesCompatibilityIdentities/Claude_Code
=== RUN   TestBuildFetchModelsHeadersUsesCompatibilityIdentities/CodeBuddy
--- PASS: TestBuildFetchModelsHeadersUsesCompatibilityIdentities (0.00s)
    --- PASS: TestBuildFetchModelsHeadersUsesCompatibilityIdentities/Codex (0.00s)
    --- PASS: TestBuildFetchModelsHeadersUsesCompatibilityIdentities/Claude_Code (0.00s)
    --- PASS: TestBuildFetchModelsHeadersUsesCompatibilityIdentities/CodeBuddy (0.00s)
=== RUN   TestBuildFetchModelsHeadersAppliesStandardClientIdentityWithoutChangingChannelType
=== RUN   TestBuildFetchModelsHeadersAppliesStandardClientIdentityWithoutChangingChannelType/standard_OpenAI_uses_Codex_CLI_identity
=== RUN   TestBuildFetchModelsHeadersAppliesStandardClientIdentityWithoutChangingChannelType/standard_Anthropic_uses_Claude_CLI_identity
--- PASS: TestBuildFetchModelsHeadersAppliesStandardClientIdentityWithoutChangingChannelType (0.00s)
    --- PASS: TestBuildFetchModelsHeadersAppliesStandardClientIdentityWithoutChangingChannelType/standard_OpenAI_uses_Codex_CLI_identity (0.00s)
    --- PASS: TestBuildFetchModelsHeadersAppliesStandardClientIdentityWithoutChangingChannelType/standard_Anthropic_uses_Claude_CLI_identity (0.00s)
=== RUN   TestBuildFetchModelsHeadersAppliesHeaderOverrideLast
--- PASS: TestBuildFetchModelsHeadersAppliesHeaderOverrideLast (0.00s)
=== RUN   TestNormalizeModelNames
--- PASS: TestNormalizeModelNames (0.00s)
=== RUN   TestMergeModelNames
--- PASS: TestMergeModelNames (0.00s)
=== RUN   TestSubtractModelNames
--- PASS: TestSubtractModelNames (0.00s)
=== RUN   TestIntersectModelNames
--- PASS: TestIntersectModelNames (0.00s)
=== RUN   TestApplySelectedModelChanges
=== RUN   TestApplySelectedModelChanges/add_and_remove_together
=== RUN   TestApplySelectedModelChanges/add_wins_when_conflict_with_remove
--- PASS: TestApplySelectedModelChanges (0.00s)
    --- PASS: TestApplySelectedModelChanges/add_and_remove_together (0.00s)
    --- PASS: TestApplySelectedModelChanges/add_wins_when_conflict_with_remove (0.00s)
=== RUN   TestCollectPendingApplyUpstreamModelChanges
--- PASS: TestCollectPendingApplyUpstreamModelChanges (0.00s)
=== RUN   TestNormalizeChannelModelMapping
--- PASS: TestNormalizeChannelModelMapping (0.00s)
=== RUN   TestCollectPendingUpstreamModelChangesFromModels_WithModelMapping
--- PASS: TestCollectPendingUpstreamModelChangesFromModels_WithModelMapping (0.00s)
=== RUN   TestCollectPendingUpstreamModelChangesFromModels_WithIgnoredRegexPatterns
--- PASS: TestCollectPendingUpstreamModelChangesFromModels_WithIgnoredRegexPatterns (0.00s)
=== RUN   TestBuildUpstreamModelUpdateTaskNotificationContent_OmitOverflowDetails
--- PASS: TestBuildUpstreamModelUpdateTaskNotificationContent_OmitOverflowDetails (0.00s)
=== RUN   TestShouldSendUpstreamModelUpdateNotification
--- PASS: TestShouldSendUpstreamModelUpdateNotification (0.00s)
=== RUN   TestDetectAllChannelUpstreamModelUpdatesRejectsExistingActiveTask
[SYS] 2026/09/11 - 21:15:27 | SQL_DSN not set, using SQLite as database 
--- PASS: TestDetectAllChannelUpstreamModelUpdatesRejectsExistingActiveTask (0.00s)
=== RUN   TestFetchVolcEngineModelsPreservesProviderEndpointAndAuthentication
=== RUN   TestFetchVolcEngineModelsPreservesProviderEndpointAndAuthentication/standard_Ark_endpoint
=== RUN   TestFetchVolcEngineModelsPreservesProviderEndpointAndAuthentication/explicit_coding_plan_keeps_its_existing_endpoint
--- PASS: TestFetchVolcEngineModelsPreservesProviderEndpointAndAuthentication (0.00s)
    --- PASS: TestFetchVolcEngineModelsPreservesProviderEndpointAndAuthentication/standard_Ark_endpoint (0.00s)
    --- PASS: TestFetchVolcEngineModelsPreservesProviderEndpointAndAuthentication/explicit_coding_plan_keeps_its_existing_endpoint (0.00s)
=== RUN   TestGetChannelClientIdentityReturnsStandardTemplateDefaults
[SYS] 2026/09/11 - 21:15:27 | SQL_DSN not set, using SQLite as database 
--- PASS: TestGetChannelClientIdentityReturnsStandardTemplateDefaults (0.00s)
=== RUN   TestNormalizeClientIdentityVersionRequestRejectsInvalidProfile
--- PASS: TestNormalizeClientIdentityVersionRequestRejectsInvalidProfile (0.00s)
=== RUN   TestLogStatisticsDatabaseMatrix
=== RUN   TestLogStatisticsDatabaseMatrix/sqlite
[SYS] 2026/09/11 - 21:15:27 | SQL_DSN not set, using SQLite as database 
    log_statistics_test.go:19: database version: 3.50.4
=== RUN   TestLogStatisticsDatabaseMatrix/sqlite/quota_survives_rate_scan
=== RUN   TestLogStatisticsDatabaseMatrix/sqlite/historical_quota_keeps_current_rates
=== RUN   TestLogStatisticsDatabaseMatrix/sqlite/no_matching_owner
=== RUN   TestLogStatisticsDatabaseMatrix/mysql
    log_statistics_test.go:17: set TEST_MYSQL_DSN to run this database
=== RUN   TestLogStatisticsDatabaseMatrix/postgres
    log_statistics_test.go:17: set TEST_POSTGRES_DSN to run this database
--- PASS: TestLogStatisticsDatabaseMatrix (0.09s)
    --- PASS: TestLogStatisticsDatabaseMatrix/sqlite (0.09s)
        --- PASS: TestLogStatisticsDatabaseMatrix/sqlite/quota_survives_rate_scan (0.00s)
        --- PASS: TestLogStatisticsDatabaseMatrix/sqlite/historical_quota_keeps_current_rates (0.00s)
        --- PASS: TestLogStatisticsDatabaseMatrix/sqlite/no_matching_owner (0.00s)
    --- SKIP: TestLogStatisticsDatabaseMatrix/mysql (0.00s)
    --- SKIP: TestLogStatisticsDatabaseMatrix/postgres (0.00s)
=== RUN   TestSecurityLoginAutoBanAtEveryAuthorizationBoundary
=== RUN   TestSecurityLoginAutoBanAtEveryAuthorizationBoundary/primary_authentication
    login_verification_preservation_test.go:22: database: sqlite 3.50.4
=== RUN   TestSecurityLoginAutoBanAtEveryAuthorizationBoundary/factor_validation
    login_verification_preservation_test.go:22: database: sqlite 3.50.4
=== RUN   TestSecurityLoginAutoBanAtEveryAuthorizationBoundary/session_commit
    login_verification_preservation_test.go:22: database: sqlite 3.50.4
--- PASS: TestSecurityLoginAutoBanAtEveryAuthorizationBoundary (0.36s)
    --- PASS: TestSecurityLoginAutoBanAtEveryAuthorizationBoundary/primary_authentication (0.12s)
    --- PASS: TestSecurityLoginAutoBanAtEveryAuthorizationBoundary/factor_validation (0.12s)
    --- PASS: TestSecurityLoginAutoBanAtEveryAuthorizationBoundary/session_commit (0.12s)
=== RUN   TestSecurityLoginAcceptsSecondNamedPasskeyAndUpdatesOnlyThatDevice
    login_verification_preservation_test.go:75: database: sqlite 3.50.4
--- PASS: TestSecurityLoginAcceptsSecondNamedPasskeyAndUpdatesOnlyThatDevice (0.13s)
=== RUN   TestGetStatusReturnsEffectiveOIDCDisplayName
=== RUN   TestGetStatusReturnsEffectiveOIDCDisplayName/custom_name_is_trimmed
=== RUN   TestGetStatusReturnsEffectiveOIDCDisplayName/whitespace-only_name_falls_back
--- PASS: TestGetStatusReturnsEffectiveOIDCDisplayName (0.00s)
    --- PASS: TestGetStatusReturnsEffectiveOIDCDisplayName/custom_name_is_trimmed (0.00s)
    --- PASS: TestGetStatusReturnsEffectiveOIDCDisplayName/whitespace-only_name_falls_back (0.00s)
=== RUN   TestGetUserModelsFiltersByRequestedGroup
[SYS] 2026/09/11 - 21:15:28 | SQL_DSN not set, using SQLite as database 
--- PASS: TestGetUserModelsFiltersByRequestedGroup (0.00s)
=== RUN   TestGetUserModelsExpandsAutoGroupsInConfiguredOrder
[SYS] 2026/09/11 - 21:15:28 | SQL_DSN not set, using SQLite as database 
--- PASS: TestGetUserModelsExpandsAutoGroupsInConfiguredOrder (0.00s)
=== RUN   TestListModelsIncludesTieredBillingModel
[SYS] 2026/09/11 - 21:15:28 | SQL_DSN not set, using SQLite as database 
--- PASS: TestListModelsIncludesTieredBillingModel (0.00s)
=== RUN   TestListModelsUsesAdvancedCustomEndpointTypesFromPricingCache
[SYS] 2026/09/11 - 21:15:28 | SQL_DSN not set, using SQLite as database 
[SYS] 2026/09/11 - 21:15:28 | channels synced from database 
--- PASS: TestListModelsUsesAdvancedCustomEndpointTypesFromPricingCache (0.00s)
=== RUN   TestListModelsTokenLimitIncludesTieredBillingModel
[SYS] 2026/09/11 - 21:15:28 | SQL_DSN not set, using SQLite as database 
--- PASS: TestListModelsTokenLimitIncludesTieredBillingModel (0.00s)
=== RUN   TestListModelsTokenLimitUsesResolvedCustomAutoGroups
[SYS] 2026/09/11 - 21:15:28 | SQL_DSN not set, using SQLite as database 
--- PASS: TestListModelsTokenLimitUsesResolvedCustomAutoGroups (0.00s)
=== RUN   TestListModelsKeepsRoutingAliasesWithinTokenPermissions
=== RUN   TestListModelsKeepsRoutingAliasesWithinTokenPermissions/qwen3-max@thinking:on/qwen3-max
[SYS] 2026/09/11 - 21:15:28 | SQL_DSN not set, using SQLite as database 
=== RUN   TestListModelsKeepsRoutingAliasesWithinTokenPermissions/claude-3-7-sonnet-thinking/claude-3-7-sonnet
[SYS] 2026/09/11 - 21:15:28 | SQL_DSN not set, using SQLite as database 
=== RUN   TestListModelsKeepsRoutingAliasesWithinTokenPermissions/gpt-5.1-codex-max/gpt-5.1-codex-max
[SYS] 2026/09/11 - 21:15:28 | SQL_DSN not set, using SQLite as database 
=== RUN   TestListModelsKeepsRoutingAliasesWithinTokenPermissions/gpt-5.1-codex-max/gpt-5.1
[SYS] 2026/09/11 - 21:15:28 | SQL_DSN not set, using SQLite as database 
--- PASS: TestListModelsKeepsRoutingAliasesWithinTokenPermissions (0.01s)
    --- PASS: TestListModelsKeepsRoutingAliasesWithinTokenPermissions/qwen3-max@thinking:on/qwen3-max (0.00s)
    --- PASS: TestListModelsKeepsRoutingAliasesWithinTokenPermissions/claude-3-7-sonnet-thinking/claude-3-7-sonnet (0.00s)
    --- PASS: TestListModelsKeepsRoutingAliasesWithinTokenPermissions/gpt-5.1-codex-max/gpt-5.1-codex-max (0.00s)
    --- PASS: TestListModelsKeepsRoutingAliasesWithinTokenPermissions/gpt-5.1-codex-max/gpt-5.1 (0.00s)
=== RUN   TestSetupLoginDoesNotTouchPasswordWhenPasswordFieldOmitted
[SYS] 2026/09/11 - 21:15:28 | SQL_DSN not set, using SQLite as database 
--- PASS: TestSetupLoginDoesNotTouchPasswordWhenPasswordFieldOmitted (0.04s)
=== RUN   TestModelManagementDatabaseMatrix
=== RUN   TestModelManagementDatabaseMatrix/sqlite
[SYS] 2026/09/11 - 21:15:28 | SQL_DSN not set, using SQLite as database 
    model_management_test.go:125: database version: 3.50.4
=== RUN   TestModelManagementDatabaseMatrix/sqlite/square_states_follow_catalog_policy
=== RUN   TestModelManagementDatabaseMatrix/sqlite/square_states_follow_catalog_policy/filter_square_state_before_pagination
=== RUN   TestModelManagementDatabaseMatrix/sqlite/square_states_follow_catalog_policy/filter_square_state_before_pagination/visible
=== RUN   TestModelManagementDatabaseMatrix/sqlite/square_states_follow_catalog_policy/filter_square_state_before_pagination/unavailable
=== RUN   TestModelManagementDatabaseMatrix/sqlite/square_states_follow_catalog_policy/filter_square_state_before_pagination/hidden
=== RUN   TestModelManagementDatabaseMatrix/sqlite/square_states_follow_catalog_policy/filter_square_state_before_pagination/partial
=== RUN   TestModelManagementDatabaseMatrix/sqlite/square_states_follow_catalog_policy/filter_square_state_before_pagination/list
=== RUN   TestModelManagementDatabaseMatrix/sqlite/square_states_follow_catalog_policy/filter_square_state_before_pagination/metadata_only
=== RUN   TestModelManagementDatabaseMatrix/sqlite/square_states_follow_catalog_policy/filter_square_state_before_pagination/keyword
=== RUN   TestModelManagementDatabaseMatrix/sqlite/square_states_follow_catalog_policy/filter_square_state_before_pagination/policy
=== RUN   TestModelManagementDatabaseMatrix/sqlite/square_states_follow_catalog_policy/filter_square_state_before_pagination/vendor_and_sync
=== RUN   TestModelManagementDatabaseMatrix/sqlite/square_states_follow_catalog_policy/filter_square_state_before_pagination/no_matches
=== RUN   TestModelManagementDatabaseMatrix/sqlite/channel_model_listing

2026/09/11 21:15:28 [34;1mD:/10178/Projects/new-api-upstream-sync/controller/model_management_test.go:400
[0m[35m[warn] [0mremoving callback `fail_listing_channels` from D:/10178/Projects/new-api-upstream-sync/controller/model_management_test.go:400
=== RUN   TestModelManagementDatabaseMatrix/sqlite/pricing_saves_zero_switches_modes_and_rejects_stale_batches

2026/09/11 21:15:28 [34;1mD:/10178/Projects/new-api-upstream-sync/controller/model_management_test.go:450
[0m[35m[warn] [0mremoving callback `fail_pricing_matrix` from D:/10178/Projects/new-api-upstream-sync/controller/model_management_test.go:450
=== RUN   TestModelManagementDatabaseMatrix/sqlite/task_usage
=== RUN   TestModelManagementDatabaseMatrix/sqlite/builtin_reset
=== RUN   TestModelManagementDatabaseMatrix/sqlite/concurrent_import_creates_one_record
=== RUN   TestModelManagementDatabaseMatrix/sqlite/metadata_keeps_pricing_and_channel_identity
=== RUN   TestModelManagementDatabaseMatrix/sqlite/metadata_preview_selection_versions_and_transaction

2026/09/11 21:15:28 [34;1mD:/10178/Projects/new-api-upstream-sync/controller/model_management_test.go:655
[0m[35m[warn] [0mremoving callback `fail_metadata_matrix` from D:/10178/Projects/new-api-upstream-sync/controller/model_management_test.go:655
=== RUN   TestModelManagementDatabaseMatrix/mysql
    model_management_test.go:123: set TEST_MYSQL_DSN to run this database
=== RUN   TestModelManagementDatabaseMatrix/postgres
    model_management_test.go:123: set TEST_POSTGRES_DSN to run this database
--- PASS: TestModelManagementDatabaseMatrix (0.15s)
    --- PASS: TestModelManagementDatabaseMatrix/sqlite (0.15s)
        --- PASS: TestModelManagementDatabaseMatrix/sqlite/square_states_follow_catalog_policy (0.03s)
            --- PASS: TestModelManagementDatabaseMatrix/sqlite/square_states_follow_catalog_policy/filter_square_state_before_pagination (0.01s)
                --- PASS: TestModelManagementDatabaseMatrix/sqlite/square_states_follow_catalog_policy/filter_square_state_before_pagination/visible (0.00s)
                --- PASS: TestModelManagementDatabaseMatrix/sqlite/square_states_follow_catalog_policy/filter_square_state_before_pagination/unavailable (0.00s)
                --- PASS: TestModelManagementDatabaseMatrix/sqlite/square_states_follow_catalog_policy/filter_square_state_before_pagination/hidden (0.00s)
                --- PASS: TestModelManagementDatabaseMatrix/sqlite/square_states_follow_catalog_policy/filter_square_state_before_pagination/partial (0.00s)
                --- PASS: TestModelManagementDatabaseMatrix/sqlite/square_states_follow_catalog_policy/filter_square_state_before_pagination/list (0.00s)
                --- PASS: TestModelManagementDatabaseMatrix/sqlite/square_states_follow_catalog_policy/filter_square_state_before_pagination/metadata_only (0.00s)
                --- PASS: TestModelManagementDatabaseMatrix/sqlite/square_states_follow_catalog_policy/filter_square_state_before_pagination/keyword (0.00s)
                --- PASS: TestModelManagementDatabaseMatrix/sqlite/square_states_follow_catalog_policy/filter_square_state_before_pagination/policy (0.00s)
                --- PASS: TestModelManagementDatabaseMatrix/sqlite/square_states_follow_catalog_policy/filter_square_state_before_pagination/vendor_and_sync (0.00s)
                --- PASS: TestModelManagementDatabaseMatrix/sqlite/square_states_follow_catalog_policy/filter_square_state_before_pagination/no_matches (0.00s)
        --- PASS: TestModelManagementDatabaseMatrix/sqlite/channel_model_listing (0.02s)
        --- PASS: TestModelManagementDatabaseMatrix/sqlite/pricing_saves_zero_switches_modes_and_rejects_stale_batches (0.00s)
        --- PASS: TestModelManagementDatabaseMatrix/sqlite/task_usage (0.00s)
        --- PASS: TestModelManagementDatabaseMatrix/sqlite/builtin_reset (0.00s)
        --- PASS: TestModelManagementDatabaseMatrix/sqlite/concurrent_import_creates_one_record (0.00s)
        --- PASS: TestModelManagementDatabaseMatrix/sqlite/metadata_keeps_pricing_and_channel_identity (0.01s)
        --- PASS: TestModelManagementDatabaseMatrix/sqlite/metadata_preview_selection_versions_and_transaction (0.02s)
    --- SKIP: TestModelManagementDatabaseMatrix/mysql (0.00s)
    --- SKIP: TestModelManagementDatabaseMatrix/postgres (0.00s)
=== RUN   TestMetadataSyncLocaleAndEndpointValidation
=== RUN   TestMetadataSyncLocaleAndEndpointValidation/zh
=== RUN   TestMetadataSyncLocaleAndEndpointValidation/zh-CN
=== RUN   TestMetadataSyncLocaleAndEndpointValidation/en
=== RUN   TestMetadataSyncLocaleAndEndpointValidation/ja
--- PASS: TestMetadataSyncLocaleAndEndpointValidation (0.00s)
    --- PASS: TestMetadataSyncLocaleAndEndpointValidation/zh (0.00s)
    --- PASS: TestMetadataSyncLocaleAndEndpointValidation/zh-CN (0.00s)
    --- PASS: TestMetadataSyncLocaleAndEndpointValidation/en (0.00s)
    --- PASS: TestMetadataSyncLocaleAndEndpointValidation/ja (0.00s)
=== RUN   TestVendorManagementDatabaseMatrix
=== RUN   TestVendorManagementDatabaseMatrix/sqlite
[SYS] 2026/09/11 - 21:15:28 | SQL_DSN not set, using SQLite as database 
    model_management_test.go:722: database version: 3.50.4
=== RUN   TestVendorManagementDatabaseMatrix/sqlite/pricing_reads_keep_default_brands_without_writing_vendors
=== RUN   TestVendorManagementDatabaseMatrix/sqlite/metadata_ownership_preview_merge_delete_and_rollback

2026/09/11 21:15:28 [34;1mD:/10178/Projects/new-api-upstream-sync/controller/model_management_test.go:870
[0m[35m[warn] [0mremoving callback `vendor_delete_failure` from D:/10178/Projects/new-api-upstream-sync/controller/model_management_test.go:870
=== RUN   TestVendorManagementDatabaseMatrix/sqlite/concurrent_create_and_delete_never_orphan_model
=== RUN   TestVendorManagementDatabaseMatrix/mysql
    model_management_test.go:720: set TEST_MYSQL_DSN
=== RUN   TestVendorManagementDatabaseMatrix/postgres
    model_management_test.go:720: set TEST_POSTGRES_DSN
--- PASS: TestVendorManagementDatabaseMatrix (0.09s)
    --- PASS: TestVendorManagementDatabaseMatrix/sqlite (0.09s)
        --- PASS: TestVendorManagementDatabaseMatrix/sqlite/pricing_reads_keep_default_brands_without_writing_vendors (0.00s)
        --- PASS: TestVendorManagementDatabaseMatrix/sqlite/metadata_ownership_preview_merge_delete_and_rollback (0.02s)
        --- PASS: TestVendorManagementDatabaseMatrix/sqlite/concurrent_create_and_delete_never_orphan_model (0.00s)
    --- SKIP: TestVendorManagementDatabaseMatrix/mysql (0.00s)
    --- SKIP: TestVendorManagementDatabaseMatrix/postgres (0.00s)
=== RUN   TestModelDeletionDatabaseMatrix
=== RUN   TestModelDeletionDatabaseMatrix/sqlite
[SYS] 2026/09/11 - 21:15:28 | SQL_DSN not set, using SQLite as database 
    model_management_test.go:934: database version: 3.50.4
=== RUN   TestModelDeletionDatabaseMatrix/sqlite/rule_0_exact_names_only_atomic_and_cached
[SYS] 2026/09/11 - 21:15:28 | channels synced from database 

2026/09/11 21:15:28 [34;1mD:/10178/Projects/new-api-upstream-sync/controller/model_management_test.go:1013
[0m[35m[warn] [0mremoving callback `fail_model_deletion` from D:/10178/Projects/new-api-upstream-sync/controller/model_management_test.go:1013
[SYS] 2026/09/11 - 21:15:28 | channels synced from database 
=== RUN   TestModelDeletionDatabaseMatrix/sqlite/rule_1_exact_names_only_atomic_and_cached
[SYS] 2026/09/11 - 21:15:28 | channels synced from database 
=== RUN   TestModelDeletionDatabaseMatrix/sqlite/rule_2_exact_names_only_atomic_and_cached
[SYS] 2026/09/11 - 21:15:28 | channels synced from database 
=== RUN   TestModelDeletionDatabaseMatrix/sqlite/rule_3_exact_names_only_atomic_and_cached
[SYS] 2026/09/11 - 21:15:28 | channels synced from database 
=== RUN   TestModelDeletionDatabaseMatrix/sqlite/pricing_removal_channels_false
[SYS] 2026/09/11 - 21:15:28 | channels synced from database 

2026/09/11 21:15:28 [34;1mD:/10178/Projects/new-api-upstream-sync/controller/model_management_test.go:1106
[0m[35m[warn] [0mremoving callback `fail_deleted_pricing` from D:/10178/Projects/new-api-upstream-sync/controller/model_management_test.go:1106
=== RUN   TestModelDeletionDatabaseMatrix/sqlite/pricing_removal_channels_true
[SYS] 2026/09/11 - 21:15:28 | channels synced from database 

2026/09/11 21:15:28 [34;1mD:/10178/Projects/new-api-upstream-sync/controller/model_management_test.go:1106
[0m[35m[warn] [0mremoving callback `fail_deleted_pricing` from D:/10178/Projects/new-api-upstream-sync/controller/model_management_test.go:1106
[SYS] 2026/09/11 - 21:15:28 | channels synced from database 
=== RUN   TestModelDeletionDatabaseMatrix/mysql
    model_management_test.go:932: set TEST_MYSQL_DSN to run this database
=== RUN   TestModelDeletionDatabaseMatrix/postgres
    model_management_test.go:932: set TEST_POSTGRES_DSN to run this database
--- PASS: TestModelDeletionDatabaseMatrix (0.14s)
    --- PASS: TestModelDeletionDatabaseMatrix/sqlite (0.14s)
        --- PASS: TestModelDeletionDatabaseMatrix/sqlite/rule_0_exact_names_only_atomic_and_cached (0.02s)
        --- PASS: TestModelDeletionDatabaseMatrix/sqlite/rule_1_exact_names_only_atomic_and_cached (0.01s)
        --- PASS: TestModelDeletionDatabaseMatrix/sqlite/rule_2_exact_names_only_atomic_and_cached (0.01s)
        --- PASS: TestModelDeletionDatabaseMatrix/sqlite/rule_3_exact_names_only_atomic_and_cached (0.01s)
        --- PASS: TestModelDeletionDatabaseMatrix/sqlite/pricing_removal_channels_false (0.01s)
        --- PASS: TestModelDeletionDatabaseMatrix/sqlite/pricing_removal_channels_true (0.01s)
    --- SKIP: TestModelDeletionDatabaseMatrix/mysql (0.00s)
    --- SKIP: TestModelDeletionDatabaseMatrix/postgres (0.00s)
=== RUN   TestChannelOwnerNameUsesAdaptorChannelName
=== RUN   TestChannelOwnerNameUsesAdaptorChannelName/openai
=== RUN   TestChannelOwnerNameUsesAdaptorChannelName/codex
=== RUN   TestChannelOwnerNameUsesAdaptorChannelName/openrouter
=== RUN   TestChannelOwnerNameUsesAdaptorChannelName/azure_fallback
--- PASS: TestChannelOwnerNameUsesAdaptorChannelName (0.00s)
    --- PASS: TestChannelOwnerNameUsesAdaptorChannelName/openai (0.00s)
    --- PASS: TestChannelOwnerNameUsesAdaptorChannelName/codex (0.00s)
    --- PASS: TestChannelOwnerNameUsesAdaptorChannelName/openrouter (0.00s)
    --- PASS: TestChannelOwnerNameUsesAdaptorChannelName/azure_fallback (0.00s)
=== RUN   TestBuildOpenAIModelOverridesOwnedBy
--- PASS: TestBuildOpenAIModelOverridesOwnedBy (0.00s)
=== RUN   TestBuildOpenAIModelFallsBackToCustomForUnknownModels
--- PASS: TestBuildOpenAIModelFallsBackToCustomForUnknownModels (0.00s)
=== RUN   TestGetModelListGroupsUsesUserGroupWhenTokenGroupIsEmpty
--- PASS: TestGetModelListGroupsUsesUserGroupWhenTokenGroupIsEmpty (0.00s)
=== RUN   TestGetModelListGroupsUsesExplicitTokenGroup
--- PASS: TestGetModelListGroupsUsesExplicitTokenGroup (0.00s)
=== RUN   TestGetModelListGroupsUsesFilteredTokenAutoGroupsSnapshot
--- PASS: TestGetModelListGroupsUsesFilteredTokenAutoGroupsSnapshot (0.00s)
=== RUN   TestDeleteModelAndVendorMetaClearActiveNameBeforeSoftDelete
[SYS] 2026/09/11 - 21:15:28 | SQL_DSN not set, using SQLite as database 

2026/09/11 21:15:28 [31;1mD:/10178/Projects/new-api-upstream-sync/model/model_meta.go:242 [35;1mrecord not found
[0m[33m[0.000ms] [34;1m[rows:0][0m SELECT * FROM `models` WHERE active_name = "delete-recreate-model" AND `models`.`deleted_at` IS NULL ORDER BY `models`.`id` LIMIT 1

2026/09/11 21:15:28 [31;1mD:/10178/Projects/new-api-upstream-sync/model/vendor_meta.go:37 [35;1mrecord not found
[0m[33m[0.000ms] [34;1m[rows:0][0m SELECT * FROM `vendors` WHERE active_name = "delete-recreate-vendor" AND `vendors`.`deleted_at` IS NULL ORDER BY `vendors`.`id` LIMIT 1
[ERR] 2026/09/11 - 21:15:28 | SYSTEM | audit actor role unavailable (request_id=202609111315289578275008268d9d6VPKFW9tf, actor_role=0) 
[ERR] 2026/09/11 - 21:15:28 | SYSTEM | audit actor role unavailable (request_id=202609111315289583682008268d9d6vfAXcJAp, actor_role=0) 

2026/09/11 21:15:28 [31;1mD:/10178/Projects/new-api-upstream-sync/model/model_meta.go:242 [35;1mrecord not found
[0m[33m[0.000ms] [34;1m[rows:0][0m SELECT * FROM `models` WHERE active_name = "delete-recreate-model" AND `models`.`deleted_at` IS NULL ORDER BY `models`.`id` LIMIT 1

2026/09/11 21:15:28 [31;1mD:/10178/Projects/new-api-upstream-sync/model/vendor_meta.go:37 [35;1mrecord not found
[0m[33m[0.000ms] [34;1m[rows:0][0m SELECT * FROM `vendors` WHERE active_name = "delete-recreate-vendor" AND `vendors`.`deleted_at` IS NULL ORDER BY `vendors`.`id` LIMIT 1
--- PASS: TestDeleteModelAndVendorMetaClearActiveNameBeforeSoftDelete (0.01s)
=== RUN   TestSyncUpstreamModelsReturnsConflictWhenLeaseIsBusy
[SYS] 2026/09/11 - 21:15:28 | SQL_DSN not set, using SQLite as database 
--- PASS: TestSyncUpstreamModelsReturnsConflictWhenLeaseIsBusy (0.00s)
=== RUN   TestSyncUpstreamModelsReturnsSafeFetchFailure
[SYS] 2026/09/11 - 21:15:28 | SQL_DSN not set, using SQLite as database 
--- PASS: TestSyncUpstreamModelsReturnsSafeFetchFailure (0.31s)
=== RUN   TestImportOAuthAvatarNormalizesAndStoresImage

2026/09/11 21:15:29 [31;1mD:/10178/Projects/new-api-upstream-sync/model/user_avatar.go:38 [35;1mrecord not found
[0m[33m[0.000ms] [34;1m[rows:0][0m SELECT * FROM `user_avatars` WHERE user_id = 21 ORDER BY `user_avatars`.`id` LIMIT 1

2026/09/11 21:15:29 [31;1mD:/10178/Projects/new-api-upstream-sync/model/user_avatar.go:38 [35;1mrecord not found
[0m[33m[0.000ms] [34;1m[rows:0][0m SELECT * FROM `user_avatars` WHERE user_id = 21 ORDER BY `user_avatars`.`id` LIMIT 1

2026/09/11 21:15:29 [31;1mD:/10178/Projects/new-api-upstream-sync/model/user_avatar.go:67 [35;1mrecord not found
[0m[33m[0.000ms] [34;1m[rows:0][0m SELECT * FROM `user_avatars` WHERE user_id = 21 ORDER BY `user_avatars`.`id` LIMIT 1
--- PASS: TestImportOAuthAvatarNormalizesAndStoresImage (0.02s)
=== RUN   TestImportOAuthAvatarFailureDoesNotCreateAvatar

2026/09/11 21:15:29 [31;1mD:/10178/Projects/new-api-upstream-sync/model/user_avatar.go:38 [35;1mrecord not found
[0m[33m[0.000ms] [34;1m[rows:0][0m SELECT * FROM `user_avatars` WHERE user_id = 22 ORDER BY `user_avatars`.`id` LIMIT 1
[WARN] 2026/09/11 - 21:15:29 | SYSTEM | [OAuth] failed to import avatar for user 22: avatar endpoint returned status 502 

2026/09/11 21:15:29 [31;1mD:/10178/Projects/new-api-upstream-sync/model/user_avatar.go:38 [35;1mrecord not found
[0m[33m[0.000ms] [34;1m[rows:0][0m SELECT * FROM `user_avatars` WHERE user_id = 22 ORDER BY `user_avatars`.`id` LIMIT 1
--- PASS: TestImportOAuthAvatarFailureDoesNotCreateAvatar (0.01s)
=== RUN   TestImportOAuthAvatarDoesNotOverwriteExistingAvatar

2026/09/11 21:15:29 [31;1mD:/10178/Projects/new-api-upstream-sync/model/user_avatar.go:67 [35;1mrecord not found
[0m[33m[0.000ms] [34;1m[rows:0][0m SELECT * FROM `user_avatars` WHERE user_id = 23 ORDER BY `user_avatars`.`id` LIMIT 1
--- PASS: TestImportOAuthAvatarDoesNotOverwriteExistingAvatar (0.05s)
=== RUN   TestPendingOAuthRegistrationRetainsValidatedAvatarURL

2026/09/11 21:15:29 [31;1mD:/10178/Projects/new-api-upstream-sync/model/user.go:429 [35;1mrecord not found
[0m[33m[0.000ms] [34;1m[rows:0][0m SELECT * FROM `users` ORDER BY `users`.`id` DESC LIMIT 1

2026/09/11 21:15:29 [31;1mD:/10178/Projects/new-api-upstream-sync/model/user.go:325 [35;1mrecord not found
[0m[33m[0.000ms] [34;1m[rows:0][0m SELECT * FROM `users` WHERE username = "pending-avatar-user" ORDER BY `users`.`id` LIMIT 1
--- PASS: TestPendingOAuthRegistrationRetainsValidatedAvatarURL (0.00s)
=== RUN   TestUpdateOptionRejectsNegativeClaudeDefaultMaxTokens
--- PASS: TestUpdateOptionRejectsNegativeClaudeDefaultMaxTokens (0.00s)
=== RUN   TestUpdateOptionRejectsInvalidGeminiSafetyThreshold
--- PASS: TestUpdateOptionRejectsInvalidGeminiSafetyThreshold (0.00s)
=== RUN   TestUpdateOptionRejectsZeroUserRequestRateLimitDefault
--- PASS: TestUpdateOptionRejectsZeroUserRequestRateLimitDefault (0.00s)
=== RUN   TestParsePasskeyFinishRequestDoesNotRewriteRequestBody
--- PASS: TestParsePasskeyFinishRequestDoesNotRewriteRequestBody (0.00s)
=== RUN   TestPasskeyCredentialResponsesDoNotExposeCredentialMaterial
--- PASS: TestPasskeyCredentialResponsesDoNotExposeCredentialMaterial (0.00s)
=== RUN   TestPasskeyRegisterFinishRejectsUnapprovedFlowWithoutConsumingIt
    passkey_test.go:68: database: sqlite 3.50.4
--- PASS: TestPasskeyRegisterFinishRejectsUnapprovedFlowWithoutConsumingIt (0.13s)
=== RUN   TestAdditionalPasskeyRegistrationRequiresExistingPasskeyProof
    passkey_test.go:96: database: sqlite 3.50.4
--- PASS: TestAdditionalPasskeyRegistrationRequiresExistingPasskeyProof (0.12s)
=== RUN   TestPasswordLoginEncryptionPreservesAuthentication

2026/09/11 21:15:29 [31;1mD:/10178/Projects/new-api-upstream-sync/model/password_crypto.go:27 [35;1mrecord not found
[0m[33m[0.000ms] [34;1m[rows:0][0m SELECT * FROM `login_encryption_keys` WHERE slot = "active" ORDER BY `login_encryption_keys`.`id` LIMIT 1
=== RUN   TestPasswordLoginEncryptionPreservesAuthentication/disabled_keeps_normal_login

2026/09/11 21:15:29 [31;1mD:/10178/Projects/new-api-upstream-sync/model/user_avatar.go:38 [35;1mrecord not found
[0m[33m[0.000ms] [34;1m[rows:0][0m SELECT * FROM `user_avatars` WHERE user_id = 1 ORDER BY `user_avatars`.`id` LIMIT 1
=== RUN   TestPasswordLoginEncryptionPreservesAuthentication/enabled_decrypts_login

2026/09/11 21:15:29 [31;1mD:/10178/Projects/new-api-upstream-sync/model/user_avatar.go:38 [35;1mrecord not found
[0m[33m[0.000ms] [34;1m[rows:0][0m SELECT * FROM `user_avatars` WHERE user_id = 1 ORDER BY `user_avatars`.`id` LIMIT 1
=== RUN   TestPasswordLoginEncryptionPreservesAuthentication/enabled_rejects_plaintext
=== RUN   TestPasswordLoginEncryptionPreservesAuthentication/invalid_ciphertext_cannot_fall_back_to_plaintext
=== RUN   TestPasswordLoginEncryptionPreservesAuthentication/stale_key_is_rejected
--- PASS: TestPasswordLoginEncryptionPreservesAuthentication (0.20s)
    --- PASS: TestPasswordLoginEncryptionPreservesAuthentication/disabled_keeps_normal_login (0.04s)
    --- PASS: TestPasswordLoginEncryptionPreservesAuthentication/enabled_decrypts_login (0.04s)
    --- PASS: TestPasswordLoginEncryptionPreservesAuthentication/enabled_rejects_plaintext (0.00s)
    --- PASS: TestPasswordLoginEncryptionPreservesAuthentication/invalid_ciphertext_cannot_fall_back_to_plaintext (0.00s)
    --- PASS: TestPasswordLoginEncryptionPreservesAuthentication/stale_key_is_rejected (0.00s)
=== RUN   TestStripeWebhookEnabledRequiresTopUpAndWebhookConfig
--- PASS: TestStripeWebhookEnabledRequiresTopUpAndWebhookConfig (0.00s)
=== RUN   TestCreemWebhookEnabledRequiresTopUpAndWebhookConfig
--- PASS: TestCreemWebhookEnabledRequiresTopUpAndWebhookConfig (0.00s)
=== RUN   TestWaffoWebhookEnabledRequiresTopUpAndWebhookConfig
--- PASS: TestWaffoWebhookEnabledRequiresTopUpAndWebhookConfig (0.00s)
=== RUN   TestWaffoPancakeWebhookEnabledRequiresTopUpAndWebhookConfig
--- PASS: TestWaffoPancakeWebhookEnabledRequiresTopUpAndWebhookConfig (0.00s)
=== RUN   TestEpayWebhookEnabledRequiresTopUpAndWebhookConfig
--- PASS: TestEpayWebhookEnabledRequiresTopUpAndWebhookConfig (0.00s)
=== RUN   TestPlaygroundWithWebSearchHandlesBatchedCallsAcrossRounds
=== RUN   TestPlaygroundWithWebSearchHandlesBatchedCallsAcrossRounds/non-streaming
=== RUN   TestPlaygroundWithWebSearchHandlesBatchedCallsAcrossRounds/streaming
--- PASS: TestPlaygroundWithWebSearchHandlesBatchedCallsAcrossRounds (0.00s)
    --- PASS: TestPlaygroundWithWebSearchHandlesBatchedCallsAcrossRounds/non-streaming (0.00s)
    --- PASS: TestPlaygroundWithWebSearchHandlesBatchedCallsAcrossRounds/streaming (0.00s)
=== RUN   TestPlaygroundWithWebSearchValidatesAllCallsBeforeSearching
=== RUN   TestPlaygroundWithWebSearchValidatesAllCallsBeforeSearching/duplicate_ID
=== RUN   TestPlaygroundWithWebSearchValidatesAllCallsBeforeSearching/missing_ID
=== RUN   TestPlaygroundWithWebSearchValidatesAllCallsBeforeSearching/unsupported_tool
=== RUN   TestPlaygroundWithWebSearchValidatesAllCallsBeforeSearching/invalid_arguments
=== RUN   TestPlaygroundWithWebSearchValidatesAllCallsBeforeSearching/repeated_query
--- PASS: TestPlaygroundWithWebSearchValidatesAllCallsBeforeSearching (0.00s)
    --- PASS: TestPlaygroundWithWebSearchValidatesAllCallsBeforeSearching/duplicate_ID (0.00s)
    --- PASS: TestPlaygroundWithWebSearchValidatesAllCallsBeforeSearching/missing_ID (0.00s)
    --- PASS: TestPlaygroundWithWebSearchValidatesAllCallsBeforeSearching/unsupported_tool (0.00s)
    --- PASS: TestPlaygroundWithWebSearchValidatesAllCallsBeforeSearching/invalid_arguments (0.00s)
    --- PASS: TestPlaygroundWithWebSearchValidatesAllCallsBeforeSearching/repeated_query (0.00s)
=== RUN   TestPlaygroundWithWebSearchStopsBetweenBatchedCallsOnCancellation
--- PASS: TestPlaygroundWithWebSearchStopsBetweenBatchedCallsOnCancellation (0.00s)
=== RUN   TestPlaygroundWithWebSearchStopsBatchAfterSearchFailure
--- PASS: TestPlaygroundWithWebSearchStopsBatchAfterSearchFailure (0.00s)
=== RUN   TestIsPlaygroundWebSearchEnabled
--- PASS: TestIsPlaygroundWebSearchEnabled (0.00s)
=== RUN   TestBuildPlaygroundWebSearchContextProtectsAndBoundsBingResults
--- PASS: TestBuildPlaygroundWebSearchContextProtectsAndBoundsBingResults (0.00s)
=== RUN   TestWritePlaygroundWebSearchResponseIncludesSourcesForNonStream
--- PASS: TestWritePlaygroundWebSearchResponseIncludesSourcesForNonStream (0.00s)
=== RUN   TestWritePlaygroundWebSearchResponseIncludesSourcesForStream
--- PASS: TestWritePlaygroundWebSearchResponseIncludesSourcesForStream (0.00s)
=== RUN   TestPlaygroundWebSearchFlushesBeforeWaitingForTheModel
--- PASS: TestPlaygroundWebSearchFlushesBeforeWaitingForTheModel (0.00s)
=== RUN   TestPlaygroundWebSearchErrorsRemainSSEAfterTheFirstFlush
--- PASS: TestPlaygroundWebSearchErrorsRemainSSEAfterTheFirstFlush (0.00s)
=== RUN   TestPlaygroundWithWebSearchLetsModelChooseQueryAndReturnsSources
--- PASS: TestPlaygroundWithWebSearchLetsModelChooseQueryAndReturnsSources (0.00s)
=== RUN   TestPlaygroundWithWebSearchDoesNotSearchWhenModelDoesNotCallTool
--- PASS: TestPlaygroundWithWebSearchDoesNotSearchWhenModelDoesNotCallTool (0.00s)
=== RUN   TestPlaygroundWithWebSearchRejectsUnsupportedTool
--- PASS: TestPlaygroundWithWebSearchRejectsUnsupportedTool (0.00s)
=== RUN   TestPlaygroundWithWebSearchRejectsRepeatedQuery
--- PASS: TestPlaygroundWithWebSearchRejectsRepeatedQuery (0.00s)
=== RUN   TestPlaygroundWithWebSearchStopsWhenRequestIsCanceled
--- PASS: TestPlaygroundWithWebSearchStopsWhenRequestIsCanceled (0.00s)
=== RUN   TestRelayTaskPluginEndpointPreservesUnclaimedFallback
--- PASS: TestRelayTaskPluginEndpointPreservesUnclaimedFallback (0.00s)
=== RUN   TestRelayTaskPluginEndpointNeverEntersOrdinaryRelayWhenClaimed
--- PASS: TestRelayTaskPluginEndpointNeverEntersOrdinaryRelayWhenClaimed (0.00s)
=== RUN   TestKlingNativeRouteSubmitPollSettleAndQuery
[SYS] 2026/09/11 - 21:15:29 | model price not found: kling-v1 
[INFO] 2026/09/11 - 21:15:29 | SYSTEM | 预扣费与实际消耗一致，无需调整：＄0.500000（按次计费） 
[INFO] 2026/09/11 - 21:15:29 | SYSTEM | Channel #1 pending video tasks: 1 
[INFO] 2026/09/11 - 21:15:29 | SYSTEM | 任务 task_kling_public 差额结算：delta=＄-0.499998 额度（实际：＄0.000002 额度，预扣：＄0.500000 额度，token重算：tokens=1, modelRatio=1.00, groupRatio=1.00, otherMultiplier=1.0000） 
--- PASS: TestKlingNativeRouteSubmitPollSettleAndQuery (0.01s)
=== RUN   TestPluginProtocolObservationLimiterCaps
=== RUN   TestPluginProtocolObservationLimiterCaps/global
=== RUN   TestPluginProtocolObservationLimiterCaps/plugin
=== RUN   TestPluginProtocolObservationLimiterCaps/user
=== RUN   TestPluginProtocolObservationLimiterCaps/token
--- PASS: TestPluginProtocolObservationLimiterCaps (0.00s)
    --- PASS: TestPluginProtocolObservationLimiterCaps/global (0.00s)
    --- PASS: TestPluginProtocolObservationLimiterCaps/plugin (0.00s)
    --- PASS: TestPluginProtocolObservationLimiterCaps/user (0.00s)
    --- PASS: TestPluginProtocolObservationLimiterCaps/token (0.00s)
=== RUN   TestPluginProtocolObservationLimiterRollsBackFailedAdmission
=== RUN   TestPluginProtocolObservationLimiterRollsBackFailedAdmission/user_failure
=== RUN   TestPluginProtocolObservationLimiterRollsBackFailedAdmission/token_failure
--- PASS: TestPluginProtocolObservationLimiterRollsBackFailedAdmission (0.00s)
    --- PASS: TestPluginProtocolObservationLimiterRollsBackFailedAdmission/user_failure (0.00s)
    --- PASS: TestPluginProtocolObservationLimiterRollsBackFailedAdmission/token_failure (0.00s)
=== RUN   TestPluginProtocolObservationLimiterReleaseIsIdempotent
--- PASS: TestPluginProtocolObservationLimiterReleaseIsIdempotent (0.00s)
=== RUN   TestPluginProtocolObservationLimiterRejectsMissingIdentityWithoutConsumingCapacity
=== RUN   TestPluginProtocolObservationLimiterRejectsMissingIdentityWithoutConsumingCapacity/empty_plugin
=== RUN   TestPluginProtocolObservationLimiterRejectsMissingIdentityWithoutConsumingCapacity/blank_plugin
=== RUN   TestPluginProtocolObservationLimiterRejectsMissingIdentityWithoutConsumingCapacity/zero_user
=== RUN   TestPluginProtocolObservationLimiterRejectsMissingIdentityWithoutConsumingCapacity/negative_user
=== RUN   TestPluginProtocolObservationLimiterRejectsMissingIdentityWithoutConsumingCapacity/zero_token
=== RUN   TestPluginProtocolObservationLimiterRejectsMissingIdentityWithoutConsumingCapacity/negative_token
--- PASS: TestPluginProtocolObservationLimiterRejectsMissingIdentityWithoutConsumingCapacity (0.00s)
    --- PASS: TestPluginProtocolObservationLimiterRejectsMissingIdentityWithoutConsumingCapacity/empty_plugin (0.00s)
    --- PASS: TestPluginProtocolObservationLimiterRejectsMissingIdentityWithoutConsumingCapacity/blank_plugin (0.00s)
    --- PASS: TestPluginProtocolObservationLimiterRejectsMissingIdentityWithoutConsumingCapacity/zero_user (0.00s)
    --- PASS: TestPluginProtocolObservationLimiterRejectsMissingIdentityWithoutConsumingCapacity/negative_user (0.00s)
    --- PASS: TestPluginProtocolObservationLimiterRejectsMissingIdentityWithoutConsumingCapacity/zero_token (0.00s)
    --- PASS: TestPluginProtocolObservationLimiterRejectsMissingIdentityWithoutConsumingCapacity/negative_token (0.00s)
=== RUN   TestPluginProtocolObservationLimiterConcurrentAdmissionsRespectCap
--- PASS: TestPluginProtocolObservationLimiterConcurrentAdmissionsRespectCap (0.00s)
=== RUN   TestTaskPluginResponsesNonStreamDecodesWithOfficialGoSDK
--- PASS: TestTaskPluginResponsesNonStreamDecodesWithOfficialGoSDK (0.00s)
=== RUN   TestTaskPluginResponsesStreamDecodesWithOfficialGoSDK
--- PASS: TestTaskPluginResponsesStreamDecodesWithOfficialGoSDK (0.00s)
=== RUN   TestBuiltInKlingResponsesNonStreamDecodesWithOfficialGoSDK
--- PASS: TestBuiltInKlingResponsesNonStreamDecodesWithOfficialGoSDK (0.00s)
=== RUN   TestBuiltInKlingResponsesStreamDecodesWithOfficialGoSDK
--- PASS: TestBuiltInKlingResponsesStreamDecodesWithOfficialGoSDK (0.00s)
=== RUN   TestServeTaskPluginProtocolWaitsForDurableSubmissionBeforeWriting
[ERR] 2026/09/11 - 21:15:29 | SYSTEM | task protocol database observation failed 
--- PASS: TestServeTaskPluginProtocolWaitsForDurableSubmissionBeforeWriting (0.00s)
=== RUN   TestServeTaskPluginProtocolDisconnectDuringSubmissionFinishesDurableWithoutWriting
--- PASS: TestServeTaskPluginProtocolDisconnectDuringSubmissionFinishesDurableWithoutWriting (0.00s)
=== RUN   TestServeTaskPluginProtocolDisconnectBeforeDurableBarrierPersistsAndSettlesWithoutRefund
[INFO] 2026/09/11 - 21:15:29 | SYSTEM | 预扣费后补扣费：＄0.000014（实际消耗：＄0.000014，预扣费：＄0.000000） 
[SYS] 2026/09/11 - 21:15:29 | failed to send quota notify to user 71: notification limit exceeded for user 71 with type email 

2026/09/11 21:15:29 [31;1mD:/10178/Projects/new-api-upstream-sync/model/user.go:1516 [35;1mSQL logic error: no such table: users (1)
[0m[33m[0.000ms] [34;1m[rows:0][0m UPDATE `users` SET `request_count`=request_count + 1,`used_quota`=used_quota + 0 WHERE id = 71 AND `users`.`deleted_at` IS NULL
[SYS] 2026/09/11 - 21:15:29 | failed to update user used quota and request count: SQL logic error: no such table: users (1) 

2026/09/11 21:15:29 [31;1mD:/10178/Projects/new-api-upstream-sync/model/channel.go:909 [35;1mSQL logic error: no such table: channels (1)
[0m[33m[0.000ms] [34;1m[rows:0][0m UPDATE `channels` SET `used_quota`=used_quota + 0 WHERE id = 1
[SYS] 2026/09/11 - 21:15:29 | failed to update channel used quota: channel_id=1, delta_quota=0, error=SQL logic error: no such table: channels (1) 
--- PASS: TestServeTaskPluginProtocolDisconnectBeforeDurableBarrierPersistsAndSettlesWithoutRefund (0.00s)
=== RUN   TestServeTaskPluginProtocolDisconnectDuringTerminalSettlementStopsOnlyObservation
[INFO] 2026/09/11 - 21:15:29 | SYSTEM | Channel #1 pending video tasks: 1 
[INFO] 2026/09/11 - 21:15:29 | SYSTEM | 任务 task_terminal_disconnect 预扣费准确（＄0.000020 额度，adaptor计费调整） 
--- PASS: TestServeTaskPluginProtocolDisconnectDuringTerminalSettlementStopsOnlyObservation (0.00s)
=== RUN   TestPluginProtocolBridgeBoundsDatabaseReadBelowHeartbeat
--- PASS: TestPluginProtocolBridgeBoundsDatabaseReadBelowHeartbeat (0.00s)
=== RUN   TestServeTaskPluginProtocolPostDurableObservationFailureUsesCanonicalResponse
[ERR] 2026/09/11 - 21:15:29 | SYSTEM | task protocol database observation failed 
--- PASS: TestServeTaskPluginProtocolPostDurableObservationFailureUsesCanonicalResponse (0.00s)
=== RUN   TestServeTaskPluginProtocolStreamsPinnedGenerationWithHostFraming
--- PASS: TestServeTaskPluginProtocolStreamsPinnedGenerationWithHostFraming (0.00s)
=== RUN   TestServeTaskPluginProtocolStreamMissingRenderEventsUsesFailureEnvelope
=== RUN   TestServeTaskPluginProtocolStreamMissingRenderEventsUsesFailureEnvelope/success
[ERR] 2026/09/11 - 21:15:29 | SYSTEM | task protocol render hook failed 
=== RUN   TestServeTaskPluginProtocolStreamMissingRenderEventsUsesFailureEnvelope/failure
[ERR] 2026/09/11 - 21:15:29 | SYSTEM | task protocol render hook failed 
--- PASS: TestServeTaskPluginProtocolStreamMissingRenderEventsUsesFailureEnvelope (0.00s)
    --- PASS: TestServeTaskPluginProtocolStreamMissingRenderEventsUsesFailureEnvelope/success (0.00s)
    --- PASS: TestServeTaskPluginProtocolStreamMissingRenderEventsUsesFailureEnvelope/failure (0.00s)
=== RUN   TestServeTaskPluginProtocolStreamInjectsHostArtifactCapabilities
--- PASS: TestServeTaskPluginProtocolStreamInjectsHostArtifactCapabilities (0.00s)
=== RUN   TestTaskPluginProtocolHeartbeatDoesNotDispatchEmptySDKEvent
--- PASS: TestTaskPluginProtocolHeartbeatDoesNotDispatchEmptySDKEvent (0.00s)
=== RUN   TestServeTaskPluginProtocolNonStreamUsesFinalHookAndHostEnvelope
--- PASS: TestServeTaskPluginProtocolNonStreamUsesFinalHookAndHostEnvelope (0.00s)
=== RUN   TestServeTaskPluginProtocolNonStreamInjectsHostArtifactCapabilities
--- PASS: TestServeTaskPluginProtocolNonStreamInjectsHostArtifactCapabilities (0.00s)
=== RUN   TestServeTaskPluginProtocolArtifactURLFailureOnlyFailsCurrentRendering
=== RUN   TestServeTaskPluginProtocolArtifactURLFailureOnlyFailsCurrentRendering/false
[ERR] 2026/09/11 - 21:15:29 | SYSTEM | task protocol final hook failed 
=== RUN   TestServeTaskPluginProtocolArtifactURLFailureOnlyFailsCurrentRendering/true
[ERR] 2026/09/11 - 21:15:29 | SYSTEM | build task protocol renderer context failed 
--- PASS: TestServeTaskPluginProtocolArtifactURLFailureOnlyFailsCurrentRendering (0.00s)
    --- PASS: TestServeTaskPluginProtocolArtifactURLFailureOnlyFailsCurrentRendering/false (0.00s)
    --- PASS: TestServeTaskPluginProtocolArtifactURLFailureOnlyFailsCurrentRendering/true (0.00s)
=== RUN   TestServeTaskPluginProtocolNonStreamTaskFailureSkipsFinalHook
--- PASS: TestServeTaskPluginProtocolNonStreamTaskFailureSkipsFinalHook (0.00s)
=== RUN   TestServeTaskPluginProtocolStreamTaskFailureSuppressesPluginAndDatabaseDetails
--- PASS: TestServeTaskPluginProtocolStreamTaskFailureSuppressesPluginAndDatabaseDetails (0.00s)
=== RUN   TestServeTaskPluginProtocolRejectsUnsupportedProtocolBeforeSubmission
--- PASS: TestServeTaskPluginProtocolRejectsUnsupportedProtocolBeforeSubmission (0.00s)
=== RUN   TestServeTaskPluginProtocolRejectsObservationAdmissionBeforeSubmission
=== RUN   TestServeTaskPluginProtocolRejectsObservationAdmissionBeforeSubmission/non-stream
=== RUN   TestServeTaskPluginProtocolRejectsObservationAdmissionBeforeSubmission/stream
--- PASS: TestServeTaskPluginProtocolRejectsObservationAdmissionBeforeSubmission (0.00s)
    --- PASS: TestServeTaskPluginProtocolRejectsObservationAdmissionBeforeSubmission/non-stream (0.00s)
    --- PASS: TestServeTaskPluginProtocolRejectsObservationAdmissionBeforeSubmission/stream (0.00s)
=== RUN   TestServeTaskPluginProtocolBackgroundNonStreamReturnsPendingWithoutObservation
--- PASS: TestServeTaskPluginProtocolBackgroundNonStreamReturnsPendingWithoutObservation (0.00s)
=== RUN   TestServeTaskPluginProtocolBackgroundStreamEntersObservation
--- PASS: TestServeTaskPluginProtocolBackgroundStreamEntersObservation (0.00s)
=== RUN   TestRetrieveTaskPluginResponsePendingSkipsRenderFinal
--- PASS: TestRetrieveTaskPluginResponsePendingSkipsRenderFinal (0.00s)
=== RUN   TestRetrieveTaskPluginResponseEchoesOriginModelName
--- PASS: TestRetrieveTaskPluginResponseEchoesOriginModelName (0.00s)
=== RUN   TestRetrieveTaskPluginResponseSuccessRendersFinal
--- PASS: TestRetrieveTaskPluginResponseSuccessRendersFinal (0.00s)
=== RUN   TestRetrieveTaskPluginResponseStreamOnlySuccessSynthesizesFromEvents
--- PASS: TestRetrieveTaskPluginResponseStreamOnlySuccessSynthesizesFromEvents (0.00s)
=== RUN   TestRetrieveTaskPluginResponseStreamOnlyPendingAndFailureStayHostEnvelopes
=== RUN   TestRetrieveTaskPluginResponseStreamOnlyPendingAndFailureStayHostEnvelopes/pending
=== RUN   TestRetrieveTaskPluginResponseStreamOnlyPendingAndFailureStayHostEnvelopes/failure
--- PASS: TestRetrieveTaskPluginResponseStreamOnlyPendingAndFailureStayHostEnvelopes (0.00s)
    --- PASS: TestRetrieveTaskPluginResponseStreamOnlyPendingAndFailureStayHostEnvelopes/pending (0.00s)
    --- PASS: TestRetrieveTaskPluginResponseStreamOnlyPendingAndFailureStayHostEnvelopes/failure (0.00s)
=== RUN   TestRetrieveTaskPluginResponseStreamOnlyRenderErrorUsesFailureEnvelope
[ERR] 2026/09/11 - 21:15:29 | SYSTEM | task protocol retrieve render failed 
--- PASS: TestRetrieveTaskPluginResponseStreamOnlyRenderErrorUsesFailureEnvelope (0.00s)
=== RUN   TestRetrieveTaskPluginResponseFailureUsesFailedEnvelope
--- PASS: TestRetrieveTaskPluginResponseFailureUsesFailedEnvelope (0.00s)
=== RUN   TestRetrieveTaskPluginResponseNotFound
=== RUN   TestRetrieveTaskPluginResponseNotFound/bad_prefix
=== RUN   TestRetrieveTaskPluginResponseNotFound/missing
=== RUN   TestRetrieveTaskPluginResponseNotFound/other_user
=== RUN   TestRetrieveTaskPluginResponseNotFound/no_plugin
=== RUN   TestRetrieveTaskPluginResponseNotFound/plugin_does_not_claim_protocol
--- PASS: TestRetrieveTaskPluginResponseNotFound (0.00s)
    --- PASS: TestRetrieveTaskPluginResponseNotFound/bad_prefix (0.00s)
    --- PASS: TestRetrieveTaskPluginResponseNotFound/missing (0.00s)
    --- PASS: TestRetrieveTaskPluginResponseNotFound/other_user (0.00s)
    --- PASS: TestRetrieveTaskPluginResponseNotFound/no_plugin (0.00s)
    --- PASS: TestRetrieveTaskPluginResponseNotFound/plugin_does_not_claim_protocol (0.00s)
=== RUN   TestRespondPluginProtocolSubmissionErrorPassesValidationMessage
--- PASS: TestRespondPluginProtocolSubmissionErrorPassesValidationMessage (0.00s)
=== RUN   TestRespondPluginProtocolSubmissionErrorKeepsGenericNonValidation400
--- PASS: TestRespondPluginProtocolSubmissionErrorKeepsGenericNonValidation400 (0.00s)
=== RUN   TestPricingPatchHandlerSuccessConflictAndBadInput

2026/09/11 21:15:29 [31;1mD:/10178/Projects/new-api-upstream-sync/model/ability.go:39 [35;1mSQL logic error: no such table: abilities (1)
[0m[33m[0.000ms] [34;1m[rows:-][0m SELECT abilities.*, channels.type as channel_type FROM `abilities` left join channels on abilities.channel_id = channels.id WHERE abilities.enabled = true
[SYS] 2026/09/11 - 21:15:29 | GetAllEnableAbilityWithChannels error: SQL logic error: no such table: abilities (1) 

2026/09/11 21:15:29 [31;1mD:/10178/Projects/new-api-upstream-sync/model/user.go:1570 [35;1mSQL logic error: no such table: users (1)
[0m[33m[0.440ms] [34;1m[rows:0][0m SELECT `username` FROM `users` WHERE id = 1 AND `users`.`deleted_at` IS NULL

2026/09/11 21:15:29 [31;1mD:/10178/Projects/new-api-upstream-sync/model/user.go:1570 [35;1mSQL logic error: no such table: users (1)
[0m[33m[0.000ms] [34;1m[rows:0][0m SELECT `username` FROM `users` WHERE id = 1 AND `users`.`deleted_at` IS NULL
--- PASS: TestPricingPatchHandlerSuccessConflictAndBadInput (0.00s)
=== RUN   TestResetModelRatioUsesPricingPatchPath

2026/09/11 21:15:29 [31;1mD:/10178/Projects/new-api-upstream-sync/model/ability.go:39 [35;1mSQL logic error: no such table: abilities (1)
[0m[33m[0.000ms] [34;1m[rows:-][0m SELECT abilities.*, channels.type as channel_type FROM `abilities` left join channels on abilities.channel_id = channels.id WHERE abilities.enabled = true
[SYS] 2026/09/11 - 21:15:29 | GetAllEnableAbilityWithChannels error: SQL logic error: no such table: abilities (1) 
--- PASS: TestResetModelRatioUsesPricingPatchPath (0.00s)
=== RUN   TestGenericOptionHandlerRejectsPricingBeforeRuntimeValidation
--- PASS: TestGenericOptionHandlerRejectsPricingBeforeRuntimeValidation (0.00s)
=== RUN   TestPricingWriterCompatibilityDatabaseMatrix
=== RUN   TestPricingWriterCompatibilityDatabaseMatrix/sqlite
[SYS] 2026/09/11 - 21:15:29 | SQL_DSN not set, using SQLite as database 
    pricing_writer_compatibility_test.go:22: database version: 3.50.4
=== RUN   TestPricingWriterCompatibilityDatabaseMatrix/sqlite/builtin_display_does_not_change_raw_CAS_values
=== RUN   TestPricingWriterCompatibilityDatabaseMatrix/sqlite/different_models_survive_concurrent_old_and_new_writers
=== RUN   TestPricingWriterCompatibilityDatabaseMatrix/sqlite/same_model_has_one_winner_and_both_APIs_reject_stale_edits
=== RUN   TestPricingWriterCompatibilityDatabaseMatrix/sqlite/missing_canonical_row_rejects_both_writers_without_partial_writes
=== RUN   TestPricingWriterCompatibilityDatabaseMatrix/mysql
    pricing_writer_compatibility_test.go:20: set TEST_MYSQL_DSN to run this database
=== RUN   TestPricingWriterCompatibilityDatabaseMatrix/postgres
    pricing_writer_compatibility_test.go:20: set TEST_POSTGRES_DSN to run this database
--- PASS: TestPricingWriterCompatibilityDatabaseMatrix (0.07s)
    --- PASS: TestPricingWriterCompatibilityDatabaseMatrix/sqlite (0.07s)
        --- PASS: TestPricingWriterCompatibilityDatabaseMatrix/sqlite/builtin_display_does_not_change_raw_CAS_values (0.00s)
        --- PASS: TestPricingWriterCompatibilityDatabaseMatrix/sqlite/different_models_survive_concurrent_old_and_new_writers (0.00s)
        --- PASS: TestPricingWriterCompatibilityDatabaseMatrix/sqlite/same_model_has_one_winner_and_both_APIs_reject_stale_edits (0.00s)
        --- PASS: TestPricingWriterCompatibilityDatabaseMatrix/sqlite/missing_canonical_row_rejects_both_writers_without_partial_writes (0.00s)
    --- SKIP: TestPricingWriterCompatibilityDatabaseMatrix/mysql (0.00s)
    --- SKIP: TestPricingWriterCompatibilityDatabaseMatrix/postgres (0.00s)
=== RUN   TestPublicNoticeRevalidationTracksContentAcrossEncodings
--- PASS: TestPublicNoticeRevalidationTracksContentAcrossEncodings (0.00s)
=== RUN   TestPricingSyncExpressionPriority
=== RUN   TestPricingSyncExpressionPriority/equal_expressions_suppress_stale_ratios
=== RUN   TestPricingSyncExpressionPriority/local_expression_excludes_legacy-only_source
=== RUN   TestPricingSyncExpressionPriority/expression_imports_without_legacy_conflicts
=== RUN   TestPricingSyncExpressionPriority/inactive_expression_follows_explicit_ratio_mode
=== RUN   TestPricingSyncExpressionPriority/empty_active_expression_never_imports_a_false_free_price
--- PASS: TestPricingSyncExpressionPriority (0.00s)
    --- PASS: TestPricingSyncExpressionPriority/equal_expressions_suppress_stale_ratios (0.00s)
    --- PASS: TestPricingSyncExpressionPriority/local_expression_excludes_legacy-only_source (0.00s)
    --- PASS: TestPricingSyncExpressionPriority/expression_imports_without_legacy_conflicts (0.00s)
    --- PASS: TestPricingSyncExpressionPriority/inactive_expression_follows_explicit_ratio_mode (0.00s)
    --- PASS: TestPricingSyncExpressionPriority/empty_active_expression_never_imports_a_false_free_price (0.00s)
=== RUN   TestRatioConfigExportsEffectiveExpressions
--- PASS: TestRatioConfigExportsEffectiveExpressions (0.00s)
=== RUN   TestPricingSyncCompleteSourcesAndArrayFormats
--- PASS: TestPricingSyncCompleteSourcesAndArrayFormats (0.00s)
=== RUN   TestDeleteRedemptionBatch
=== RUN   TestDeleteRedemptionBatch/sqlite
    redemption_batch_test.go:55: database version: 3.50.4
=== RUN   TestDeleteRedemptionBatch/sqlite/invalid_{}
=== RUN   TestDeleteRedemptionBatch/sqlite/invalid_{"ids":[]}
=== RUN   TestDeleteRedemptionBatch/sqlite/invalid_{"ids":null}
=== RUN   TestDeleteRedemptionBatch/sqlite/invalid_{"ids":[0]}
=== RUN   TestDeleteRedemptionBatch/sqlite/invalid_{"ids":[1,-1]}
=== RUN   TestDeleteRedemptionBatch/sqlite/invalid_{"ids":["1"]}
=== RUN   TestDeleteRedemptionBatch/sqlite/invalid_{
=== RUN   TestDeleteRedemptionBatch/sqlite/invalid_{"ids":[1,1,1,1,1,1,1,1,1,1,1,
=== RUN   TestDeleteRedemptionBatch/mysql
    redemption_batch_test.go:28: TEST_MYSQL_DSN is not configured
=== RUN   TestDeleteRedemptionBatch/postgres
    redemption_batch_test.go:35: TEST_POSTGRES_DSN is not configured
--- PASS: TestDeleteRedemptionBatch (0.09s)
    --- PASS: TestDeleteRedemptionBatch/sqlite (0.09s)
        --- PASS: TestDeleteRedemptionBatch/sqlite/invalid_{} (0.00s)
        --- PASS: TestDeleteRedemptionBatch/sqlite/invalid_{"ids":[]} (0.00s)
        --- PASS: TestDeleteRedemptionBatch/sqlite/invalid_{"ids":null} (0.00s)
        --- PASS: TestDeleteRedemptionBatch/sqlite/invalid_{"ids":[0]} (0.00s)
        --- PASS: TestDeleteRedemptionBatch/sqlite/invalid_{"ids":[1,-1]} (0.00s)
        --- PASS: TestDeleteRedemptionBatch/sqlite/invalid_{"ids":["1"]} (0.00s)
        --- PASS: TestDeleteRedemptionBatch/sqlite/invalid_{ (0.00s)
        --- PASS: TestDeleteRedemptionBatch/sqlite/invalid_{"ids":[1,1,1,1,1,1,1,1,1,1,1, (0.00s)
    --- SKIP: TestDeleteRedemptionBatch/mysql (0.00s)
    --- SKIP: TestDeleteRedemptionBatch/postgres (0.00s)
=== RUN   TestWriteRedemptionsCSVIncludesBOMAndManagementFields
--- PASS: TestWriteRedemptionsCSVIncludesBOMAndManagementFields (0.00s)
=== RUN   TestValidateRedemptionStatusUpdateRejectsUsedAndUnknownStatuses
--- PASS: TestValidateRedemptionStatusUpdateRejectsUsedAndUnknownStatuses (0.00s)
=== RUN   TestRegisterDefersAccountCreationUntilRegistrationCodeCompletion

2026/09/11 21:15:29 [31;1mD:/10178/Projects/new-api-upstream-sync/model/user.go:325 [35;1mrecord not found
[0m[33m[0.000ms] [34;1m[rows:0][0m SELECT * FROM `users` WHERE username = "with-code" ORDER BY `users`.`id` LIMIT 1
--- PASS: TestRegisterDefersAccountCreationUntilRegistrationCodeCompletion (0.04s)
=== RUN   TestCompleteRegistrationConsumesCodeAndFlowAtomically

2026/09/11 21:15:30 [31;1mD:/10178/Projects/new-api-upstream-sync/model/user.go:325 [35;1mrecord not found
[0m[33m[0.000ms] [34;1m[rows:0][0m SELECT * FROM `users` WHERE username = "with-code" ORDER BY `users`.`id` LIMIT 1

2026/09/11 21:15:30 [31;1mD:/10178/Projects/new-api-upstream-sync/model/redemption.go:367 [35;1mrecord not found
[0m[33m[0.000ms] [34;1m[rows:0][0m SELECT * FROM `redemptions` WHERE `key` = "invalid" AND `redemptions`.`deleted_at` IS NULL ORDER BY `redemptions`.`id` LIMIT 1
[SYS] 2026/09/11 - 21:15:30 | 为新用户 with-code (角色: 1) 初始化边栏配置 
--- PASS: TestCompleteRegistrationConsumesCodeAndFlowAtomically (0.04s)
=== RUN   TestRegistrationCodeCompletionRetainsLongUnicodePassword

2026/09/11 21:15:30 [31;1mD:/10178/Projects/new-api-upstream-sync/model/user.go:325 [35;1mrecord not found
[0m[33m[0.000ms] [34;1m[rows:0][0m SELECT * FROM `users` WHERE username = "unicode-code" ORDER BY `users`.`id` LIMIT 1
[SYS] 2026/09/11 - 21:15:30 | 为新用户 unicode-code (角色: 1) 初始化边栏配置 
--- PASS: TestRegistrationCodeCompletionRetainsLongUnicodePassword (0.05s)
=== RUN   TestOAuthRegistrationReturnsChallengeOnlyForNewAccounts

2026/09/11 21:15:30 [31;1mD:/10178/Projects/new-api-upstream-sync/model/user.go:429 [35;1mrecord not found
[0m[33m[0.000ms] [34;1m[rows:0][0m SELECT * FROM `users` ORDER BY `users`.`id` DESC LIMIT 1

2026/09/11 21:15:30 [31;1mD:/10178/Projects/new-api-upstream-sync/model/user.go:325 [35;1mrecord not found
[0m[33m[0.000ms] [34;1m[rows:0][0m SELECT * FROM `users` WHERE username = "new-oauth-user" ORDER BY `users`.`id` LIMIT 1
--- PASS: TestOAuthRegistrationReturnsChallengeOnlyForNewAccounts (0.00s)
=== RUN   TestProcessChannelErrorUsesSnapshotWithoutLeakingChannelMetadata
[ERR] 2026/09/11 - 21:15:30 | SYSTEM | channel error (channel #101, status code: 502): upstream failed 
[INFO] 2026/09/11 - 21:15:30 | SYSTEM | record error log: userId=7, channelId=101, modelName=gpt-test, tokenName=test-token, content=status_code=502, upstream failed 
--- PASS: TestProcessChannelErrorUsesSnapshotWithoutLeakingChannelMetadata (0.00s)
=== RUN   TestRelayReturnsClientErrorsForInvalidAndOversizedCompressedBodies
=== RUN   TestRelayReturnsClientErrorsForInvalidAndOversizedCompressedBodies/identity/invalid_JSON
[ERR] 2026/09/11 - 21:15:30 | SYSTEM | relay error: unexpected end of JSON input 
=== RUN   TestRelayReturnsClientErrorsForInvalidAndOversizedCompressedBodies/identity/decompressed_size_exceeds_limit
[ERR] 2026/09/11 - 21:15:30 | SYSTEM | relay error: request body exceeds 1 MB: request body too large 
=== RUN   TestRelayReturnsClientErrorsForInvalidAndOversizedCompressedBodies/gzip/invalid_JSON
[ERR] 2026/09/11 - 21:15:30 | SYSTEM | relay error: unexpected end of JSON input 
=== RUN   TestRelayReturnsClientErrorsForInvalidAndOversizedCompressedBodies/gzip/decompressed_size_exceeds_limit
[ERR] 2026/09/11 - 21:15:30 | SYSTEM | relay error: request body exceeds 1 MB: request body too large 
=== RUN   TestRelayReturnsClientErrorsForInvalidAndOversizedCompressedBodies/br/invalid_JSON
[ERR] 2026/09/11 - 21:15:30 | SYSTEM | relay error: unexpected end of JSON input 
=== RUN   TestRelayReturnsClientErrorsForInvalidAndOversizedCompressedBodies/br/decompressed_size_exceeds_limit
[ERR] 2026/09/11 - 21:15:30 | SYSTEM | relay error: request body exceeds 1 MB: request body too large 
=== RUN   TestRelayReturnsClientErrorsForInvalidAndOversizedCompressedBodies/zstd/invalid_JSON
[ERR] 2026/09/11 - 21:15:30 | SYSTEM | relay error: unexpected end of JSON input 
=== RUN   TestRelayReturnsClientErrorsForInvalidAndOversizedCompressedBodies/zstd/decompressed_size_exceeds_limit
[ERR] 2026/09/11 - 21:15:30 | SYSTEM | relay error: request body exceeds 1 MB: request body too large 
--- PASS: TestRelayReturnsClientErrorsForInvalidAndOversizedCompressedBodies (0.01s)
    --- PASS: TestRelayReturnsClientErrorsForInvalidAndOversizedCompressedBodies/identity/invalid_JSON (0.00s)
    --- PASS: TestRelayReturnsClientErrorsForInvalidAndOversizedCompressedBodies/identity/decompressed_size_exceeds_limit (0.00s)
    --- PASS: TestRelayReturnsClientErrorsForInvalidAndOversizedCompressedBodies/gzip/invalid_JSON (0.00s)
    --- PASS: TestRelayReturnsClientErrorsForInvalidAndOversizedCompressedBodies/gzip/decompressed_size_exceeds_limit (0.00s)
    --- PASS: TestRelayReturnsClientErrorsForInvalidAndOversizedCompressedBodies/br/invalid_JSON (0.00s)
    --- PASS: TestRelayReturnsClientErrorsForInvalidAndOversizedCompressedBodies/br/decompressed_size_exceeds_limit (0.00s)
    --- PASS: TestRelayReturnsClientErrorsForInvalidAndOversizedCompressedBodies/zstd/invalid_JSON (0.00s)
    --- PASS: TestRelayReturnsClientErrorsForInvalidAndOversizedCompressedBodies/zstd/decompressed_size_exceeds_limit (0.00s)
=== RUN   TestShouldRetryAfterResponseWritten
--- PASS: TestShouldRetryAfterResponseWritten (0.00s)
=== RUN   TestNewSensitiveWordViolationErrorUsesConfiguredResponse
--- PASS: TestNewSensitiveWordViolationErrorUsesConfiguredResponse (0.00s)
=== RUN   TestNewSensitiveWordViolationErrorFallsBackToBadRequest
--- PASS: TestNewSensitiveWordViolationErrorFallsBackToBadRequest (0.00s)
=== RUN   TestPresentTaskSubmissionUsesNativePresenterAfterPersistence
--- PASS: TestPresentTaskSubmissionUsesNativePresenterAfterPersistence (0.00s)
=== RUN   TestPresentTaskSubmissionFallbackUsesPersistedPublicID
--- PASS: TestPresentTaskSubmissionFallbackUsesPersistedPublicID (0.00s)
=== RUN   TestPresentTaskSubmissionUsesHostOpenAIVideoCreateReceipt
--- PASS: TestPresentTaskSubmissionUsesHostOpenAIVideoCreateReceipt (0.00s)
=== RUN   TestExecuteTaskSubmissionRefundsWhenInsertFails

2026/09/11 21:15:30 [31;1mD:/10178/Projects/new-api-upstream-sync/model/task.go:473 [35;1mSQL logic error: no such table: tasks (1)
[0m[33m[0.000ms] [34;1m[rows:0][0m INSERT INTO `tasks` (`created_at`,`updated_at`,`task_id`,`platform`,`user_id`,`group`,`channel_id`,`quota`,`action`,`status`,`fail_reason`,`submit_time`,`start_time`,`finish_time`,`progress`,`properties`,`private_data`,`data`) VALUES (1789132530,1789132530,"task_public","plugin",1,"default",1,0,"","NOT_START","",1789132530,0,0,"0%","{""input"":"""",""origin_model_name"":""plugin-model""}","{""upstream_task_id"":""upstream_private"",""execution"":{""request_path"":""/plugin/submit""},""billing_context"":{""origin_model_name"":""plugin-model""}}",(NULL)) RETURNING `id`
[SYS] 2026/09/11 - 21:15:30 | insert task error: SQL logic error: no such table: tasks (1) 
--- PASS: TestExecuteTaskSubmissionRefundsWhenInsertFails (0.00s)
=== RUN   TestExecuteTaskSubmissionSettlementFailureStaysDurableAndWritesNothing
[INFO] 2026/09/11 - 21:15:30 | SYSTEM | 预扣费与实际消耗一致，无需调整：＄0.000000（按次计费） 
[SYS] 2026/09/11 - 21:15:30 | settle task billing error: settlement failed 
--- PASS: TestExecuteTaskSubmissionSettlementFailureStaysDurableAndWritesNothing (0.00s)
=== RUN   TestExecuteTaskSubmissionPersistsPinnedPluginProvenance
[INFO] 2026/09/11 - 21:15:30 | request-public | 预扣费与实际消耗一致，无需调整：＄0.000000（按次计费） 

2026/09/11 21:15:30 [31;1mD:/10178/Projects/new-api-upstream-sync/model/user.go:1516 [35;1mSQL logic error: no such table: users (1)
[0m[33m[0.000ms] [34;1m[rows:0][0m UPDATE `users` SET `request_count`=request_count + 1,`used_quota`=used_quota + 0 WHERE id = 1 AND `users`.`deleted_at` IS NULL
[SYS] 2026/09/11 - 21:15:30 | failed to update user used quota and request count: SQL logic error: no such table: users (1) 

2026/09/11 21:15:30 [31;1mD:/10178/Projects/new-api-upstream-sync/model/channel.go:909 [35;1mSQL logic error: no such table: channels (1)
[0m[33m[0.000ms] [34;1m[rows:0][0m UPDATE `channels` SET `used_quota`=used_quota + 0 WHERE id = 1
[SYS] 2026/09/11 - 21:15:30 | failed to update channel used quota: channel_id=1, delta_quota=0, error=SQL logic error: no such table: channels (1) 
--- PASS: TestExecuteTaskSubmissionPersistsPinnedPluginProvenance (0.00s)
=== RUN   TestExecuteTaskSubmissionRefundsCancellationBeforeDurableBarrier
--- PASS: TestExecuteTaskSubmissionRefundsCancellationBeforeDurableBarrier (0.00s)
=== RUN   TestExecuteTaskSubmissionDisconnectBeforeUpstreamAcceptanceSkipsSubmitAndRefunds
--- PASS: TestExecuteTaskSubmissionDisconnectBeforeUpstreamAcceptanceSkipsSubmitAndRefunds (0.00s)
=== RUN   TestExecuteTaskSubmissionCallerCancellationDuringSubmitRefundsBeforeDurableBarrier
--- PASS: TestExecuteTaskSubmissionCallerCancellationDuringSubmitRefundsBeforeDurableBarrier (0.00s)
=== RUN   TestExecuteTaskSubmissionDisconnectAfterDurableInsertDoesNotRefund
[INFO] 2026/09/11 - 21:15:30 | SYSTEM | 预扣费与实际消耗一致，无需调整：＄0.000000（按次计费） 

2026/09/11 21:15:30 [31;1mD:/10178/Projects/new-api-upstream-sync/model/user.go:1516 [35;1mSQL logic error: no such table: users (1)
[0m[33m[0.000ms] [34;1m[rows:0][0m UPDATE `users` SET `request_count`=request_count + 1,`used_quota`=used_quota + 0 WHERE id = 1 AND `users`.`deleted_at` IS NULL
[SYS] 2026/09/11 - 21:15:30 | failed to update user used quota and request count: SQL logic error: no such table: users (1) 

2026/09/11 21:15:30 [31;1mD:/10178/Projects/new-api-upstream-sync/model/channel.go:909 [35;1mSQL logic error: no such table: channels (1)
[0m[33m[0.000ms] [34;1m[rows:0][0m UPDATE `channels` SET `used_quota`=used_quota + 0 WHERE id = 1
[SYS] 2026/09/11 - 21:15:30 | failed to update channel used quota: channel_id=1, delta_quota=0, error=SQL logic error: no such table: channels (1) 
--- PASS: TestExecuteTaskSubmissionDisconnectAfterDurableInsertDoesNotRefund (0.00s)
=== RUN   TestIsUpstreamInterceptionRelayMode
--- PASS: TestIsUpstreamInterceptionRelayMode (0.00s)
=== RUN   TestPaymentReturnPathUsesDefaultDashboardRoutes
--- PASS: TestPaymentReturnPathUsesDefaultDashboardRoutes (0.00s)
=== RUN   TestSecurityAccountDeletionRequiresScopedProof
=== RUN   TestSecurityAccountDeletionRequiresScopedProof/missing
    security_account_test.go:39: database: sqlite 3.50.4
=== RUN   TestSecurityAccountDeletionRequiresScopedProof/wrong_scope
    security_account_test.go:39: database: sqlite 3.50.4
=== RUN   TestSecurityAccountDeletionRequiresScopedProof/expired
    security_account_test.go:39: database: sqlite 3.50.4
=== RUN   TestSecurityAccountDeletionRequiresScopedProof/consumed
    security_account_test.go:39: database: sqlite 3.50.4
=== RUN   TestSecurityAccountDeletionRequiresScopedProof/other_session
    security_account_test.go:39: database: sqlite 3.50.4
=== RUN   TestSecurityAccountDeletionRequiresScopedProof/other_account
    security_account_test.go:39: database: sqlite 3.50.4
=== RUN   TestSecurityAccountDeletionRequiresScopedProof/password_disabled
    security_account_test.go:39: database: sqlite 3.50.4
=== RUN   TestSecurityAccountDeletionRequiresScopedProof/factor_added
    security_account_test.go:39: database: sqlite 3.50.4
--- PASS: TestSecurityAccountDeletionRequiresScopedProof (0.97s)
    --- PASS: TestSecurityAccountDeletionRequiresScopedProof/missing (0.12s)
    --- PASS: TestSecurityAccountDeletionRequiresScopedProof/wrong_scope (0.12s)
    --- PASS: TestSecurityAccountDeletionRequiresScopedProof/expired (0.12s)
    --- PASS: TestSecurityAccountDeletionRequiresScopedProof/consumed (0.12s)
    --- PASS: TestSecurityAccountDeletionRequiresScopedProof/other_session (0.12s)
    --- PASS: TestSecurityAccountDeletionRequiresScopedProof/other_account (0.12s)
    --- PASS: TestSecurityAccountDeletionRequiresScopedProof/password_disabled (0.12s)
    --- PASS: TestSecurityAccountDeletionRequiresScopedProof/factor_added (0.12s)
=== RUN   TestSecurityAccountDeletionAcceptsEitherFactorAndRevokesSessions
=== RUN   TestSecurityAccountDeletionAcceptsEitherFactorAndRevokesSessions/password
    security_account_test.go:95: database: sqlite 3.50.4
=== RUN   TestSecurityAccountDeletionAcceptsEitherFactorAndRevokesSessions/oauth
    security_account_test.go:95: database: sqlite 3.50.4
=== RUN   TestSecurityAccountDeletionAcceptsEitherFactorAndRevokesSessions/2fa
    security_account_test.go:95: database: sqlite 3.50.4
=== RUN   TestSecurityAccountDeletionAcceptsEitherFactorAndRevokesSessions/passkey
    security_account_test.go:95: database: sqlite 3.50.4
--- PASS: TestSecurityAccountDeletionAcceptsEitherFactorAndRevokesSessions (0.56s)
    --- PASS: TestSecurityAccountDeletionAcceptsEitherFactorAndRevokesSessions/password (0.17s)
    --- PASS: TestSecurityAccountDeletionAcceptsEitherFactorAndRevokesSessions/oauth (0.13s)
    --- PASS: TestSecurityAccountDeletionAcceptsEitherFactorAndRevokesSessions/2fa (0.13s)
    --- PASS: TestSecurityAccountDeletionAcceptsEitherFactorAndRevokesSessions/passkey (0.13s)
=== RUN   TestSecurityAccountDeletionRechecksTransactionAndConsumesFailedProof
=== RUN   TestSecurityAccountDeletionRechecksTransactionAndConsumesFailedProof/revoked_session
    security_account_test.go:179: database: sqlite 3.50.4
=== RUN   TestSecurityAccountDeletionRechecksTransactionAndConsumesFailedProof/auth_version
    security_account_test.go:179: database: sqlite 3.50.4
=== RUN   TestSecurityAccountDeletionRechecksTransactionAndConsumesFailedProof/root
    security_account_test.go:179: database: sqlite 3.50.4
=== RUN   TestSecurityAccountDeletionRechecksTransactionAndConsumesFailedProof/write_failure
    security_account_test.go:179: database: sqlite 3.50.4
[ERR] 2026/09/11 - 21:15:32 | SYSTEM | auth session internal error (DELETE /api/user/self): injected deletion failure 
--- PASS: TestSecurityAccountDeletionRechecksTransactionAndConsumesFailedProof (0.48s)
    --- PASS: TestSecurityAccountDeletionRechecksTransactionAndConsumesFailedProof/revoked_session (0.12s)
    --- PASS: TestSecurityAccountDeletionRechecksTransactionAndConsumesFailedProof/auth_version (0.12s)
    --- PASS: TestSecurityAccountDeletionRechecksTransactionAndConsumesFailedProof/root (0.12s)
    --- PASS: TestSecurityAccountDeletionRechecksTransactionAndConsumesFailedProof/write_failure (0.12s)
=== RUN   TestSecurityAccountDeletionConcurrentRequestsHaveOneWinner
    security_account_test.go:222: database: sqlite 3.50.4
--- PASS: TestSecurityAccountDeletionConcurrentRequestsHaveOneWinner (0.12s)
=== RUN   TestSecurityAccountRequiresProofBeforeMutation
=== RUN   TestSecurityAccountRequiresProofBeforeMutation/password
    security_account_test.go:365: database: sqlite 3.50.4
=== RUN   TestSecurityAccountRequiresProofBeforeMutation/oauth_binding
    security_account_test.go:365: database: sqlite 3.50.4
--- PASS: TestSecurityAccountRequiresProofBeforeMutation (0.30s)
    --- PASS: TestSecurityAccountRequiresProofBeforeMutation/password (0.15s)
    --- PASS: TestSecurityAccountRequiresProofBeforeMutation/oauth_binding (0.15s)
=== RUN   TestSecurityAccountPasswordRequiresCurrentPassword
=== RUN   TestSecurityAccountPasswordRequiresCurrentPassword/missing
    security_account_test.go:393: database: sqlite 3.50.4
=== RUN   TestSecurityAccountPasswordRequiresCurrentPassword/wrong
    security_account_test.go:393: database: sqlite 3.50.4
=== RUN   TestSecurityAccountPasswordRequiresCurrentPassword/correct
    security_account_test.go:393: database: sqlite 3.50.4
--- PASS: TestSecurityAccountPasswordRequiresCurrentPassword (0.57s)
    --- PASS: TestSecurityAccountPasswordRequiresCurrentPassword/missing (0.17s)
    --- PASS: TestSecurityAccountPasswordRequiresCurrentPassword/wrong (0.17s)
    --- PASS: TestSecurityAccountPasswordRequiresCurrentPassword/correct (0.23s)
=== RUN   TestSecurityAccountProfileReadsPasswordStatusInOneQuery
=== RUN   TestSecurityAccountProfileReadsPasswordStatusInOneQuery/password_set
    security_account_test.go:424: database: sqlite 3.50.4
=== RUN   TestSecurityAccountProfileReadsPasswordStatusInOneQuery/password_unset
    security_account_test.go:424: database: sqlite 3.50.4
--- PASS: TestSecurityAccountProfileReadsPasswordStatusInOneQuery (0.24s)
    --- PASS: TestSecurityAccountProfileReadsPasswordStatusInOneQuery/password_set (0.12s)
    --- PASS: TestSecurityAccountProfileReadsPasswordStatusInOneQuery/password_unset (0.12s)
=== RUN   TestSecurityAccountProfileUpdateDoesNotRequireProof
    security_account_test.go:469: database: sqlite 3.50.4
--- PASS: TestSecurityAccountProfileUpdateDoesNotRequireProof (0.12s)
=== RUN   TestSecurityAccountLongUnicodePasswordAndSessionRotation
    security_account_test.go:481: database: sqlite 3.50.4
--- PASS: TestSecurityAccountLongUnicodePasswordAndSessionRotation (0.25s)
=== RUN   TestSecurityAccountPasswordPolicyAndHashCompatibility
=== RUN   TestSecurityAccountPasswordPolicyAndHashCompatibility/common_password_accepted
=== RUN   TestSecurityAccountPasswordPolicyAndHashCompatibility/short
=== RUN   TestSecurityAccountPasswordPolicyAndHashCompatibility/too_long
=== RUN   TestSecurityAccountPasswordPolicyAndHashCompatibility/long_Unicode
=== RUN   TestSecurityAccountPasswordPolicyAndHashCompatibility/whitespace_preserved
--- PASS: TestSecurityAccountPasswordPolicyAndHashCompatibility (0.18s)
    --- PASS: TestSecurityAccountPasswordPolicyAndHashCompatibility/common_password_accepted (0.04s)
    --- PASS: TestSecurityAccountPasswordPolicyAndHashCompatibility/short (0.00s)
    --- PASS: TestSecurityAccountPasswordPolicyAndHashCompatibility/too_long (0.00s)
    --- PASS: TestSecurityAccountPasswordPolicyAndHashCompatibility/long_Unicode (0.04s)
    --- PASS: TestSecurityAccountPasswordPolicyAndHashCompatibility/whitespace_preserved (0.04s)
=== RUN   TestSecurityAccountEncryptedLongPasswordLogin
    security_account_test.go:546: database: sqlite 3.50.4
--- PASS: TestSecurityAccountEncryptedLongPasswordLogin (0.17s)
=== RUN   TestSecurityAccountEmailConfirmationAndAudit
=== RUN   TestSecurityAccountEmailConfirmationAndAudit/first_email
    security_account_test.go:602: database: sqlite 3.50.4
=== RUN   TestSecurityAccountEmailConfirmationAndAudit/replace_without_mfa
    security_account_test.go:602: database: sqlite 3.50.4
=== RUN   TestSecurityAccountEmailConfirmationAndAudit/replace_with_mfa
    security_account_test.go:602: database: sqlite 3.50.4
--- PASS: TestSecurityAccountEmailConfirmationAndAudit (0.83s)
    --- PASS: TestSecurityAccountEmailConfirmationAndAudit/first_email (0.24s)
    --- PASS: TestSecurityAccountEmailConfirmationAndAudit/replace_without_mfa (0.35s)
    --- PASS: TestSecurityAccountEmailConfirmationAndAudit/replace_with_mfa (0.24s)
=== RUN   TestSecurityAccountEmailResendAndAttemptLimit
    security_account_test.go:656: database: sqlite 3.50.4
--- PASS: TestSecurityAccountEmailResendAndAttemptLimit (0.24s)
=== RUN   TestSecurityAccountEmailConcurrentClaimsHaveOneOwner
    security_account_test.go:691: database: sqlite 3.50.4
--- PASS: TestSecurityAccountEmailConcurrentClaimsHaveOneOwner (0.30s)
=== RUN   TestSecurityAccountEmailRejectsChangedAuthorization
=== RUN   TestSecurityAccountEmailRejectsChangedAuthorization/other_session
    security_account_test.go:721: database: sqlite 3.50.4
=== RUN   TestSecurityAccountEmailRejectsChangedAuthorization/expired
    security_account_test.go:721: database: sqlite 3.50.4
=== RUN   TestSecurityAccountEmailRejectsChangedAuthorization/email_changed
    security_account_test.go:721: database: sqlite 3.50.4
=== RUN   TestSecurityAccountEmailRejectsChangedAuthorization/mfa_enabled
    security_account_test.go:721: database: sqlite 3.50.4
=== RUN   TestSecurityAccountEmailRejectsChangedAuthorization/notification_failure
    security_account_test.go:721: database: sqlite 3.50.4
--- PASS: TestSecurityAccountEmailRejectsChangedAuthorization (0.85s)
    --- PASS: TestSecurityAccountEmailRejectsChangedAuthorization/other_session (0.16s)
    --- PASS: TestSecurityAccountEmailRejectsChangedAuthorization/expired (0.16s)
    --- PASS: TestSecurityAccountEmailRejectsChangedAuthorization/email_changed (0.16s)
    --- PASS: TestSecurityAccountEmailRejectsChangedAuthorization/mfa_enabled (0.16s)
    --- PASS: TestSecurityAccountEmailRejectsChangedAuthorization/notification_failure (0.20s)
=== RUN   TestSecurityAccountOAuthBindingRejectsInvalidFlow
=== RUN   TestSecurityAccountOAuthBindingRejectsInvalidFlow/success_and_replay
    security_account_test.go:758: database: sqlite 3.50.4
=== RUN   TestSecurityAccountOAuthBindingRejectsInvalidFlow/other_session
    security_account_test.go:758: database: sqlite 3.50.4
=== RUN   TestSecurityAccountOAuthBindingRejectsInvalidFlow/wrong_provider
    security_account_test.go:758: database: sqlite 3.50.4
=== RUN   TestSecurityAccountOAuthBindingRejectsInvalidFlow/expired
    security_account_test.go:758: database: sqlite 3.50.4
=== RUN   TestSecurityAccountOAuthBindingRejectsInvalidFlow/old_flow
    security_account_test.go:758: database: sqlite 3.50.4
=== RUN   TestSecurityAccountOAuthBindingRejectsInvalidFlow/mfa_enabled
    security_account_test.go:758: database: sqlite 3.50.4
--- PASS: TestSecurityAccountOAuthBindingRejectsInvalidFlow (0.73s)
    --- PASS: TestSecurityAccountOAuthBindingRejectsInvalidFlow/success_and_replay (0.13s)
    --- PASS: TestSecurityAccountOAuthBindingRejectsInvalidFlow/other_session (0.12s)
    --- PASS: TestSecurityAccountOAuthBindingRejectsInvalidFlow/wrong_provider (0.12s)
    --- PASS: TestSecurityAccountOAuthBindingRejectsInvalidFlow/expired (0.12s)
    --- PASS: TestSecurityAccountOAuthBindingRejectsInvalidFlow/old_flow (0.12s)
    --- PASS: TestSecurityAccountOAuthBindingRejectsInvalidFlow/mfa_enabled (0.12s)
=== RUN   TestSecurityAccountFirstPasswordRace
    security_account_test.go:804: database: sqlite 3.50.4
    security_account_test.go:813: database: sqlite 3.50.4
--- PASS: TestSecurityAccountFirstPasswordRace (0.28s)
=== RUN   TestSecurityAccountUnbindPreservesUsableLoginMethod
=== RUN   TestSecurityAccountUnbindPreservesUsableLoginMethod/password
    security_account_test.go:833: database: sqlite 3.50.4
=== RUN   TestSecurityAccountUnbindPreservesUsableLoginMethod/passkey
    security_account_test.go:833: database: sqlite 3.50.4
=== RUN   TestSecurityAccountUnbindPreservesUsableLoginMethod/email_only
    security_account_test.go:833: database: sqlite 3.50.4
=== RUN   TestSecurityAccountUnbindPreservesUsableLoginMethod/twofa_only
    security_account_test.go:833: database: sqlite 3.50.4
=== RUN   TestSecurityAccountUnbindPreservesUsableLoginMethod/disabled_password
    security_account_test.go:833: database: sqlite 3.50.4
=== RUN   TestSecurityAccountUnbindPreservesUsableLoginMethod/disabled_passkey
    security_account_test.go:833: database: sqlite 3.50.4
--- PASS: TestSecurityAccountUnbindPreservesUsableLoginMethod (0.70s)
    --- PASS: TestSecurityAccountUnbindPreservesUsableLoginMethod/password (0.12s)
    --- PASS: TestSecurityAccountUnbindPreservesUsableLoginMethod/passkey (0.12s)
    --- PASS: TestSecurityAccountUnbindPreservesUsableLoginMethod/email_only (0.11s)
    --- PASS: TestSecurityAccountUnbindPreservesUsableLoginMethod/twofa_only (0.12s)
    --- PASS: TestSecurityAccountUnbindPreservesUsableLoginMethod/disabled_password (0.11s)
    --- PASS: TestSecurityAccountUnbindPreservesUsableLoginMethod/disabled_passkey (0.12s)
=== RUN   TestSecurityEnrollmentAccessTokenRequiresProofBeforeMutation
    security_enrollment_test.go:133: database: sqlite 3.50.4
=== RUN   TestSecurityEnrollmentAccessTokenRequiresProofBeforeMutation/GET
=== RUN   TestSecurityEnrollmentAccessTokenRequiresProofBeforeMutation/POST
=== RUN   TestSecurityEnrollmentAccessTokenRequiresProofBeforeMutation/DELETE
--- PASS: TestSecurityEnrollmentAccessTokenRequiresProofBeforeMutation (0.12s)
    --- PASS: TestSecurityEnrollmentAccessTokenRequiresProofBeforeMutation/GET (0.00s)
    --- PASS: TestSecurityEnrollmentAccessTokenRequiresProofBeforeMutation/POST (0.00s)
    --- PASS: TestSecurityEnrollmentAccessTokenRequiresProofBeforeMutation/DELETE (0.00s)
=== RUN   TestSecurityEnrollmentAccessTokenMethodPolicy
=== RUN   TestSecurityEnrollmentAccessTokenMethodPolicy/password
    security_enrollment_test.go:175: database: sqlite 3.50.4
=== RUN   TestSecurityEnrollmentAccessTokenMethodPolicy/existing_passkey
    security_enrollment_test.go:175: database: sqlite 3.50.4
=== RUN   TestSecurityEnrollmentAccessTokenMethodPolicy/existing_twofa
    security_enrollment_test.go:175: database: sqlite 3.50.4
=== RUN   TestSecurityEnrollmentAccessTokenMethodPolicy/locked_twofa_blocks_fallback
    security_enrollment_test.go:175: database: sqlite 3.50.4
=== RUN   TestSecurityEnrollmentAccessTokenMethodPolicy/disabled_passkey_blocks_fallback
    security_enrollment_test.go:175: database: sqlite 3.50.4
=== RUN   TestSecurityEnrollmentAccessTokenMethodPolicy/disabled_passkey_does_not_block_password
    security_enrollment_test.go:175: database: sqlite 3.50.4
=== RUN   TestSecurityEnrollmentAccessTokenMethodPolicy/linked_oauth
    security_enrollment_test.go:175: database: sqlite 3.50.4
=== RUN   TestSecurityEnrollmentAccessTokenMethodPolicy/wechat_session_cannot_manage_tokens
    security_enrollment_test.go:175: database: sqlite 3.50.4
--- PASS: TestSecurityEnrollmentAccessTokenMethodPolicy (0.93s)
    --- PASS: TestSecurityEnrollmentAccessTokenMethodPolicy/password (0.11s)
    --- PASS: TestSecurityEnrollmentAccessTokenMethodPolicy/existing_passkey (0.11s)
    --- PASS: TestSecurityEnrollmentAccessTokenMethodPolicy/existing_twofa (0.12s)
    --- PASS: TestSecurityEnrollmentAccessTokenMethodPolicy/locked_twofa_blocks_fallback (0.12s)
    --- PASS: TestSecurityEnrollmentAccessTokenMethodPolicy/disabled_passkey_blocks_fallback (0.11s)
    --- PASS: TestSecurityEnrollmentAccessTokenMethodPolicy/disabled_passkey_does_not_block_password (0.12s)
    --- PASS: TestSecurityEnrollmentAccessTokenMethodPolicy/linked_oauth (0.12s)
    --- PASS: TestSecurityEnrollmentAccessTokenMethodPolicy/wechat_session_cannot_manage_tokens (0.12s)
=== RUN   TestSecurityEnrollmentAccessTokenLifecycleConsumesProofs
    security_enrollment_test.go:234: database: sqlite 3.50.4
--- PASS: TestSecurityEnrollmentAccessTokenLifecycleConsumesProofs (0.20s)
=== RUN   TestSecurityEnrollmentAccessTokenRejectsInvalidProofs
    security_enrollment_test.go:292: database: sqlite 3.50.4
=== RUN   TestSecurityEnrollmentAccessTokenRejectsInvalidProofs/GET/session
=== RUN   TestSecurityEnrollmentAccessTokenRejectsInvalidProofs/GET/user
=== RUN   TestSecurityEnrollmentAccessTokenRejectsInvalidProofs/GET/expired
=== RUN   TestSecurityEnrollmentAccessTokenRejectsInvalidProofs/POST/session
=== RUN   TestSecurityEnrollmentAccessTokenRejectsInvalidProofs/POST/user
=== RUN   TestSecurityEnrollmentAccessTokenRejectsInvalidProofs/POST/expired
=== RUN   TestSecurityEnrollmentAccessTokenRejectsInvalidProofs/DELETE/session
=== RUN   TestSecurityEnrollmentAccessTokenRejectsInvalidProofs/DELETE/user
=== RUN   TestSecurityEnrollmentAccessTokenRejectsInvalidProofs/DELETE/expired
--- PASS: TestSecurityEnrollmentAccessTokenRejectsInvalidProofs (0.13s)
    --- PASS: TestSecurityEnrollmentAccessTokenRejectsInvalidProofs/GET/session (0.00s)
    --- PASS: TestSecurityEnrollmentAccessTokenRejectsInvalidProofs/GET/user (0.00s)
    --- PASS: TestSecurityEnrollmentAccessTokenRejectsInvalidProofs/GET/expired (0.00s)
    --- PASS: TestSecurityEnrollmentAccessTokenRejectsInvalidProofs/POST/session (0.00s)
    --- PASS: TestSecurityEnrollmentAccessTokenRejectsInvalidProofs/POST/user (0.00s)
    --- PASS: TestSecurityEnrollmentAccessTokenRejectsInvalidProofs/POST/expired (0.00s)
    --- PASS: TestSecurityEnrollmentAccessTokenRejectsInvalidProofs/DELETE/session (0.00s)
    --- PASS: TestSecurityEnrollmentAccessTokenRejectsInvalidProofs/DELETE/user (0.00s)
    --- PASS: TestSecurityEnrollmentAccessTokenRejectsInvalidProofs/DELETE/expired (0.00s)
=== RUN   TestSecurityEnrollmentAccessTokenFailureDoesNotRestoreProof
    security_enrollment_test.go:329: database: sqlite 3.50.4
[ERR] 2026/09/11 - 21:15:39 | SYSTEM | auth session internal error (POST /api/user/token): private database failure 
[ERR] 2026/09/11 - 21:15:39 | SYSTEM | auth session internal error (DELETE /api/user/token): private database failure 
--- PASS: TestSecurityEnrollmentAccessTokenFailureDoesNotRestoreProof (0.12s)
=== RUN   TestSecurityEnrollmentRejectsMissingProofBeforeCreatingCredentials
    security_enrollment_test.go:418: database: sqlite 3.50.4
=== RUN   TestSecurityEnrollmentRejectsMissingProofBeforeCreatingCredentials//api/user/2fa/setup
=== RUN   TestSecurityEnrollmentRejectsMissingProofBeforeCreatingCredentials//api/user/passkey/register/begin
--- PASS: TestSecurityEnrollmentRejectsMissingProofBeforeCreatingCredentials (0.12s)
    --- PASS: TestSecurityEnrollmentRejectsMissingProofBeforeCreatingCredentials//api/user/2fa/setup (0.00s)
    --- PASS: TestSecurityEnrollmentRejectsMissingProofBeforeCreatingCredentials//api/user/passkey/register/begin (0.00s)
=== RUN   TestSecurityEnrollmentMethodPolicy
=== RUN   TestSecurityEnrollmentMethodPolicy/first_factor_uses_password
    security_enrollment_test.go:461: database: sqlite 3.50.4
=== RUN   TestSecurityEnrollmentMethodPolicy/existing_passkey_takes_precedence
    security_enrollment_test.go:461: database: sqlite 3.50.4
=== RUN   TestSecurityEnrollmentMethodPolicy/twofa_and_passkey_are_alternatives
    security_enrollment_test.go:461: database: sqlite 3.50.4
=== RUN   TestSecurityEnrollmentMethodPolicy/locked_twofa_permits_passkey
    security_enrollment_test.go:461: database: sqlite 3.50.4
=== RUN   TestSecurityEnrollmentMethodPolicy/disabled_passkey_does_not_fall_back
    security_enrollment_test.go:461: database: sqlite 3.50.4
=== RUN   TestSecurityEnrollmentMethodPolicy/disabled_registration_does_not_request_a_password
    security_enrollment_test.go:461: database: sqlite 3.50.4
=== RUN   TestSecurityEnrollmentMethodPolicy/passwordless_account_without_providers_is_unavailable
    security_enrollment_test.go:461: database: sqlite 3.50.4
--- PASS: TestSecurityEnrollmentMethodPolicy (0.80s)
    --- PASS: TestSecurityEnrollmentMethodPolicy/first_factor_uses_password (0.11s)
    --- PASS: TestSecurityEnrollmentMethodPolicy/existing_passkey_takes_precedence (0.12s)
    --- PASS: TestSecurityEnrollmentMethodPolicy/twofa_and_passkey_are_alternatives (0.12s)
    --- PASS: TestSecurityEnrollmentMethodPolicy/locked_twofa_permits_passkey (0.12s)
    --- PASS: TestSecurityEnrollmentMethodPolicy/disabled_passkey_does_not_fall_back (0.11s)
    --- PASS: TestSecurityEnrollmentMethodPolicy/disabled_registration_does_not_request_a_password (0.11s)
    --- PASS: TestSecurityEnrollmentMethodPolicy/passwordless_account_without_providers_is_unavailable (0.11s)
=== RUN   TestSecurityEnrollmentPasswordProofIsBoundToSessionAndAction
    security_enrollment_test.go:499: database: sqlite 3.50.4
--- PASS: TestSecurityEnrollmentPasswordProofIsBoundToSessionAndAction (0.23s)
=== RUN   TestSecurityEnrollmentProofStartsOnlyOneSetup
    security_enrollment_test.go:528: database: sqlite 3.50.4
--- PASS: TestSecurityEnrollmentProofStartsOnlyOneSetup (0.27s)
=== RUN   TestSecurityEnrollmentOperationContext
=== RUN   TestSecurityEnrollmentOperationContext/channel
=== RUN   TestSecurityEnrollmentOperationContext/missing_channel
=== RUN   TestSecurityEnrollmentOperationContext/null_channel
=== RUN   TestSecurityEnrollmentOperationContext/string_channel
=== RUN   TestSecurityEnrollmentOperationContext/fractional_channel
=== RUN   TestSecurityEnrollmentOperationContext/zero_channel
=== RUN   TestSecurityEnrollmentOperationContext/negative_channel
=== RUN   TestSecurityEnrollmentOperationContext/overflow_channel
=== RUN   TestSecurityEnrollmentOperationContext/extra_field
=== RUN   TestSecurityEnrollmentOperationContext/null_context
=== RUN   TestSecurityEnrollmentOperationContext/array_context
=== RUN   TestSecurityEnrollmentOperationContext/empty_enrollment
=== RUN   TestSecurityEnrollmentOperationContext/implicit_enrollment
=== RUN   TestSecurityEnrollmentOperationContext/generate_access_token
=== RUN   TestSecurityEnrollmentOperationContext/revoke_access_token
=== RUN   TestSecurityEnrollmentOperationContext/access_token_target_injection
=== RUN   TestSecurityEnrollmentOperationContext/enrollment_target_injection
=== RUN   TestSecurityEnrollmentOperationContext/unknown_scope
--- PASS: TestSecurityEnrollmentOperationContext (0.00s)
    --- PASS: TestSecurityEnrollmentOperationContext/channel (0.00s)
    --- PASS: TestSecurityEnrollmentOperationContext/missing_channel (0.00s)
    --- PASS: TestSecurityEnrollmentOperationContext/null_channel (0.00s)
    --- PASS: TestSecurityEnrollmentOperationContext/string_channel (0.00s)
    --- PASS: TestSecurityEnrollmentOperationContext/fractional_channel (0.00s)
    --- PASS: TestSecurityEnrollmentOperationContext/zero_channel (0.00s)
    --- PASS: TestSecurityEnrollmentOperationContext/negative_channel (0.00s)
    --- PASS: TestSecurityEnrollmentOperationContext/overflow_channel (0.00s)
    --- PASS: TestSecurityEnrollmentOperationContext/extra_field (0.00s)
    --- PASS: TestSecurityEnrollmentOperationContext/null_context (0.00s)
    --- PASS: TestSecurityEnrollmentOperationContext/array_context (0.00s)
    --- PASS: TestSecurityEnrollmentOperationContext/empty_enrollment (0.00s)
    --- PASS: TestSecurityEnrollmentOperationContext/implicit_enrollment (0.00s)
    --- PASS: TestSecurityEnrollmentOperationContext/generate_access_token (0.00s)
    --- PASS: TestSecurityEnrollmentOperationContext/revoke_access_token (0.00s)
    --- PASS: TestSecurityEnrollmentOperationContext/access_token_target_injection (0.00s)
    --- PASS: TestSecurityEnrollmentOperationContext/enrollment_target_injection (0.00s)
    --- PASS: TestSecurityEnrollmentOperationContext/unknown_scope (0.00s)
=== RUN   TestSecurityEnrollmentChannelProofRejectsMismatchesBeforeConsumption
    security_enrollment_test.go:581: database: sqlite 3.50.4
=== RUN   TestSecurityEnrollmentChannelProofRejectsMismatchesBeforeConsumption/channel
=== RUN   TestSecurityEnrollmentChannelProofRejectsMismatchesBeforeConsumption/scope
=== RUN   TestSecurityEnrollmentChannelProofRejectsMismatchesBeforeConsumption/user
=== RUN   TestSecurityEnrollmentChannelProofRejectsMismatchesBeforeConsumption/session
=== RUN   TestSecurityEnrollmentChannelProofRejectsMismatchesBeforeConsumption/session_version
=== RUN   TestSecurityEnrollmentChannelProofRejectsMismatchesBeforeConsumption/user_version
--- PASS: TestSecurityEnrollmentChannelProofRejectsMismatchesBeforeConsumption (0.12s)
    --- PASS: TestSecurityEnrollmentChannelProofRejectsMismatchesBeforeConsumption/channel (0.00s)
    --- PASS: TestSecurityEnrollmentChannelProofRejectsMismatchesBeforeConsumption/scope (0.00s)
    --- PASS: TestSecurityEnrollmentChannelProofRejectsMismatchesBeforeConsumption/user (0.00s)
    --- PASS: TestSecurityEnrollmentChannelProofRejectsMismatchesBeforeConsumption/session (0.00s)
    --- PASS: TestSecurityEnrollmentChannelProofRejectsMismatchesBeforeConsumption/session_version (0.00s)
    --- PASS: TestSecurityEnrollmentChannelProofRejectsMismatchesBeforeConsumption/user_version (0.00s)
=== RUN   TestSecurityEnrollmentProofConcurrentConsumption
    security_enrollment_test.go:621: database: sqlite 3.50.4
--- PASS: TestSecurityEnrollmentProofConcurrentConsumption (0.12s)
=== RUN   TestSecurityEnrollmentProofRequiresLiveRecordAndExactDeadline
    security_enrollment_test.go:646: database: sqlite 3.50.4
--- PASS: TestSecurityEnrollmentProofRequiresLiveRecordAndExactDeadline (0.12s)
=== RUN   TestSecurityEnrollmentProofIsBurnedAfterBusinessFailure
    security_enrollment_test.go:670: database: sqlite 3.50.4
[ERR] 2026/09/11 - 21:15:41 | SYSTEM | auth session internal error (POST /api/user/passkey/register/begin): injected creation failure 
--- PASS: TestSecurityEnrollmentProofIsBurnedAfterBusinessFailure (0.12s)
=== RUN   TestSecurityEnrollmentProofStorageErrorsFailClosed
=== RUN   TestSecurityEnrollmentProofStorageErrorsFailClosed/issuance
    security_enrollment_test.go:688: database: sqlite 3.50.4
[ERR] 2026/09/11 - 21:15:41 | SYSTEM | auth session internal error (POST /api/verify): private proof database failure 
=== RUN   TestSecurityEnrollmentProofStorageErrorsFailClosed/consumption
    security_enrollment_test.go:688: database: sqlite 3.50.4
--- PASS: TestSecurityEnrollmentProofStorageErrorsFailClosed (0.27s)
    --- PASS: TestSecurityEnrollmentProofStorageErrorsFailClosed/issuance (0.15s)
    --- PASS: TestSecurityEnrollmentProofStorageErrorsFailClosed/consumption (0.12s)
=== RUN   TestSecurityEnrollmentVerificationTransportsRejectInvalidContext
    security_enrollment_test.go:730: database: sqlite 3.50.4
=== RUN   TestSecurityEnrollmentVerificationTransportsRejectInvalidContext//api/verify
=== RUN   TestSecurityEnrollmentVerificationTransportsRejectInvalidContext//api/user/passkey/verify/begin
=== RUN   TestSecurityEnrollmentVerificationTransportsRejectInvalidContext//api/oauth/state
--- PASS: TestSecurityEnrollmentVerificationTransportsRejectInvalidContext (0.11s)
    --- PASS: TestSecurityEnrollmentVerificationTransportsRejectInvalidContext//api/verify (0.00s)
    --- PASS: TestSecurityEnrollmentVerificationTransportsRejectInvalidContext//api/user/passkey/verify/begin (0.00s)
    --- PASS: TestSecurityEnrollmentVerificationTransportsRejectInvalidContext//api/oauth/state (0.00s)
=== RUN   TestSecurityEnrollmentPendingPasskeyRejectsChangedAuthorization
=== RUN   TestSecurityEnrollmentPendingPasskeyRejectsChangedAuthorization/expired
    security_enrollment_test.go:755: database: sqlite 3.50.4
=== RUN   TestSecurityEnrollmentPendingPasskeyRejectsChangedAuthorization/revoked
    security_enrollment_test.go:755: database: sqlite 3.50.4
=== RUN   TestSecurityEnrollmentPendingPasskeyRejectsChangedAuthorization/session_version
    security_enrollment_test.go:755: database: sqlite 3.50.4
=== RUN   TestSecurityEnrollmentPendingPasskeyRejectsChangedAuthorization/user_version
    security_enrollment_test.go:755: database: sqlite 3.50.4
=== RUN   TestSecurityEnrollmentPendingPasskeyRejectsChangedAuthorization/method
    security_enrollment_test.go:755: database: sqlite 3.50.4
=== RUN   TestSecurityEnrollmentPendingPasskeyRejectsChangedAuthorization/other_session
    security_enrollment_test.go:755: database: sqlite 3.50.4
--- PASS: TestSecurityEnrollmentPendingPasskeyRejectsChangedAuthorization (0.72s)
    --- PASS: TestSecurityEnrollmentPendingPasskeyRejectsChangedAuthorization/expired (0.12s)
    --- PASS: TestSecurityEnrollmentPendingPasskeyRejectsChangedAuthorization/revoked (0.12s)
    --- PASS: TestSecurityEnrollmentPendingPasskeyRejectsChangedAuthorization/session_version (0.12s)
    --- PASS: TestSecurityEnrollmentPendingPasskeyRejectsChangedAuthorization/user_version (0.12s)
    --- PASS: TestSecurityEnrollmentPendingPasskeyRejectsChangedAuthorization/method (0.12s)
    --- PASS: TestSecurityEnrollmentPendingPasskeyRejectsChangedAuthorization/other_session (0.12s)
=== RUN   TestSecurityEnrollmentPasskeyProofProtectsChannelKeyRead
    security_enrollment_test.go:804: database: sqlite 3.50.4
=== RUN   TestSecurityEnrollmentPasskeyProofProtectsChannelKeyRead/login_token_only
=== RUN   TestSecurityEnrollmentPasskeyProofProtectsChannelKeyRead/access_token_as_proof
=== RUN   TestSecurityEnrollmentPasskeyProofProtectsChannelKeyRead/other_channel
=== RUN   TestSecurityEnrollmentPasskeyProofProtectsChannelKeyRead/authorized_channel
=== RUN   TestSecurityEnrollmentPasskeyProofProtectsChannelKeyRead/replay
--- PASS: TestSecurityEnrollmentPasskeyProofProtectsChannelKeyRead (0.16s)
    --- PASS: TestSecurityEnrollmentPasskeyProofProtectsChannelKeyRead/login_token_only (0.00s)
    --- PASS: TestSecurityEnrollmentPasskeyProofProtectsChannelKeyRead/access_token_as_proof (0.00s)
    --- PASS: TestSecurityEnrollmentPasskeyProofProtectsChannelKeyRead/other_channel (0.00s)
    --- PASS: TestSecurityEnrollmentPasskeyProofProtectsChannelKeyRead/authorized_channel (0.00s)
    --- PASS: TestSecurityEnrollmentPasskeyProofProtectsChannelKeyRead/replay (0.00s)
=== RUN   TestSecurityEnrollmentPasskeyDeletionIsBoundToOneDevice
    security_enrollment_test.go:929: database: sqlite 3.50.4
=== RUN   TestSecurityEnrollmentPasskeyDeletionIsBoundToOneDevice/different_device
=== RUN   TestSecurityEnrollmentPasskeyDeletionIsBoundToOneDevice/legacy_delete_all
=== RUN   TestSecurityEnrollmentPasskeyDeletionIsBoundToOneDevice/approved_device
--- PASS: TestSecurityEnrollmentPasskeyDeletionIsBoundToOneDevice (0.12s)
    --- PASS: TestSecurityEnrollmentPasskeyDeletionIsBoundToOneDevice/different_device (0.00s)
    --- PASS: TestSecurityEnrollmentPasskeyDeletionIsBoundToOneDevice/legacy_delete_all (0.00s)
    --- PASS: TestSecurityEnrollmentPasskeyDeletionIsBoundToOneDevice/approved_device (0.01s)
=== RUN   TestSecurityEnrollmentVerifyRequiresDedicatedFlowForInteractiveMethods
=== RUN   TestSecurityEnrollmentVerifyRequiresDedicatedFlowForInteractiveMethods/passkey
    security_enrollment_test.go:991: database: sqlite 3.50.4
=== RUN   TestSecurityEnrollmentVerifyRequiresDedicatedFlowForInteractiveMethods/oauth
    security_enrollment_test.go:991: database: sqlite 3.50.4
--- PASS: TestSecurityEnrollmentVerifyRequiresDedicatedFlowForInteractiveMethods (0.23s)
    --- PASS: TestSecurityEnrollmentVerifyRequiresDedicatedFlowForInteractiveMethods/passkey (0.12s)
    --- PASS: TestSecurityEnrollmentVerifyRequiresDedicatedFlowForInteractiveMethods/oauth (0.11s)
=== RUN   TestSecurityEnrollmentTwoFAFlowAndSessionRotation
    security_enrollment_test.go:1016: database: sqlite 3.50.4
--- PASS: TestSecurityEnrollmentTwoFAFlowAndSessionRotation (0.44s)
=== RUN   TestSecurityEnrollmentSetupAndEnableRollback
    security_enrollment_test.go:1077: database: sqlite 3.50.4
--- PASS: TestSecurityEnrollmentSetupAndEnableRollback (0.41s)
=== RUN   TestSecurityEnrollmentOAuthVerificationNeverChangesLoginOrBindings
=== RUN   TestSecurityEnrollmentOAuthVerificationNeverChangesLoginOrBindings/success
    security_enrollment_test.go:1128: database: sqlite 3.50.4
=== RUN   TestSecurityEnrollmentOAuthVerificationNeverChangesLoginOrBindings/different_account
    security_enrollment_test.go:1128: database: sqlite 3.50.4
=== RUN   TestSecurityEnrollmentOAuthVerificationNeverChangesLoginOrBindings/binding_changed
    security_enrollment_test.go:1128: database: sqlite 3.50.4
=== RUN   TestSecurityEnrollmentOAuthVerificationNeverChangesLoginOrBindings/session_changed
    security_enrollment_test.go:1128: database: sqlite 3.50.4
=== RUN   TestSecurityEnrollmentOAuthVerificationNeverChangesLoginOrBindings/auth_version_changed
    security_enrollment_test.go:1128: database: sqlite 3.50.4
=== RUN   TestSecurityEnrollmentOAuthVerificationNeverChangesLoginOrBindings/provider_disabled
    security_enrollment_test.go:1128: database: sqlite 3.50.4
=== RUN   TestSecurityEnrollmentOAuthVerificationNeverChangesLoginOrBindings/cancelled
    security_enrollment_test.go:1128: database: sqlite 3.50.4
--- PASS: TestSecurityEnrollmentOAuthVerificationNeverChangesLoginOrBindings (0.82s)
    --- PASS: TestSecurityEnrollmentOAuthVerificationNeverChangesLoginOrBindings/success (0.12s)
    --- PASS: TestSecurityEnrollmentOAuthVerificationNeverChangesLoginOrBindings/different_account (0.12s)
    --- PASS: TestSecurityEnrollmentOAuthVerificationNeverChangesLoginOrBindings/binding_changed (0.12s)
    --- PASS: TestSecurityEnrollmentOAuthVerificationNeverChangesLoginOrBindings/session_changed (0.12s)
    --- PASS: TestSecurityEnrollmentOAuthVerificationNeverChangesLoginOrBindings/auth_version_changed (0.12s)
    --- PASS: TestSecurityEnrollmentOAuthVerificationNeverChangesLoginOrBindings/provider_disabled (0.12s)
    --- PASS: TestSecurityEnrollmentOAuthVerificationNeverChangesLoginOrBindings/cancelled (0.12s)
=== RUN   TestSecurityEnrollmentEncryptedPasswordVerification
    security_enrollment_test.go:1194: database: sqlite 3.50.4
--- PASS: TestSecurityEnrollmentEncryptedPasswordVerification (0.16s)
=== RUN   TestSecurityEnrollmentTwoFAFailureAccountingAndStorageErrors
    security_enrollment_test.go:1222: database: sqlite 3.50.4
--- PASS: TestSecurityEnrollmentTwoFAFailureAccountingAndStorageErrors (0.19s)
=== RUN   TestSecurityEnrollmentDatabaseErrorsAreNotReturned
=== RUN   TestSecurityEnrollmentDatabaseErrorsAreNotReturned/methods
    security_enrollment_test.go:1298: database: sqlite 3.50.4
[ERR] 2026/09/11 - 21:15:45 | SYSTEM | auth session internal error (GET /api/verify/methods): database connection failed: private-db-host private_table SELECT secret_column 
=== RUN   TestSecurityEnrollmentDatabaseErrorsAreNotReturned/password
    security_enrollment_test.go:1298: database: sqlite 3.50.4
[ERR] 2026/09/11 - 21:15:45 | SYSTEM | auth session internal error (POST /api/verify): database connection failed: private-db-host private_table SELECT secret_column 
=== RUN   TestSecurityEnrollmentDatabaseErrorsAreNotReturned/passkey
    security_enrollment_test.go:1298: database: sqlite 3.50.4
[ERR] 2026/09/11 - 21:15:45 | SYSTEM | auth session internal error (POST /api/user/passkey/register/begin): database connection failed: private-db-host private_table SELECT secret_column 
=== RUN   TestSecurityEnrollmentDatabaseErrorsAreNotReturned/2fa_status
    security_enrollment_test.go:1298: database: sqlite 3.50.4
[ERR] 2026/09/11 - 21:15:45 | SYSTEM | auth session internal error (GET /api/user/2fa/status): database connection failed: private-db-host private_table SELECT secret_column 
=== RUN   TestSecurityEnrollmentDatabaseErrorsAreNotReturned/2fa_setup
    security_enrollment_test.go:1298: database: sqlite 3.50.4
[ERR] 2026/09/11 - 21:15:45 | SYSTEM | auth session internal error (POST /api/user/2fa/setup): database connection failed: private-db-host private_table SELECT secret_column 
=== RUN   TestSecurityEnrollmentDatabaseErrorsAreNotReturned/2fa_flow
    security_enrollment_test.go:1298: database: sqlite 3.50.4
[ERR] 2026/09/11 - 21:15:45 | SYSTEM | auth session internal error (POST /api/user/2fa/setup): database connection failed: private-db-host private_table SELECT secret_column 
=== RUN   TestSecurityEnrollmentDatabaseErrorsAreNotReturned/oauth_state
    security_enrollment_test.go:1298: database: sqlite 3.50.4
[ERR] 2026/09/11 - 21:15:46 | SYSTEM | auth session internal error (POST /api/oauth/state): database connection failed: private-db-host private_table SELECT secret_column 
=== RUN   TestSecurityEnrollmentDatabaseErrorsAreNotReturned/channel_key
    security_enrollment_test.go:1298: database: sqlite 3.50.4
[ERR] 2026/09/11 - 21:15:46 | SYSTEM | auth session internal error (POST /api/channel/1/key): database connection failed: private-db-host private_table SELECT secret_column 
--- PASS: TestSecurityEnrollmentDatabaseErrorsAreNotReturned (1.11s)
    --- PASS: TestSecurityEnrollmentDatabaseErrorsAreNotReturned/methods (0.12s)
    --- PASS: TestSecurityEnrollmentDatabaseErrorsAreNotReturned/password (0.12s)
    --- PASS: TestSecurityEnrollmentDatabaseErrorsAreNotReturned/passkey (0.12s)
    --- PASS: TestSecurityEnrollmentDatabaseErrorsAreNotReturned/2fa_status (0.12s)
    --- PASS: TestSecurityEnrollmentDatabaseErrorsAreNotReturned/2fa_setup (0.13s)
    --- PASS: TestSecurityEnrollmentDatabaseErrorsAreNotReturned/2fa_flow (0.27s)
    --- PASS: TestSecurityEnrollmentDatabaseErrorsAreNotReturned/oauth_state (0.12s)
    --- PASS: TestSecurityEnrollmentDatabaseErrorsAreNotReturned/channel_key (0.12s)
=== RUN   TestSecurityEnrollmentPublicErrorsDiscardWrappedDetails
=== RUN   TestSecurityEnrollmentPublicErrorsDiscardWrappedDetails/SECURITY_VERIFICATION_FAILED
=== RUN   TestSecurityEnrollmentPublicErrorsDiscardWrappedDetails/SECURITY_VERIFICATION_LOCKED
=== RUN   TestSecurityEnrollmentPublicErrorsDiscardWrappedDetails/OAUTH_ACCOUNT_MISMATCH
=== RUN   TestSecurityEnrollmentPublicErrorsDiscardWrappedDetails/TWOFA_SETUP_INVALID
--- PASS: TestSecurityEnrollmentPublicErrorsDiscardWrappedDetails (0.00s)
    --- PASS: TestSecurityEnrollmentPublicErrorsDiscardWrappedDetails/SECURITY_VERIFICATION_FAILED (0.00s)
    --- PASS: TestSecurityEnrollmentPublicErrorsDiscardWrappedDetails/SECURITY_VERIFICATION_LOCKED (0.00s)
    --- PASS: TestSecurityEnrollmentPublicErrorsDiscardWrappedDetails/OAUTH_ACCOUNT_MISMATCH (0.00s)
    --- PASS: TestSecurityEnrollmentPublicErrorsDiscardWrappedDetails/TWOFA_SETUP_INVALID (0.00s)
=== RUN   TestSecurityEnrollmentExpiredAndCrossSessionSetupsCannotActivate
    security_enrollment_test.go:1352: database: sqlite 3.50.4
--- PASS: TestSecurityEnrollmentExpiredAndCrossSessionSetupsCannotActivate (0.27s)
=== RUN   TestSecurityEnrollmentOAuthQueriesReachHandlerWithoutLeakingToAccessLogs
--- PASS: TestSecurityEnrollmentOAuthQueriesReachHandlerWithoutLeakingToAccessLogs (0.00s)
=== RUN   TestSecurityEnrollmentCustomOAuthUsesExistingBinding
    security_enrollment_test.go:1395: database: sqlite 3.50.4
--- PASS: TestSecurityEnrollmentCustomOAuthUsesExistingBinding (0.13s)
=== RUN   TestSecurityEnrollmentTelegramAndWeChatFirstFactor
=== RUN   TestSecurityEnrollmentTelegramAndWeChatFirstFactor/telegram/2fa.setup
    security_enrollment_test.go:1509: database: sqlite 3.50.4
=== RUN   TestSecurityEnrollmentTelegramAndWeChatFirstFactor/telegram/passkey.register
    security_enrollment_test.go:1509: database: sqlite 3.50.4
=== RUN   TestSecurityEnrollmentTelegramAndWeChatFirstFactor/wechat/2fa.setup
    security_enrollment_test.go:1520: database: sqlite 3.50.4
=== RUN   TestSecurityEnrollmentTelegramAndWeChatFirstFactor/wechat/passkey.register
    security_enrollment_test.go:1520: database: sqlite 3.50.4
--- PASS: TestSecurityEnrollmentTelegramAndWeChatFirstFactor (0.74s)
    --- PASS: TestSecurityEnrollmentTelegramAndWeChatFirstFactor/telegram/2fa.setup (0.33s)
    --- PASS: TestSecurityEnrollmentTelegramAndWeChatFirstFactor/telegram/passkey.register (0.17s)
    --- PASS: TestSecurityEnrollmentTelegramAndWeChatFirstFactor/wechat/2fa.setup (0.12s)
    --- PASS: TestSecurityEnrollmentTelegramAndWeChatFirstFactor/wechat/passkey.register (0.12s)
=== RUN   TestSecurityEnrollmentNeverTrustsSessionForFirstFactor
=== RUN   TestSecurityEnrollmentNeverTrustsSessionForFirstFactor/wechat_only
    security_enrollment_test.go:1555: database: sqlite 3.50.4
=== RUN   TestSecurityEnrollmentNeverTrustsSessionForFirstFactor/password
    security_enrollment_test.go:1555: database: sqlite 3.50.4
=== RUN   TestSecurityEnrollmentNeverTrustsSessionForFirstFactor/passkey
    security_enrollment_test.go:1555: database: sqlite 3.50.4
=== RUN   TestSecurityEnrollmentNeverTrustsSessionForFirstFactor/locked_2fa
    security_enrollment_test.go:1555: database: sqlite 3.50.4
=== RUN   TestSecurityEnrollmentNeverTrustsSessionForFirstFactor/telegram
    security_enrollment_test.go:1555: database: sqlite 3.50.4
=== RUN   TestSecurityEnrollmentNeverTrustsSessionForFirstFactor/github
    security_enrollment_test.go:1555: database: sqlite 3.50.4
=== RUN   TestSecurityEnrollmentNeverTrustsSessionForFirstFactor/disabled_custom_binding
    security_enrollment_test.go:1555: database: sqlite 3.50.4
=== RUN   TestSecurityEnrollmentNeverTrustsSessionForFirstFactor/no_binding
    security_enrollment_test.go:1555: database: sqlite 3.50.4
=== RUN   TestSecurityEnrollmentNeverTrustsSessionForFirstFactor/binding_storage_failure
    security_enrollment_test.go:1555: database: sqlite 3.50.4
=== RUN   TestSecurityEnrollmentNeverTrustsSessionForFirstFactor/revoked_session
    security_enrollment_test.go:1555: database: sqlite 3.50.4
--- PASS: TestSecurityEnrollmentNeverTrustsSessionForFirstFactor (1.16s)
    --- PASS: TestSecurityEnrollmentNeverTrustsSessionForFirstFactor/wechat_only (0.12s)
    --- PASS: TestSecurityEnrollmentNeverTrustsSessionForFirstFactor/password (0.12s)
    --- PASS: TestSecurityEnrollmentNeverTrustsSessionForFirstFactor/passkey (0.12s)
    --- PASS: TestSecurityEnrollmentNeverTrustsSessionForFirstFactor/locked_2fa (0.11s)
    --- PASS: TestSecurityEnrollmentNeverTrustsSessionForFirstFactor/telegram (0.12s)
    --- PASS: TestSecurityEnrollmentNeverTrustsSessionForFirstFactor/github (0.12s)
    --- PASS: TestSecurityEnrollmentNeverTrustsSessionForFirstFactor/disabled_custom_binding (0.12s)
    --- PASS: TestSecurityEnrollmentNeverTrustsSessionForFirstFactor/no_binding (0.12s)
    --- PASS: TestSecurityEnrollmentNeverTrustsSessionForFirstFactor/binding_storage_failure (0.12s)
    --- PASS: TestSecurityEnrollmentNeverTrustsSessionForFirstFactor/revoked_session (0.12s)
=== RUN   TestSecurityEnrollmentMissingTargetsAreBusinessErrors
    security_enrollment_test.go:1602: database: sqlite 3.50.4
[ERR] 2026/09/11 - 21:15:48 | SYSTEM | auth session internal error (POST /api/channel/999/key): private database failure 
[ERR] 2026/09/11 - 21:15:48 | SYSTEM | auth session internal error (POST /api/user/999/2fa): private database failure 
--- PASS: TestSecurityEnrollmentMissingTargetsAreBusinessErrors (0.12s)
=== RUN   TestSecurityEnrollmentRejectsChangedFirstFactorPolicy
=== RUN   TestSecurityEnrollmentRejectsChangedFirstFactorPolicy/telegram/proof
    security_enrollment_test.go:1652: database: sqlite 3.50.4
=== RUN   TestSecurityEnrollmentRejectsChangedFirstFactorPolicy/telegram/setup
    security_enrollment_test.go:1652: database: sqlite 3.50.4
=== RUN   TestSecurityEnrollmentRejectsChangedFirstFactorPolicy/wechat/proof
    security_enrollment_test.go:1652: database: sqlite 3.50.4
=== RUN   TestSecurityEnrollmentRejectsChangedFirstFactorPolicy/wechat/setup
    security_enrollment_test.go:1652: database: sqlite 3.50.4
--- PASS: TestSecurityEnrollmentRejectsChangedFirstFactorPolicy (0.87s)
    --- PASS: TestSecurityEnrollmentRejectsChangedFirstFactorPolicy/telegram/proof (0.15s)
    --- PASS: TestSecurityEnrollmentRejectsChangedFirstFactorPolicy/telegram/setup (0.42s)
    --- PASS: TestSecurityEnrollmentRejectsChangedFirstFactorPolicy/wechat/proof (0.15s)
    --- PASS: TestSecurityEnrollmentRejectsChangedFirstFactorPolicy/wechat/setup (0.15s)
=== RUN   TestGetTaskDoesNotProjectArtifacts
--- PASS: TestGetTaskDoesNotProjectArtifacts (0.00s)
=== RUN   TestGetTaskArtifactsReturnsEmptyForLegacyTask
--- PASS: TestGetTaskArtifactsReturnsEmptyForLegacyTask (0.00s)
=== RUN   TestTaskArtifactAuthorizationKeepsForeignTasksHidden

2026/09/11 21:15:49 [31;1mD:/10178/Projects/new-api-upstream-sync/model/task.go:428 [35;1mrecord not found
[0m[33m[0.000ms] [34;1m[rows:0][0m SELECT * FROM `tasks` WHERE user_id = 8 and task_id = "task_generic" ORDER BY `tasks`.`id` LIMIT 1

2026/09/11 21:15:49 [31;1mD:/10178/Projects/new-api-upstream-sync/model/task.go:428 [35;1mrecord not found
[0m[33m[0.000ms] [34;1m[rows:0][0m SELECT * FROM `tasks` WHERE user_id = 8 and task_id = "task_generic" ORDER BY `tasks`.`id` LIMIT 1
--- PASS: TestTaskArtifactAuthorizationKeepsForeignTasksHidden (0.00s)
=== RUN   TestDashboardTaskArtifactsReturnsLegacyCapabilityWithoutUpstreamURL
--- PASS: TestDashboardTaskArtifactsReturnsLegacyCapabilityWithoutUpstreamURL (0.00s)
=== RUN   TestTaskArtifactAccessRequiresActiveOwner
--- PASS: TestTaskArtifactAccessRequiresActiveOwner (0.00s)
=== RUN   TestTaskArtifactAccessRejectsAmbiguousHistoricalTaskID
--- PASS: TestTaskArtifactAccessRejectsAmbiguousHistoricalTaskID (0.00s)
=== RUN   TestLegacyVideoArtifactContentUsesGetResultURL
--- PASS: TestLegacyVideoArtifactContentUsesGetResultURL (0.01s)
=== RUN   TestDisabledArtifactStorePreservesPluginUpstreamContent
--- PASS: TestDisabledArtifactStorePreservesPluginUpstreamContent (0.01s)
=== RUN   TestProjectedTaskArtifactValidationRejectsAmbiguousIdentity
--- PASS: TestProjectedTaskArtifactValidationRejectsAmbiguousIdentity (0.00s)
=== RUN   TestProxyTaskMediaForwardsRangeAndFiltersResponseHeaders
--- PASS: TestProxyTaskMediaForwardsRangeAndFiltersResponseHeaders (0.00s)
=== RUN   TestProxyTaskMediaPassesThroughUnsatisfiedRange
--- PASS: TestProxyTaskMediaPassesThroughUnsatisfiedRange (0.00s)
=== RUN   TestTaskMediaResponseHeaderTimeoutDoesNotTruncateBody
--- PASS: TestTaskMediaResponseHeaderTimeoutDoesNotTruncateBody (0.08s)
=== RUN   TestTaskMediaResponseHeaderTimeoutCancelsBeforeHeaders
--- PASS: TestTaskMediaResponseHeaderTimeoutCancelsBeforeHeaders (0.08s)
=== RUN   TestWriteVideoDataURLStreamsAndSupportsHead
--- PASS: TestWriteVideoDataURLStreamsAndSupportsHead (0.00s)
=== RUN   TestWriteVideoDataURLRejectsOversizedPayloadBeforeDecode
--- PASS: TestWriteVideoDataURLRejectsOversizedPayloadBeforeDecode (0.00s)
=== RUN   TestProxyTaskMediaAllowsOnlyCredentiallessCrossOriginRedirect
--- PASS: TestProxyTaskMediaAllowsOnlyCredentiallessCrossOriginRedirect (0.01s)
=== RUN   TestTaskMediaRequestHeaderPolicy
=== RUN   TestTaskMediaRequestHeaderPolicy/Host
=== RUN   TestTaskMediaRequestHeaderPolicy/Content-Length
=== RUN   TestTaskMediaRequestHeaderPolicy/Accept-Encoding
=== RUN   TestTaskMediaRequestHeaderPolicy/Connection
=== RUN   TestTaskMediaRequestHeaderPolicy/Proxy-Authorization
=== RUN   TestTaskMediaRequestHeaderPolicy/Transfer-Encoding
--- PASS: TestTaskMediaRequestHeaderPolicy (0.00s)
    --- PASS: TestTaskMediaRequestHeaderPolicy/Host (0.00s)
    --- PASS: TestTaskMediaRequestHeaderPolicy/Content-Length (0.00s)
    --- PASS: TestTaskMediaRequestHeaderPolicy/Accept-Encoding (0.00s)
    --- PASS: TestTaskMediaRequestHeaderPolicy/Connection (0.00s)
    --- PASS: TestTaskMediaRequestHeaderPolicy/Proxy-Authorization (0.00s)
    --- PASS: TestTaskMediaRequestHeaderPolicy/Transfer-Encoding (0.00s)
=== RUN   TestCredentiallessTaskMediaDescriptorRejectsCredentialsAndBody
--- PASS: TestCredentiallessTaskMediaDescriptorRejectsCredentialsAndBody (0.00s)
=== RUN   TestSelfTaskMediaURLGuard
--- PASS: TestSelfTaskMediaURLGuard (0.00s)
=== RUN   TestTaskLogDTOSeparatesUserAdminAndRootDetails
--- PASS: TestTaskLogDTOSeparatesUserAdminAndRootDetails (0.00s)
=== RUN   TestTaskLogDTODoesNotInventHistoricalPluginProvenance
--- PASS: TestTaskLogDTODoesNotInventHistoricalPluginProvenance (0.00s)
=== RUN   TestTaskLogDTOReplacesLegacyVideoURLWithAvailabilityFlag
--- PASS: TestTaskLogDTOReplacesLegacyVideoURLWithAvailabilityFlag (0.00s)
=== RUN   TestTaskLogDTOKeepsFailureReasonAndDoesNotMarkPluginTaskLegacy
--- PASS: TestTaskLogDTOKeepsFailureReasonAndDoesNotMarkPluginTaskLegacy (0.00s)
=== RUN   TestTaskPluginSubmitDiagnosticsArePluginOnlyAndDoNotLogPayloads
--- PASS: TestTaskPluginSubmitDiagnosticsArePluginOnlyAndDoNotLogPayloads (0.00s)
=== RUN   TestDeleteThirdPartyPluginReportsAssociatedChannelsAndInFlightTasks

2026/09/11 21:15:49 [31;1mD:/10178/Projects/new-api-upstream-sync/model/task_plugin.go:66 [35;1mrecord not found
[0m[33m[0.000ms] [34;1m[rows:0][0m SELECT * FROM `task_plugins` WHERE `task_plugins`.`key` = "lifecycle-only" AND `task_plugins`.`version` = "1" ORDER BY `task_plugins`.`id` LIMIT 1
--- PASS: TestDeleteThirdPartyPluginReportsAssociatedChannelsAndInFlightTasks (0.00s)
=== RUN   TestDisableThirdPartyPluginSupportsCascadeAndForce

2026/09/11 21:15:49 [31;1mD:/10178/Projects/new-api-upstream-sync/model/task_plugin.go:66 [35;1mrecord not found
[0m[33m[0.000ms] [34;1m[rows:0][0m SELECT * FROM `task_plugins` WHERE `task_plugins`.`key` = "lifecycle-only" AND `task_plugins`.`version` = "1" ORDER BY `task_plugins`.`id` LIMIT 1
--- PASS: TestDisableThirdPartyPluginSupportsCascadeAndForce (0.00s)
=== RUN   TestDisableFactoryPluginPersistsOptionAndHidesFromBindOptions

2026/09/11 21:15:49 [31;1mD:/10178/Projects/new-api-upstream-sync/model/task_plugin.go:121 [35;1mrecord not found
[0m[33m[0.000ms] [34;1m[rows:0][0m SELECT * FROM `task_plugins` WHERE `task_plugins`.`key` = "kling" AND `task_plugins`.`active` = true ORDER BY `task_plugins`.`id` LIMIT 1

2026/09/11 21:15:49 [31;1mD:/10178/Projects/new-api-upstream-sync/model/task_plugin.go:121 [35;1mrecord not found
[0m[33m[0.000ms] [34;1m[rows:0][0m SELECT * FROM `task_plugins` WHERE `task_plugins`.`key` = "kling" AND `task_plugins`.`active` = true ORDER BY `task_plugins`.`id` LIMIT 1
--- PASS: TestDisableFactoryPluginPersistsOptionAndHidesFromBindOptions (0.00s)
=== RUN   TestDisableFactoryPluginRespectsInUseGuard
--- PASS: TestDisableFactoryPluginRespectsInUseGuard (0.00s)
=== RUN   TestDisableFactoryOverrideRowSuppressesBothLayers

2026/09/11 21:15:49 [31;1mD:/10178/Projects/new-api-upstream-sync/model/task_plugin.go:66 [35;1mrecord not found
[0m[33m[0.000ms] [34;1m[rows:0][0m SELECT * FROM `task_plugins` WHERE `task_plugins`.`key` = "kling" AND `task_plugins`.`version` = "1.0.2-test-factory-status" ORDER BY `task_plugins`.`id` LIMIT 1

2026/09/11 21:15:49 [31;1mD:/10178/Projects/new-api-upstream-sync/model/task_plugin.go:66 [35;1mrecord not found
[0m[33m[0.000ms] [34;1m[rows:0][0m SELECT * FROM `task_plugins` WHERE `task_plugins`.`key` = "kling-shadow" AND `task_plugins`.`version` = "1.0.0" ORDER BY `task_plugins`.`id` LIMIT 1
--- PASS: TestDisableFactoryOverrideRowSuppressesBothLayers (0.02s)
=== RUN   TestListTaskPluginsIncludesFactoryWithoutDatabaseRows
--- PASS: TestListTaskPluginsIncludesFactoryWithoutDatabaseRows (0.00s)
=== RUN   TestMasterSwitchEmptiesOptionsAndKeepsList
--- PASS: TestMasterSwitchEmptiesOptionsAndKeepsList (0.00s)
=== RUN   TestGetTaskPluginOptionsIncludesUsageSchemaIconAndBaseURL

2026/09/11 21:15:49 [31;1mD:/10178/Projects/new-api-upstream-sync/model/task_plugin.go:121 [35;1mrecord not found
[0m[33m[0.000ms] [34;1m[rows:0][0m SELECT * FROM `task_plugins` WHERE `task_plugins`.`key` = "usage-options-probe" AND `task_plugins`.`active` = true ORDER BY `task_plugins`.`id` LIMIT 1
--- PASS: TestGetTaskPluginOptionsIncludesUsageSchemaIconAndBaseURL (0.00s)
=== RUN   TestDeleteActiveOverrideFallsBackToFactoryAndDeletesRecord

2026/09/11 21:15:49 [31;1mD:/10178/Projects/new-api-upstream-sync/model/task_plugin.go:66 [35;1mrecord not found
[0m[33m[0.000ms] [34;1m[rows:0][0m SELECT * FROM `task_plugins` WHERE `task_plugins`.`key` = "kling" AND `task_plugins`.`version` = "1.0.2-test-override" ORDER BY `task_plugins`.`id` LIMIT 1

2026/09/11 21:15:49 [31;1mD:/10178/Projects/new-api-upstream-sync/model/task_plugin.go:236 [35;1mrecord not found
[0m[33m[0.518ms] [34;1m[rows:0][0m SELECT * FROM `task_plugins` WHERE `task_plugins`.`key` = "kling" ORDER BY created_at DESC, id DESC,`task_plugins`.`id` LIMIT 1
--- PASS: TestDeleteActiveOverrideFallsBackToFactoryAndDeletesRecord (0.00s)
=== RUN   TestDeleteActiveTaskPluginPromotesEnabledVersionInRuntime

2026/09/11 21:15:49 [31;1mD:/10178/Projects/new-api-upstream-sync/model/task_plugin.go:66 [35;1mrecord not found
[0m[33m[0.000ms] [34;1m[rows:0][0m SELECT * FROM `task_plugins` WHERE `task_plugins`.`key` = "delete-promote-probe" AND `task_plugins`.`version` = "1.0.0" ORDER BY `task_plugins`.`id` LIMIT 1

2026/09/11 21:15:49 [31;1mD:/10178/Projects/new-api-upstream-sync/model/task_plugin.go:66 [35;1mrecord not found
[0m[33m[0.000ms] [34;1m[rows:0][0m SELECT * FROM `task_plugins` WHERE `task_plugins`.`key` = "delete-promote-probe" AND `task_plugins`.`version` = "2.0.0" ORDER BY `task_plugins`.`id` LIMIT 1
--- PASS: TestDeleteActiveTaskPluginPromotesEnabledVersionInRuntime (0.00s)
=== RUN   TestUploadTaskPluginRefreshesRuntimeSyncState

2026/09/11 21:15:49 [31;1mD:/10178/Projects/new-api-upstream-sync/model/task_plugin.go:66 [35;1mrecord not found
[0m[33m[0.000ms] [34;1m[rows:0][0m SELECT * FROM `task_plugins` WHERE `task_plugins`.`key` = "upload-sync-probe" AND `task_plugins`.`version` = "1.0.0" ORDER BY `task_plugins`.`id` LIMIT 1
--- PASS: TestUploadTaskPluginRefreshesRuntimeSyncState (0.00s)
=== RUN   TestActivateTaskPluginRefreshesRuntimeSyncState

2026/09/11 21:15:49 [31;1mD:/10178/Projects/new-api-upstream-sync/model/task_plugin.go:66 [35;1mrecord not found
[0m[33m[0.000ms] [34;1m[rows:0][0m SELECT * FROM `task_plugins` WHERE `task_plugins`.`key` = "activate-sync-probe" AND `task_plugins`.`version` = "1.0.0" ORDER BY `task_plugins`.`id` LIMIT 1

2026/09/11 21:15:49 [31;1mD:/10178/Projects/new-api-upstream-sync/model/task_plugin.go:66 [35;1mrecord not found
[0m[33m[0.000ms] [34;1m[rows:0][0m SELECT * FROM `task_plugins` WHERE `task_plugins`.`key` = "activate-sync-probe" AND `task_plugins`.`version` = "2.0.0" ORDER BY `task_plugins`.`id` LIMIT 1
--- PASS: TestActivateTaskPluginRefreshesRuntimeSyncState (0.00s)
=== RUN   TestSyncTaskPluginsPublishesOneGenerationForWholeBatch

2026/09/11 21:15:49 [31;1mD:/10178/Projects/new-api-upstream-sync/model/task_plugin.go:66 [35;1mrecord not found
[0m[33m[0.000ms] [34;1m[rows:0][0m SELECT * FROM `task_plugins` WHERE `task_plugins`.`key` = "batch-sync-first" AND `task_plugins`.`version` = "1.0.0" ORDER BY `task_plugins`.`id` LIMIT 1

2026/09/11 21:15:49 [31;1mD:/10178/Projects/new-api-upstream-sync/model/task_plugin.go:66 [35;1mrecord not found
[0m[33m[0.000ms] [34;1m[rows:0][0m SELECT * FROM `task_plugins` WHERE `task_plugins`.`key` = "batch-sync-second" AND `task_plugins`.`version` = "1.0.0" ORDER BY `task_plugins`.`id` LIMIT 1
--- PASS: TestSyncTaskPluginsPublishesOneGenerationForWholeBatch (0.00s)
=== RUN   TestTaskPluginRuntimeExposesDatabaseRevisionAheadOfLocalGeneration

2026/09/11 21:15:49 [31;1mD:/10178/Projects/new-api-upstream-sync/model/task_plugin.go:66 [35;1mrecord not found
[0m[33m[0.000ms] [34;1m[rows:0][0m SELECT * FROM `task_plugins` WHERE `task_plugins`.`key` = "runtime-revision-probe" AND `task_plugins`.`version` = "1.0.0" ORDER BY `task_plugins`.`id` LIMIT 1

2026/09/11 21:15:49 [31;1mD:/10178/Projects/new-api-upstream-sync/model/task_plugin.go:66 [35;1mrecord not found
[0m[33m[0.000ms] [34;1m[rows:0][0m SELECT * FROM `task_plugins` WHERE `task_plugins`.`key` = "runtime-revision-probe" AND `task_plugins`.`version` = "2.0.0" ORDER BY `task_plugins`.`id` LIMIT 1
--- PASS: TestTaskPluginRuntimeExposesDatabaseRevisionAheadOfLocalGeneration (0.00s)
=== RUN   TestTaskPluginRuntimeReportsPluginLevelCompileErrors

2026/09/11 21:15:49 [31;1mD:/10178/Projects/new-api-upstream-sync/model/task_plugin.go:66 [35;1mrecord not found
[0m[33m[0.000ms] [34;1m[rows:0][0m SELECT * FROM `task_plugins` WHERE `task_plugins`.`key` = "runtime-error-probe" AND `task_plugins`.`version` = "1.0.0" ORDER BY `task_plugins`.`id` LIMIT 1
[SYS] 2026/09/11 - 21:15:49 | compile task plugin runtime-error-probe@1.0.0: compile plugin: SyntaxError: runtime-error-probe.js: Line 1:22 Unexpected end of input (and 1 more errors) 
--- PASS: TestTaskPluginRuntimeReportsPluginLevelCompileErrors (0.00s)
=== RUN   TestTaskPluginRuntimeSurvivesDatabaseSyncFailure

2026/09/11 21:15:49 [31;1mD:/10178/Projects/new-api-upstream-sync/model/task_plugin.go:66 [35;1mrecord not found
[0m[33m[0.000ms] [34;1m[rows:0][0m SELECT * FROM `task_plugins` WHERE `task_plugins`.`key` = "runtime-database-failure" AND `task_plugins`.`version` = "1.0.0" ORDER BY `task_plugins`.`id` LIMIT 1

2026/09/11 21:15:49 [31;1mD:/10178/Projects/new-api-upstream-sync/model/task_plugin.go:146 [35;1msql: database is closed
[0m[33m[0.000ms] [34;1m[rows:0][0m SELECT * FROM `task_plugins` WHERE `task_plugins`.`active` = true ORDER BY `key`,`version`,`id`

2026/09/11 21:15:49 [31;1mD:/10178/Projects/new-api-upstream-sync/model/task_plugin.go:146 [35;1msql: database is closed
[0m[33m[0.000ms] [34;1m[rows:0][0m SELECT * FROM `task_plugins` WHERE `task_plugins`.`active` = true ORDER BY `key`,`version`,`id`
--- PASS: TestTaskPluginRuntimeSurvivesDatabaseSyncFailure (0.00s)
=== RUN   TestSyncTaskPluginsCachesRejectedDesiredSourceWithoutLosingIncumbent

2026/09/11 21:15:49 [31;1mD:/10178/Projects/new-api-upstream-sync/model/task_plugin.go:66 [35;1mrecord not found
[0m[33m[0.000ms] [34;1m[rows:0][0m SELECT * FROM `task_plugins` WHERE `task_plugins`.`key` = "sync-retained-plugin" AND `task_plugins`.`version` = "1.0.0" ORDER BY `task_plugins`.`id` LIMIT 1

2026/09/11 21:15:49 [31;1mD:/10178/Projects/new-api-upstream-sync/model/task_plugin.go:66 [35;1mrecord not found
[0m[33m[0.000ms] [34;1m[rows:0][0m SELECT * FROM `task_plugins` WHERE `task_plugins`.`key` = "sync-retained-owner" AND `task_plugins`.`version` = "1.0.0" ORDER BY `task_plugins`.`id` LIMIT 1

2026/09/11 21:15:49 [31;1mD:/10178/Projects/new-api-upstream-sync/model/task_plugin.go:66 [35;1mrecord not found
[0m[33m[0.000ms] [34;1m[rows:0][0m SELECT * FROM `task_plugins` WHERE `task_plugins`.`key` = "sync-retained-plugin" AND `task_plugins`.`version` = "2.0.0" ORDER BY `task_plugins`.`id` LIMIT 1

2026/09/11 21:15:49 [31;1mD:/10178/Projects/new-api-upstream-sync/model/task_plugin.go:66 [35;1mrecord not found
[0m[33m[0.000ms] [34;1m[rows:0][0m SELECT * FROM `task_plugins` WHERE `task_plugins`.`key` = "sync-retained-owner" AND `task_plugins`.`version` = "2.0.0" ORDER BY `task_plugins`.`id` LIMIT 1
--- PASS: TestSyncTaskPluginsCachesRejectedDesiredSourceWithoutLosingIncumbent (0.00s)
=== RUN   TestDryRunTaskPluginExecutesHookAndRendererMember

2026/09/11 21:15:49 [31;1mD:/10178/Projects/new-api-upstream-sync/model/task_plugin.go:66 [35;1mrecord not found
[0m[33m[0.561ms] [34;1m[rows:0][0m SELECT * FROM `task_plugins` WHERE `task_plugins`.`key` = "dryrun-probe" AND `task_plugins`.`version` = "1.0.0" ORDER BY `task_plugins`.`id` LIMIT 1
--- PASS: TestDryRunTaskPluginExecutesHookAndRendererMember (0.00s)
=== RUN   TestDryRunTaskPluginReportsUnknownHook

2026/09/11 21:15:49 [31;1mD:/10178/Projects/new-api-upstream-sync/model/task_plugin.go:66 [35;1mrecord not found
[0m[33m[0.000ms] [34;1m[rows:0][0m SELECT * FROM `task_plugins` WHERE `task_plugins`.`key` = "dryrun-probe" AND `task_plugins`.`version` = "1.0.0" ORDER BY `task_plugins`.`id` LIMIT 1
--- PASS: TestDryRunTaskPluginReportsUnknownHook (0.00s)
=== RUN   TestDryRunTaskPluginSurfacesBadArgumentErrors

2026/09/11 21:15:49 [31;1mD:/10178/Projects/new-api-upstream-sync/model/task_plugin.go:66 [35;1mrecord not found
[0m[33m[0.000ms] [34;1m[rows:0][0m SELECT * FROM `task_plugins` WHERE `task_plugins`.`key` = "dryrun-probe" AND `task_plugins`.`version` = "1.0.0" ORDER BY `task_plugins`.`id` LIMIT 1
--- PASS: TestDryRunTaskPluginSurfacesBadArgumentErrors (0.00s)
=== RUN   TestUploadTaskPluginPreflightConflict
=== RUN   TestUploadTaskPluginPreflightConflict/enabled_conflict_rejected
=== RUN   TestUploadTaskPluginPreflightConflict/force_saves_despite_conflict

2026/09/11 21:15:49 [31;1mD:/10178/Projects/new-api-upstream-sync/model/task_plugin.go:66 [35;1mrecord not found
[0m[33m[0.000ms] [34;1m[rows:0][0m SELECT * FROM `task_plugins` WHERE `task_plugins`.`key` = "preflight-force" AND `task_plugins`.`version` = "1.0.0" ORDER BY `task_plugins`.`id` LIMIT 1
=== RUN   TestUploadTaskPluginPreflightConflict/disabled_skips_preflight

2026/09/11 21:15:49 [31;1mD:/10178/Projects/new-api-upstream-sync/model/task_plugin.go:66 [35;1mrecord not found
[0m[33m[0.000ms] [34;1m[rows:0][0m SELECT * FROM `task_plugins` WHERE `task_plugins`.`key` = "preflight-disabled" AND `task_plugins`.`version` = "1.0.0" ORDER BY `task_plugins`.`id` LIMIT 1
--- PASS: TestUploadTaskPluginPreflightConflict (0.00s)
    --- PASS: TestUploadTaskPluginPreflightConflict/enabled_conflict_rejected (0.00s)
    --- PASS: TestUploadTaskPluginPreflightConflict/force_saves_despite_conflict (0.00s)
    --- PASS: TestUploadTaskPluginPreflightConflict/disabled_skips_preflight (0.00s)
=== RUN   TestUploadTaskPluginRejectsMetaViolatingV1Schema
=== RUN   TestUploadTaskPluginRejectsMetaViolatingV1Schema/key_with_uppercase_characters
=== RUN   TestUploadTaskPluginRejectsMetaViolatingV1Schema/version_that_is_not_semver
=== RUN   TestUploadTaskPluginRejectsMetaViolatingV1Schema/unsupported_fetch_mode
=== RUN   TestUploadTaskPluginRejectsMetaViolatingV1Schema/empty_model_list
--- PASS: TestUploadTaskPluginRejectsMetaViolatingV1Schema (0.00s)
    --- PASS: TestUploadTaskPluginRejectsMetaViolatingV1Schema/key_with_uppercase_characters (0.00s)
    --- PASS: TestUploadTaskPluginRejectsMetaViolatingV1Schema/version_that_is_not_semver (0.00s)
    --- PASS: TestUploadTaskPluginRejectsMetaViolatingV1Schema/unsupported_fetch_mode (0.00s)
    --- PASS: TestUploadTaskPluginRejectsMetaViolatingV1Schema/empty_model_list (0.00s)
=== RUN   TestDeletePureFactoryPluginIsRejected
=== RUN   TestDeletePureFactoryPluginIsRejected/#00

2026/09/11 21:15:49 [31;1mD:/10178/Projects/new-api-upstream-sync/model/task_plugin.go:121 [35;1mrecord not found
[0m[33m[0.000ms] [34;1m[rows:0][0m SELECT * FROM `task_plugins` WHERE `task_plugins`.`key` = "kling" AND `task_plugins`.`version` = "1.0.0" ORDER BY `task_plugins`.`id` LIMIT 1
=== RUN   TestDeletePureFactoryPluginIsRejected/?force=true

2026/09/11 21:15:49 [31;1mD:/10178/Projects/new-api-upstream-sync/model/task_plugin.go:121 [35;1mrecord not found
[0m[33m[0.000ms] [34;1m[rows:0][0m SELECT * FROM `task_plugins` WHERE `task_plugins`.`key` = "kling" AND `task_plugins`.`version` = "1.0.0" ORDER BY `task_plugins`.`id` LIMIT 1
--- PASS: TestDeletePureFactoryPluginIsRejected (0.00s)
    --- PASS: TestDeletePureFactoryPluginIsRejected/#00 (0.00s)
    --- PASS: TestDeletePureFactoryPluginIsRejected/?force=true (0.00s)
=== RUN   TestUploadTaskPluginSourceSha256
=== RUN   TestUploadTaskPluginSourceSha256/matching_hash_succeeds

2026/09/11 21:15:49 [31;1mD:/10178/Projects/new-api-upstream-sync/model/task_plugin.go:66 [35;1mrecord not found
[0m[33m[0.000ms] [34;1m[rows:0][0m SELECT * FROM `task_plugins` WHERE `task_plugins`.`key` = "sha256-match" AND `task_plugins`.`version` = "1.0.0" ORDER BY `task_plugins`.`id` LIMIT 1
=== RUN   TestUploadTaskPluginSourceSha256/mismatching_hash_rejected
=== RUN   TestUploadTaskPluginSourceSha256/absent_field_unchanged

2026/09/11 21:15:49 [31;1mD:/10178/Projects/new-api-upstream-sync/model/task_plugin.go:66 [35;1mrecord not found
[0m[33m[0.503ms] [34;1m[rows:0][0m SELECT * FROM `task_plugins` WHERE `task_plugins`.`key` = "sha256-absent" AND `task_plugins`.`version` = "1.0.0" ORDER BY `task_plugins`.`id` LIMIT 1
--- PASS: TestUploadTaskPluginSourceSha256 (0.00s)
    --- PASS: TestUploadTaskPluginSourceSha256/matching_hash_succeeds (0.00s)
    --- PASS: TestUploadTaskPluginSourceSha256/mismatching_hash_rejected (0.00s)
    --- PASS: TestUploadTaskPluginSourceSha256/absent_field_unchanged (0.00s)
=== RUN   TestGetTaskPluginMarketplaceSourcesDefaultWhenUnset
--- PASS: TestGetTaskPluginMarketplaceSourcesDefaultWhenUnset (0.00s)
=== RUN   TestUpdateTaskPluginMarketplaceSourcesRoundTrip
--- PASS: TestUpdateTaskPluginMarketplaceSourcesRoundTrip (0.00s)
=== RUN   TestUpdateTaskPluginMarketplaceSourcesValidation
=== RUN   TestUpdateTaskPluginMarketplaceSourcesValidation/empty_name
=== RUN   TestUpdateTaskPluginMarketplaceSourcesValidation/invalid_URL
--- PASS: TestUpdateTaskPluginMarketplaceSourcesValidation (0.00s)
    --- PASS: TestUpdateTaskPluginMarketplaceSourcesValidation/empty_name (0.00s)
    --- PASS: TestUpdateTaskPluginMarketplaceSourcesValidation/invalid_URL (0.00s)
=== RUN   TestTaskPluginDisplayOrderAndMetadata

2026/09/11 21:15:49 [31;1mD:/10178/Projects/new-api-upstream-sync/model/task_plugin.go:66 [35;1mrecord not found
[0m[33m[0.000ms] [34;1m[rows:0][0m SELECT * FROM `task_plugins` WHERE `task_plugins`.`key` = "display-low" AND `task_plugins`.`version` = "1.0.0" ORDER BY `task_plugins`.`id` LIMIT 1

2026/09/11 21:15:49 [31;1mD:/10178/Projects/new-api-upstream-sync/model/task_plugin.go:66 [35;1mrecord not found
[0m[33m[0.000ms] [34;1m[rows:0][0m SELECT * FROM `task_plugins` WHERE `task_plugins`.`key` = "display-zero" AND `task_plugins`.`version` = "1.0.0" ORDER BY `task_plugins`.`id` LIMIT 1

2026/09/11 21:15:49 [31;1mD:/10178/Projects/new-api-upstream-sync/model/task_plugin.go:66 [35;1mrecord not found
[0m[33m[0.000ms] [34;1m[rows:0][0m SELECT * FROM `task_plugins` WHERE `task_plugins`.`key` = "display-beta" AND `task_plugins`.`version` = "1.0.0" ORDER BY `task_plugins`.`id` LIMIT 1

2026/09/11 21:15:49 [31;1mD:/10178/Projects/new-api-upstream-sync/model/task_plugin.go:66 [35;1mrecord not found
[0m[33m[0.000ms] [34;1m[rows:0][0m SELECT * FROM `task_plugins` WHERE `task_plugins`.`key` = "display-alpha" AND `task_plugins`.`version` = "1.0.0" ORDER BY `task_plugins`.`id` LIMIT 1
=== RUN   TestTaskPluginDisplayOrderAndMetadata/list
=== RUN   TestTaskPluginDisplayOrderAndMetadata/options

2026/09/11 21:15:49 [31;1mD:/10178/Projects/new-api-upstream-sync/model/task_plugin.go:121 [35;1mrecord not found
[0m[33m[0.000ms] [34;1m[rows:0][0m SELECT * FROM `task_plugins` WHERE `task_plugins`.`key` = "sha256-match" AND `task_plugins`.`active` = true ORDER BY `task_plugins`.`id` LIMIT 1
--- PASS: TestTaskPluginDisplayOrderAndMetadata (0.01s)
    --- PASS: TestTaskPluginDisplayOrderAndMetadata/list (0.00s)
    --- PASS: TestTaskPluginDisplayOrderAndMetadata/options (0.00s)
=== RUN   TestUploadTaskPluginStoresSidecarIconAndServesIt

2026/09/11 21:15:49 [31;1mD:/10178/Projects/new-api-upstream-sync/model/task_plugin.go:121 [35;1mrecord not found
[0m[33m[0.000ms] [34;1m[rows:0][0m SELECT * FROM `task_plugins` WHERE `task_plugins`.`key` = "icon-sidecar" AND `task_plugins`.`version` = "1.0.0" ORDER BY `task_plugins`.`id` LIMIT 1

2026/09/11 21:15:49 [31;1mD:/10178/Projects/new-api-upstream-sync/model/task_plugin.go:66 [35;1mrecord not found
[0m[33m[0.000ms] [34;1m[rows:0][0m SELECT * FROM `task_plugins` WHERE `task_plugins`.`key` = "icon-sidecar" AND `task_plugins`.`version` = "1.0.0" ORDER BY `task_plugins`.`id` LIMIT 1

2026/09/11 21:15:49 [31;1mD:/10178/Projects/new-api-upstream-sync/model/task_plugin.go:121 [35;1mrecord not found
[0m[33m[0.000ms] [34;1m[rows:0][0m SELECT * FROM `task_plugins` WHERE `task_plugins`.`key` = "no-such-plugin" AND `task_plugins`.`active` = true ORDER BY `task_plugins`.`id` LIMIT 1
--- PASS: TestUploadTaskPluginStoresSidecarIconAndServesIt (0.00s)
=== RUN   TestTelegramOAuthPreservesExistingAccountAndBinding
    telegram_test.go:203: database: sqlite 3.50.4
--- PASS: TestTelegramOAuthPreservesExistingAccountAndBinding (0.16s)
=== RUN   TestTelegramOAuthRejectsInvalidTokens
    telegram_test.go:254: database: sqlite 3.50.4
=== RUN   TestTelegramOAuthRejectsInvalidTokens/issuer
=== RUN   TestTelegramOAuthRejectsInvalidTokens/audience
=== RUN   TestTelegramOAuthRejectsInvalidTokens/expired
=== RUN   TestTelegramOAuthRejectsInvalidTokens/missing_id
=== RUN   TestTelegramOAuthRejectsInvalidTokens/negative_id
=== RUN   TestTelegramOAuthRejectsInvalidTokens/fractional_id
=== RUN   TestTelegramOAuthRejectsInvalidTokens/overflow_id
=== RUN   TestTelegramOAuthRejectsInvalidTokens/missing_subject
=== RUN   TestTelegramOAuthRejectsInvalidTokens/signature
=== RUN   TestTelegramOAuthRejectsInvalidTokens/PKCE
=== RUN   TestTelegramOAuthRejectsInvalidTokens/token_unavailable
=== RUN   TestTelegramOAuthRejectsInvalidTokens/jwks_unavailable
--- PASS: TestTelegramOAuthRejectsInvalidTokens (0.23s)
    --- PASS: TestTelegramOAuthRejectsInvalidTokens/issuer (0.00s)
    --- PASS: TestTelegramOAuthRejectsInvalidTokens/audience (0.00s)
    --- PASS: TestTelegramOAuthRejectsInvalidTokens/expired (0.00s)
    --- PASS: TestTelegramOAuthRejectsInvalidTokens/missing_id (0.00s)
    --- PASS: TestTelegramOAuthRejectsInvalidTokens/negative_id (0.00s)
    --- PASS: TestTelegramOAuthRejectsInvalidTokens/fractional_id (0.00s)
    --- PASS: TestTelegramOAuthRejectsInvalidTokens/overflow_id (0.00s)
    --- PASS: TestTelegramOAuthRejectsInvalidTokens/missing_subject (0.00s)
    --- PASS: TestTelegramOAuthRejectsInvalidTokens/signature (0.04s)
    --- PASS: TestTelegramOAuthRejectsInvalidTokens/PKCE (0.00s)
    --- PASS: TestTelegramOAuthRejectsInvalidTokens/token_unavailable (0.00s)
    --- PASS: TestTelegramOAuthRejectsInvalidTokens/jwks_unavailable (0.00s)
=== RUN   TestTelegramOAuthBindingIsAtomicAndSessionBound
    telegram_test.go:311: database: sqlite 3.50.4
[ERR] 2026/09/11 - 21:15:50 | SYSTEM | auth session internal error (GET /api/oauth/telegram): private Telegram bind storage failure 
--- PASS: TestTelegramOAuthBindingIsAtomicAndSessionBound (0.17s)
=== RUN   TestTelegramOAuthBindingRejectsChangedAccountsAndDuplicateOwnership
=== RUN   TestTelegramOAuthBindingRejectsChangedAccountsAndDuplicateOwnership/revoked
    telegram_test.go:350: database: sqlite 3.50.4
=== RUN   TestTelegramOAuthBindingRejectsChangedAccountsAndDuplicateOwnership/disabled
    telegram_test.go:350: database: sqlite 3.50.4
=== RUN   TestTelegramOAuthBindingRejectsChangedAccountsAndDuplicateOwnership/deleted
    telegram_test.go:350: database: sqlite 3.50.4
=== RUN   TestTelegramOAuthBindingRejectsChangedAccountsAndDuplicateOwnership/already_bound
    telegram_test.go:350: database: sqlite 3.50.4
=== RUN   TestTelegramOAuthBindingRejectsChangedAccountsAndDuplicateOwnership/owned_by_another_user
    telegram_test.go:350: database: sqlite 3.50.4
--- PASS: TestTelegramOAuthBindingRejectsChangedAccountsAndDuplicateOwnership (0.79s)
    --- PASS: TestTelegramOAuthBindingRejectsChangedAccountsAndDuplicateOwnership/revoked (0.22s)
    --- PASS: TestTelegramOAuthBindingRejectsChangedAccountsAndDuplicateOwnership/disabled (0.14s)
    --- PASS: TestTelegramOAuthBindingRejectsChangedAccountsAndDuplicateOwnership/deleted (0.15s)
    --- PASS: TestTelegramOAuthBindingRejectsChangedAccountsAndDuplicateOwnership/already_bound (0.14s)
    --- PASS: TestTelegramOAuthBindingRejectsChangedAccountsAndDuplicateOwnership/owned_by_another_user (0.14s)
=== RUN   TestTelegramOAuthConfigurationAndLegacyEndpoints
    telegram_test.go:378: database: sqlite 3.50.4
=== RUN   TestTelegramOAuthConfigurationAndLegacyEndpoints/missing_secret
=== RUN   TestTelegramOAuthConfigurationAndLegacyEndpoints/disabled
=== RUN   TestTelegramOAuthConfigurationAndLegacyEndpoints/conflict
--- PASS: TestTelegramOAuthConfigurationAndLegacyEndpoints (0.23s)
    --- PASS: TestTelegramOAuthConfigurationAndLegacyEndpoints/missing_secret (0.00s)
    --- PASS: TestTelegramOAuthConfigurationAndLegacyEndpoints/disabled (0.00s)
    --- PASS: TestTelegramOAuthConfigurationAndLegacyEndpoints/conflict (0.00s)
=== RUN   TestTelegramOAuthConcurrentBindingHasSingleOwner
    telegram_test.go:450: database: sqlite 3.50.4
--- PASS: TestTelegramOAuthConcurrentBindingHasSingleOwner (0.16s)
=== RUN   TestUpdateOptionRejectsRetiredFrontendTheme
--- PASS: TestUpdateOptionRejectsRetiredFrontendTheme (0.00s)
=== RUN   TestGetStatusAdvertisesDefaultDashboard
--- PASS: TestGetStatusAdvertisesDefaultDashboard (0.00s)
=== RUN   TestUpdateOptionRejectsInvalidDefaultTheme
--- PASS: TestUpdateOptionRejectsInvalidDefaultTheme (0.00s)
=== RUN   TestAddTokenEmptyAutoGroupsInheritGlobalAuto
=== RUN   TestAddTokenEmptyAutoGroupsInheritGlobalAuto/omitted
=== RUN   TestAddTokenEmptyAutoGroupsInheritGlobalAuto/null
=== RUN   TestAddTokenEmptyAutoGroupsInheritGlobalAuto/empty_array
--- PASS: TestAddTokenEmptyAutoGroupsInheritGlobalAuto (0.01s)
    --- PASS: TestAddTokenEmptyAutoGroupsInheritGlobalAuto/omitted (0.00s)
    --- PASS: TestAddTokenEmptyAutoGroupsInheritGlobalAuto/null (0.00s)
    --- PASS: TestAddTokenEmptyAutoGroupsInheritGlobalAuto/empty_array (0.00s)
=== RUN   TestAddTokenPersistsOrderedAutoGroupsSnapshot
--- PASS: TestAddTokenPersistsOrderedAutoGroupsSnapshot (0.00s)
=== RUN   TestUpdateTokenAutoGroupsTriStateAndNonAutoCleanup
=== RUN   TestUpdateTokenAutoGroupsTriStateAndNonAutoCleanup/omitted_preserves
=== RUN   TestUpdateTokenAutoGroupsTriStateAndNonAutoCleanup/null_inherits
=== RUN   TestUpdateTokenAutoGroupsTriStateAndNonAutoCleanup/empty_inherits
=== RUN   TestUpdateTokenAutoGroupsTriStateAndNonAutoCleanup/non_auto_clears_and_disables_retry
--- PASS: TestUpdateTokenAutoGroupsTriStateAndNonAutoCleanup (0.01s)
    --- PASS: TestUpdateTokenAutoGroupsTriStateAndNonAutoCleanup/omitted_preserves (0.00s)
    --- PASS: TestUpdateTokenAutoGroupsTriStateAndNonAutoCleanup/null_inherits (0.00s)
    --- PASS: TestUpdateTokenAutoGroupsTriStateAndNonAutoCleanup/empty_inherits (0.00s)
    --- PASS: TestUpdateTokenAutoGroupsTriStateAndNonAutoCleanup/non_auto_clears_and_disables_retry (0.00s)
=== RUN   TestAddTokenRejectsInvalidAutoGroups
=== RUN   TestAddTokenRejectsInvalidAutoGroups/over_limit
=== RUN   TestAddTokenRejectsInvalidAutoGroups/duplicate
=== RUN   TestAddTokenRejectsInvalidAutoGroups/auto_pseudo_group
=== RUN   TestAddTokenRejectsInvalidAutoGroups/unavailable
--- PASS: TestAddTokenRejectsInvalidAutoGroups (0.01s)
    --- PASS: TestAddTokenRejectsInvalidAutoGroups/over_limit (0.00s)
    --- PASS: TestAddTokenRejectsInvalidAutoGroups/duplicate (0.00s)
    --- PASS: TestAddTokenRejectsInvalidAutoGroups/auto_pseudo_group (0.00s)
    --- PASS: TestAddTokenRejectsInvalidAutoGroups/unavailable (0.00s)
=== RUN   TestGetTokenAutoGroupsReturnsFullFilteredGlobalOrderAndLimit
--- PASS: TestGetTokenAutoGroupsReturnsFullFilteredGlobalOrderAndLimit (0.00s)
=== RUN   TestTokenAutoMigrateUsesVarchar128KeyColumn
--- PASS: TestTokenAutoMigrateUsesVarchar128KeyColumn (0.00s)
=== RUN   TestTokenMigrationFromChar48ToVarchar128
--- PASS: TestTokenMigrationFromChar48ToVarchar128 (0.00s)
=== RUN   TestTokenMigrationFromChar48ToVarchar128MySQL
    token_test.go:421: set TEST_MYSQL_DSN to run mysql migration compatibility test
--- SKIP: TestTokenMigrationFromChar48ToVarchar128MySQL (0.00s)
=== RUN   TestTokenMigrationFromChar48ToVarchar128Postgres
    token_test.go:431: set TEST_POSTGRES_DSN to run postgres migration compatibility test
--- SKIP: TestTokenMigrationFromChar48ToVarchar128Postgres (0.00s)
=== RUN   TestGetAllTokensMasksKeyInResponse
--- PASS: TestGetAllTokensMasksKeyInResponse (0.00s)
=== RUN   TestSearchTokensMasksKeyInResponse
--- PASS: TestSearchTokensMasksKeyInResponse (0.00s)
=== RUN   TestGetTokenMasksKeyInResponse
--- PASS: TestGetTokenMasksKeyInResponse (0.00s)
=== RUN   TestUpdateTokenMasksKeyInResponse
--- PASS: TestUpdateTokenMasksKeyInResponse (0.00s)
=== RUN   TestGetTokenKeyRequiresOwnershipAndReturnsFullKey

2026/09/11 21:15:51 [31;1mD:/10178/Projects/new-api-upstream-sync/model/token.go:266 [35;1mrecord not found
[0m[33m[0.000ms] [34;1m[rows:0][0m SELECT * FROM `tokens` WHERE (id = 1 and user_id = 2) AND `tokens`.`deleted_at` IS NULL AND `tokens`.`id` = 1 ORDER BY `tokens`.`id` LIMIT 1
--- PASS: TestGetTokenKeyRequiresOwnershipAndReturnsFullKey (0.00s)
=== RUN   TestAPITokenAuditDatabaseMatrix
=== RUN   TestAPITokenAuditDatabaseMatrix/sqlite/separate_log=false
    token_test.go:631: database version: 3.50.4
=== RUN   TestAPITokenAuditDatabaseMatrix/sqlite/separate_log=false/create
=== RUN   TestAPITokenAuditDatabaseMatrix/sqlite/separate_log=false/invalid_create
=== RUN   TestAPITokenAuditDatabaseMatrix/sqlite/separate_log=false/malformed_body
=== RUN   TestAPITokenAuditDatabaseMatrix/sqlite/separate_log=false/validation_error_exceeds_audit_buffer
=== RUN   TestAPITokenAuditDatabaseMatrix/sqlite/separate_log=false/create_storage_failure

2026/09/11 21:15:51 [34;1mD:/10178/Projects/new-api-upstream-sync/controller/token_test.go:729
[0m[35m[warn] [0mremoving callback `token-audit:fail` from D:/10178/Projects/new-api-upstream-sync/controller/token_test.go:729
=== RUN   TestAPITokenAuditDatabaseMatrix/sqlite/separate_log=false/normalized_update
=== RUN   TestAPITokenAuditDatabaseMatrix/sqlite/separate_log=false/configuration_values_stay_private
=== RUN   TestAPITokenAuditDatabaseMatrix/sqlite/separate_log=false/unchanged_update
=== RUN   TestAPITokenAuditDatabaseMatrix/sqlite/separate_log=false/successful_response_exceeds_audit_buffer
=== RUN   TestAPITokenAuditDatabaseMatrix/sqlite/separate_log=false/update_storage_failure

2026/09/11 21:15:51 [34;1mD:/10178/Projects/new-api-upstream-sync/controller/token_test.go:732
[0m[35m[warn] [0mremoving callback `token-audit:fail` from D:/10178/Projects/new-api-upstream-sync/controller/token_test.go:732
=== RUN   TestAPITokenAuditDatabaseMatrix/sqlite/separate_log=false/foreign_update

2026/09/11 21:15:51 [31;1mD:/10178/Projects/new-api-upstream-sync/model/token.go:266 [35;1mrecord not found
[0m[33m[0.000ms] [34;1m[rows:0][0m SELECT * FROM `tokens` WHERE (id = 23 and user_id = 1) AND `tokens`.`deleted_at` IS NULL AND `tokens`.`id` = 23 ORDER BY `tokens`.`id` LIMIT 1
=== RUN   TestAPITokenAuditDatabaseMatrix/sqlite/separate_log=false/disable
=== RUN   TestAPITokenAuditDatabaseMatrix/sqlite/separate_log=false/enable
=== RUN   TestAPITokenAuditDatabaseMatrix/sqlite/separate_log=false/expired_enable
=== RUN   TestAPITokenAuditDatabaseMatrix/sqlite/separate_log=false/delete
=== RUN   TestAPITokenAuditDatabaseMatrix/sqlite/separate_log=false/foreign_delete

2026/09/11 21:15:51 [31;1mD:/10178/Projects/new-api-upstream-sync/model/token.go:266 [35;1mrecord not found
[0m[33m[0.000ms] [34;1m[rows:0][0m SELECT * FROM `tokens` WHERE (id = 33 and user_id = 1) AND `tokens`.`deleted_at` IS NULL AND `tokens`.`id` = 33 ORDER BY `tokens`.`id` LIMIT 1
=== RUN   TestAPITokenAuditDatabaseMatrix/sqlite/separate_log=false/missing_delete

2026/09/11 21:15:51 [31;1mD:/10178/Projects/new-api-upstream-sync/model/token.go:266 [35;1mrecord not found
[0m[33m[0.000ms] [34;1m[rows:0][0m SELECT * FROM `tokens` WHERE (id = 999999 and user_id = 1) AND `tokens`.`deleted_at` IS NULL AND `tokens`.`id` = 999999 ORDER BY `tokens`.`id` LIMIT 1
=== RUN   TestAPITokenAuditDatabaseMatrix/sqlite/separate_log=false/key_view
=== RUN   TestAPITokenAuditDatabaseMatrix/sqlite/separate_log=false/PAT_key_view
=== RUN   TestAPITokenAuditDatabaseMatrix/sqlite/separate_log=false/foreign_key_view

2026/09/11 21:15:51 [31;1mD:/10178/Projects/new-api-upstream-sync/model/token.go:266 [35;1mrecord not found
[0m[33m[0.000ms] [34;1m[rows:0][0m SELECT * FROM `tokens` WHERE (id = 41 and user_id = 1) AND `tokens`.`deleted_at` IS NULL AND `tokens`.`id` = 41 ORDER BY `tokens`.`id` LIMIT 1
=== RUN   TestAPITokenAuditDatabaseMatrix/sqlite/separate_log=false/rate_limited_key_view
=== RUN   TestAPITokenAuditDatabaseMatrix/sqlite/separate_log=false/batch_delete_partial_and_duplicate
=== RUN   TestAPITokenAuditDatabaseMatrix/sqlite/separate_log=false/empty_batch_delete
=== RUN   TestAPITokenAuditDatabaseMatrix/sqlite/separate_log=false/batch_keys_partial_and_duplicate
=== RUN   TestAPITokenAuditDatabaseMatrix/sqlite/separate_log=false/batch_keys_no_matches
=== RUN   TestAPITokenAuditDatabaseMatrix/sqlite/separate_log=false/empty_batch_keys
=== RUN   TestAPITokenAuditDatabaseMatrix/sqlite/separate_log=false/bounded_batch_metadata
=== RUN   TestAPITokenAuditDatabaseMatrix/sqlite/separate_log=false/reads_and_unauthenticated_writes_add_no_operation_audit

2026/09/11 21:15:51 [31;1mD:/10178/Projects/new-api-upstream-sync/model/token.go:266 [35;1mrecord not found
[0m[33m[0.000ms] [34;1m[rows:0][0m SELECT * FROM `tokens` WHERE (id = 999999 and user_id = 1) AND `tokens`.`deleted_at` IS NULL AND `tokens`.`id` = 999999 ORDER BY `tokens`.`id` LIMIT 1

2026/09/11 21:15:51 [31;1mD:/10178/Projects/new-api-upstream-sync/model/user.go:1297 [35;1mrecord not found
[0m[33m[0.000ms] [34;1m[rows:0][0m SELECT * FROM `users` WHERE access_token = "Bearer" AND `users`.`deleted_at` IS NULL ORDER BY `users`.`id` LIMIT 1

2026/09/11 21:15:51 [31;1mD:/10178/Projects/new-api-upstream-sync/model/user.go:1297 [35;1mrecord not found
[0m[33m[0.000ms] [34;1m[rows:0][0m SELECT * FROM `users` WHERE access_token = "Bearer" AND `users`.`deleted_at` IS NULL ORDER BY `users`.`id` LIMIT 1
=== RUN   TestAPITokenAuditDatabaseMatrix/sqlite/separate_log=false/self_audit_excludes_other_owners
=== RUN   TestAPITokenAuditDatabaseMatrix/sqlite/separate_log=false/audit_storage_failure_preserves_operation_result
[ERR] 2026/09/11 - 21:15:51 | 202609111315516781791008268d9d6O4PWSju3 | audit log write failed (request_id=202609111315516781791008268d9d6O4PWSju3): audit unavailable 

2026/09/11 21:15:51 [34;1mD:/10178/Projects/new-api-upstream-sync/controller/token_test.go:883
[0m[35m[warn] [0mremoving callback `token-audit:log-fail` from D:/10178/Projects/new-api-upstream-sync/controller/token_test.go:883
=== RUN   TestAPITokenAuditDatabaseMatrix/sqlite/separate_log=true
    token_test.go:631: database version: 3.50.4
=== RUN   TestAPITokenAuditDatabaseMatrix/sqlite/separate_log=true/create
=== RUN   TestAPITokenAuditDatabaseMatrix/sqlite/separate_log=true/invalid_create
=== RUN   TestAPITokenAuditDatabaseMatrix/sqlite/separate_log=true/malformed_body
=== RUN   TestAPITokenAuditDatabaseMatrix/sqlite/separate_log=true/validation_error_exceeds_audit_buffer
=== RUN   TestAPITokenAuditDatabaseMatrix/sqlite/separate_log=true/create_storage_failure

2026/09/11 21:15:51 [34;1mD:/10178/Projects/new-api-upstream-sync/controller/token_test.go:729
[0m[35m[warn] [0mremoving callback `token-audit:fail` from D:/10178/Projects/new-api-upstream-sync/controller/token_test.go:729
=== RUN   TestAPITokenAuditDatabaseMatrix/sqlite/separate_log=true/normalized_update
=== RUN   TestAPITokenAuditDatabaseMatrix/sqlite/separate_log=true/configuration_values_stay_private
=== RUN   TestAPITokenAuditDatabaseMatrix/sqlite/separate_log=true/unchanged_update
=== RUN   TestAPITokenAuditDatabaseMatrix/sqlite/separate_log=true/successful_response_exceeds_audit_buffer
=== RUN   TestAPITokenAuditDatabaseMatrix/sqlite/separate_log=true/update_storage_failure

2026/09/11 21:15:51 [34;1mD:/10178/Projects/new-api-upstream-sync/controller/token_test.go:732
[0m[35m[warn] [0mremoving callback `token-audit:fail` from D:/10178/Projects/new-api-upstream-sync/controller/token_test.go:732
=== RUN   TestAPITokenAuditDatabaseMatrix/sqlite/separate_log=true/foreign_update

2026/09/11 21:15:51 [31;1mD:/10178/Projects/new-api-upstream-sync/model/token.go:266 [35;1mrecord not found
[0m[33m[0.000ms] [34;1m[rows:0][0m SELECT * FROM `tokens` WHERE (id = 23 and user_id = 1) AND `tokens`.`deleted_at` IS NULL AND `tokens`.`id` = 23 ORDER BY `tokens`.`id` LIMIT 1
=== RUN   TestAPITokenAuditDatabaseMatrix/sqlite/separate_log=true/disable
=== RUN   TestAPITokenAuditDatabaseMatrix/sqlite/separate_log=true/enable
=== RUN   TestAPITokenAuditDatabaseMatrix/sqlite/separate_log=true/expired_enable
=== RUN   TestAPITokenAuditDatabaseMatrix/sqlite/separate_log=true/delete
=== RUN   TestAPITokenAuditDatabaseMatrix/sqlite/separate_log=true/foreign_delete

2026/09/11 21:15:51 [31;1mD:/10178/Projects/new-api-upstream-sync/model/token.go:266 [35;1mrecord not found
[0m[33m[0.000ms] [34;1m[rows:0][0m SELECT * FROM `tokens` WHERE (id = 33 and user_id = 1) AND `tokens`.`deleted_at` IS NULL AND `tokens`.`id` = 33 ORDER BY `tokens`.`id` LIMIT 1
=== RUN   TestAPITokenAuditDatabaseMatrix/sqlite/separate_log=true/missing_delete

2026/09/11 21:15:51 [31;1mD:/10178/Projects/new-api-upstream-sync/model/token.go:266 [35;1mrecord not found
[0m[33m[0.000ms] [34;1m[rows:0][0m SELECT * FROM `tokens` WHERE (id = 999999 and user_id = 1) AND `tokens`.`deleted_at` IS NULL AND `tokens`.`id` = 999999 ORDER BY `tokens`.`id` LIMIT 1
=== RUN   TestAPITokenAuditDatabaseMatrix/sqlite/separate_log=true/key_view
=== RUN   TestAPITokenAuditDatabaseMatrix/sqlite/separate_log=true/PAT_key_view
=== RUN   TestAPITokenAuditDatabaseMatrix/sqlite/separate_log=true/foreign_key_view

2026/09/11 21:15:51 [31;1mD:/10178/Projects/new-api-upstream-sync/model/token.go:266 [35;1mrecord not found
[0m[33m[0.000ms] [34;1m[rows:0][0m SELECT * FROM `tokens` WHERE (id = 41 and user_id = 1) AND `tokens`.`deleted_at` IS NULL AND `tokens`.`id` = 41 ORDER BY `tokens`.`id` LIMIT 1
=== RUN   TestAPITokenAuditDatabaseMatrix/sqlite/separate_log=true/rate_limited_key_view
=== RUN   TestAPITokenAuditDatabaseMatrix/sqlite/separate_log=true/batch_delete_partial_and_duplicate
=== RUN   TestAPITokenAuditDatabaseMatrix/sqlite/separate_log=true/empty_batch_delete
=== RUN   TestAPITokenAuditDatabaseMatrix/sqlite/separate_log=true/batch_keys_partial_and_duplicate
=== RUN   TestAPITokenAuditDatabaseMatrix/sqlite/separate_log=true/batch_keys_no_matches
=== RUN   TestAPITokenAuditDatabaseMatrix/sqlite/separate_log=true/empty_batch_keys
=== RUN   TestAPITokenAuditDatabaseMatrix/sqlite/separate_log=true/bounded_batch_metadata
=== RUN   TestAPITokenAuditDatabaseMatrix/sqlite/separate_log=true/reads_and_unauthenticated_writes_add_no_operation_audit

2026/09/11 21:15:51 [31;1mD:/10178/Projects/new-api-upstream-sync/model/token.go:266 [35;1mrecord not found
[0m[33m[0.000ms] [34;1m[rows:0][0m SELECT * FROM `tokens` WHERE (id = 999999 and user_id = 1) AND `tokens`.`deleted_at` IS NULL AND `tokens`.`id` = 999999 ORDER BY `tokens`.`id` LIMIT 1

2026/09/11 21:15:51 [31;1mD:/10178/Projects/new-api-upstream-sync/model/user.go:1297 [35;1mrecord not found
[0m[33m[0.000ms] [34;1m[rows:0][0m SELECT * FROM `users` WHERE access_token = "Bearer" AND `users`.`deleted_at` IS NULL ORDER BY `users`.`id` LIMIT 1

2026/09/11 21:15:51 [31;1mD:/10178/Projects/new-api-upstream-sync/model/user.go:1297 [35;1mrecord not found
[0m[33m[0.000ms] [34;1m[rows:0][0m SELECT * FROM `users` WHERE access_token = "Bearer" AND `users`.`deleted_at` IS NULL ORDER BY `users`.`id` LIMIT 1
=== RUN   TestAPITokenAuditDatabaseMatrix/sqlite/separate_log=true/self_audit_excludes_other_owners
=== RUN   TestAPITokenAuditDatabaseMatrix/sqlite/separate_log=true/audit_storage_failure_preserves_operation_result
[ERR] 2026/09/11 - 21:15:51 | 202609111315518529851008268d9d6DxdYWEvx | audit log write failed (request_id=202609111315518529851008268d9d6DxdYWEvx): audit unavailable 

2026/09/11 21:15:51 [34;1mD:/10178/Projects/new-api-upstream-sync/controller/token_test.go:883
[0m[35m[warn] [0mremoving callback `token-audit:log-fail` from D:/10178/Projects/new-api-upstream-sync/controller/token_test.go:883
=== RUN   TestAPITokenAuditDatabaseMatrix/mysql/separate_log=false
    token_test.go:601: AUDIT_MYSQL_DSN is not configured
=== RUN   TestAPITokenAuditDatabaseMatrix/mysql/separate_log=true
    token_test.go:601: AUDIT_MYSQL_DSN is not configured
=== RUN   TestAPITokenAuditDatabaseMatrix/postgres/separate_log=false
    token_test.go:601: AUDIT_POSTGRES_DSN is not configured
=== RUN   TestAPITokenAuditDatabaseMatrix/postgres/separate_log=true
    token_test.go:601: AUDIT_POSTGRES_DSN is not configured
--- PASS: TestAPITokenAuditDatabaseMatrix (0.34s)
    --- PASS: TestAPITokenAuditDatabaseMatrix/sqlite/separate_log=false (0.16s)
        --- PASS: TestAPITokenAuditDatabaseMatrix/sqlite/separate_log=false/create (0.00s)
        --- PASS: TestAPITokenAuditDatabaseMatrix/sqlite/separate_log=false/invalid_create (0.00s)
        --- PASS: TestAPITokenAuditDatabaseMatrix/sqlite/separate_log=false/malformed_body (0.00s)
        --- PASS: TestAPITokenAuditDatabaseMatrix/sqlite/separate_log=false/validation_error_exceeds_audit_buffer (0.00s)
        --- PASS: TestAPITokenAuditDatabaseMatrix/sqlite/separate_log=false/create_storage_failure (0.00s)
        --- PASS: TestAPITokenAuditDatabaseMatrix/sqlite/separate_log=false/normalized_update (0.00s)
        --- PASS: TestAPITokenAuditDatabaseMatrix/sqlite/separate_log=false/configuration_values_stay_private (0.00s)
        --- PASS: TestAPITokenAuditDatabaseMatrix/sqlite/separate_log=false/unchanged_update (0.00s)
        --- PASS: TestAPITokenAuditDatabaseMatrix/sqlite/separate_log=false/successful_response_exceeds_audit_buffer (0.01s)
        --- PASS: TestAPITokenAuditDatabaseMatrix/sqlite/separate_log=false/update_storage_failure (0.00s)
        --- PASS: TestAPITokenAuditDatabaseMatrix/sqlite/separate_log=false/foreign_update (0.00s)
        --- PASS: TestAPITokenAuditDatabaseMatrix/sqlite/separate_log=false/disable (0.00s)
        --- PASS: TestAPITokenAuditDatabaseMatrix/sqlite/separate_log=false/enable (0.00s)
        --- PASS: TestAPITokenAuditDatabaseMatrix/sqlite/separate_log=false/expired_enable (0.00s)
        --- PASS: TestAPITokenAuditDatabaseMatrix/sqlite/separate_log=false/delete (0.00s)
        --- PASS: TestAPITokenAuditDatabaseMatrix/sqlite/separate_log=false/foreign_delete (0.00s)
        --- PASS: TestAPITokenAuditDatabaseMatrix/sqlite/separate_log=false/missing_delete (0.00s)
        --- PASS: TestAPITokenAuditDatabaseMatrix/sqlite/separate_log=false/key_view (0.00s)
        --- PASS: TestAPITokenAuditDatabaseMatrix/sqlite/separate_log=false/PAT_key_view (0.00s)
        --- PASS: TestAPITokenAuditDatabaseMatrix/sqlite/separate_log=false/foreign_key_view (0.00s)
        --- PASS: TestAPITokenAuditDatabaseMatrix/sqlite/separate_log=false/rate_limited_key_view (0.00s)
        --- PASS: TestAPITokenAuditDatabaseMatrix/sqlite/separate_log=false/batch_delete_partial_and_duplicate (0.00s)
        --- PASS: TestAPITokenAuditDatabaseMatrix/sqlite/separate_log=false/empty_batch_delete (0.00s)
        --- PASS: TestAPITokenAuditDatabaseMatrix/sqlite/separate_log=false/batch_keys_partial_and_duplicate (0.00s)
        --- PASS: TestAPITokenAuditDatabaseMatrix/sqlite/separate_log=false/batch_keys_no_matches (0.00s)
        --- PASS: TestAPITokenAuditDatabaseMatrix/sqlite/separate_log=false/empty_batch_keys (0.00s)
        --- PASS: TestAPITokenAuditDatabaseMatrix/sqlite/separate_log=false/bounded_batch_metadata (0.00s)
        --- PASS: TestAPITokenAuditDatabaseMatrix/sqlite/separate_log=false/reads_and_unauthenticated_writes_add_no_operation_audit (0.00s)
        --- PASS: TestAPITokenAuditDatabaseMatrix/sqlite/separate_log=false/self_audit_excludes_other_owners (0.00s)
        --- PASS: TestAPITokenAuditDatabaseMatrix/sqlite/separate_log=false/audit_storage_failure_preserves_operation_result (0.00s)
    --- PASS: TestAPITokenAuditDatabaseMatrix/sqlite/separate_log=true (0.18s)
        --- PASS: TestAPITokenAuditDatabaseMatrix/sqlite/separate_log=true/create (0.00s)
        --- PASS: TestAPITokenAuditDatabaseMatrix/sqlite/separate_log=true/invalid_create (0.00s)
        --- PASS: TestAPITokenAuditDatabaseMatrix/sqlite/separate_log=true/malformed_body (0.00s)
        --- PASS: TestAPITokenAuditDatabaseMatrix/sqlite/separate_log=true/validation_error_exceeds_audit_buffer (0.00s)
        --- PASS: TestAPITokenAuditDatabaseMatrix/sqlite/separate_log=true/create_storage_failure (0.00s)
        --- PASS: TestAPITokenAuditDatabaseMatrix/sqlite/separate_log=true/normalized_update (0.00s)
        --- PASS: TestAPITokenAuditDatabaseMatrix/sqlite/separate_log=true/configuration_values_stay_private (0.00s)
        --- PASS: TestAPITokenAuditDatabaseMatrix/sqlite/separate_log=true/unchanged_update (0.00s)
        --- PASS: TestAPITokenAuditDatabaseMatrix/sqlite/separate_log=true/successful_response_exceeds_audit_buffer (0.01s)
        --- PASS: TestAPITokenAuditDatabaseMatrix/sqlite/separate_log=true/update_storage_failure (0.00s)
        --- PASS: TestAPITokenAuditDatabaseMatrix/sqlite/separate_log=true/foreign_update (0.00s)
        --- PASS: TestAPITokenAuditDatabaseMatrix/sqlite/separate_log=true/disable (0.00s)
        --- PASS: TestAPITokenAuditDatabaseMatrix/sqlite/separate_log=true/enable (0.00s)
        --- PASS: TestAPITokenAuditDatabaseMatrix/sqlite/separate_log=true/expired_enable (0.00s)
        --- PASS: TestAPITokenAuditDatabaseMatrix/sqlite/separate_log=true/delete (0.00s)
        --- PASS: TestAPITokenAuditDatabaseMatrix/sqlite/separate_log=true/foreign_delete (0.00s)
        --- PASS: TestAPITokenAuditDatabaseMatrix/sqlite/separate_log=true/missing_delete (0.00s)
        --- PASS: TestAPITokenAuditDatabaseMatrix/sqlite/separate_log=true/key_view (0.00s)
        --- PASS: TestAPITokenAuditDatabaseMatrix/sqlite/separate_log=true/PAT_key_view (0.00s)
        --- PASS: TestAPITokenAuditDatabaseMatrix/sqlite/separate_log=true/foreign_key_view (0.00s)
        --- PASS: TestAPITokenAuditDatabaseMatrix/sqlite/separate_log=true/rate_limited_key_view (0.00s)
        --- PASS: TestAPITokenAuditDatabaseMatrix/sqlite/separate_log=true/batch_delete_partial_and_duplicate (0.00s)
        --- PASS: TestAPITokenAuditDatabaseMatrix/sqlite/separate_log=true/empty_batch_delete (0.00s)
        --- PASS: TestAPITokenAuditDatabaseMatrix/sqlite/separate_log=true/batch_keys_partial_and_duplicate (0.00s)
        --- PASS: TestAPITokenAuditDatabaseMatrix/sqlite/separate_log=true/batch_keys_no_matches (0.00s)
        --- PASS: TestAPITokenAuditDatabaseMatrix/sqlite/separate_log=true/empty_batch_keys (0.00s)
        --- PASS: TestAPITokenAuditDatabaseMatrix/sqlite/separate_log=true/bounded_batch_metadata (0.00s)
        --- PASS: TestAPITokenAuditDatabaseMatrix/sqlite/separate_log=true/reads_and_unauthenticated_writes_add_no_operation_audit (0.00s)
        --- PASS: TestAPITokenAuditDatabaseMatrix/sqlite/separate_log=true/self_audit_excludes_other_owners (0.00s)
        --- PASS: TestAPITokenAuditDatabaseMatrix/sqlite/separate_log=true/audit_storage_failure_preserves_operation_result (0.00s)
    --- SKIP: TestAPITokenAuditDatabaseMatrix/mysql/separate_log=false (0.00s)
    --- SKIP: TestAPITokenAuditDatabaseMatrix/mysql/separate_log=true (0.00s)
    --- SKIP: TestAPITokenAuditDatabaseMatrix/postgres/separate_log=false (0.00s)
    --- SKIP: TestAPITokenAuditDatabaseMatrix/postgres/separate_log=true (0.00s)
=== RUN   TestTopUpQuotaValidation
=== RUN   TestTopUpQuotaValidation/currency_amount_below_limit
=== RUN   TestTopUpQuotaValidation/currency_amount_above_limit
=== RUN   TestTopUpQuotaValidation/token_amount_preserves_settlement_truncation
=== RUN   TestTopUpQuotaValidation/token_amount_above_legacy_int32_range
--- PASS: TestTopUpQuotaValidation (0.00s)
    --- PASS: TestTopUpQuotaValidation/currency_amount_below_limit (0.00s)
    --- PASS: TestTopUpQuotaValidation/currency_amount_above_limit (0.00s)
    --- PASS: TestTopUpQuotaValidation/token_amount_preserves_settlement_truncation (0.00s)
    --- PASS: TestTopUpQuotaValidation/token_amount_above_legacy_int32_range (0.00s)
=== RUN   TestValidateTopUpQuotaReturnsMaximumAmount
[SYS] 2026/09/11 - 21:15:51 | quota conversion (WalletQuotaFromDecimal) overflow: original=9.007199255e+15, clamped=9007199254740991 
--- PASS: TestValidateTopUpQuotaReturnsMaximumAmount (0.00s)
=== RUN   TestRequestAmountRejectsTopUpThatCannotBeSettled
[SYS] 2026/09/11 - 21:15:51 | quota conversion (WalletQuotaFromDecimal) overflow: original=9.007199255e+15, clamped=9007199254740991 
--- PASS: TestRequestAmountRejectsTopUpThatCannotBeSettled (0.00s)
=== RUN   TestRequestAmountRejectsTopUpThatWouldOverflowWallet
--- PASS: TestRequestAmountRejectsTopUpThatWouldOverflowWallet (0.00s)
=== RUN   TestValidateCreditedQuotaRejectsOverflow
[SYS] 2026/09/11 - 21:15:51 | quota conversion (WalletQuotaFromDecimal) overflow: original=9.007199254740992e+15, clamped=9007199254740991 
--- PASS: TestValidateCreditedQuotaRejectsOverflow (0.00s)
=== RUN   TestStripeCreditedQuotaIncludesGroupRatio
[SYS] 2026/09/11 - 21:15:51 | quota conversion (WalletQuotaFromDecimal) overflow: original=9.007199254740991e+21, clamped=9007199254740991 
--- PASS: TestStripeCreditedQuotaIncludesGroupRatio (0.00s)
=== RUN   TestFormatWaffoPancakeAmount_UsesDisplayPriceString
=== RUN   TestFormatWaffoPancakeAmount_UsesDisplayPriceString/whole_amount
=== RUN   TestFormatWaffoPancakeAmount_UsesDisplayPriceString/decimal_amount
=== RUN   TestFormatWaffoPancakeAmount_UsesDisplayPriceString/round_half_up_to_cents
--- PASS: TestFormatWaffoPancakeAmount_UsesDisplayPriceString (0.00s)
    --- PASS: TestFormatWaffoPancakeAmount_UsesDisplayPriceString/whole_amount (0.00s)
    --- PASS: TestFormatWaffoPancakeAmount_UsesDisplayPriceString/decimal_amount (0.00s)
    --- PASS: TestFormatWaffoPancakeAmount_UsesDisplayPriceString/round_half_up_to_cents (0.00s)
=== RUN   TestGetWaffoPancakePayMoney
=== RUN   TestGetWaffoPancakePayMoney/currency_display_applies_unit_price_group_ratio_and_discount
=== RUN   TestGetWaffoPancakePayMoney/tokens_display_converts_quota_to_display_units_before_pricing
=== RUN   TestGetWaffoPancakePayMoney/non-positive_discount_falls_back_to_no_discount
--- PASS: TestGetWaffoPancakePayMoney (0.00s)
    --- PASS: TestGetWaffoPancakePayMoney/currency_display_applies_unit_price_group_ratio_and_discount (0.00s)
    --- PASS: TestGetWaffoPancakePayMoney/tokens_display_converts_quota_to_display_units_before_pricing (0.00s)
    --- PASS: TestGetWaffoPancakePayMoney/non-positive_discount_falls_back_to_no_discount (0.00s)
=== RUN   TestGetAllFlowQuotaDatesUsesAdminDimensions
[SYS] 2026/09/11 - 21:15:51 | SQL_DSN not set, using SQLite as database 
--- PASS: TestGetAllFlowQuotaDatesUsesAdminDimensions (0.00s)
=== RUN   TestGetAllFlowQuotaDatesUsesRootDimensions
[SYS] 2026/09/11 - 21:15:51 | SQL_DSN not set, using SQLite as database 
--- PASS: TestGetAllFlowQuotaDatesUsesRootDimensions (0.00s)
=== RUN   TestGetUserFlowQuotaDatesRestrictsToAuthenticatedUser
[SYS] 2026/09/11 - 21:15:51 | SQL_DSN not set, using SQLite as database 
--- PASS: TestGetUserFlowQuotaDatesRestrictsToAuthenticatedUser (0.00s)
=== RUN   TestGetUserFlowQuotaDatesRejectsInvalidTimeRange
[SYS] 2026/09/11 - 21:15:51 | SQL_DSN not set, using SQLite as database 
--- PASS: TestGetUserFlowQuotaDatesRejectsInvalidTimeRange (0.00s)
=== RUN   TestPutSelfAvatarNormalizesImageAndReplacesPriorObject

2026/09/11 21:15:51 [31;1mD:/10178/Projects/new-api-upstream-sync/model/user_avatar.go:38 [35;1mrecord not found
[0m[33m[0.000ms] [34;1m[rows:0][0m SELECT * FROM `user_avatars` WHERE user_id = 7 ORDER BY `user_avatars`.`id` LIMIT 1

2026/09/11 21:15:51 [31;1mD:/10178/Projects/new-api-upstream-sync/model/user_avatar.go:67 [35;1mrecord not found
[0m[33m[0.000ms] [34;1m[rows:0][0m SELECT * FROM `user_avatars` WHERE user_id = 7 ORDER BY `user_avatars`.`id` LIMIT 1
--- PASS: TestPutSelfAvatarNormalizesImageAndReplacesPriorObject (0.01s)
=== RUN   TestPutSelfAvatarRejectsInvalidOrOversizedUploads
--- PASS: TestPutSelfAvatarRejectsInvalidOrOversizedUploads (0.01s)
=== RUN   TestGetAndDeleteSelfAvatarRespectPrivateMetadata

2026/09/11 21:15:51 [31;1mD:/10178/Projects/new-api-upstream-sync/model/user_avatar.go:67 [35;1mrecord not found
[0m[33m[0.000ms] [34;1m[rows:0][0m SELECT * FROM `user_avatars` WHERE user_id = 9 ORDER BY `user_avatars`.`id` LIMIT 1

2026/09/11 21:15:51 [31;1mD:/10178/Projects/new-api-upstream-sync/model/user_avatar.go:38 [35;1mrecord not found
[0m[33m[0.000ms] [34;1m[rows:0][0m SELECT * FROM `user_avatars` WHERE user_id = 9 ORDER BY `user_avatars`.`id` LIMIT 1
--- PASS: TestGetAndDeleteSelfAvatarRespectPrivateMetadata (0.00s)
=== RUN   TestGetSelfAvatarRejectsUnexpectedMetadata

2026/09/11 21:15:51 [31;1mD:/10178/Projects/new-api-upstream-sync/model/user_avatar.go:67 [35;1mrecord not found
[0m[33m[0.000ms] [34;1m[rows:0][0m SELECT * FROM `user_avatars` WHERE user_id = 10 ORDER BY `user_avatars`.`id` LIMIT 1
--- PASS: TestGetSelfAvatarRejectsUnexpectedMetadata (0.00s)
=== RUN   TestGetAdminUserAvatarServesExistingAvatarWithPrivateHeaders

2026/09/11 21:15:51 [31;1mD:/10178/Projects/new-api-upstream-sync/model/user_avatar.go:67 [35;1mrecord not found
[0m[33m[0.000ms] [34;1m[rows:0][0m SELECT * FROM `user_avatars` WHERE user_id = 1 ORDER BY `user_avatars`.`id` LIMIT 1
--- PASS: TestGetAdminUserAvatarServesExistingAvatarWithPrivateHeaders (0.01s)
=== RUN   TestGetAdminUserAvatarValidatesTargetAndReturnsNotFound

2026/09/11 21:15:51 [31;1mD:/10178/Projects/new-api-upstream-sync/model/user.go:546 [35;1mrecord not found
[0m[33m[0.000ms] [34;1m[rows:0][0m SELECT `users`.`id`,`users`.`username`,`users`.`display_name`,`users`.`role`,`users`.`status`,`users`.`email`,`users`.`github_id`,`users`.`discord_id`,`users`.`oidc_id`,`users`.`wechat_id`,`users`.`telegram_id`,`users`.`access_token_created_at`,`users`.`quota`,`users`.`used_quota`,`users`.`request_count`,`users`.`requests_per_minute`,`users`.`group`,`users`.`aff_code`,`users`.`aff_count`,`users`.`aff_quota`,`users`.`aff_history`,`users`.`inviter_id`,`users`.`deleted_at`,`users`.`linux_do_id`,`users`.`setting`,`users`.`remark`,`users`.`stripe_customer`,`users`.`created_at`,`users`.`last_login_at`,`users`.`auth_version`,`users`.`auto_ban_until`,`users`.`auto_ban_rule`,`users`.`auto_ban_record_id`,`users`.`auto_ban_response_status`,`users`.`auto_ban_response_code`,`users`.`auto_ban_response_message` FROM `users` WHERE id = 9999 AND `users`.`deleted_at` IS NULL AND `users`.`id` = 9999 ORDER BY `users`.`id` LIMIT 1

2026/09/11 21:15:51 [31;1mD:/10178/Projects/new-api-upstream-sync/model/user_avatar.go:38 [35;1mrecord not found
[0m[33m[0.000ms] [34;1m[rows:0][0m SELECT * FROM `user_avatars` WHERE user_id = 1 ORDER BY `user_avatars`.`id` LIMIT 1
--- PASS: TestGetAdminUserAvatarValidatesTargetAndReturnsNotFound (0.00s)
=== RUN   TestGetSelfAvatarSupportsConditionalRequestsAndChangesETag

2026/09/11 21:15:51 [31;1mD:/10178/Projects/new-api-upstream-sync/model/user_avatar.go:67 [35;1mrecord not found
[0m[33m[0.000ms] [34;1m[rows:0][0m SELECT * FROM `user_avatars` WHERE user_id = 11 ORDER BY `user_avatars`.`id` LIMIT 1
--- PASS: TestGetSelfAvatarSupportsConditionalRequestsAndChangesETag (0.01s)
=== RUN   TestManageUserDisableAdvancesAuthVersionOnceAndRevokesSession
    user_manage_test.go:97: database: sqlite 3.50.4, separate log database: false
--- PASS: TestManageUserDisableAdvancesAuthVersionOnceAndRevokesSession (0.07s)
=== RUN   TestManageUserDemoteAdvancesAuthVersionAndRevokesSessionsOnce
    user_manage_test.go:124: database: sqlite 3.50.4, separate log database: false
--- PASS: TestManageUserDemoteAdvancesAuthVersionAndRevokesSessionsOnce (0.07s)
=== RUN   TestManageUserDeleteReturnsImmediatelyAndUnknownActionFails
    user_manage_test.go:170: database: sqlite 3.50.4, separate log database: false

2026/09/11 21:15:52 [31;1mD:/10178/Projects/new-api-upstream-sync/model/user_avatar.go:38 [35;1mrecord not found
[0m[33m[0.000ms] [34;1m[rows:0][0m SELECT * FROM `user_avatars` WHERE user_id = 1 ORDER BY `user_avatars`.`id` LIMIT 1
    testing.go:1369: TempDir RemoveAll cleanup: unlinkat D:\10178\Projects\new-api-upstream-sync-backup-2026-09-10\B18-local-acceptance\controller-temp\TestManageUserDeleteReturnsImmediatelyAndUnknownActionFails3267915815\001: The directory is not empty.
--- FAIL: TestManageUserDeleteReturnsImmediatelyAndUnknownActionFails (0.07s)
=== RUN   TestManageUserQuotaRecordsTopupAndAudit
=== RUN   TestManageUserQuotaRecordsTopupAndAudit/add
    user_manage_test.go:219: database: sqlite 3.50.4, separate log database: false
=== RUN   TestManageUserQuotaRecordsTopupAndAudit/subtract
    user_manage_test.go:219: database: sqlite 3.50.4, separate log database: false
=== RUN   TestManageUserQuotaRecordsTopupAndAudit/override_up
    user_manage_test.go:219: database: sqlite 3.50.4, separate log database: false
=== RUN   TestManageUserQuotaRecordsTopupAndAudit/override_down
    user_manage_test.go:219: database: sqlite 3.50.4, separate log database: false
=== RUN   TestManageUserQuotaRecordsTopupAndAudit/override_unchanged
    user_manage_test.go:219: database: sqlite 3.50.4, separate log database: false
=== RUN   TestManageUserQuotaRecordsTopupAndAudit/override_zero
    user_manage_test.go:219: database: sqlite 3.50.4, separate log database: false
=== RUN   TestManageUserQuotaRecordsTopupAndAudit/override_negative
    user_manage_test.go:219: database: sqlite 3.50.4, separate log database: false
--- PASS: TestManageUserQuotaRecordsTopupAndAudit (0.51s)
    --- PASS: TestManageUserQuotaRecordsTopupAndAudit/add (0.07s)
    --- PASS: TestManageUserQuotaRecordsTopupAndAudit/subtract (0.07s)
    --- PASS: TestManageUserQuotaRecordsTopupAndAudit/override_up (0.07s)
    --- PASS: TestManageUserQuotaRecordsTopupAndAudit/override_down (0.07s)
    --- PASS: TestManageUserQuotaRecordsTopupAndAudit/override_unchanged (0.07s)
    --- PASS: TestManageUserQuotaRecordsTopupAndAudit/override_zero (0.07s)
    --- PASS: TestManageUserQuotaRecordsTopupAndAudit/override_negative (0.07s)
=== RUN   TestManageUserQuotaFailuresDoNotRecordTopup
=== RUN   TestManageUserQuotaFailuresDoNotRecordTopup/zero_add
    user_manage_test.go:296: database: sqlite 3.50.4, separate log database: false
=== RUN   TestManageUserQuotaFailuresDoNotRecordTopup/negative_subtract
    user_manage_test.go:296: database: sqlite 3.50.4, separate log database: false
=== RUN   TestManageUserQuotaFailuresDoNotRecordTopup/invalid_mode
    user_manage_test.go:296: database: sqlite 3.50.4, separate log database: false
=== RUN   TestManageUserQuotaFailuresDoNotRecordTopup/add_update_error
    user_manage_test.go:296: database: sqlite 3.50.4, separate log database: false
=== RUN   TestManageUserQuotaFailuresDoNotRecordTopup/subtract_update_error
    user_manage_test.go:296: database: sqlite 3.50.4, separate log database: false
=== RUN   TestManageUserQuotaFailuresDoNotRecordTopup/override_update_error
    user_manage_test.go:296: database: sqlite 3.50.4, separate log database: false
--- PASS: TestManageUserQuotaFailuresDoNotRecordTopup (0.42s)
    --- PASS: TestManageUserQuotaFailuresDoNotRecordTopup/zero_add (0.07s)
    --- PASS: TestManageUserQuotaFailuresDoNotRecordTopup/negative_subtract (0.07s)
    --- PASS: TestManageUserQuotaFailuresDoNotRecordTopup/invalid_mode (0.07s)
    --- PASS: TestManageUserQuotaFailuresDoNotRecordTopup/add_update_error (0.07s)
    --- PASS: TestManageUserQuotaFailuresDoNotRecordTopup/subtract_update_error (0.07s)
    --- PASS: TestManageUserQuotaFailuresDoNotRecordTopup/override_update_error (0.07s)
=== RUN   TestManageUserQuotaLogFailureKeepsSuccessfulAdjustment
=== RUN   TestManageUserQuotaLogFailureKeepsSuccessfulAdjustment/logs
    user_manage_test.go:338: database: sqlite 3.50.4, separate log database: false
[SYS] 2026/09/11 - 21:15:53 | failed to record log: quota log unavailable 
=== RUN   TestManageUserQuotaLogFailureKeepsSuccessfulAdjustment/audit_logs
    user_manage_test.go:338: database: sqlite 3.50.4, separate log database: false
[ERR] 2026/09/11 - 21:15:53 | SYSTEM | audit log write failed (request_id=quota-test-request): quota log unavailable 
--- PASS: TestManageUserQuotaLogFailureKeepsSuccessfulAdjustment (0.14s)
    --- PASS: TestManageUserQuotaLogFailureKeepsSuccessfulAdjustment/logs (0.07s)
    --- PASS: TestManageUserQuotaLogFailureKeepsSuccessfulAdjustment/audit_logs (0.07s)
=== RUN   TestManageUserQuotaTargetsAndWalletBounds
=== RUN   TestManageUserQuotaTargetsAndWalletBounds/zero_id
    user_manage_test.go:385: database: sqlite 3.50.4, separate log database: false
=== RUN   TestManageUserQuotaTargetsAndWalletBounds/negative_id
    user_manage_test.go:385: database: sqlite 3.50.4, separate log database: false
=== RUN   TestManageUserQuotaTargetsAndWalletBounds/missing
    user_manage_test.go:385: database: sqlite 3.50.4, separate log database: false

2026/09/11 21:15:53 [31;1mD:/10178/Projects/new-api-upstream-sync/model/user_quota_adjustment.go:40 [35;1mrecord not found
[0m[33m[0.000ms] [34;1m[rows:0][0m SELECT * FROM `users` WHERE `users`.`id` = 12345 AND `users`.`deleted_at` IS NULL ORDER BY `users`.`id` LIMIT 1
=== RUN   TestManageUserQuotaTargetsAndWalletBounds/deleted
    user_manage_test.go:385: database: sqlite 3.50.4, separate log database: false

2026/09/11 21:15:53 [31;1mD:/10178/Projects/new-api-upstream-sync/model/user_quota_adjustment.go:40 [35;1mrecord not found
[0m[33m[0.000ms] [34;1m[rows:0][0m SELECT * FROM `users` WHERE `users`.`id` = 1 AND `users`.`deleted_at` IS NULL ORDER BY `users`.`id` LIMIT 1
=== RUN   TestManageUserQuotaTargetsAndWalletBounds/peer_admin
    user_manage_test.go:385: database: sqlite 3.50.4, separate log database: false
=== RUN   TestManageUserQuotaTargetsAndWalletBounds/higher_role
    user_manage_test.go:385: database: sqlite 3.50.4, separate log database: false
=== RUN   TestManageUserQuotaTargetsAndWalletBounds/read_error
    user_manage_test.go:385: database: sqlite 3.50.4, separate log database: false

2026/09/11 21:15:53 [34;1mD:/10178/Projects/new-api-upstream-sync/controller/user_manage_test.go:411
[0m[35m[warn] [0mremoving callback `test:quota_read_error` from D:/10178/Projects/new-api-upstream-sync/controller/user_manage_test.go:411
=== RUN   TestManageUserQuotaTargetsAndWalletBounds/add_overflow
    user_manage_test.go:385: database: sqlite 3.50.4, separate log database: false
[SYS] 2026/09/11 - 21:15:53 | quota conversion (WalletQuotaFromDecimal) overflow: original=9.007199254740992e+15, clamped=9007199254740991 
=== RUN   TestManageUserQuotaTargetsAndWalletBounds/subtract_underflow
    user_manage_test.go:385: database: sqlite 3.50.4, separate log database: false
[SYS] 2026/09/11 - 21:15:53 | quota conversion (WalletQuotaFromDecimal) underflow: original=-9.007199254740992e+15, clamped=-9007199254740991 
=== RUN   TestManageUserQuotaTargetsAndWalletBounds/oversized_add
    user_manage_test.go:385: database: sqlite 3.50.4, separate log database: false
=== RUN   TestManageUserQuotaTargetsAndWalletBounds/oversized_subtract
    user_manage_test.go:385: database: sqlite 3.50.4, separate log database: false
=== RUN   TestManageUserQuotaTargetsAndWalletBounds/oversized_override
    user_manage_test.go:385: database: sqlite 3.50.4, separate log database: false
--- PASS: TestManageUserQuotaTargetsAndWalletBounds (0.85s)
    --- PASS: TestManageUserQuotaTargetsAndWalletBounds/zero_id (0.07s)
    --- PASS: TestManageUserQuotaTargetsAndWalletBounds/negative_id (0.07s)
    --- PASS: TestManageUserQuotaTargetsAndWalletBounds/missing (0.07s)
    --- PASS: TestManageUserQuotaTargetsAndWalletBounds/deleted (0.07s)
    --- PASS: TestManageUserQuotaTargetsAndWalletBounds/peer_admin (0.07s)
    --- PASS: TestManageUserQuotaTargetsAndWalletBounds/higher_role (0.07s)
    --- PASS: TestManageUserQuotaTargetsAndWalletBounds/read_error (0.07s)
    --- PASS: TestManageUserQuotaTargetsAndWalletBounds/add_overflow (0.07s)
    --- PASS: TestManageUserQuotaTargetsAndWalletBounds/subtract_underflow (0.07s)
    --- PASS: TestManageUserQuotaTargetsAndWalletBounds/oversized_add (0.07s)
    --- PASS: TestManageUserQuotaTargetsAndWalletBounds/oversized_subtract (0.07s)
    --- PASS: TestManageUserQuotaTargetsAndWalletBounds/oversized_override (0.07s)
=== RUN   TestManageUserQuotaMiddlewareKeepsOneOperationPerRequest
    user_manage_test.go:433: database: sqlite 3.50.4, separate log database: false
--- PASS: TestManageUserQuotaMiddlewareKeepsOneOperationPerRequest (0.08s)
=== RUN   TestManageUserQuotaConcurrentSnapshots
    user_manage_test.go:489: database: sqlite 3.50.4, separate log database: false
--- PASS: TestManageUserQuotaConcurrentSnapshots (0.07s)
=== RUN   TestManageUserQuotaCacheUsesCommittedIntegerDifference
=== RUN   TestManageUserQuotaCacheUsesCommittedIntegerDifference/add_preserves_reservations
    user_manage_test.go:563: database: sqlite 3.50.4, separate log database: false
=== RUN   TestManageUserQuotaCacheUsesCommittedIntegerDifference/subtract_preserves_reservations
    user_manage_test.go:563: database: sqlite 3.50.4, separate log database: false
=== RUN   TestManageUserQuotaCacheUsesCommittedIntegerDifference/override_preserves_reservations
    user_manage_test.go:563: database: sqlite 3.50.4, separate log database: false
=== RUN   TestManageUserQuotaCacheUsesCommittedIntegerDifference/large_odd_difference
    user_manage_test.go:563: database: sqlite 3.50.4, separate log database: false
=== RUN   TestManageUserQuotaCacheUsesCommittedIntegerDifference/rollback_does_not_change_cache
    user_manage_test.go:563: database: sqlite 3.50.4, separate log database: false

2026/09/11 21:15:54 [31;1mD:/10178/Projects/new-api-upstream-sync/model/user_quota_adjustment.go:63 [35;1mquota rollback
[0m[33m[0.000ms] [34;1m[rows:1][0m UPDATE `users` SET `quota`=500 WHERE id = 10000 AND `users`.`deleted_at` IS NULL
=== RUN   TestManageUserQuotaCacheUsesCommittedIntegerDifference/cache_error_keeps_committed_change
    user_manage_test.go:563: database: sqlite 3.50.4, separate log database: false
[SYS] 2026/09/11 - 21:15:54 | failed to sync manual quota adjustment for user 10000: ERR quota cache unavailable 
[SYS] 2026/09/11 - 21:15:54 | failed to synchronously populate user cache: ERR quota cache unavailable 
[SYS] 2026/09/11 - 21:15:54 | failed to synchronously populate user cache: ERR quota cache unavailable 
=== RUN   TestManageUserQuotaCacheUsesCommittedIntegerDifference/missing_cache_is_not_partially_created
    user_manage_test.go:563: database: sqlite 3.50.4, separate log database: false
--- PASS: TestManageUserQuotaCacheUsesCommittedIntegerDifference (0.53s)
    --- PASS: TestManageUserQuotaCacheUsesCommittedIntegerDifference/add_preserves_reservations (0.08s)
    --- PASS: TestManageUserQuotaCacheUsesCommittedIntegerDifference/subtract_preserves_reservations (0.07s)
    --- PASS: TestManageUserQuotaCacheUsesCommittedIntegerDifference/override_preserves_reservations (0.07s)
    --- PASS: TestManageUserQuotaCacheUsesCommittedIntegerDifference/large_odd_difference (0.08s)
    --- PASS: TestManageUserQuotaCacheUsesCommittedIntegerDifference/rollback_does_not_change_cache (0.07s)
    --- PASS: TestManageUserQuotaCacheUsesCommittedIntegerDifference/cache_error_keeps_committed_change (0.07s)
    --- PASS: TestManageUserQuotaCacheUsesCommittedIntegerDifference/missing_cache_is_not_partially_created (0.08s)
=== RUN   TestAdminUserUpdatePreservesPresenceAndStoresNilZeroAndPositive
    user_request_rate_limit_test.go:50: database: sqlite 3.50.4, separate log database: false
--- PASS: TestAdminUserUpdatePreservesPresenceAndStoresNilZeroAndPositive (0.08s)
=== RUN   TestUpdateSelfCannotChangeRequestsPerMinute
    user_request_rate_limit_test.go:93: database: sqlite 3.50.4, separate log database: false
    testing.go:1369: TempDir RemoveAll cleanup: unlinkat D:\10178\Projects\new-api-upstream-sync-backup-2026-09-10\B18-local-acceptance\controller-temp\TestUpdateSelfCannotChangeRequestsPerMinute933635796\001: The directory is not empty.
--- FAIL: TestUpdateSelfCannotChangeRequestsPerMinute (0.07s)
=== RUN   TestGeminiVideoPrivateKeyAuthorizesChannelGuard
=== RUN   TestGeminiVideoPrivateKeyAuthorizesChannelGuard/pending
[SYS] 2026/09/11 - 21:15:54 | SQL_DSN not set, using SQLite as database 
=== RUN   TestGeminiVideoPrivateKeyAuthorizesChannelGuard/deleting
[SYS] 2026/09/11 - 21:15:54 | SQL_DSN not set, using SQLite as database 
=== RUN   TestGeminiVideoPrivateKeyAuthorizesChannelGuard/deleted
[SYS] 2026/09/11 - 21:15:54 | SQL_DSN not set, using SQLite as database 
--- PASS: TestGeminiVideoPrivateKeyAuthorizesChannelGuard (0.01s)
    --- PASS: TestGeminiVideoPrivateKeyAuthorizesChannelGuard/pending (0.00s)
    --- PASS: TestGeminiVideoPrivateKeyAuthorizesChannelGuard/deleting (0.00s)
    --- PASS: TestGeminiVideoPrivateKeyAuthorizesChannelGuard/deleted (0.00s)
=== RUN   TestGeminiVideoGuardIDZeroIsCompatible
--- PASS: TestGeminiVideoGuardIDZeroIsCompatible (0.00s)
FAIL
FAIL	github.com/QuantumNous/new-api/controller	34.028s
FAIL
