{"Time":"2026-09-11T04:04:11.8752902+08:00","Action":"start","Package":"github.com/QuantumNous/new-api/common"}
{"Time":"2026-09-11T04:04:12.3212943+08:00","Action":"run","Package":"github.com/QuantumNous/new-api/common","Test":"TestNewReplayableBodyReaderKeepsStorageLifecycleWithCaller"}
{"Time":"2026-09-11T04:04:12.3212943+08:00","Action":"output","Package":"github.com/QuantumNous/new-api/common","Test":"TestNewReplayableBodyReaderKeepsStorageLifecycleWithCaller","Output":"=== RUN   TestNewReplayableBodyReaderKeepsStorageLifecycleWithCaller\n"}
{"Time":"2026-09-11T04:04:12.3218147+08:00","Action":"output","Package":"github.com/QuantumNous/new-api/common","Test":"TestNewReplayableBodyReaderKeepsStorageLifecycleWithCaller","Output":"--- PASS: TestNewReplayableBodyReaderKeepsStorageLifecycleWithCaller (0.00s)\n"}
{"Time":"2026-09-11T04:04:12.3218147+08:00","Action":"pass","Package":"github.com/QuantumNous/new-api/common","Test":"TestNewReplayableBodyReaderKeepsStorageLifecycleWithCaller","Elapsed":0}
{"Time":"2026-09-11T04:04:12.3218147+08:00","Action":"run","Package":"github.com/QuantumNous/new-api/common","Test":"TestSendEmailUsesExplicitStartTLSWithInsecureCertificate"}
{"Time":"2026-09-11T04:04:12.3218147+08:00","Action":"output","Package":"github.com/QuantumNous/new-api/common","Test":"TestSendEmailUsesExplicitStartTLSWithInsecureCertificate","Output":"=== RUN   TestSendEmailUsesExplicitStartTLSWithInsecureCertificate\n"}
{"Time":"2026-09-11T04:04:12.3432051+08:00","Action":"start","Package":"github.com/QuantumNous/new-api/relay/common"}
{"Time":"2026-09-11T04:04:12.4271043+08:00","Action":"output","Package":"github.com/QuantumNous/new-api/common","Test":"TestSendEmailUsesExplicitStartTLSWithInsecureCertificate","Output":"--- PASS: TestSendEmailUsesExplicitStartTLSWithInsecureCertificate (0.11s)\n"}
{"Time":"2026-09-11T04:04:12.4271043+08:00","Action":"pass","Package":"github.com/QuantumNous/new-api/common","Test":"TestSendEmailUsesExplicitStartTLSWithInsecureCertificate","Elapsed":0.11}
{"Time":"2026-09-11T04:04:12.4271043+08:00","Action":"run","Package":"github.com/QuantumNous/new-api/common","Test":"TestSendEmailExplicitStartTLSRequiresServerSupport"}
{"Time":"2026-09-11T04:04:12.4271043+08:00","Action":"output","Package":"github.com/QuantumNous/new-api/common","Test":"TestSendEmailExplicitStartTLSRequiresServerSupport","Output":"=== RUN   TestSendEmailExplicitStartTLSRequiresServerSupport\n"}
{"Time":"2026-09-11T04:04:12.4607501+08:00","Action":"output","Package":"github.com/QuantumNous/new-api/common","Test":"TestSendEmailExplicitStartTLSRequiresServerSupport","Output":"--- PASS: TestSendEmailExplicitStartTLSRequiresServerSupport (0.03s)\n"}
{"Time":"2026-09-11T04:04:12.4607501+08:00","Action":"pass","Package":"github.com/QuantumNous/new-api/common","Test":"TestSendEmailExplicitStartTLSRequiresServerSupport","Elapsed":0.03}
{"Time":"2026-09-11T04:04:12.4607501+08:00","Action":"run","Package":"github.com/QuantumNous/new-api/common","Test":"TestSendEmailDoesNotAutoUpgradeWhenStartTLSDisabled"}
{"Time":"2026-09-11T04:04:12.4607501+08:00","Action":"output","Package":"github.com/QuantumNous/new-api/common","Test":"TestSendEmailDoesNotAutoUpgradeWhenStartTLSDisabled","Output":"=== RUN   TestSendEmailDoesNotAutoUpgradeWhenStartTLSDisabled\n"}
{"Time":"2026-09-11T04:04:12.4918995+08:00","Action":"output","Package":"github.com/QuantumNous/new-api/common","Test":"TestSendEmailDoesNotAutoUpgradeWhenStartTLSDisabled","Output":"--- PASS: TestSendEmailDoesNotAutoUpgradeWhenStartTLSDisabled (0.03s)\n"}
{"Time":"2026-09-11T04:04:12.4918995+08:00","Action":"pass","Package":"github.com/QuantumNous/new-api/common","Test":"TestSendEmailDoesNotAutoUpgradeWhenStartTLSDisabled","Elapsed":0.03}
{"Time":"2026-09-11T04:04:12.4918995+08:00","Action":"run","Package":"github.com/QuantumNous/new-api/common","Test":"TestSMTPPlainAuthRejectsRemotePlaintextConnection"}
{"Time":"2026-09-11T04:04:12.4918995+08:00","Action":"output","Package":"github.com/QuantumNous/new-api/common","Test":"TestSMTPPlainAuthRejectsRemotePlaintextConnection","Output":"=== RUN   TestSMTPPlainAuthRejectsRemotePlaintextConnection\n"}
{"Time":"2026-09-11T04:04:12.4981204+08:00","Action":"output","Package":"github.com/QuantumNous/new-api/common","Test":"TestSMTPPlainAuthRejectsRemotePlaintextConnection","Output":"--- PASS: TestSMTPPlainAuthRejectsRemotePlaintextConnection (0.01s)\n"}
{"Time":"2026-09-11T04:04:12.4981204+08:00","Action":"pass","Package":"github.com/QuantumNous/new-api/common","Test":"TestSMTPPlainAuthRejectsRemotePlaintextConnection","Elapsed":0.01}
{"Time":"2026-09-11T04:04:12.4981204+08:00","Action":"run","Package":"github.com/QuantumNous/new-api/common","Test":"TestNewSMTPClientHonorsExplicitStartTLSWhenPortIs465"}
{"Time":"2026-09-11T04:04:12.4981204+08:00","Action":"output","Package":"github.com/QuantumNous/new-api/common","Test":"TestNewSMTPClientHonorsExplicitStartTLSWhenPortIs465","Output":"=== RUN   TestNewSMTPClientHonorsExplicitStartTLSWhenPortIs465\n"}
{"Time":"2026-09-11T04:04:12.5190917+08:00","Action":"output","Package":"github.com/QuantumNous/new-api/common","Test":"TestNewSMTPClientHonorsExplicitStartTLSWhenPortIs465","Output":"--- PASS: TestNewSMTPClientHonorsExplicitStartTLSWhenPortIs465 (0.02s)\n"}
{"Time":"2026-09-11T04:04:12.5190917+08:00","Action":"pass","Package":"github.com/QuantumNous/new-api/common","Test":"TestNewSMTPClientHonorsExplicitStartTLSWhenPortIs465","Elapsed":0.02}
{"Time":"2026-09-11T04:04:12.5190917+08:00","Action":"run","Package":"github.com/QuantumNous/new-api/common","Test":"TestNewSMTPClientKeepsImplicitTLSForLegacyPort465"}
{"Time":"2026-09-11T04:04:12.5190917+08:00","Action":"output","Package":"github.com/QuantumNous/new-api/common","Test":"TestNewSMTPClientKeepsImplicitTLSForLegacyPort465","Output":"=== RUN   TestNewSMTPClientKeepsImplicitTLSForLegacyPort465\n"}
{"Time":"2026-09-11T04:04:12.588373+08:00","Action":"output","Package":"github.com/QuantumNous/new-api/common","Test":"TestNewSMTPClientKeepsImplicitTLSForLegacyPort465","Output":"--- PASS: TestNewSMTPClientKeepsImplicitTLSForLegacyPort465 (0.07s)\n"}
{"Time":"2026-09-11T04:04:12.588373+08:00","Action":"pass","Package":"github.com/QuantumNous/new-api/common","Test":"TestNewSMTPClientKeepsImplicitTLSForLegacyPort465","Elapsed":0.07}
{"Time":"2026-09-11T04:04:12.588373+08:00","Action":"run","Package":"github.com/QuantumNous/new-api/common","Test":"TestSendEmailSkipsAuthWhenCredentialsAreEmpty"}
{"Time":"2026-09-11T04:04:12.588373+08:00","Action":"output","Package":"github.com/QuantumNous/new-api/common","Test":"TestSendEmailSkipsAuthWhenCredentialsAreEmpty","Output":"=== RUN   TestSendEmailSkipsAuthWhenCredentialsAreEmpty\n"}
{"Time":"2026-09-11T04:04:12.60929+08:00","Action":"output","Package":"github.com/QuantumNous/new-api/common","Test":"TestSendEmailSkipsAuthWhenCredentialsAreEmpty","Output":"--- PASS: TestSendEmailSkipsAuthWhenCredentialsAreEmpty (0.02s)\n"}
{"Time":"2026-09-11T04:04:12.60929+08:00","Action":"pass","Package":"github.com/QuantumNous/new-api/common","Test":"TestSendEmailSkipsAuthWhenCredentialsAreEmpty","Elapsed":0.02}
{"Time":"2026-09-11T04:04:12.60929+08:00","Action":"run","Package":"github.com/QuantumNous/new-api/common","Test":"TestSendEmailSkipsAuthWhenCredentialsAreIncomplete"}
{"Time":"2026-09-11T04:04:12.60929+08:00","Action":"output","Package":"github.com/QuantumNous/new-api/common","Test":"TestSendEmailSkipsAuthWhenCredentialsAreIncomplete","Output":"=== RUN   TestSendEmailSkipsAuthWhenCredentialsAreIncomplete\n"}
{"Time":"2026-09-11T04:04:12.6182394+08:00","Action":"output","Package":"github.com/QuantumNous/new-api/common","Test":"TestSendEmailSkipsAuthWhenCredentialsAreIncomplete","Output":"--- PASS: TestSendEmailSkipsAuthWhenCredentialsAreIncomplete (0.01s)\n"}
{"Time":"2026-09-11T04:04:12.6182394+08:00","Action":"pass","Package":"github.com/QuantumNous/new-api/common","Test":"TestSendEmailSkipsAuthWhenCredentialsAreIncomplete","Elapsed":0.01}
{"Time":"2026-09-11T04:04:12.6182394+08:00","Action":"run","Package":"github.com/QuantumNous/new-api/common","Test":"TestSendEmailUsesNTLMWhenServerOnlySupportsNTLM"}
{"Time":"2026-09-11T04:04:12.6182394+08:00","Action":"output","Package":"github.com/QuantumNous/new-api/common","Test":"TestSendEmailUsesNTLMWhenServerOnlySupportsNTLM","Output":"=== RUN   TestSendEmailUsesNTLMWhenServerOnlySupportsNTLM\n"}
{"Time":"2026-09-11T04:04:12.6487186+08:00","Action":"output","Package":"github.com/QuantumNous/new-api/common","Test":"TestSendEmailUsesNTLMWhenServerOnlySupportsNTLM","Output":"--- PASS: TestSendEmailUsesNTLMWhenServerOnlySupportsNTLM (0.03s)\n"}
{"Time":"2026-09-11T04:04:12.6487186+08:00","Action":"pass","Package":"github.com/QuantumNous/new-api/common","Test":"TestSendEmailUsesNTLMWhenServerOnlySupportsNTLM","Elapsed":0.03}
{"Time":"2026-09-11T04:04:12.6487186+08:00","Action":"run","Package":"github.com/QuantumNous/new-api/common","Test":"TestSendEmailUsesNTLMForMicrosoftAccountWhenServerOnlySupportsNTLM"}
{"Time":"2026-09-11T04:04:12.6487186+08:00","Action":"output","Package":"github.com/QuantumNous/new-api/common","Test":"TestSendEmailUsesNTLMForMicrosoftAccountWhenServerOnlySupportsNTLM","Output":"=== RUN   TestSendEmailUsesNTLMForMicrosoftAccountWhenServerOnlySupportsNTLM\n"}
{"Time":"2026-09-11T04:04:12.6916605+08:00","Action":"output","Package":"github.com/QuantumNous/new-api/common","Test":"TestSendEmailUsesNTLMForMicrosoftAccountWhenServerOnlySupportsNTLM","Output":"--- PASS: TestSendEmailUsesNTLMForMicrosoftAccountWhenServerOnlySupportsNTLM (0.04s)\n"}
{"Time":"2026-09-11T04:04:12.6921911+08:00","Action":"pass","Package":"github.com/QuantumNous/new-api/common","Test":"TestSendEmailUsesNTLMForMicrosoftAccountWhenServerOnlySupportsNTLM","Elapsed":0.04}
{"Time":"2026-09-11T04:04:12.6921911+08:00","Action":"run","Package":"github.com/QuantumNous/new-api/common","Test":"TestSendEmailExplicitStartTLSRejectsUntrustedCertificateByDefault"}
{"Time":"2026-09-11T04:04:12.6921911+08:00","Action":"output","Package":"github.com/QuantumNous/new-api/common","Test":"TestSendEmailExplicitStartTLSRejectsUntrustedCertificateByDefault","Output":"=== RUN   TestSendEmailExplicitStartTLSRejectsUntrustedCertificateByDefault\n"}
{"Time":"2026-09-11T04:04:12.768722+08:00","Action":"output","Package":"github.com/QuantumNous/new-api/common","Test":"TestSendEmailExplicitStartTLSRejectsUntrustedCertificateByDefault","Output":"--- PASS: TestSendEmailExplicitStartTLSRejectsUntrustedCertificateByDefault (0.08s)\n"}
{"Time":"2026-09-11T04:04:12.768722+08:00","Action":"pass","Package":"github.com/QuantumNous/new-api/common","Test":"TestSendEmailExplicitStartTLSRejectsUntrustedCertificateByDefault","Elapsed":0.08}
{"Time":"2026-09-11T04:04:12.768722+08:00","Action":"run","Package":"github.com/QuantumNous/new-api/common","Test":"TestInitConstantEnvEnablesErrorLogsByDefault"}
{"Time":"2026-09-11T04:04:12.768722+08:00","Action":"output","Package":"github.com/QuantumNous/new-api/common","Test":"TestInitConstantEnvEnablesErrorLogsByDefault","Output":"=== RUN   TestInitConstantEnvEnablesErrorLogsByDefault\n"}
{"Time":"2026-09-11T04:04:12.768722+08:00","Action":"output","Package":"github.com/QuantumNous/new-api/common","Test":"TestInitConstantEnvEnablesErrorLogsByDefault","Output":"--- PASS: TestInitConstantEnvEnablesErrorLogsByDefault (0.00s)\n"}
{"Time":"2026-09-11T04:04:12.768722+08:00","Action":"pass","Package":"github.com/QuantumNous/new-api/common","Test":"TestInitConstantEnvEnablesErrorLogsByDefault","Elapsed":0}
{"Time":"2026-09-11T04:04:12.768722+08:00","Action":"run","Package":"github.com/QuantumNous/new-api/common","Test":"TestJsonRawMessageToString"}
{"Time":"2026-09-11T04:04:12.768722+08:00","Action":"output","Package":"github.com/QuantumNous/new-api/common","Test":"TestJsonRawMessageToString","Output":"=== RUN   TestJsonRawMessageToString\n"}
{"Time":"2026-09-11T04:04:12.768722+08:00","Action":"run","Package":"github.com/QuantumNous/new-api/common","Test":"TestJsonRawMessageToString/object"}
{"Time":"2026-09-11T04:04:12.768722+08:00","Action":"output","Package":"github.com/QuantumNous/new-api/common","Test":"TestJsonRawMessageToString/object","Output":"=== RUN   TestJsonRawMessageToString/object\n"}
{"Time":"2026-09-11T04:04:12.768722+08:00","Action":"output","Package":"github.com/QuantumNous/new-api/common","Test":"TestJsonRawMessageToString/object","Output":"--- PASS: TestJsonRawMessageToString/object (0.00s)\n"}
{"Time":"2026-09-11T04:04:12.768722+08:00","Action":"pass","Package":"github.com/QuantumNous/new-api/common","Test":"TestJsonRawMessageToString/object","Elapsed":0}
{"Time":"2026-09-11T04:04:12.768722+08:00","Action":"run","Package":"github.com/QuantumNous/new-api/common","Test":"TestJsonRawMessageToString/string"}
{"Time":"2026-09-11T04:04:12.768722+08:00","Action":"output","Package":"github.com/QuantumNous/new-api/common","Test":"TestJsonRawMessageToString/string","Output":"=== RUN   TestJsonRawMessageToString/string\n"}
{"Time":"2026-09-11T04:04:12.768722+08:00","Action":"output","Package":"github.com/QuantumNous/new-api/common","Test":"TestJsonRawMessageToString/string","Output":"--- PASS: TestJsonRawMessageToString/string (0.00s)\n"}
{"Time":"2026-09-11T04:04:12.768722+08:00","Action":"pass","Package":"github.com/QuantumNous/new-api/common","Test":"TestJsonRawMessageToString/string","Elapsed":0}
{"Time":"2026-09-11T04:04:12.768722+08:00","Action":"run","Package":"github.com/QuantumNous/new-api/common","Test":"TestJsonRawMessageToString/null"}
{"Time":"2026-09-11T04:04:12.768722+08:00","Action":"output","Package":"github.com/QuantumNous/new-api/common","Test":"TestJsonRawMessageToString/null","Output":"=== RUN   TestJsonRawMessageToString/null\n"}
{"Time":"2026-09-11T04:04:12.768722+08:00","Action":"output","Package":"github.com/QuantumNous/new-api/common","Test":"TestJsonRawMessageToString/null","Output":"--- PASS: TestJsonRawMessageToString/null (0.00s)\n"}
{"Time":"2026-09-11T04:04:12.768722+08:00","Action":"pass","Package":"github.com/QuantumNous/new-api/common","Test":"TestJsonRawMessageToString/null","Elapsed":0}
{"Time":"2026-09-11T04:04:12.768722+08:00","Action":"run","Package":"github.com/QuantumNous/new-api/common","Test":"TestJsonRawMessageToString/empty"}
{"Time":"2026-09-11T04:04:12.768722+08:00","Action":"output","Package":"github.com/QuantumNous/new-api/common","Test":"TestJsonRawMessageToString/empty","Output":"=== RUN   TestJsonRawMessageToString/empty\n"}
{"Time":"2026-09-11T04:04:12.7692346+08:00","Action":"output","Package":"github.com/QuantumNous/new-api/common","Test":"TestJsonRawMessageToString/empty","Output":"--- PASS: TestJsonRawMessageToString/empty (0.00s)\n"}
{"Time":"2026-09-11T04:04:12.7692346+08:00","Action":"pass","Package":"github.com/QuantumNous/new-api/common","Test":"TestJsonRawMessageToString/empty","Elapsed":0}
{"Time":"2026-09-11T04:04:12.7692346+08:00","Action":"output","Package":"github.com/QuantumNous/new-api/common","Test":"TestJsonRawMessageToString","Output":"--- PASS: TestJsonRawMessageToString (0.00s)\n"}
{"Time":"2026-09-11T04:04:12.7692346+08:00","Action":"pass","Package":"github.com/QuantumNous/new-api/common","Test":"TestJsonRawMessageToString","Elapsed":0}
{"Time":"2026-09-11T04:04:12.7692346+08:00","Action":"run","Package":"github.com/QuantumNous/new-api/common","Test":"TestQuotaFromFloat"}
{"Time":"2026-09-11T04:04:12.7692346+08:00","Action":"output","Package":"github.com/QuantumNous/new-api/common","Test":"TestQuotaFromFloat","Output":"=== RUN   TestQuotaFromFloat\n"}
{"Time":"2026-09-11T04:04:12.7692346+08:00","Action":"output","Package":"github.com/QuantumNous/new-api/common","Test":"TestQuotaFromFloat","Output":"[SYS] 2026/09/11 - 04:04:12 | quota conversion (QuotaFromFloat) overflow: original=3.6893488147373293e+22, clamped=2147483647 \n"}
{"Time":"2026-09-11T04:04:12.7692346+08:00","Action":"output","Package":"github.com/QuantumNous/new-api/common","Test":"TestQuotaFromFloat","Output":"[SYS] 2026/09/11 - 04:04:12 | quota conversion (QuotaFromFloat) underflow: original=-3.6893488147373293e+22, clamped=-2147483648 \n"}
{"Time":"2026-09-11T04:04:12.7692346+08:00","Action":"output","Package":"github.com/QuantumNous/new-api/common","Test":"TestQuotaFromFloat","Output":"[SYS] 2026/09/11 - 04:04:12 | quota conversion (QuotaFromFloat) overflow: original=+Inf, clamped=2147483647 \n"}
{"Time":"2026-09-11T04:04:12.7692346+08:00","Action":"output","Package":"github.com/QuantumNous/new-api/common","Test":"TestQuotaFromFloat","Output":"[SYS] 2026/09/11 - 04:04:12 | quota conversion (QuotaFromFloat) underflow: original=-Inf, clamped=-2147483648 \n"}
{"Time":"2026-09-11T04:04:12.7692346+08:00","Action":"output","Package":"github.com/QuantumNous/new-api/common","Test":"TestQuotaFromFloat","Output":"[SYS] 2026/09/11 - 04:04:12 | quota conversion (QuotaFromFloat) nan: original=NaN, clamped=0 \n"}
{"Time":"2026-09-11T04:04:12.7692346+08:00","Action":"output","Package":"github.com/QuantumNous/new-api/common","Test":"TestQuotaFromFloat","Output":"--- PASS: TestQuotaFromFloat (0.00s)\n"}
{"Time":"2026-09-11T04:04:12.7692346+08:00","Action":"pass","Package":"github.com/QuantumNous/new-api/common","Test":"TestQuotaFromFloat","Elapsed":0}
{"Time":"2026-09-11T04:04:12.7692346+08:00","Action":"run","Package":"github.com/QuantumNous/new-api/common","Test":"TestQuotaRound"}
{"Time":"2026-09-11T04:04:12.7692346+08:00","Action":"output","Package":"github.com/QuantumNous/new-api/common","Test":"TestQuotaRound","Output":"=== RUN   TestQuotaRound\n"}
{"Time":"2026-09-11T04:04:12.7692346+08:00","Action":"output","Package":"github.com/QuantumNous/new-api/common","Test":"TestQuotaRound","Output":"[SYS] 2026/09/11 - 04:04:12 | quota conversion (QuotaRound) overflow: original=3.6893488147373293e+22, clamped=2147483647 \n"}
{"Time":"2026-09-11T04:04:12.7692346+08:00","Action":"output","Package":"github.com/QuantumNous/new-api/common","Test":"TestQuotaRound","Output":"[SYS] 2026/09/11 - 04:04:12 | quota conversion (QuotaRound) underflow: original=-3.6893488147373293e+22, clamped=-2147483648 \n"}
{"Time":"2026-09-11T04:04:12.7692346+08:00","Action":"output","Package":"github.com/QuantumNous/new-api/common","Test":"TestQuotaRound","Output":"[SYS] 2026/09/11 - 04:04:12 | quota conversion (QuotaRound) nan: original=NaN, clamped=0 \n"}
{"Time":"2026-09-11T04:04:12.7692346+08:00","Action":"output","Package":"github.com/QuantumNous/new-api/common","Test":"TestQuotaRound","Output":"--- PASS: TestQuotaRound (0.00s)\n"}
{"Time":"2026-09-11T04:04:12.7692346+08:00","Action":"pass","Package":"github.com/QuantumNous/new-api/common","Test":"TestQuotaRound","Elapsed":0}
{"Time":"2026-09-11T04:04:12.7692346+08:00","Action":"run","Package":"github.com/QuantumNous/new-api/common","Test":"TestQuotaFromDecimal"}
{"Time":"2026-09-11T04:04:12.7692346+08:00","Action":"output","Package":"github.com/QuantumNous/new-api/common","Test":"TestQuotaFromDecimal","Output":"=== RUN   TestQuotaFromDecimal\n"}
{"Time":"2026-09-11T04:04:12.7692346+08:00","Action":"output","Package":"github.com/QuantumNous/new-api/common","Test":"TestQuotaFromDecimal","Output":"[SYS] 2026/09/11 - 04:04:12 | quota conversion (QuotaFromDecimal) overflow: original=3.6893488147373293e+22, clamped=2147483647 \n"}
{"Time":"2026-09-11T04:04:12.7692346+08:00","Action":"output","Package":"github.com/QuantumNous/new-api/common","Test":"TestQuotaFromDecimal","Output":"[SYS] 2026/09/11 - 04:04:12 | quota conversion (QuotaFromDecimal) underflow: original=-3.6893488147373293e+22, clamped=-2147483648 \n"}
{"Time":"2026-09-11T04:04:12.7692346+08:00","Action":"output","Package":"github.com/QuantumNous/new-api/common","Test":"TestQuotaFromDecimal","Output":"--- PASS: TestQuotaFromDecimal (0.00s)\n"}
{"Time":"2026-09-11T04:04:12.7692346+08:00","Action":"pass","Package":"github.com/QuantumNous/new-api/common","Test":"TestQuotaFromDecimal","Elapsed":0}
{"Time":"2026-09-11T04:04:12.7692346+08:00","Action":"run","Package":"github.com/QuantumNous/new-api/common","Test":"TestQuotaFromFloatChecked"}
{"Time":"2026-09-11T04:04:12.7692346+08:00","Action":"output","Package":"github.com/QuantumNous/new-api/common","Test":"TestQuotaFromFloatChecked","Output":"=== RUN   TestQuotaFromFloatChecked\n"}
{"Time":"2026-09-11T04:04:12.7692346+08:00","Action":"output","Package":"github.com/QuantumNous/new-api/common","Test":"TestQuotaFromFloatChecked","Output":"[SYS] 2026/09/11 - 04:04:12 | quota conversion (QuotaFromFloat) overflow: original=3.6893488147373293e+22, clamped=2147483647 \n"}
{"Time":"2026-09-11T04:04:12.7692346+08:00","Action":"output","Package":"github.com/QuantumNous/new-api/common","Test":"TestQuotaFromFloatChecked","Output":"[SYS] 2026/09/11 - 04:04:12 | quota conversion (QuotaFromFloat) underflow: original=-3.6893488147373293e+22, clamped=-2147483648 \n"}
{"Time":"2026-09-11T04:04:12.7692346+08:00","Action":"output","Package":"github.com/QuantumNous/new-api/common","Test":"TestQuotaFromFloatChecked","Output":"[SYS] 2026/09/11 - 04:04:12 | quota conversion (QuotaFromFloat) nan: original=NaN, clamped=0 \n"}
{"Time":"2026-09-11T04:04:12.7692346+08:00","Action":"output","Package":"github.com/QuantumNous/new-api/common","Test":"TestQuotaFromFloatChecked","Output":"--- PASS: TestQuotaFromFloatChecked (0.00s)\n"}
{"Time":"2026-09-11T04:04:12.7692346+08:00","Action":"pass","Package":"github.com/QuantumNous/new-api/common","Test":"TestQuotaFromFloatChecked","Elapsed":0}
{"Time":"2026-09-11T04:04:12.7692346+08:00","Action":"run","Package":"github.com/QuantumNous/new-api/common","Test":"TestQuotaFromFloatStrictReturnsTypedClampError"}
{"Time":"2026-09-11T04:04:12.7692346+08:00","Action":"output","Package":"github.com/QuantumNous/new-api/common","Test":"TestQuotaFromFloatStrictReturnsTypedClampError","Output":"=== RUN   TestQuotaFromFloatStrictReturnsTypedClampError\n"}
{"Time":"2026-09-11T04:04:12.7692346+08:00","Action":"output","Package":"github.com/QuantumNous/new-api/common","Test":"TestQuotaFromFloatStrictReturnsTypedClampError","Output":"[SYS] 2026/09/11 - 04:04:12 | quota conversion (QuotaFromFloat) overflow: original=3.6893488147373293e+22, clamped=2147483647 \n"}
{"Time":"2026-09-11T04:04:12.7692346+08:00","Action":"output","Package":"github.com/QuantumNous/new-api/common","Test":"TestQuotaFromFloatStrictReturnsTypedClampError","Output":"--- PASS: TestQuotaFromFloatStrictReturnsTypedClampError (0.00s)\n"}
{"Time":"2026-09-11T04:04:12.7692346+08:00","Action":"pass","Package":"github.com/QuantumNous/new-api/common","Test":"TestQuotaFromFloatStrictReturnsTypedClampError","Elapsed":0}
{"Time":"2026-09-11T04:04:12.7692346+08:00","Action":"run","Package":"github.com/QuantumNous/new-api/common","Test":"TestQuotaRoundChecked"}
{"Time":"2026-09-11T04:04:12.7692346+08:00","Action":"output","Package":"github.com/QuantumNous/new-api/common","Test":"TestQuotaRoundChecked","Output":"=== RUN   TestQuotaRoundChecked\n"}
{"Time":"2026-09-11T04:04:12.7692346+08:00","Action":"output","Package":"github.com/QuantumNous/new-api/common","Test":"TestQuotaRoundChecked","Output":"[SYS] 2026/09/11 - 04:04:12 | quota conversion (QuotaRound) overflow: original=3.6893488147373293e+22, clamped=2147483647 \n"}
{"Time":"2026-09-11T04:04:12.7692346+08:00","Action":"output","Package":"github.com/QuantumNous/new-api/common","Test":"TestQuotaRoundChecked","Output":"--- PASS: TestQuotaRoundChecked (0.00s)\n"}
{"Time":"2026-09-11T04:04:12.7692346+08:00","Action":"pass","Package":"github.com/QuantumNous/new-api/common","Test":"TestQuotaRoundChecked","Elapsed":0}
{"Time":"2026-09-11T04:04:12.7692346+08:00","Action":"run","Package":"github.com/QuantumNous/new-api/common","Test":"TestQuotaFromDecimalChecked"}
{"Time":"2026-09-11T04:04:12.7692346+08:00","Action":"output","Package":"github.com/QuantumNous/new-api/common","Test":"TestQuotaFromDecimalChecked","Output":"=== RUN   TestQuotaFromDecimalChecked\n"}
{"Time":"2026-09-11T04:04:12.7692346+08:00","Action":"output","Package":"github.com/QuantumNous/new-api/common","Test":"TestQuotaFromDecimalChecked","Output":"[SYS] 2026/09/11 - 04:04:12 | quota conversion (QuotaFromDecimal) overflow: original=3.6893488147373293e+22, clamped=2147483647 \n"}
{"Time":"2026-09-11T04:04:12.7692346+08:00","Action":"output","Package":"github.com/QuantumNous/new-api/common","Test":"TestQuotaFromDecimalChecked","Output":"--- PASS: TestQuotaFromDecimalChecked (0.00s)\n"}
{"Time":"2026-09-11T04:04:12.7692346+08:00","Action":"pass","Package":"github.com/QuantumNous/new-api/common","Test":"TestQuotaFromDecimalChecked","Elapsed":0}
{"Time":"2026-09-11T04:04:12.7692346+08:00","Action":"run","Package":"github.com/QuantumNous/new-api/common","Test":"TestRelayUserAgentBlacklistNormalizesAndUsesRE2Semantics"}
{"Time":"2026-09-11T04:04:12.7692346+08:00","Action":"output","Package":"github.com/QuantumNous/new-api/common","Test":"TestRelayUserAgentBlacklistNormalizesAndUsesRE2Semantics","Output":"=== RUN   TestRelayUserAgentBlacklistNormalizesAndUsesRE2Semantics\n"}
{"Time":"2026-09-11T04:04:12.7692346+08:00","Action":"output","Package":"github.com/QuantumNous/new-api/common","Test":"TestRelayUserAgentBlacklistNormalizesAndUsesRE2Semantics","Output":"--- PASS: TestRelayUserAgentBlacklistNormalizesAndUsesRE2Semantics (0.00s)\n"}
{"Time":"2026-09-11T04:04:12.7692346+08:00","Action":"pass","Package":"github.com/QuantumNous/new-api/common","Test":"TestRelayUserAgentBlacklistNormalizesAndUsesRE2Semantics","Elapsed":0}
{"Time":"2026-09-11T04:04:12.7692346+08:00","Action":"run","Package":"github.com/QuantumNous/new-api/common","Test":"TestRelayUserAgentBlacklistSnapshotConcurrentUpdates"}
{"Time":"2026-09-11T04:04:12.7692346+08:00","Action":"output","Package":"github.com/QuantumNous/new-api/common","Test":"TestRelayUserAgentBlacklistSnapshotConcurrentUpdates","Output":"=== RUN   TestRelayUserAgentBlacklistSnapshotConcurrentUpdates\n"}
{"Time":"2026-09-11T04:04:12.7702933+08:00","Action":"output","Package":"github.com/QuantumNous/new-api/common","Test":"TestRelayUserAgentBlacklistSnapshotConcurrentUpdates","Output":"--- PASS: TestRelayUserAgentBlacklistSnapshotConcurrentUpdates (0.00s)\n"}
{"Time":"2026-09-11T04:04:12.7708232+08:00","Action":"pass","Package":"github.com/QuantumNous/new-api/common","Test":"TestRelayUserAgentBlacklistSnapshotConcurrentUpdates","Elapsed":0}
{"Time":"2026-09-11T04:04:12.7708232+08:00","Action":"run","Package":"github.com/QuantumNous/new-api/common","Test":"TestRequestDebugBodyTrimsIncompleteUTF8TailWhenTruncated"}
{"Time":"2026-09-11T04:04:12.7708232+08:00","Action":"output","Package":"github.com/QuantumNous/new-api/common","Test":"TestRequestDebugBodyTrimsIncompleteUTF8TailWhenTruncated","Output":"=== RUN   TestRequestDebugBodyTrimsIncompleteUTF8TailWhenTruncated\n"}
{"Time":"2026-09-11T04:04:12.7708232+08:00","Action":"run","Package":"github.com/QuantumNous/new-api/common","Test":"TestRequestDebugBodyTrimsIncompleteUTF8TailWhenTruncated/1-byte-prefix"}
{"Time":"2026-09-11T04:04:12.7708232+08:00","Action":"output","Package":"github.com/QuantumNous/new-api/common","Test":"TestRequestDebugBodyTrimsIncompleteUTF8TailWhenTruncated/1-byte-prefix","Output":"=== RUN   TestRequestDebugBodyTrimsIncompleteUTF8TailWhenTruncated/1-byte-prefix\n"}
{"Time":"2026-09-11T04:04:12.7708232+08:00","Action":"output","Package":"github.com/QuantumNous/new-api/common","Test":"TestRequestDebugBodyTrimsIncompleteUTF8TailWhenTruncated/1-byte-prefix","Output":"--- PASS: TestRequestDebugBodyTrimsIncompleteUTF8TailWhenTruncated/1-byte-prefix (0.00s)\n"}
{"Time":"2026-09-11T04:04:12.7708232+08:00","Action":"pass","Package":"github.com/QuantumNous/new-api/common","Test":"TestRequestDebugBodyTrimsIncompleteUTF8TailWhenTruncated/1-byte-prefix","Elapsed":0}
{"Time":"2026-09-11T04:04:12.7708232+08:00","Action":"run","Package":"github.com/QuantumNous/new-api/common","Test":"TestRequestDebugBodyTrimsIncompleteUTF8TailWhenTruncated/2-byte-prefix"}
{"Time":"2026-09-11T04:04:12.7708232+08:00","Action":"output","Package":"github.com/QuantumNous/new-api/common","Test":"TestRequestDebugBodyTrimsIncompleteUTF8TailWhenTruncated/2-byte-prefix","Output":"=== RUN   TestRequestDebugBodyTrimsIncompleteUTF8TailWhenTruncated/2-byte-prefix\n"}
{"Time":"2026-09-11T04:04:12.7708232+08:00","Action":"output","Package":"github.com/QuantumNous/new-api/common","Test":"TestRequestDebugBodyTrimsIncompleteUTF8TailWhenTruncated/2-byte-prefix","Output":"--- PASS: TestRequestDebugBodyTrimsIncompleteUTF8TailWhenTruncated/2-byte-prefix (0.00s)\n"}
{"Time":"2026-09-11T04:04:12.7708232+08:00","Action":"pass","Package":"github.com/QuantumNous/new-api/common","Test":"TestRequestDebugBodyTrimsIncompleteUTF8TailWhenTruncated/2-byte-prefix","Elapsed":0}
{"Time":"2026-09-11T04:04:12.7708232+08:00","Action":"run","Package":"github.com/QuantumNous/new-api/common","Test":"TestRequestDebugBodyTrimsIncompleteUTF8TailWhenTruncated/3-byte-prefix"}
{"Time":"2026-09-11T04:04:12.7708232+08:00","Action":"output","Package":"github.com/QuantumNous/new-api/common","Test":"TestRequestDebugBodyTrimsIncompleteUTF8TailWhenTruncated/3-byte-prefix","Output":"=== RUN   TestRequestDebugBodyTrimsIncompleteUTF8TailWhenTruncated/3-byte-prefix\n"}
{"Time":"2026-09-11T04:04:12.7708232+08:00","Action":"output","Package":"github.com/QuantumNous/new-api/common","Test":"TestRequestDebugBodyTrimsIncompleteUTF8TailWhenTruncated/3-byte-prefix","Output":"--- PASS: TestRequestDebugBodyTrimsIncompleteUTF8TailWhenTruncated/3-byte-prefix (0.00s)\n"}
{"Time":"2026-09-11T04:04:12.7708232+08:00","Action":"pass","Package":"github.com/QuantumNous/new-api/common","Test":"TestRequestDebugBodyTrimsIncompleteUTF8TailWhenTruncated/3-byte-prefix","Elapsed":0}
{"Time":"2026-09-11T04:04:12.7708232+08:00","Action":"output","Package":"github.com/QuantumNous/new-api/common","Test":"TestRequestDebugBodyTrimsIncompleteUTF8TailWhenTruncated","Output":"--- PASS: TestRequestDebugBodyTrimsIncompleteUTF8TailWhenTruncated (0.00s)\n"}
{"Time":"2026-09-11T04:04:12.7708232+08:00","Action":"pass","Package":"github.com/QuantumNous/new-api/common","Test":"TestRequestDebugBodyTrimsIncompleteUTF8TailWhenTruncated","Elapsed":0}
{"Time":"2026-09-11T04:04:12.7708232+08:00","Action":"run","Package":"github.com/QuantumNous/new-api/common","Test":"TestRequestDebugBodyKeepsBase64ForInvalidOrBinaryTruncatedData"}
{"Time":"2026-09-11T04:04:12.7708232+08:00","Action":"output","Package":"github.com/QuantumNous/new-api/common","Test":"TestRequestDebugBodyKeepsBase64ForInvalidOrBinaryTruncatedData","Output":"=== RUN   TestRequestDebugBodyKeepsBase64ForInvalidOrBinaryTruncatedData\n"}
{"Time":"2026-09-11T04:04:12.7708232+08:00","Action":"run","Package":"github.com/QuantumNous/new-api/common","Test":"TestRequestDebugBodyKeepsBase64ForInvalidOrBinaryTruncatedData/binary"}
{"Time":"2026-09-11T04:04:12.7708232+08:00","Action":"output","Package":"github.com/QuantumNous/new-api/common","Test":"TestRequestDebugBodyKeepsBase64ForInvalidOrBinaryTruncatedData/binary","Output":"=== RUN   TestRequestDebugBodyKeepsBase64ForInvalidOrBinaryTruncatedData/binary\n"}
{"Time":"2026-09-11T04:04:12.7708232+08:00","Action":"output","Package":"github.com/QuantumNous/new-api/common","Test":"TestRequestDebugBodyKeepsBase64ForInvalidOrBinaryTruncatedData/binary","Output":"--- PASS: TestRequestDebugBodyKeepsBase64ForInvalidOrBinaryTruncatedData/binary (0.00s)\n"}
{"Time":"2026-09-11T04:04:12.7708232+08:00","Action":"pass","Package":"github.com/QuantumNous/new-api/common","Test":"TestRequestDebugBodyKeepsBase64ForInvalidOrBinaryTruncatedData/binary","Elapsed":0}
{"Time":"2026-09-11T04:04:12.7708232+08:00","Action":"run","Package":"github.com/QuantumNous/new-api/common","Test":"TestRequestDebugBodyKeepsBase64ForInvalidOrBinaryTruncatedData/binary_with_incomplete_utf8_suffix"}
{"Time":"2026-09-11T04:04:12.7708232+08:00","Action":"output","Package":"github.com/QuantumNous/new-api/common","Test":"TestRequestDebugBodyKeepsBase64ForInvalidOrBinaryTruncatedData/binary_with_incomplete_utf8_suffix","Output":"=== RUN   TestRequestDebugBodyKeepsBase64ForInvalidOrBinaryTruncatedData/binary_with_incomplete_utf8_suffix\n"}
{"Time":"2026-09-11T04:04:12.7708232+08:00","Action":"output","Package":"github.com/QuantumNous/new-api/common","Test":"TestRequestDebugBodyKeepsBase64ForInvalidOrBinaryTruncatedData/binary_with_incomplete_utf8_suffix","Output":"--- PASS: TestRequestDebugBodyKeepsBase64ForInvalidOrBinaryTruncatedData/binary_with_incomplete_utf8_suffix (0.00s)\n"}
{"Time":"2026-09-11T04:04:12.7708232+08:00","Action":"pass","Package":"github.com/QuantumNous/new-api/common","Test":"TestRequestDebugBodyKeepsBase64ForInvalidOrBinaryTruncatedData/binary_with_incomplete_utf8_suffix","Elapsed":0}
{"Time":"2026-09-11T04:04:12.7713458+08:00","Action":"run","Package":"github.com/QuantumNous/new-api/common","Test":"TestRequestDebugBodyKeepsBase64ForInvalidOrBinaryTruncatedData/invalid_in_middle"}
{"Time":"2026-09-11T04:04:12.7713458+08:00","Action":"output","Package":"github.com/QuantumNous/new-api/common","Test":"TestRequestDebugBodyKeepsBase64ForInvalidOrBinaryTruncatedData/invalid_in_middle","Output":"=== RUN   TestRequestDebugBodyKeepsBase64ForInvalidOrBinaryTruncatedData/invalid_in_middle\n"}
{"Time":"2026-09-11T04:04:12.7713458+08:00","Action":"output","Package":"github.com/QuantumNous/new-api/common","Test":"TestRequestDebugBodyKeepsBase64ForInvalidOrBinaryTruncatedData/invalid_in_middle","Output":"--- PASS: TestRequestDebugBodyKeepsBase64ForInvalidOrBinaryTruncatedData/invalid_in_middle (0.00s)\n"}
{"Time":"2026-09-11T04:04:12.7713458+08:00","Action":"pass","Package":"github.com/QuantumNous/new-api/common","Test":"TestRequestDebugBodyKeepsBase64ForInvalidOrBinaryTruncatedData/invalid_in_middle","Elapsed":0}
{"Time":"2026-09-11T04:04:12.7713458+08:00","Action":"output","Package":"github.com/QuantumNous/new-api/common","Test":"TestRequestDebugBodyKeepsBase64ForInvalidOrBinaryTruncatedData","Output":"--- PASS: TestRequestDebugBodyKeepsBase64ForInvalidOrBinaryTruncatedData (0.00s)\n"}
{"Time":"2026-09-11T04:04:12.7713458+08:00","Action":"pass","Package":"github.com/QuantumNous/new-api/common","Test":"TestRequestDebugBodyKeepsBase64ForInvalidOrBinaryTruncatedData","Elapsed":0}
{"Time":"2026-09-11T04:04:12.7713458+08:00","Action":"run","Package":"github.com/QuantumNous/new-api/common","Test":"TestSSRFProtectionRejectsLiteralPrivateAndReservedIPs"}
{"Time":"2026-09-11T04:04:12.7713458+08:00","Action":"output","Package":"github.com/QuantumNous/new-api/common","Test":"TestSSRFProtectionRejectsLiteralPrivateAndReservedIPs","Output":"=== RUN   TestSSRFProtectionRejectsLiteralPrivateAndReservedIPs\n"}
{"Time":"2026-09-11T04:04:12.7713458+08:00","Action":"run","Package":"github.com/QuantumNous/new-api/common","Test":"TestSSRFProtectionRejectsLiteralPrivateAndReservedIPs/127.0.0.1"}
{"Time":"2026-09-11T04:04:12.7713458+08:00","Action":"output","Package":"github.com/QuantumNous/new-api/common","Test":"TestSSRFProtectionRejectsLiteralPrivateAndReservedIPs/127.0.0.1","Output":"=== RUN   TestSSRFProtectionRejectsLiteralPrivateAndReservedIPs/127.0.0.1\n"}
{"Time":"2026-09-11T04:04:12.7713458+08:00","Action":"output","Package":"github.com/QuantumNous/new-api/common","Test":"TestSSRFProtectionRejectsLiteralPrivateAndReservedIPs/127.0.0.1","Output":"--- PASS: TestSSRFProtectionRejectsLiteralPrivateAndReservedIPs/127.0.0.1 (0.00s)\n"}
{"Time":"2026-09-11T04:04:12.7713458+08:00","Action":"pass","Package":"github.com/QuantumNous/new-api/common","Test":"TestSSRFProtectionRejectsLiteralPrivateAndReservedIPs/127.0.0.1","Elapsed":0}
{"Time":"2026-09-11T04:04:12.7713458+08:00","Action":"run","Package":"github.com/QuantumNous/new-api/common","Test":"TestSSRFProtectionRejectsLiteralPrivateAndReservedIPs/10.0.0.1"}
{"Time":"2026-09-11T04:04:12.7713458+08:00","Action":"output","Package":"github.com/QuantumNous/new-api/common","Test":"TestSSRFProtectionRejectsLiteralPrivateAndReservedIPs/10.0.0.1","Output":"=== RUN   TestSSRFProtectionRejectsLiteralPrivateAndReservedIPs/10.0.0.1\n"}
{"Time":"2026-09-11T04:04:12.7713458+08:00","Action":"output","Package":"github.com/QuantumNous/new-api/common","Test":"TestSSRFProtectionRejectsLiteralPrivateAndReservedIPs/10.0.0.1","Output":"--- PASS: TestSSRFProtectionRejectsLiteralPrivateAndReservedIPs/10.0.0.1 (0.00s)\n"}
{"Time":"2026-09-11T04:04:12.7713458+08:00","Action":"pass","Package":"github.com/QuantumNous/new-api/common","Test":"TestSSRFProtectionRejectsLiteralPrivateAndReservedIPs/10.0.0.1","Elapsed":0}
{"Time":"2026-09-11T04:04:12.7713458+08:00","Action":"run","Package":"github.com/QuantumNous/new-api/common","Test":"TestSSRFProtectionRejectsLiteralPrivateAndReservedIPs/169.254.169.254"}
{"Time":"2026-09-11T04:04:12.7713458+08:00","Action":"output","Package":"github.com/QuantumNous/new-api/common","Test":"TestSSRFProtectionRejectsLiteralPrivateAndReservedIPs/169.254.169.254","Output":"=== RUN   TestSSRFProtectionRejectsLiteralPrivateAndReservedIPs/169.254.169.254\n"}
{"Time":"2026-09-11T04:04:12.7713458+08:00","Action":"output","Package":"github.com/QuantumNous/new-api/common","Test":"TestSSRFProtectionRejectsLiteralPrivateAndReservedIPs/169.254.169.254","Output":"--- PASS: TestSSRFProtectionRejectsLiteralPrivateAndReservedIPs/169.254.169.254 (0.00s)\n"}
{"Time":"2026-09-11T04:04:12.7713458+08:00","Action":"pass","Package":"github.com/QuantumNous/new-api/common","Test":"TestSSRFProtectionRejectsLiteralPrivateAndReservedIPs/169.254.169.254","Elapsed":0}
{"Time":"2026-09-11T04:04:12.7713458+08:00","Action":"run","Package":"github.com/QuantumNous/new-api/common","Test":"TestSSRFProtectionRejectsLiteralPrivateAndReservedIPs/fc00::1"}
{"Time":"2026-09-11T04:04:12.7713458+08:00","Action":"output","Package":"github.com/QuantumNous/new-api/common","Test":"TestSSRFProtectionRejectsLiteralPrivateAndReservedIPs/fc00::1","Output":"=== RUN   TestSSRFProtectionRejectsLiteralPrivateAndReservedIPs/fc00::1\n"}
{"Time":"2026-09-11T04:04:12.7713458+08:00","Action":"output","Package":"github.com/QuantumNous/new-api/common","Test":"TestSSRFProtectionRejectsLiteralPrivateAndReservedIPs/fc00::1","Output":"--- PASS: TestSSRFProtectionRejectsLiteralPrivateAndReservedIPs/fc00::1 (0.00s)\n"}
{"Time":"2026-09-11T04:04:12.7713458+08:00","Action":"pass","Package":"github.com/QuantumNous/new-api/common","Test":"TestSSRFProtectionRejectsLiteralPrivateAndReservedIPs/fc00::1","Elapsed":0}
{"Time":"2026-09-11T04:04:12.7713458+08:00","Action":"run","Package":"github.com/QuantumNous/new-api/common","Test":"TestSSRFProtectionRejectsLiteralPrivateAndReservedIPs/::ffff:127.0.0.1"}
{"Time":"2026-09-11T04:04:12.7713458+08:00","Action":"output","Package":"github.com/QuantumNous/new-api/common","Test":"TestSSRFProtectionRejectsLiteralPrivateAndReservedIPs/::ffff:127.0.0.1","Output":"=== RUN   TestSSRFProtectionRejectsLiteralPrivateAndReservedIPs/::ffff:127.0.0.1\n"}
{"Time":"2026-09-11T04:04:12.7713458+08:00","Action":"output","Package":"github.com/QuantumNous/new-api/common","Test":"TestSSRFProtectionRejectsLiteralPrivateAndReservedIPs/::ffff:127.0.0.1","Output":"--- PASS: TestSSRFProtectionRejectsLiteralPrivateAndReservedIPs/::ffff:127.0.0.1 (0.00s)\n"}
{"Time":"2026-09-11T04:04:12.7713458+08:00","Action":"pass","Package":"github.com/QuantumNous/new-api/common","Test":"TestSSRFProtectionRejectsLiteralPrivateAndReservedIPs/::ffff:127.0.0.1","Elapsed":0}
{"Time":"2026-09-11T04:04:12.7713458+08:00","Action":"output","Package":"github.com/QuantumNous/new-api/common","Test":"TestSSRFProtectionRejectsLiteralPrivateAndReservedIPs","Output":"--- PASS: TestSSRFProtectionRejectsLiteralPrivateAndReservedIPs (0.00s)\n"}
{"Time":"2026-09-11T04:04:12.7713458+08:00","Action":"pass","Package":"github.com/QuantumNous/new-api/common","Test":"TestSSRFProtectionRejectsLiteralPrivateAndReservedIPs","Elapsed":0}
{"Time":"2026-09-11T04:04:12.7713458+08:00","Action":"run","Package":"github.com/QuantumNous/new-api/common","Test":"TestSSRFProtectionAllowsPrivateIPWhenExplicitlyEnabled"}
{"Time":"2026-09-11T04:04:12.7713458+08:00","Action":"output","Package":"github.com/QuantumNous/new-api/common","Test":"TestSSRFProtectionAllowsPrivateIPWhenExplicitlyEnabled","Output":"=== RUN   TestSSRFProtectionAllowsPrivateIPWhenExplicitlyEnabled\n"}
{"Time":"2026-09-11T04:04:12.7713458+08:00","Action":"output","Package":"github.com/QuantumNous/new-api/common","Test":"TestSSRFProtectionAllowsPrivateIPWhenExplicitlyEnabled","Output":"--- PASS: TestSSRFProtectionAllowsPrivateIPWhenExplicitlyEnabled (0.00s)\n"}
{"Time":"2026-09-11T04:04:12.7713458+08:00","Action":"pass","Package":"github.com/QuantumNous/new-api/common","Test":"TestSSRFProtectionAllowsPrivateIPWhenExplicitlyEnabled","Elapsed":0}
{"Time":"2026-09-11T04:04:12.7713458+08:00","Action":"run","Package":"github.com/QuantumNous/new-api/common","Test":"TestSSRFProtectionRejectsResolvedPrivateIP"}
{"Time":"2026-09-11T04:04:12.7713458+08:00","Action":"output","Package":"github.com/QuantumNous/new-api/common","Test":"TestSSRFProtectionRejectsResolvedPrivateIP","Output":"=== RUN   TestSSRFProtectionRejectsResolvedPrivateIP\n"}
{"Time":"2026-09-11T04:04:12.7713458+08:00","Action":"output","Package":"github.com/QuantumNous/new-api/common","Test":"TestSSRFProtectionRejectsResolvedPrivateIP","Output":"--- PASS: TestSSRFProtectionRejectsResolvedPrivateIP (0.00s)\n"}
{"Time":"2026-09-11T04:04:12.7713458+08:00","Action":"pass","Package":"github.com/QuantumNous/new-api/common","Test":"TestSSRFProtectionRejectsResolvedPrivateIP","Elapsed":0}
{"Time":"2026-09-11T04:04:12.7713458+08:00","Action":"run","Package":"github.com/QuantumNous/new-api/common","Test":"TestNewSSRFProtectionFromFetchSettingParsesPortRanges"}
{"Time":"2026-09-11T04:04:12.7713458+08:00","Action":"output","Package":"github.com/QuantumNous/new-api/common","Test":"TestNewSSRFProtectionFromFetchSettingParsesPortRanges","Output":"=== RUN   TestNewSSRFProtectionFromFetchSettingParsesPortRanges\n"}
{"Time":"2026-09-11T04:04:12.7713458+08:00","Action":"output","Package":"github.com/QuantumNous/new-api/common","Test":"TestNewSSRFProtectionFromFetchSettingParsesPortRanges","Output":"--- PASS: TestNewSSRFProtectionFromFetchSettingParsesPortRanges (0.00s)\n"}
{"Time":"2026-09-11T04:04:12.7713458+08:00","Action":"pass","Package":"github.com/QuantumNous/new-api/common","Test":"TestNewSSRFProtectionFromFetchSettingParsesPortRanges","Elapsed":0}
{"Time":"2026-09-11T04:04:12.7713458+08:00","Action":"run","Package":"github.com/QuantumNous/new-api/common","Test":"TestValidateRedirectURL"}
{"Time":"2026-09-11T04:04:12.7713458+08:00","Action":"output","Package":"github.com/QuantumNous/new-api/common","Test":"TestValidateRedirectURL","Output":"=== RUN   TestValidateRedirectURL\n"}
{"Time":"2026-09-11T04:04:12.7713458+08:00","Action":"run","Package":"github.com/QuantumNous/new-api/common","Test":"TestValidateRedirectURL/exact_domain_match_with_https"}
{"Time":"2026-09-11T04:04:12.7713458+08:00","Action":"output","Package":"github.com/QuantumNous/new-api/common","Test":"TestValidateRedirectURL/exact_domain_match_with_https","Output":"=== RUN   TestValidateRedirectURL/exact_domain_match_with_https\n"}
{"Time":"2026-09-11T04:04:12.7713458+08:00","Action":"output","Package":"github.com/QuantumNous/new-api/common","Test":"TestValidateRedirectURL/exact_domain_match_with_https","Output":"--- PASS: TestValidateRedirectURL/exact_domain_match_with_https (0.00s)\n"}
{"Time":"2026-09-11T04:04:12.7713458+08:00","Action":"pass","Package":"github.com/QuantumNous/new-api/common","Test":"TestValidateRedirectURL/exact_domain_match_with_https","Elapsed":0}
{"Time":"2026-09-11T04:04:12.7713458+08:00","Action":"run","Package":"github.com/QuantumNous/new-api/common","Test":"TestValidateRedirectURL/exact_domain_match_with_http"}
{"Time":"2026-09-11T04:04:12.7713458+08:00","Action":"output","Package":"github.com/QuantumNous/new-api/common","Test":"TestValidateRedirectURL/exact_domain_match_with_http","Output":"=== RUN   TestValidateRedirectURL/exact_domain_match_with_http\n"}
{"Time":"2026-09-11T04:04:12.7713458+08:00","Action":"output","Package":"github.com/QuantumNous/new-api/common","Test":"TestValidateRedirectURL/exact_domain_match_with_http","Output":"--- PASS: TestValidateRedirectURL/exact_domain_match_with_http (0.00s)\n"}
{"Time":"2026-09-11T04:04:12.7713458+08:00","Action":"pass","Package":"github.com/QuantumNous/new-api/common","Test":"TestValidateRedirectURL/exact_domain_match_with_http","Elapsed":0}
{"Time":"2026-09-11T04:04:12.7713458+08:00","Action":"run","Package":"github.com/QuantumNous/new-api/common","Test":"TestValidateRedirectURL/subdomain_match"}
{"Time":"2026-09-11T04:04:12.7713458+08:00","Action":"output","Package":"github.com/QuantumNous/new-api/common","Test":"TestValidateRedirectURL/subdomain_match","Output":"=== RUN   TestValidateRedirectURL/subdomain_match\n"}
{"Time":"2026-09-11T04:04:12.7713458+08:00","Action":"output","Package":"github.com/QuantumNous/new-api/common","Test":"TestValidateRedirectURL/subdomain_match","Output":"--- PASS: TestValidateRedirectURL/subdomain_match (0.00s)\n"}
{"Time":"2026-09-11T04:04:12.7713458+08:00","Action":"pass","Package":"github.com/QuantumNous/new-api/common","Test":"TestValidateRedirectURL/subdomain_match","Elapsed":0}
{"Time":"2026-09-11T04:04:12.7713458+08:00","Action":"run","Package":"github.com/QuantumNous/new-api/common","Test":"TestValidateRedirectURL/case_insensitive_domain"}
{"Time":"2026-09-11T04:04:12.7713458+08:00","Action":"output","Package":"github.com/QuantumNous/new-api/common","Test":"TestValidateRedirectURL/case_insensitive_domain","Output":"=== RUN   TestValidateRedirectURL/case_insensitive_domain\n"}
{"Time":"2026-09-11T04:04:12.7713458+08:00","Action":"output","Package":"github.com/QuantumNous/new-api/common","Test":"TestValidateRedirectURL/case_insensitive_domain","Output":"--- PASS: TestValidateRedirectURL/case_insensitive_domain (0.00s)\n"}
{"Time":"2026-09-11T04:04:12.7713458+08:00","Action":"pass","Package":"github.com/QuantumNous/new-api/common","Test":"TestValidateRedirectURL/case_insensitive_domain","Elapsed":0}
{"Time":"2026-09-11T04:04:12.7713458+08:00","Action":"run","Package":"github.com/QuantumNous/new-api/common","Test":"TestValidateRedirectURL/untrusted_domain"}
{"Time":"2026-09-11T04:04:12.7713458+08:00","Action":"output","Package":"github.com/QuantumNous/new-api/common","Test":"TestValidateRedirectURL/untrusted_domain","Output":"=== RUN   TestValidateRedirectURL/untrusted_domain\n"}
{"Time":"2026-09-11T04:04:12.7713458+08:00","Action":"output","Package":"github.com/QuantumNous/new-api/common","Test":"TestValidateRedirectURL/untrusted_domain","Output":"--- PASS: TestValidateRedirectURL/untrusted_domain (0.00s)\n"}
{"Time":"2026-09-11T04:04:12.7713458+08:00","Action":"pass","Package":"github.com/QuantumNous/new-api/common","Test":"TestValidateRedirectURL/untrusted_domain","Elapsed":0}
{"Time":"2026-09-11T04:04:12.7713458+08:00","Action":"run","Package":"github.com/QuantumNous/new-api/common","Test":"TestValidateRedirectURL/suffix_attack_-_fakeexample.com"}
{"Time":"2026-09-11T04:04:12.7713458+08:00","Action":"output","Package":"github.com/QuantumNous/new-api/common","Test":"TestValidateRedirectURL/suffix_attack_-_fakeexample.com","Output":"=== RUN   TestValidateRedirectURL/suffix_attack_-_fakeexample.com\n"}
{"Time":"2026-09-11T04:04:12.7713458+08:00","Action":"output","Package":"github.com/QuantumNous/new-api/common","Test":"TestValidateRedirectURL/suffix_attack_-_fakeexample.com","Output":"--- PASS: TestValidateRedirectURL/suffix_attack_-_fakeexample.com (0.00s)\n"}
{"Time":"2026-09-11T04:04:12.7713458+08:00","Action":"pass","Package":"github.com/QuantumNous/new-api/common","Test":"TestValidateRedirectURL/suffix_attack_-_fakeexample.com","Elapsed":0}
{"Time":"2026-09-11T04:04:12.7713458+08:00","Action":"run","Package":"github.com/QuantumNous/new-api/common","Test":"TestValidateRedirectURL/empty_trusted_domains_list"}
{"Time":"2026-09-11T04:04:12.7713458+08:00","Action":"output","Package":"github.com/QuantumNous/new-api/common","Test":"TestValidateRedirectURL/empty_trusted_domains_list","Output":"=== RUN   TestValidateRedirectURL/empty_trusted_domains_list\n"}
{"Time":"2026-09-11T04:04:12.7713458+08:00","Action":"output","Package":"github.com/QuantumNous/new-api/common","Test":"TestValidateRedirectURL/empty_trusted_domains_list","Output":"--- PASS: TestValidateRedirectURL/empty_trusted_domains_list (0.00s)\n"}
{"Time":"2026-09-11T04:04:12.7713458+08:00","Action":"pass","Package":"github.com/QuantumNous/new-api/common","Test":"TestValidateRedirectURL/empty_trusted_domains_list","Elapsed":0}
{"Time":"2026-09-11T04:04:12.7713458+08:00","Action":"run","Package":"github.com/QuantumNous/new-api/common","Test":"TestValidateRedirectURL/javascript_scheme"}
{"Time":"2026-09-11T04:04:12.7713458+08:00","Action":"output","Package":"github.com/QuantumNous/new-api/common","Test":"TestValidateRedirectURL/javascript_scheme","Output":"=== RUN   TestValidateRedirectURL/javascript_scheme\n"}
{"Time":"2026-09-11T04:04:12.7713458+08:00","Action":"output","Package":"github.com/QuantumNous/new-api/common","Test":"TestValidateRedirectURL/javascript_scheme","Output":"--- PASS: TestValidateRedirectURL/javascript_scheme (0.00s)\n"}
{"Time":"2026-09-11T04:04:12.7713458+08:00","Action":"pass","Package":"github.com/QuantumNous/new-api/common","Test":"TestValidateRedirectURL/javascript_scheme","Elapsed":0}
{"Time":"2026-09-11T04:04:12.7719155+08:00","Action":"run","Package":"github.com/QuantumNous/new-api/common","Test":"TestValidateRedirectURL/data_scheme"}
{"Time":"2026-09-11T04:04:12.7719155+08:00","Action":"output","Package":"github.com/QuantumNous/new-api/common","Test":"TestValidateRedirectURL/data_scheme","Output":"=== RUN   TestValidateRedirectURL/data_scheme\n"}
{"Time":"2026-09-11T04:04:12.7719155+08:00","Action":"output","Package":"github.com/QuantumNous/new-api/common","Test":"TestValidateRedirectURL/data_scheme","Output":"--- PASS: TestValidateRedirectURL/data_scheme (0.00s)\n"}
{"Time":"2026-09-11T04:04:12.7719155+08:00","Action":"pass","Package":"github.com/QuantumNous/new-api/common","Test":"TestValidateRedirectURL/data_scheme","Elapsed":0}
{"Time":"2026-09-11T04:04:12.7719155+08:00","Action":"run","Package":"github.com/QuantumNous/new-api/common","Test":"TestValidateRedirectURL/empty_URL"}
{"Time":"2026-09-11T04:04:12.7719155+08:00","Action":"output","Package":"github.com/QuantumNous/new-api/common","Test":"TestValidateRedirectURL/empty_URL","Output":"=== RUN   TestValidateRedirectURL/empty_URL\n"}
{"Time":"2026-09-11T04:04:12.7719155+08:00","Action":"output","Package":"github.com/QuantumNous/new-api/common","Test":"TestValidateRedirectURL/empty_URL","Output":"--- PASS: TestValidateRedirectURL/empty_URL (0.00s)\n"}
{"Time":"2026-09-11T04:04:12.7719155+08:00","Action":"pass","Package":"github.com/QuantumNous/new-api/common","Test":"TestValidateRedirectURL/empty_URL","Elapsed":0}
{"Time":"2026-09-11T04:04:12.7719155+08:00","Action":"output","Package":"github.com/QuantumNous/new-api/common","Test":"TestValidateRedirectURL","Output":"--- PASS: TestValidateRedirectURL (0.00s)\n"}
{"Time":"2026-09-11T04:04:12.7719155+08:00","Action":"pass","Package":"github.com/QuantumNous/new-api/common","Test":"TestValidateRedirectURL","Elapsed":0}
{"Time":"2026-09-11T04:04:12.7719155+08:00","Action":"run","Package":"github.com/QuantumNous/new-api/common","Test":"TestInitSessionCookieSettingsDefaultsToInsecure"}
{"Time":"2026-09-11T04:04:12.7719155+08:00","Action":"output","Package":"github.com/QuantumNous/new-api/common","Test":"TestInitSessionCookieSettingsDefaultsToInsecure","Output":"=== RUN   TestInitSessionCookieSettingsDefaultsToInsecure\n"}
{"Time":"2026-09-11T04:04:12.7719155+08:00","Action":"output","Package":"github.com/QuantumNous/new-api/common","Test":"TestInitSessionCookieSettingsDefaultsToInsecure","Output":"--- PASS: TestInitSessionCookieSettingsDefaultsToInsecure (0.00s)\n"}
{"Time":"2026-09-11T04:04:12.7719155+08:00","Action":"pass","Package":"github.com/QuantumNous/new-api/common","Test":"TestInitSessionCookieSettingsDefaultsToInsecure","Elapsed":0}
{"Time":"2026-09-11T04:04:12.7719155+08:00","Action":"run","Package":"github.com/QuantumNous/new-api/common","Test":"TestInitSessionCookieSettingsRequiresBothEnvVars"}
{"Time":"2026-09-11T04:04:12.7719155+08:00","Action":"output","Package":"github.com/QuantumNous/new-api/common","Test":"TestInitSessionCookieSettingsRequiresBothEnvVars","Output":"=== RUN   TestInitSessionCookieSettingsRequiresBothEnvVars\n"}
{"Time":"2026-09-11T04:04:12.7719155+08:00","Action":"run","Package":"github.com/QuantumNous/new-api/common","Test":"TestInitSessionCookieSettingsRequiresBothEnvVars/secure_without_trusted_url"}
{"Time":"2026-09-11T04:04:12.7719155+08:00","Action":"output","Package":"github.com/QuantumNous/new-api/common","Test":"TestInitSessionCookieSettingsRequiresBothEnvVars/secure_without_trusted_url","Output":"=== RUN   TestInitSessionCookieSettingsRequiresBothEnvVars/secure_without_trusted_url\n"}
{"Time":"2026-09-11T04:04:12.7719155+08:00","Action":"output","Package":"github.com/QuantumNous/new-api/common","Test":"TestInitSessionCookieSettingsRequiresBothEnvVars/secure_without_trusted_url","Output":"--- PASS: TestInitSessionCookieSettingsRequiresBothEnvVars/secure_without_trusted_url (0.00s)\n"}
{"Time":"2026-09-11T04:04:12.7719155+08:00","Action":"pass","Package":"github.com/QuantumNous/new-api/common","Test":"TestInitSessionCookieSettingsRequiresBothEnvVars/secure_without_trusted_url","Elapsed":0}
{"Time":"2026-09-11T04:04:12.7719155+08:00","Action":"run","Package":"github.com/QuantumNous/new-api/common","Test":"TestInitSessionCookieSettingsRequiresBothEnvVars/trusted_url_without_secure"}
{"Time":"2026-09-11T04:04:12.7719155+08:00","Action":"output","Package":"github.com/QuantumNous/new-api/common","Test":"TestInitSessionCookieSettingsRequiresBothEnvVars/trusted_url_without_secure","Output":"=== RUN   TestInitSessionCookieSettingsRequiresBothEnvVars/trusted_url_without_secure\n"}
{"Time":"2026-09-11T04:04:12.7719155+08:00","Action":"output","Package":"github.com/QuantumNous/new-api/common","Test":"TestInitSessionCookieSettingsRequiresBothEnvVars/trusted_url_without_secure","Output":"--- PASS: TestInitSessionCookieSettingsRequiresBothEnvVars/trusted_url_without_secure (0.00s)\n"}
{"Time":"2026-09-11T04:04:12.7719155+08:00","Action":"pass","Package":"github.com/QuantumNous/new-api/common","Test":"TestInitSessionCookieSettingsRequiresBothEnvVars/trusted_url_without_secure","Elapsed":0}
{"Time":"2026-09-11T04:04:12.7719155+08:00","Action":"output","Package":"github.com/QuantumNous/new-api/common","Test":"TestInitSessionCookieSettingsRequiresBothEnvVars","Output":"--- PASS: TestInitSessionCookieSettingsRequiresBothEnvVars (0.00s)\n"}
{"Time":"2026-09-11T04:04:12.7719155+08:00","Action":"pass","Package":"github.com/QuantumNous/new-api/common","Test":"TestInitSessionCookieSettingsRequiresBothEnvVars","Elapsed":0}
{"Time":"2026-09-11T04:04:12.7719155+08:00","Action":"run","Package":"github.com/QuantumNous/new-api/common","Test":"TestInitSessionCookieSettingsRequiresHTTPSURL"}
{"Time":"2026-09-11T04:04:12.7719155+08:00","Action":"output","Package":"github.com/QuantumNous/new-api/common","Test":"TestInitSessionCookieSettingsRequiresHTTPSURL","Output":"=== RUN   TestInitSessionCookieSettingsRequiresHTTPSURL\n"}
{"Time":"2026-09-11T04:04:12.7719155+08:00","Action":"output","Package":"github.com/QuantumNous/new-api/common","Test":"TestInitSessionCookieSettingsRequiresHTTPSURL","Output":"--- PASS: TestInitSessionCookieSettingsRequiresHTTPSURL (0.00s)\n"}
{"Time":"2026-09-11T04:04:12.7719155+08:00","Action":"pass","Package":"github.com/QuantumNous/new-api/common","Test":"TestInitSessionCookieSettingsRequiresHTTPSURL","Elapsed":0}
{"Time":"2026-09-11T04:04:12.7719155+08:00","Action":"run","Package":"github.com/QuantumNous/new-api/common","Test":"TestInitSessionCookieSettingsEnablesSecureCookie"}
{"Time":"2026-09-11T04:04:12.7719155+08:00","Action":"output","Package":"github.com/QuantumNous/new-api/common","Test":"TestInitSessionCookieSettingsEnablesSecureCookie","Output":"=== RUN   TestInitSessionCookieSettingsEnablesSecureCookie\n"}
{"Time":"2026-09-11T04:04:12.7719155+08:00","Action":"output","Package":"github.com/QuantumNous/new-api/common","Test":"TestInitSessionCookieSettingsEnablesSecureCookie","Output":"--- PASS: TestInitSessionCookieSettingsEnablesSecureCookie (0.00s)\n"}
{"Time":"2026-09-11T04:04:12.7719155+08:00","Action":"pass","Package":"github.com/QuantumNous/new-api/common","Test":"TestInitSessionCookieSettingsEnablesSecureCookie","Elapsed":0}
{"Time":"2026-09-11T04:04:12.7719155+08:00","Action":"run","Package":"github.com/QuantumNous/new-api/common","Test":"TestInitSessionCookieSettingsAllowsMultipleTrustedURLs"}
{"Time":"2026-09-11T04:04:12.7719155+08:00","Action":"output","Package":"github.com/QuantumNous/new-api/common","Test":"TestInitSessionCookieSettingsAllowsMultipleTrustedURLs","Output":"=== RUN   TestInitSessionCookieSettingsAllowsMultipleTrustedURLs\n"}
{"Time":"2026-09-11T04:04:12.7719155+08:00","Action":"output","Package":"github.com/QuantumNous/new-api/common","Test":"TestInitSessionCookieSettingsAllowsMultipleTrustedURLs","Output":"--- PASS: TestInitSessionCookieSettingsAllowsMultipleTrustedURLs (0.00s)\n"}
{"Time":"2026-09-11T04:04:12.7719155+08:00","Action":"pass","Package":"github.com/QuantumNous/new-api/common","Test":"TestInitSessionCookieSettingsAllowsMultipleTrustedURLs","Elapsed":0}
{"Time":"2026-09-11T04:04:12.7719155+08:00","Action":"run","Package":"github.com/QuantumNous/new-api/common","Test":"TestInitSessionCookieSettingsRejectsEmptyTrustedURLInList"}
{"Time":"2026-09-11T04:04:12.7719155+08:00","Action":"output","Package":"github.com/QuantumNous/new-api/common","Test":"TestInitSessionCookieSettingsRejectsEmptyTrustedURLInList","Output":"=== RUN   TestInitSessionCookieSettingsRejectsEmptyTrustedURLInList\n"}
{"Time":"2026-09-11T04:04:12.7719155+08:00","Action":"output","Package":"github.com/QuantumNous/new-api/common","Test":"TestInitSessionCookieSettingsRejectsEmptyTrustedURLInList","Output":"--- PASS: TestInitSessionCookieSettingsRejectsEmptyTrustedURLInList (0.00s)\n"}
{"Time":"2026-09-11T04:04:12.7719155+08:00","Action":"pass","Package":"github.com/QuantumNous/new-api/common","Test":"TestInitSessionCookieSettingsRejectsEmptyTrustedURLInList","Elapsed":0}
{"Time":"2026-09-11T04:04:12.7719155+08:00","Action":"run","Package":"github.com/QuantumNous/new-api/common","Test":"TestInitSessionCookieSettingsNormalizesExactOrigins"}
{"Time":"2026-09-11T04:04:12.7719155+08:00","Action":"output","Package":"github.com/QuantumNous/new-api/common","Test":"TestInitSessionCookieSettingsNormalizesExactOrigins","Output":"=== RUN   TestInitSessionCookieSettingsNormalizesExactOrigins\n"}
{"Time":"2026-09-11T04:04:12.7719155+08:00","Action":"output","Package":"github.com/QuantumNous/new-api/common","Test":"TestInitSessionCookieSettingsNormalizesExactOrigins","Output":"--- PASS: TestInitSessionCookieSettingsNormalizesExactOrigins (0.00s)\n"}
{"Time":"2026-09-11T04:04:12.7719155+08:00","Action":"pass","Package":"github.com/QuantumNous/new-api/common","Test":"TestInitSessionCookieSettingsNormalizesExactOrigins","Elapsed":0}
{"Time":"2026-09-11T04:04:12.7719155+08:00","Action":"run","Package":"github.com/QuantumNous/new-api/common","Test":"TestInitSessionCookieSettingsRejectsNonOriginURLs"}
{"Time":"2026-09-11T04:04:12.7719155+08:00","Action":"output","Package":"github.com/QuantumNous/new-api/common","Test":"TestInitSessionCookieSettingsRejectsNonOriginURLs","Output":"=== RUN   TestInitSessionCookieSettingsRejectsNonOriginURLs\n"}
{"Time":"2026-09-11T04:04:12.7719155+08:00","Action":"run","Package":"github.com/QuantumNous/new-api/common","Test":"TestInitSessionCookieSettingsRejectsNonOriginURLs/https://*.example.com"}
{"Time":"2026-09-11T04:04:12.7719155+08:00","Action":"output","Package":"github.com/QuantumNous/new-api/common","Test":"TestInitSessionCookieSettingsRejectsNonOriginURLs/https://*.example.com","Output":"=== RUN   TestInitSessionCookieSettingsRejectsNonOriginURLs/https://*.example.com\n"}
{"Time":"2026-09-11T04:04:12.7719155+08:00","Action":"output","Package":"github.com/QuantumNous/new-api/common","Test":"TestInitSessionCookieSettingsRejectsNonOriginURLs/https://*.example.com","Output":"--- PASS: TestInitSessionCookieSettingsRejectsNonOriginURLs/https://*.example.com (0.00s)\n"}
{"Time":"2026-09-11T04:04:12.7719155+08:00","Action":"pass","Package":"github.com/QuantumNous/new-api/common","Test":"TestInitSessionCookieSettingsRejectsNonOriginURLs/https://*.example.com","Elapsed":0}
{"Time":"2026-09-11T04:04:12.7719155+08:00","Action":"run","Package":"github.com/QuantumNous/new-api/common","Test":"TestInitSessionCookieSettingsRejectsNonOriginURLs/https://user@example.com"}
{"Time":"2026-09-11T04:04:12.7719155+08:00","Action":"output","Package":"github.com/QuantumNous/new-api/common","Test":"TestInitSessionCookieSettingsRejectsNonOriginURLs/https://user@example.com","Output":"=== RUN   TestInitSessionCookieSettingsRejectsNonOriginURLs/https://user@example.com\n"}
{"Time":"2026-09-11T04:04:12.7719155+08:00","Action":"output","Package":"github.com/QuantumNous/new-api/common","Test":"TestInitSessionCookieSettingsRejectsNonOriginURLs/https://user@example.com","Output":"--- PASS: TestInitSessionCookieSettingsRejectsNonOriginURLs/https://user@example.com (0.00s)\n"}
{"Time":"2026-09-11T04:04:12.7719155+08:00","Action":"pass","Package":"github.com/QuantumNous/new-api/common","Test":"TestInitSessionCookieSettingsRejectsNonOriginURLs/https://user@example.com","Elapsed":0}
{"Time":"2026-09-11T04:04:12.7719155+08:00","Action":"run","Package":"github.com/QuantumNous/new-api/common","Test":"TestInitSessionCookieSettingsRejectsNonOriginURLs/https://example.com/admin"}
{"Time":"2026-09-11T04:04:12.7719155+08:00","Action":"output","Package":"github.com/QuantumNous/new-api/common","Test":"TestInitSessionCookieSettingsRejectsNonOriginURLs/https://example.com/admin","Output":"=== RUN   TestInitSessionCookieSettingsRejectsNonOriginURLs/https://example.com/admin\n"}
{"Time":"2026-09-11T04:04:12.7719155+08:00","Action":"output","Package":"github.com/QuantumNous/new-api/common","Test":"TestInitSessionCookieSettingsRejectsNonOriginURLs/https://example.com/admin","Output":"--- PASS: TestInitSessionCookieSettingsRejectsNonOriginURLs/https://example.com/admin (0.00s)\n"}
{"Time":"2026-09-11T04:04:12.7719155+08:00","Action":"pass","Package":"github.com/QuantumNous/new-api/common","Test":"TestInitSessionCookieSettingsRejectsNonOriginURLs/https://example.com/admin","Elapsed":0}
{"Time":"2026-09-11T04:04:12.7719155+08:00","Action":"run","Package":"github.com/QuantumNous/new-api/common","Test":"TestInitSessionCookieSettingsRejectsNonOriginURLs/https://example.com?next=admin"}
{"Time":"2026-09-11T04:04:12.7719155+08:00","Action":"output","Package":"github.com/QuantumNous/new-api/common","Test":"TestInitSessionCookieSettingsRejectsNonOriginURLs/https://example.com?next=admin","Output":"=== RUN   TestInitSessionCookieSettingsRejectsNonOriginURLs/https://example.com?next=admin\n"}
{"Time":"2026-09-11T04:04:12.7724475+08:00","Action":"output","Package":"github.com/QuantumNous/new-api/common","Test":"TestInitSessionCookieSettingsRejectsNonOriginURLs/https://example.com?next=admin","Output":"--- PASS: TestInitSessionCookieSettingsRejectsNonOriginURLs/https://example.com?next=admin (0.00s)\n"}
{"Time":"2026-09-11T04:04:12.7724475+08:00","Action":"pass","Package":"github.com/QuantumNous/new-api/common","Test":"TestInitSessionCookieSettingsRejectsNonOriginURLs/https://example.com?next=admin","Elapsed":0}
{"Time":"2026-09-11T04:04:12.7724475+08:00","Action":"run","Package":"github.com/QuantumNous/new-api/common","Test":"TestInitSessionCookieSettingsRejectsNonOriginURLs/https://example.com#admin"}
{"Time":"2026-09-11T04:04:12.7724475+08:00","Action":"output","Package":"github.com/QuantumNous/new-api/common","Test":"TestInitSessionCookieSettingsRejectsNonOriginURLs/https://example.com#admin","Output":"=== RUN   TestInitSessionCookieSettingsRejectsNonOriginURLs/https://example.com#admin\n"}
{"Time":"2026-09-11T04:04:12.7724475+08:00","Action":"output","Package":"github.com/QuantumNous/new-api/common","Test":"TestInitSessionCookieSettingsRejectsNonOriginURLs/https://example.com#admin","Output":"--- PASS: TestInitSessionCookieSettingsRejectsNonOriginURLs/https://example.com#admin (0.00s)\n"}
{"Time":"2026-09-11T04:04:12.7724475+08:00","Action":"pass","Package":"github.com/QuantumNous/new-api/common","Test":"TestInitSessionCookieSettingsRejectsNonOriginURLs/https://example.com#admin","Elapsed":0}
{"Time":"2026-09-11T04:04:12.7724475+08:00","Action":"output","Package":"github.com/QuantumNous/new-api/common","Test":"TestInitSessionCookieSettingsRejectsNonOriginURLs","Output":"--- PASS: TestInitSessionCookieSettingsRejectsNonOriginURLs (0.00s)\n"}
{"Time":"2026-09-11T04:04:12.7724475+08:00","Action":"pass","Package":"github.com/QuantumNous/new-api/common","Test":"TestInitSessionCookieSettingsRejectsNonOriginURLs","Elapsed":0}
{"Time":"2026-09-11T04:04:12.7724475+08:00","Action":"run","Package":"github.com/QuantumNous/new-api/common","Test":"TestInitUserSessionSettingsUsesPositiveFallbacksAndClampsWindow"}
{"Time":"2026-09-11T04:04:12.7724475+08:00","Action":"output","Package":"github.com/QuantumNous/new-api/common","Test":"TestInitUserSessionSettingsUsesPositiveFallbacksAndClampsWindow","Output":"=== RUN   TestInitUserSessionSettingsUsesPositiveFallbacksAndClampsWindow\n"}
{"Time":"2026-09-11T04:04:12.7724475+08:00","Action":"output","Package":"github.com/QuantumNous/new-api/common","Test":"TestInitUserSessionSettingsUsesPositiveFallbacksAndClampsWindow","Output":"[SYS] 2026/09/11 - 04:04:12 | USER_SESSION_ACTIVE_LIMIT must be positive, using default value: 50 \n"}
{"Time":"2026-09-11T04:04:12.7724475+08:00","Action":"output","Package":"github.com/QuantumNous/new-api/common","Test":"TestInitUserSessionSettingsUsesPositiveFallbacksAndClampsWindow","Output":"[SYS] 2026/09/11 - 04:04:12 | USER_SESSION_ISSUANCE_LIMIT must be positive, using default value: 100 \n"}
{"Time":"2026-09-11T04:04:12.7724475+08:00","Action":"output","Package":"github.com/QuantumNous/new-api/common","Test":"TestInitUserSessionSettingsUsesPositiveFallbacksAndClampsWindow","Output":"[SYS] 2026/09/11 - 04:04:12 | failed to parse USER_SESSION_ISSUANCE_WINDOW_SECONDS: strconv.Atoi: parsing \"invalid\": invalid syntax, using default value: 86400 \n"}
{"Time":"2026-09-11T04:04:12.7724475+08:00","Action":"output","Package":"github.com/QuantumNous/new-api/common","Test":"TestInitUserSessionSettingsUsesPositiveFallbacksAndClampsWindow","Output":"[SYS] 2026/09/11 - 04:04:12 | USER_SESSION_REVOKED_RETENTION_DAYS must be positive, using default value: 7 \n"}
{"Time":"2026-09-11T04:04:12.7724475+08:00","Action":"output","Package":"github.com/QuantumNous/new-api/common","Test":"TestInitUserSessionSettingsUsesPositiveFallbacksAndClampsWindow","Output":"[SYS] 2026/09/11 - 04:04:12 | USER_SESSION_HOURLY_ALERT_THRESHOLD must be positive, using default value: 5000 \n"}
{"Time":"2026-09-11T04:04:12.7724475+08:00","Action":"output","Package":"github.com/QuantumNous/new-api/common","Test":"TestInitUserSessionSettingsUsesPositiveFallbacksAndClampsWindow","Output":"[SYS] 2026/09/11 - 04:04:12 | USER_SESSION_ISSUANCE_WINDOW_SECONDS exceeds revoked retention; configured_window_seconds=172800 revoked_retention_seconds=86400 effective_window_seconds=86400 \n"}
{"Time":"2026-09-11T04:04:12.7724475+08:00","Action":"output","Package":"github.com/QuantumNous/new-api/common","Test":"TestInitUserSessionSettingsUsesPositiveFallbacksAndClampsWindow","Output":"[SYS] 2026/09/11 - 04:04:12 | USER_SESSION_REVOKED_RETENTION_DAYS is too large, using default value: 7 \n"}
{"Time":"2026-09-11T04:04:12.7724475+08:00","Action":"output","Package":"github.com/QuantumNous/new-api/common","Test":"TestInitUserSessionSettingsUsesPositiveFallbacksAndClampsWindow","Output":"--- PASS: TestInitUserSessionSettingsUsesPositiveFallbacksAndClampsWindow (0.00s)\n"}
{"Time":"2026-09-11T04:04:12.7724475+08:00","Action":"pass","Package":"github.com/QuantumNous/new-api/common","Test":"TestInitUserSessionSettingsUsesPositiveFallbacksAndClampsWindow","Elapsed":0}
{"Time":"2026-09-11T04:04:12.7724475+08:00","Action":"output","Package":"github.com/QuantumNous/new-api/common","Output":"PASS\n"}
{"Time":"2026-09-11T04:04:12.7734788+08:00","Action":"run","Package":"github.com/QuantumNous/new-api/relay/common","Test":"TestNewOutboundJSONBody_GetBodyReplaysFullBody"}
{"Time":"2026-09-11T04:04:12.7734788+08:00","Action":"output","Package":"github.com/QuantumNous/new-api/relay/common","Test":"TestNewOutboundJSONBody_GetBodyReplaysFullBody","Output":"=== RUN   TestNewOutboundJSONBody_GetBodyReplaysFullBody\n"}
{"Time":"2026-09-11T04:04:12.7734788+08:00","Action":"output","Package":"github.com/QuantumNous/new-api/relay/common","Test":"TestNewOutboundJSONBody_GetBodyReplaysFullBody","Output":"=== PAUSE TestNewOutboundJSONBody_GetBodyReplaysFullBody\n"}
{"Time":"2026-09-11T04:04:12.7734788+08:00","Action":"pause","Package":"github.com/QuantumNous/new-api/relay/common","Test":"TestNewOutboundJSONBody_GetBodyReplaysFullBody"}
{"Time":"2026-09-11T04:04:12.7734788+08:00","Action":"run","Package":"github.com/QuantumNous/new-api/relay/common","Test":"TestNewOutboundJSONBody_GetBodyAfterPartialRead"}
{"Time":"2026-09-11T04:04:12.7734788+08:00","Action":"output","Package":"github.com/QuantumNous/new-api/relay/common","Test":"TestNewOutboundJSONBody_GetBodyAfterPartialRead","Output":"=== RUN   TestNewOutboundJSONBody_GetBodyAfterPartialRead\n"}
{"Time":"2026-09-11T04:04:12.7734788+08:00","Action":"output","Package":"github.com/QuantumNous/new-api/relay/common","Test":"TestNewOutboundJSONBody_GetBodyAfterPartialRead","Output":"=== PAUSE TestNewOutboundJSONBody_GetBodyAfterPartialRead\n"}
{"Time":"2026-09-11T04:04:12.7734788+08:00","Action":"pause","Package":"github.com/QuantumNous/new-api/relay/common","Test":"TestNewOutboundJSONBody_GetBodyAfterPartialRead"}
{"Time":"2026-09-11T04:04:12.7734788+08:00","Action":"run","Package":"github.com/QuantumNous/new-api/relay/common","Test":"TestNewOutboundJSONBody_GetBodyReadersAreIndependent"}
{"Time":"2026-09-11T04:04:12.7734788+08:00","Action":"output","Package":"github.com/QuantumNous/new-api/relay/common","Test":"TestNewOutboundJSONBody_GetBodyReadersAreIndependent","Output":"=== RUN   TestNewOutboundJSONBody_GetBodyReadersAreIndependent\n"}
{"Time":"2026-09-11T04:04:12.7734788+08:00","Action":"output","Package":"github.com/QuantumNous/new-api/relay/common","Test":"TestNewOutboundJSONBody_GetBodyReadersAreIndependent","Output":"=== PAUSE TestNewOutboundJSONBody_GetBodyReadersAreIndependent\n"}
{"Time":"2026-09-11T04:04:12.7734788+08:00","Action":"pause","Package":"github.com/QuantumNous/new-api/relay/common","Test":"TestNewOutboundJSONBody_GetBodyReadersAreIndependent"}
{"Time":"2026-09-11T04:04:12.7740118+08:00","Action":"run","Package":"github.com/QuantumNous/new-api/relay/common","Test":"TestNewOutboundJSONBody_GetBodyReadersAreIndependent_DiskStorage"}
{"Time":"2026-09-11T04:04:12.7740118+08:00","Action":"output","Package":"github.com/QuantumNous/new-api/relay/common","Test":"TestNewOutboundJSONBody_GetBodyReadersAreIndependent_DiskStorage","Output":"=== RUN   TestNewOutboundJSONBody_GetBodyReadersAreIndependent_DiskStorage\n"}
{"Time":"2026-09-11T04:04:12.7760853+08:00","Action":"output","Package":"github.com/QuantumNous/new-api/common","Output":"ok  \tgithub.com/QuantumNous/new-api/common\t0.900s\n"}
{"Time":"2026-09-11T04:04:12.7760853+08:00","Action":"pass","Package":"github.com/QuantumNous/new-api/common","Elapsed":0.901}
{"Time":"2026-09-11T04:04:12.7760853+08:00","Action":"output","Package":"github.com/QuantumNous/new-api/relay/common","Test":"TestNewOutboundJSONBody_GetBodyReadersAreIndependent_DiskStorage","Output":"--- PASS: TestNewOutboundJSONBody_GetBodyReadersAreIndependent_DiskStorage (0.00s)\n"}
{"Time":"2026-09-11T04:04:12.7766025+08:00","Action":"pass","Package":"github.com/QuantumNous/new-api/relay/common","Test":"TestNewOutboundJSONBody_GetBodyReadersAreIndependent_DiskStorage","Elapsed":0}
{"Time":"2026-09-11T04:04:12.7766025+08:00","Action":"run","Package":"github.com/QuantumNous/new-api/relay/common","Test":"TestApplyParamOverrideTrimPrefix"}
{"Time":"2026-09-11T04:04:12.7766025+08:00","Action":"output","Package":"github.com/QuantumNous/new-api/relay/common","Test":"TestApplyParamOverrideTrimPrefix","Output":"=== RUN   TestApplyParamOverrideTrimPrefix\n"}
{"Time":"2026-09-11T04:04:12.7766025+08:00","Action":"output","Package":"github.com/QuantumNous/new-api/relay/common","Test":"TestApplyParamOverrideTrimPrefix","Output":"--- PASS: TestApplyParamOverrideTrimPrefix (0.00s)\n"}
{"Time":"2026-09-11T04:04:12.7766025+08:00","Action":"pass","Package":"github.com/QuantumNous/new-api/relay/common","Test":"TestApplyParamOverrideTrimPrefix","Elapsed":0}
{"Time":"2026-09-11T04:04:12.7766025+08:00","Action":"run","Package":"github.com/QuantumNous/new-api/relay/common","Test":"TestApplyParamOverrideTrimSuffix"}
{"Time":"2026-09-11T04:04:12.7766025+08:00","Action":"output","Package":"github.com/QuantumNous/new-api/relay/common","Test":"TestApplyParamOverrideTrimSuffix","Output":"=== RUN   TestApplyParamOverrideTrimSuffix\n"}
{"Time":"2026-09-11T04:04:12.7766025+08:00","Action":"output","Package":"github.com/QuantumNous/new-api/relay/common","Test":"TestApplyParamOverrideTrimSuffix","Output":"--- PASS: TestApplyParamOverrideTrimSuffix (0.00s)\n"}
{"Time":"2026-09-11T04:04:12.7766025+08:00","Action":"pass","Package":"github.com/QuantumNous/new-api/relay/common","Test":"TestApplyParamOverrideTrimSuffix","Elapsed":0}
{"Time":"2026-09-11T04:04:12.7766025+08:00","Action":"run","Package":"github.com/QuantumNous/new-api/relay/common","Test":"TestApplyParamOverrideTrimNoop"}
{"Time":"2026-09-11T04:04:12.7766025+08:00","Action":"output","Package":"github.com/QuantumNous/new-api/relay/common","Test":"TestApplyParamOverrideTrimNoop","Output":"=== RUN   TestApplyParamOverrideTrimNoop\n"}
{"Time":"2026-09-11T04:04:12.7766025+08:00","Action":"output","Package":"github.com/QuantumNous/new-api/relay/common","Test":"TestApplyParamOverrideTrimNoop","Output":"--- PASS: TestApplyParamOverrideTrimNoop (0.00s)\n"}
{"Time":"2026-09-11T04:04:12.7766025+08:00","Action":"pass","Package":"github.com/QuantumNous/new-api/relay/common","Test":"TestApplyParamOverrideTrimNoop","Elapsed":0}
{"Time":"2026-09-11T04:04:12.7766025+08:00","Action":"run","Package":"github.com/QuantumNous/new-api/relay/common","Test":"TestApplyParamOverrideMixedLegacyAndOperations"}
{"Time":"2026-09-11T04:04:12.7766025+08:00","Action":"output","Package":"github.com/QuantumNous/new-api/relay/common","Test":"TestApplyParamOverrideMixedLegacyAndOperations","Output":"=== RUN   TestApplyParamOverrideMixedLegacyAndOperations\n"}
{"Time":"2026-09-11T04:04:12.7766025+08:00","Action":"output","Package":"github.com/QuantumNous/new-api/relay/common","Test":"TestApplyParamOverrideMixedLegacyAndOperations","Output":"--- PASS: TestApplyParamOverrideMixedLegacyAndOperations (0.00s)\n"}
{"Time":"2026-09-11T04:04:12.7766025+08:00","Action":"pass","Package":"github.com/QuantumNous/new-api/relay/common","Test":"TestApplyParamOverrideMixedLegacyAndOperations","Elapsed":0}
{"Time":"2026-09-11T04:04:12.7766025+08:00","Action":"run","Package":"github.com/QuantumNous/new-api/relay/common","Test":"TestApplyParamOverrideMixedLegacyAndOperationsConflictPrefersOperations"}
{"Time":"2026-09-11T04:04:12.7766025+08:00","Action":"output","Package":"github.com/QuantumNous/new-api/relay/common","Test":"TestApplyParamOverrideMixedLegacyAndOperationsConflictPrefersOperations","Output":"=== RUN   TestApplyParamOverrideMixedLegacyAndOperationsConflictPrefersOperations\n"}
{"Time":"2026-09-11T04:04:12.7766025+08:00","Action":"output","Package":"github.com/QuantumNous/new-api/relay/common","Test":"TestApplyParamOverrideMixedLegacyAndOperationsConflictPrefersOperations","Output":"--- PASS: TestApplyParamOverrideMixedLegacyAndOperationsConflictPrefersOperations (0.00s)\n"}
{"Time":"2026-09-11T04:04:12.7766025+08:00","Action":"pass","Package":"github.com/QuantumNous/new-api/relay/common","Test":"TestApplyParamOverrideMixedLegacyAndOperationsConflictPrefersOperations","Elapsed":0}
{"Time":"2026-09-11T04:04:12.7766025+08:00","Action":"run","Package":"github.com/QuantumNous/new-api/relay/common","Test":"TestApplyParamOverrideTrimRequiresValue"}
{"Time":"2026-09-11T04:04:12.7766025+08:00","Action":"output","Package":"github.com/QuantumNous/new-api/relay/common","Test":"TestApplyParamOverrideTrimRequiresValue","Output":"=== RUN   TestApplyParamOverrideTrimRequiresValue\n"}
{"Time":"2026-09-11T04:04:12.7766025+08:00","Action":"output","Package":"github.com/QuantumNous/new-api/relay/common","Test":"TestApplyParamOverrideTrimRequiresValue","Output":"--- PASS: TestApplyParamOverrideTrimRequiresValue (0.00s)\n"}
{"Time":"2026-09-11T04:04:12.7766025+08:00","Action":"pass","Package":"github.com/QuantumNous/new-api/relay/common","Test":"TestApplyParamOverrideTrimRequiresValue","Elapsed":0}
{"Time":"2026-09-11T04:04:12.7766025+08:00","Action":"run","Package":"github.com/QuantumNous/new-api/relay/common","Test":"TestApplyParamOverrideReplace"}
{"Time":"2026-09-11T04:04:12.7766025+08:00","Action":"output","Package":"github.com/QuantumNous/new-api/relay/common","Test":"TestApplyParamOverrideReplace","Output":"=== RUN   TestApplyParamOverrideReplace\n"}
{"Time":"2026-09-11T04:04:12.7766025+08:00","Action":"output","Package":"github.com/QuantumNous/new-api/relay/common","Test":"TestApplyParamOverrideReplace","Output":"--- PASS: TestApplyParamOverrideReplace (0.00s)\n"}
{"Time":"2026-09-11T04:04:12.7766025+08:00","Action":"pass","Package":"github.com/QuantumNous/new-api/relay/common","Test":"TestApplyParamOverrideReplace","Elapsed":0}
{"Time":"2026-09-11T04:04:12.7766025+08:00","Action":"run","Package":"github.com/QuantumNous/new-api/relay/common","Test":"TestApplyParamOverrideRegexReplace"}
{"Time":"2026-09-11T04:04:12.7766025+08:00","Action":"output","Package":"github.com/QuantumNous/new-api/relay/common","Test":"TestApplyParamOverrideRegexReplace","Output":"=== RUN   TestApplyParamOverrideRegexReplace\n"}
{"Time":"2026-09-11T04:04:12.7766025+08:00","Action":"output","Package":"github.com/QuantumNous/new-api/relay/common","Test":"TestApplyParamOverrideRegexReplace","Output":"--- PASS: TestApplyParamOverrideRegexReplace (0.00s)\n"}
{"Time":"2026-09-11T04:04:12.7766025+08:00","Action":"pass","Package":"github.com/QuantumNous/new-api/relay/common","Test":"TestApplyParamOverrideRegexReplace","Elapsed":0}
{"Time":"2026-09-11T04:04:12.7766025+08:00","Action":"run","Package":"github.com/QuantumNous/new-api/relay/common","Test":"TestApplyParamOverrideReplaceRequiresFrom"}
{"Time":"2026-09-11T04:04:12.7766025+08:00","Action":"output","Package":"github.com/QuantumNous/new-api/relay/common","Test":"TestApplyParamOverrideReplaceRequiresFrom","Output":"=== RUN   TestApplyParamOverrideReplaceRequiresFrom\n"}
{"Time":"2026-09-11T04:04:12.7766025+08:00","Action":"output","Package":"github.com/QuantumNous/new-api/relay/common","Test":"TestApplyParamOverrideReplaceRequiresFrom","Output":"--- PASS: TestApplyParamOverrideReplaceRequiresFrom (0.00s)\n"}
{"Time":"2026-09-11T04:04:12.7766025+08:00","Action":"pass","Package":"github.com/QuantumNous/new-api/relay/common","Test":"TestApplyParamOverrideReplaceRequiresFrom","Elapsed":0}
{"Time":"2026-09-11T04:04:12.7766025+08:00","Action":"run","Package":"github.com/QuantumNous/new-api/relay/common","Test":"TestApplyParamOverrideRegexReplaceRequiresPattern"}
{"Time":"2026-09-11T04:04:12.7766025+08:00","Action":"output","Package":"github.com/QuantumNous/new-api/relay/common","Test":"TestApplyParamOverrideRegexReplaceRequiresPattern","Output":"=== RUN   TestApplyParamOverrideRegexReplaceRequiresPattern\n"}
{"Time":"2026-09-11T04:04:12.7766025+08:00","Action":"output","Package":"github.com/QuantumNous/new-api/relay/common","Test":"TestApplyParamOverrideRegexReplaceRequiresPattern","Output":"--- PASS: TestApplyParamOverrideRegexReplaceRequiresPattern (0.00s)\n"}
{"Time":"2026-09-11T04:04:12.7766025+08:00","Action":"pass","Package":"github.com/QuantumNous/new-api/relay/common","Test":"TestApplyParamOverrideRegexReplaceRequiresPattern","Elapsed":0}
{"Time":"2026-09-11T04:04:12.7766025+08:00","Action":"run","Package":"github.com/QuantumNous/new-api/relay/common","Test":"TestApplyParamOverrideDelete"}
{"Time":"2026-09-11T04:04:12.7771202+08:00","Action":"output","Package":"github.com/QuantumNous/new-api/relay/common","Test":"TestApplyParamOverrideDelete","Output":"=== RUN   TestApplyParamOverrideDelete\n"}
{"Time":"2026-09-11T04:04:12.7771202+08:00","Action":"output","Package":"github.com/QuantumNous/new-api/relay/common","Test":"TestApplyParamOverrideDelete","Output":"--- PASS: TestApplyParamOverrideDelete (0.00s)\n"}
{"Time":"2026-09-11T04:04:12.7771202+08:00","Action":"pass","Package":"github.com/QuantumNous/new-api/relay/common","Test":"TestApplyParamOverrideDelete","Elapsed":0}
{"Time":"2026-09-11T04:04:12.7771202+08:00","Action":"run","Package":"github.com/QuantumNous/new-api/relay/common","Test":"TestApplyParamOverrideDeleteWildcardPath"}
{"Time":"2026-09-11T04:04:12.7771202+08:00","Action":"output","Package":"github.com/QuantumNous/new-api/relay/common","Test":"TestApplyParamOverrideDeleteWildcardPath","Output":"=== RUN   TestApplyParamOverrideDeleteWildcardPath\n"}
{"Time":"2026-09-11T04:04:12.7771202+08:00","Action":"output","Package":"github.com/QuantumNous/new-api/relay/common","Test":"TestApplyParamOverrideDeleteWildcardPath","Output":"--- PASS: TestApplyParamOverrideDeleteWildcardPath (0.00s)\n"}
{"Time":"2026-09-11T04:04:12.7771202+08:00","Action":"pass","Package":"github.com/QuantumNous/new-api/relay/common","Test":"TestApplyParamOverrideDeleteWildcardPath","Elapsed":0}
{"Time":"2026-09-11T04:04:12.7771202+08:00","Action":"run","Package":"github.com/QuantumNous/new-api/relay/common","Test":"TestApplyParamOverrideSetWildcardPath"}
{"Time":"2026-09-11T04:04:12.7771202+08:00","Action":"output","Package":"github.com/QuantumNous/new-api/relay/common","Test":"TestApplyParamOverrideSetWildcardPath","Output":"=== RUN   TestApplyParamOverrideSetWildcardPath\n"}
{"Time":"2026-09-11T04:04:12.7771202+08:00","Action":"output","Package":"github.com/QuantumNous/new-api/relay/common","Test":"TestApplyParamOverrideSetWildcardPath","Output":"--- PASS: TestApplyParamOverrideSetWildcardPath (0.00s)\n"}
{"Time":"2026-09-11T04:04:12.7771202+08:00","Action":"pass","Package":"github.com/QuantumNous/new-api/relay/common","Test":"TestApplyParamOverrideSetWildcardPath","Elapsed":0}
{"Time":"2026-09-11T04:04:12.7771202+08:00","Action":"run","Package":"github.com/QuantumNous/new-api/relay/common","Test":"TestApplyParamOverrideTrimSpaceWildcardPath"}
{"Time":"2026-09-11T04:04:12.7771202+08:00","Action":"output","Package":"github.com/QuantumNous/new-api/relay/common","Test":"TestApplyParamOverrideTrimSpaceWildcardPath","Output":"=== RUN   TestApplyParamOverrideTrimSpaceWildcardPath\n"}
{"Time":"2026-09-11T04:04:12.7771202+08:00","Action":"output","Package":"github.com/QuantumNous/new-api/relay/common","Test":"TestApplyParamOverrideTrimSpaceWildcardPath","Output":"--- PASS: TestApplyParamOverrideTrimSpaceWildcardPath (0.00s)\n"}
{"Time":"2026-09-11T04:04:12.7771202+08:00","Action":"pass","Package":"github.com/QuantumNous/new-api/relay/common","Test":"TestApplyParamOverrideTrimSpaceWildcardPath","Elapsed":0}
{"Time":"2026-09-11T04:04:12.7771202+08:00","Action":"run","Package":"github.com/QuantumNous/new-api/relay/common","Test":"TestApplyParamOverrideDeleteWildcardEqualsIndexedPaths"}
{"Time":"2026-09-11T04:04:12.7771202+08:00","Action":"output","Package":"github.com/QuantumNous/new-api/relay/common","Test":"TestApplyParamOverrideDeleteWildcardEqualsIndexedPaths","Output":"=== RUN   TestApplyParamOverrideDeleteWildcardEqualsIndexedPaths\n"}
{"Time":"2026-09-11T04:04:12.7771202+08:00","Action":"output","Package":"github.com/QuantumNous/new-api/relay/common","Test":"TestApplyParamOverrideDeleteWildcardEqualsIndexedPaths","Output":"--- PASS: TestApplyParamOverrideDeleteWildcardEqualsIndexedPaths (0.00s)\n"}
{"Time":"2026-09-11T04:04:12.7771202+08:00","Action":"pass","Package":"github.com/QuantumNous/new-api/relay/common","Test":"TestApplyParamOverrideDeleteWildcardEqualsIndexedPaths","Elapsed":0}
{"Time":"2026-09-11T04:04:12.7771202+08:00","Action":"run","Package":"github.com/QuantumNous/new-api/relay/common","Test":"TestApplyParamOverrideSetWildcardKeepOrigin"}
{"Time":"2026-09-11T04:04:12.7771202+08:00","Action":"output","Package":"github.com/QuantumNous/new-api/relay/common","Test":"TestApplyParamOverrideSetWildcardKeepOrigin","Output":"=== RUN   TestApplyParamOverrideSetWildcardKeepOrigin\n"}
{"Time":"2026-09-11T04:04:12.7771202+08:00","Action":"output","Package":"github.com/QuantumNous/new-api/relay/common","Test":"TestApplyParamOverrideSetWildcardKeepOrigin","Output":"--- PASS: TestApplyParamOverrideSetWildcardKeepOrigin (0.00s)\n"}
{"Time":"2026-09-11T04:04:12.7771202+08:00","Action":"pass","Package":"github.com/QuantumNous/new-api/relay/common","Test":"TestApplyParamOverrideSetWildcardKeepOrigin","Elapsed":0}
{"Time":"2026-09-11T04:04:12.7771202+08:00","Action":"run","Package":"github.com/QuantumNous/new-api/relay/common","Test":"TestApplyParamOverrideTrimSpaceMultiWildcardPath"}
{"Time":"2026-09-11T04:04:12.7771202+08:00","Action":"output","Package":"github.com/QuantumNous/new-api/relay/common","Test":"TestApplyParamOverrideTrimSpaceMultiWildcardPath","Output":"=== RUN   TestApplyParamOverrideTrimSpaceMultiWildcardPath\n"}
{"Time":"2026-09-11T04:04:12.7771202+08:00","Action":"output","Package":"github.com/QuantumNous/new-api/relay/common","Test":"TestApplyParamOverrideTrimSpaceMultiWildcardPath","Output":"--- PASS: TestApplyParamOverrideTrimSpaceMultiWildcardPath (0.00s)\n"}
{"Time":"2026-09-11T04:04:12.7771202+08:00","Action":"pass","Package":"github.com/QuantumNous/new-api/relay/common","Test":"TestApplyParamOverrideTrimSpaceMultiWildcardPath","Elapsed":0}
{"Time":"2026-09-11T04:04:12.7771202+08:00","Action":"run","Package":"github.com/QuantumNous/new-api/relay/common","Test":"TestApplyParamOverrideSet"}
{"Time":"2026-09-11T04:04:12.7771202+08:00","Action":"output","Package":"github.com/QuantumNous/new-api/relay/common","Test":"TestApplyParamOverrideSet","Output":"=== RUN   TestApplyParamOverrideSet\n"}
{"Time":"2026-09-11T04:04:12.7776456+08:00","Action":"output","Package":"github.com/QuantumNous/new-api/relay/common","Test":"TestApplyParamOverrideSet","Output":"--- PASS: TestApplyParamOverrideSet (0.00s)\n"}
{"Time":"2026-09-11T04:04:12.7776456+08:00","Action":"pass","Package":"github.com/QuantumNous/new-api/relay/common","Test":"TestApplyParamOverrideSet","Elapsed":0}
{"Time":"2026-09-11T04:04:12.7776456+08:00","Action":"run","Package":"github.com/QuantumNous/new-api/relay/common","Test":"TestApplyParamOverrideSetWithDescriptionKeepsCompatibility"}
{"Time":"2026-09-11T04:04:12.7776456+08:00","Action":"output","Package":"github.com/QuantumNous/new-api/relay/common","Test":"TestApplyParamOverrideSetWithDescriptionKeepsCompatibility","Output":"=== RUN   TestApplyParamOverrideSetWithDescriptionKeepsCompatibility\n"}
{"Time":"2026-09-11T04:04:12.7776456+08:00","Action":"output","Package":"github.com/QuantumNous/new-api/relay/common","Test":"TestApplyParamOverrideSetWithDescriptionKeepsCompatibility","Output":"--- PASS: TestApplyParamOverrideSetWithDescriptionKeepsCompatibility (0.00s)\n"}
{"Time":"2026-09-11T04:04:12.7776456+08:00","Action":"pass","Package":"github.com/QuantumNous/new-api/relay/common","Test":"TestApplyParamOverrideSetWithDescriptionKeepsCompatibility","Elapsed":0}
{"Time":"2026-09-11T04:04:12.7776456+08:00","Action":"run","Package":"github.com/QuantumNous/new-api/relay/common","Test":"TestApplyParamOverrideSetKeepOrigin"}
{"Time":"2026-09-11T04:04:12.7776456+08:00","Action":"output","Package":"github.com/QuantumNous/new-api/relay/common","Test":"TestApplyParamOverrideSetKeepOrigin","Output":"=== RUN   TestApplyParamOverrideSetKeepOrigin\n"}
{"Time":"2026-09-11T04:04:12.7776456+08:00","Action":"output","Package":"github.com/QuantumNous/new-api/relay/common","Test":"TestApplyParamOverrideSetKeepOrigin","Output":"--- PASS: TestApplyParamOverrideSetKeepOrigin (0.00s)\n"}
{"Time":"2026-09-11T04:04:12.7776456+08:00","Action":"pass","Package":"github.com/QuantumNous/new-api/relay/common","Test":"TestApplyParamOverrideSetKeepOrigin","Elapsed":0}
{"Time":"2026-09-11T04:04:12.7776456+08:00","Action":"run","Package":"github.com/QuantumNous/new-api/relay/common","Test":"TestApplyParamOverrideMove"}
{"Time":"2026-09-11T04:04:12.7776456+08:00","Action":"output","Package":"github.com/QuantumNous/new-api/relay/common","Test":"TestApplyParamOverrideMove","Output":"=== RUN   TestApplyParamOverrideMove\n"}
{"Time":"2026-09-11T04:04:12.7776456+08:00","Action":"output","Package":"github.com/QuantumNous/new-api/relay/common","Test":"TestApplyParamOverrideMove","Output":"--- PASS: TestApplyParamOverrideMove (0.00s)\n"}
{"Time":"2026-09-11T04:04:12.7776456+08:00","Action":"pass","Package":"github.com/QuantumNous/new-api/relay/common","Test":"TestApplyParamOverrideMove","Elapsed":0}
{"Time":"2026-09-11T04:04:12.7776456+08:00","Action":"run","Package":"github.com/QuantumNous/new-api/relay/common","Test":"TestApplyParamOverrideMoveMissingSource"}
{"Time":"2026-09-11T04:04:12.7776456+08:00","Action":"output","Package":"github.com/QuantumNous/new-api/relay/common","Test":"TestApplyParamOverrideMoveMissingSource","Output":"=== RUN   TestApplyParamOverrideMoveMissingSource\n"}
{"Time":"2026-09-11T04:04:12.7776456+08:00","Action":"output","Package":"github.com/QuantumNous/new-api/relay/common","Test":"TestApplyParamOverrideMoveMissingSource","Output":"--- PASS: TestApplyParamOverrideMoveMissingSource (0.00s)\n"}
{"Time":"2026-09-11T04:04:12.7776456+08:00","Action":"pass","Package":"github.com/QuantumNous/new-api/relay/common","Test":"TestApplyParamOverrideMoveMissingSource","Elapsed":0}
{"Time":"2026-09-11T04:04:12.7776456+08:00","Action":"run","Package":"github.com/QuantumNous/new-api/relay/common","Test":"TestApplyParamOverridePrependAppendString"}
{"Time":"2026-09-11T04:04:12.7776456+08:00","Action":"output","Package":"github.com/QuantumNous/new-api/relay/common","Test":"TestApplyParamOverridePrependAppendString","Output":"=== RUN   TestApplyParamOverridePrependAppendString\n"}
{"Time":"2026-09-11T04:04:12.7776456+08:00","Action":"output","Package":"github.com/QuantumNous/new-api/relay/common","Test":"TestApplyParamOverridePrependAppendString","Output":"--- PASS: TestApplyParamOverridePrependAppendString (0.00s)\n"}
{"Time":"2026-09-11T04:04:12.7776456+08:00","Action":"pass","Package":"github.com/QuantumNous/new-api/relay/common","Test":"TestApplyParamOverridePrependAppendString","Elapsed":0}
{"Time":"2026-09-11T04:04:12.7776456+08:00","Action":"run","Package":"github.com/QuantumNous/new-api/relay/common","Test":"TestApplyParamOverridePrependAppendArray"}
{"Time":"2026-09-11T04:04:12.7776456+08:00","Action":"output","Package":"github.com/QuantumNous/new-api/relay/common","Test":"TestApplyParamOverridePrependAppendArray","Output":"=== RUN   TestApplyParamOverridePrependAppendArray\n"}
{"Time":"2026-09-11T04:04:12.7776456+08:00","Action":"output","Package":"github.com/QuantumNous/new-api/relay/common","Test":"TestApplyParamOverridePrependAppendArray","Output":"--- PASS: TestApplyParamOverridePrependAppendArray (0.00s)\n"}
{"Time":"2026-09-11T04:04:12.7776456+08:00","Action":"pass","Package":"github.com/QuantumNous/new-api/relay/common","Test":"TestApplyParamOverridePrependAppendArray","Elapsed":0}
{"Time":"2026-09-11T04:04:12.7776456+08:00","Action":"run","Package":"github.com/QuantumNous/new-api/relay/common","Test":"TestApplyParamOverrideAppendObjectMergeKeepOrigin"}
{"Time":"2026-09-11T04:04:12.7776456+08:00","Action":"output","Package":"github.com/QuantumNous/new-api/relay/common","Test":"TestApplyParamOverrideAppendObjectMergeKeepOrigin","Output":"=== RUN   TestApplyParamOverrideAppendObjectMergeKeepOrigin\n"}
{"Time":"2026-09-11T04:04:12.7776456+08:00","Action":"output","Package":"github.com/QuantumNous/new-api/relay/common","Test":"TestApplyParamOverrideAppendObjectMergeKeepOrigin","Output":"--- PASS: TestApplyParamOverrideAppendObjectMergeKeepOrigin (0.00s)\n"}
{"Time":"2026-09-11T04:04:12.7776456+08:00","Action":"pass","Package":"github.com/QuantumNous/new-api/relay/common","Test":"TestApplyParamOverrideAppendObjectMergeKeepOrigin","Elapsed":0}
{"Time":"2026-09-11T04:04:12.7776456+08:00","Action":"run","Package":"github.com/QuantumNous/new-api/relay/common","Test":"TestApplyParamOverrideAppendObjectMergeOverride"}
{"Time":"2026-09-11T04:04:12.7776456+08:00","Action":"output","Package":"github.com/QuantumNous/new-api/relay/common","Test":"TestApplyParamOverrideAppendObjectMergeOverride","Output":"=== RUN   TestApplyParamOverrideAppendObjectMergeOverride\n"}
{"Time":"2026-09-11T04:04:12.7776456+08:00","Action":"output","Package":"github.com/QuantumNous/new-api/relay/common","Test":"TestApplyParamOverrideAppendObjectMergeOverride","Output":"--- PASS: TestApplyParamOverrideAppendObjectMergeOverride (0.00s)\n"}
{"Time":"2026-09-11T04:04:12.7776456+08:00","Action":"pass","Package":"github.com/QuantumNous/new-api/relay/common","Test":"TestApplyParamOverrideAppendObjectMergeOverride","Elapsed":0}
{"Time":"2026-09-11T04:04:12.7776456+08:00","Action":"run","Package":"github.com/QuantumNous/new-api/relay/common","Test":"TestApplyParamOverrideConditionORDefault"}
{"Time":"2026-09-11T04:04:12.7776456+08:00","Action":"output","Package":"github.com/QuantumNous/new-api/relay/common","Test":"TestApplyParamOverrideConditionORDefault","Output":"=== RUN   TestApplyParamOverrideConditionORDefault\n"}
{"Time":"2026-09-11T04:04:12.7776456+08:00","Action":"output","Package":"github.com/QuantumNous/new-api/relay/common","Test":"TestApplyParamOverrideConditionORDefault","Output":"--- PASS: TestApplyParamOverrideConditionORDefault (0.00s)\n"}
{"Time":"2026-09-11T04:04:12.7776456+08:00","Action":"pass","Package":"github.com/QuantumNous/new-api/relay/common","Test":"TestApplyParamOverrideConditionORDefault","Elapsed":0}
{"Time":"2026-09-11T04:04:12.7776456+08:00","Action":"run","Package":"github.com/QuantumNous/new-api/relay/common","Test":"TestApplyParamOverrideConditionAND"}
{"Time":"2026-09-11T04:04:12.7776456+08:00","Action":"output","Package":"github.com/QuantumNous/new-api/relay/common","Test":"TestApplyParamOverrideConditionAND","Output":"=== RUN   TestApplyParamOverrideConditionAND\n"}
{"Time":"2026-09-11T04:04:12.7776456+08:00","Action":"output","Package":"github.com/QuantumNous/new-api/relay/common","Test":"TestApplyParamOverrideConditionAND","Output":"--- PASS: TestApplyParamOverrideConditionAND (0.00s)\n"}
{"Time":"2026-09-11T04:04:12.7776456+08:00","Action":"pass","Package":"github.com/QuantumNous/new-api/relay/common","Test":"TestApplyParamOverrideConditionAND","Elapsed":0}
{"Time":"2026-09-11T04:04:12.7776456+08:00","Action":"run","Package":"github.com/QuantumNous/new-api/relay/common","Test":"TestApplyParamOverrideConditionInvert"}
{"Time":"2026-09-11T04:04:12.7776456+08:00","Action":"output","Package":"github.com/QuantumNous/new-api/relay/common","Test":"TestApplyParamOverrideConditionInvert","Output":"=== RUN   TestApplyParamOverrideConditionInvert\n"}
{"Time":"2026-09-11T04:04:12.7776456+08:00","Action":"output","Package":"github.com/QuantumNous/new-api/relay/common","Test":"TestApplyParamOverrideConditionInvert","Output":"--- PASS: TestApplyParamOverrideConditionInvert (0.00s)\n"}
{"Time":"2026-09-11T04:04:12.7776456+08:00","Action":"pass","Package":"github.com/QuantumNous/new-api/relay/common","Test":"TestApplyParamOverrideConditionInvert","Elapsed":0}
{"Time":"2026-09-11T04:04:12.7776456+08:00","Action":"run","Package":"github.com/QuantumNous/new-api/relay/common","Test":"TestApplyParamOverrideConditionPassMissingKey"}
{"Time":"2026-09-11T04:04:12.7776456+08:00","Action":"output","Package":"github.com/QuantumNous/new-api/relay/common","Test":"TestApplyParamOverrideConditionPassMissingKey","Output":"=== RUN   TestApplyParamOverrideConditionPassMissingKey\n"}
{"Time":"2026-09-11T04:04:12.7776456+08:00","Action":"output","Package":"github.com/QuantumNous/new-api/relay/common","Test":"TestApplyParamOverrideConditionPassMissingKey","Output":"--- PASS: TestApplyParamOverrideConditionPassMissingKey (0.00s)\n"}
{"Time":"2026-09-11T04:04:12.7776456+08:00","Action":"pass","Package":"github.com/QuantumNous/new-api/relay/common","Test":"TestApplyParamOverrideConditionPassMissingKey","Elapsed":0}
{"Time":"2026-09-11T04:04:12.7776456+08:00","Action":"run","Package":"github.com/QuantumNous/new-api/relay/common","Test":"TestApplyParamOverrideConditionFromContext"}
{"Time":"2026-09-11T04:04:12.7776456+08:00","Action":"output","Package":"github.com/QuantumNous/new-api/relay/common","Test":"TestApplyParamOverrideConditionFromContext","Output":"=== RUN   TestApplyParamOverrideConditionFromContext\n"}
{"Time":"2026-09-11T04:04:12.7776456+08:00","Action":"output","Package":"github.com/QuantumNous/new-api/relay/common","Test":"TestApplyParamOverrideConditionFromContext","Output":"--- PASS: TestApplyParamOverrideConditionFromContext (0.00s)\n"}
{"Time":"2026-09-11T04:04:12.7776456+08:00","Action":"pass","Package":"github.com/QuantumNous/new-api/relay/common","Test":"TestApplyParamOverrideConditionFromContext","Elapsed":0}
{"Time":"2026-09-11T04:04:12.7776456+08:00","Action":"run","Package":"github.com/QuantumNous/new-api/relay/common","Test":"TestApplyParamOverrideNegativeIndexPath"}
{"Time":"2026-09-11T04:04:12.7776456+08:00","Action":"output","Package":"github.com/QuantumNous/new-api/relay/common","Test":"TestApplyParamOverrideNegativeIndexPath","Output":"=== RUN   TestApplyParamOverrideNegativeIndexPath\n"}
{"Time":"2026-09-11T04:04:12.7776456+08:00","Action":"output","Package":"github.com/QuantumNous/new-api/relay/common","Test":"TestApplyParamOverrideNegativeIndexPath","Output":"--- PASS: TestApplyParamOverrideNegativeIndexPath (0.00s)\n"}
{"Time":"2026-09-11T04:04:12.7776456+08:00","Action":"pass","Package":"github.com/QuantumNous/new-api/relay/common","Test":"TestApplyParamOverrideNegativeIndexPath","Elapsed":0}
{"Time":"2026-09-11T04:04:12.7781682+08:00","Action":"run","Package":"github.com/QuantumNous/new-api/relay/common","Test":"TestApplyParamOverrideRegexReplaceInvalidPattern"}
{"Time":"2026-09-11T04:04:12.7781682+08:00","Action":"output","Package":"github.com/QuantumNous/new-api/relay/common","Test":"TestApplyParamOverrideRegexReplaceInvalidPattern","Output":"=== RUN   TestApplyParamOverrideRegexReplaceInvalidPattern\n"}
{"Time":"2026-09-11T04:04:12.7781682+08:00","Action":"output","Package":"github.com/QuantumNous/new-api/relay/common","Test":"TestApplyParamOverrideRegexReplaceInvalidPattern","Output":"--- PASS: TestApplyParamOverrideRegexReplaceInvalidPattern (0.00s)\n"}
{"Time":"2026-09-11T04:04:12.7781682+08:00","Action":"pass","Package":"github.com/QuantumNous/new-api/relay/common","Test":"TestApplyParamOverrideRegexReplaceInvalidPattern","Elapsed":0}
{"Time":"2026-09-11T04:04:12.7781682+08:00","Action":"run","Package":"github.com/QuantumNous/new-api/relay/common","Test":"TestApplyParamOverrideCopy"}
{"Time":"2026-09-11T04:04:12.7781682+08:00","Action":"output","Package":"github.com/QuantumNous/new-api/relay/common","Test":"TestApplyParamOverrideCopy","Output":"=== RUN   TestApplyParamOverrideCopy\n"}
{"Time":"2026-09-11T04:04:12.7781682+08:00","Action":"output","Package":"github.com/QuantumNous/new-api/relay/common","Test":"TestApplyParamOverrideCopy","Output":"--- PASS: TestApplyParamOverrideCopy (0.00s)\n"}
{"Time":"2026-09-11T04:04:12.7781682+08:00","Action":"pass","Package":"github.com/QuantumNous/new-api/relay/common","Test":"TestApplyParamOverrideCopy","Elapsed":0}
{"Time":"2026-09-11T04:04:12.7781682+08:00","Action":"run","Package":"github.com/QuantumNous/new-api/relay/common","Test":"TestApplyParamOverrideCopyMissingSource"}
{"Time":"2026-09-11T04:04:12.7781682+08:00","Action":"output","Package":"github.com/QuantumNous/new-api/relay/common","Test":"TestApplyParamOverrideCopyMissingSource","Output":"=== RUN   TestApplyParamOverrideCopyMissingSource\n"}
{"Time":"2026-09-11T04:04:12.7781682+08:00","Action":"output","Package":"github.com/QuantumNous/new-api/relay/common","Test":"TestApplyParamOverrideCopyMissingSource","Output":"--- PASS: TestApplyParamOverrideCopyMissingSource (0.00s)\n"}
{"Time":"2026-09-11T04:04:12.7781682+08:00","Action":"pass","Package":"github.com/QuantumNous/new-api/relay/common","Test":"TestApplyParamOverrideCopyMissingSource","Elapsed":0}
{"Time":"2026-09-11T04:04:12.7781682+08:00","Action":"run","Package":"github.com/QuantumNous/new-api/relay/common","Test":"TestApplyParamOverrideCopyRequiresFromTo"}
{"Time":"2026-09-11T04:04:12.7781682+08:00","Action":"output","Package":"github.com/QuantumNous/new-api/relay/common","Test":"TestApplyParamOverrideCopyRequiresFromTo","Output":"=== RUN   TestApplyParamOverrideCopyRequiresFromTo\n"}
{"Time":"2026-09-11T04:04:12.7781682+08:00","Action":"output","Package":"github.com/QuantumNous/new-api/relay/common","Test":"TestApplyParamOverrideCopyRequiresFromTo","Output":"--- PASS: TestApplyParamOverrideCopyRequiresFromTo (0.00s)\n"}
{"Time":"2026-09-11T04:04:12.7781682+08:00","Action":"pass","Package":"github.com/QuantumNous/new-api/relay/common","Test":"TestApplyParamOverrideCopyRequiresFromTo","Elapsed":0}
{"Time":"2026-09-11T04:04:12.7781682+08:00","Action":"run","Package":"github.com/QuantumNous/new-api/relay/common","Test":"TestApplyParamOverrideEnsurePrefix"}
{"Time":"2026-09-11T04:04:12.7781682+08:00","Action":"output","Package":"github.com/QuantumNous/new-api/relay/common","Test":"TestApplyParamOverrideEnsurePrefix","Output":"=== RUN   TestApplyParamOverrideEnsurePrefix\n"}
{"Time":"2026-09-11T04:04:12.7781682+08:00","Action":"output","Package":"github.com/QuantumNous/new-api/relay/common","Test":"TestApplyParamOverrideEnsurePrefix","Output":"--- PASS: TestApplyParamOverrideEnsurePrefix (0.00s)\n"}
{"Time":"2026-09-11T04:04:12.7781682+08:00","Action":"pass","Package":"github.com/QuantumNous/new-api/relay/common","Test":"TestApplyParamOverrideEnsurePrefix","Elapsed":0}
{"Time":"2026-09-11T04:04:12.7781682+08:00","Action":"run","Package":"github.com/QuantumNous/new-api/relay/common","Test":"TestApplyParamOverrideEnsurePrefixNoop"}
{"Time":"2026-09-11T04:04:12.7781682+08:00","Action":"output","Package":"github.com/QuantumNous/new-api/relay/common","Test":"TestApplyParamOverrideEnsurePrefixNoop","Output":"=== RUN   TestApplyParamOverrideEnsurePrefixNoop\n"}
{"Time":"2026-09-11T04:04:12.7781682+08:00","Action":"output","Package":"github.com/QuantumNous/new-api/relay/common","Test":"TestApplyParamOverrideEnsurePrefixNoop","Output":"--- PASS: TestApplyParamOverrideEnsurePrefixNoop (0.00s)\n"}
{"Time":"2026-09-11T04:04:12.7781682+08:00","Action":"pass","Package":"github.com/QuantumNous/new-api/relay/common","Test":"TestApplyParamOverrideEnsurePrefixNoop","Elapsed":0}
{"Time":"2026-09-11T04:04:12.7781682+08:00","Action":"run","Package":"github.com/QuantumNous/new-api/relay/common","Test":"TestApplyParamOverrideEnsureSuffix"}
{"Time":"2026-09-11T04:04:12.7781682+08:00","Action":"output","Package":"github.com/QuantumNous/new-api/relay/common","Test":"TestApplyParamOverrideEnsureSuffix","Output":"=== RUN   TestApplyParamOverrideEnsureSuffix\n"}
{"Time":"2026-09-11T04:04:12.7781682+08:00","Action":"output","Package":"github.com/QuantumNous/new-api/relay/common","Test":"TestApplyParamOverrideEnsureSuffix","Output":"--- PASS: TestApplyParamOverrideEnsureSuffix (0.00s)\n"}
{"Time":"2026-09-11T04:04:12.7781682+08:00","Action":"pass","Package":"github.com/QuantumNous/new-api/relay/common","Test":"TestApplyParamOverrideEnsureSuffix","Elapsed":0}
{"Time":"2026-09-11T04:04:12.7781682+08:00","Action":"run","Package":"github.com/QuantumNous/new-api/relay/common","Test":"TestApplyParamOverrideEnsureSuffixNoop"}
{"Time":"2026-09-11T04:04:12.7781682+08:00","Action":"output","Package":"github.com/QuantumNous/new-api/relay/common","Test":"TestApplyParamOverrideEnsureSuffixNoop","Output":"=== RUN   TestApplyParamOverrideEnsureSuffixNoop\n"}
{"Time":"2026-09-11T04:04:12.7781682+08:00","Action":"output","Package":"github.com/QuantumNous/new-api/relay/common","Test":"TestApplyParamOverrideEnsureSuffixNoop","Output":"--- PASS: TestApplyParamOverrideEnsureSuffixNoop (0.00s)\n"}
{"Time":"2026-09-11T04:04:12.7781682+08:00","Action":"pass","Package":"github.com/QuantumNous/new-api/relay/common","Test":"TestApplyParamOverrideEnsureSuffixNoop","Elapsed":0}
{"Time":"2026-09-11T04:04:12.7781682+08:00","Action":"run","Package":"github.com/QuantumNous/new-api/relay/common","Test":"TestApplyParamOverrideEnsureRequiresValue"}
{"Time":"2026-09-11T04:04:12.7781682+08:00","Action":"output","Package":"github.com/QuantumNous/new-api/relay/common","Test":"TestApplyParamOverrideEnsureRequiresValue","Output":"=== RUN   TestApplyParamOverrideEnsureRequiresValue\n"}
{"Time":"2026-09-11T04:04:12.7781682+08:00","Action":"output","Package":"github.com/QuantumNous/new-api/relay/common","Test":"TestApplyParamOverrideEnsureRequiresValue","Output":"--- PASS: TestApplyParamOverrideEnsureRequiresValue (0.00s)\n"}
{"Time":"2026-09-11T04:04:12.7781682+08:00","Action":"pass","Package":"github.com/QuantumNous/new-api/relay/common","Test":"TestApplyParamOverrideEnsureRequiresValue","Elapsed":0}
{"Time":"2026-09-11T04:04:12.7781682+08:00","Action":"run","Package":"github.com/QuantumNous/new-api/relay/common","Test":"TestApplyParamOverrideTrimSpace"}
{"Time":"2026-09-11T04:04:12.7781682+08:00","Action":"output","Package":"github.com/QuantumNous/new-api/relay/common","Test":"TestApplyParamOverrideTrimSpace","Output":"=== RUN   TestApplyParamOverrideTrimSpace\n"}
{"Time":"2026-09-11T04:04:12.7781682+08:00","Action":"output","Package":"github.com/QuantumNous/new-api/relay/common","Test":"TestApplyParamOverrideTrimSpace","Output":"--- PASS: TestApplyParamOverrideTrimSpace (0.00s)\n"}
{"Time":"2026-09-11T04:04:12.7781682+08:00","Action":"pass","Package":"github.com/QuantumNous/new-api/relay/common","Test":"TestApplyParamOverrideTrimSpace","Elapsed":0}
{"Time":"2026-09-11T04:04:12.7781682+08:00","Action":"run","Package":"github.com/QuantumNous/new-api/relay/common","Test":"TestApplyParamOverrideToLower"}
{"Time":"2026-09-11T04:04:12.7781682+08:00","Action":"output","Package":"github.com/QuantumNous/new-api/relay/common","Test":"TestApplyParamOverrideToLower","Output":"=== RUN   TestApplyParamOverrideToLower\n"}
{"Time":"2026-09-11T04:04:12.7781682+08:00","Action":"output","Package":"github.com/QuantumNous/new-api/relay/common","Test":"TestApplyParamOverrideToLower","Output":"--- PASS: TestApplyParamOverrideToLower (0.00s)\n"}
{"Time":"2026-09-11T04:04:12.7781682+08:00","Action":"pass","Package":"github.com/QuantumNous/new-api/relay/common","Test":"TestApplyParamOverrideToLower","Elapsed":0}
{"Time":"2026-09-11T04:04:12.7781682+08:00","Action":"run","Package":"github.com/QuantumNous/new-api/relay/common","Test":"TestApplyParamOverrideToUpper"}
{"Time":"2026-09-11T04:04:12.7781682+08:00","Action":"output","Package":"github.com/QuantumNous/new-api/relay/common","Test":"TestApplyParamOverrideToUpper","Output":"=== RUN   TestApplyParamOverrideToUpper\n"}
{"Time":"2026-09-11T04:04:12.7781682+08:00","Action":"output","Package":"github.com/QuantumNous/new-api/relay/common","Test":"TestApplyParamOverrideToUpper","Output":"--- PASS: TestApplyParamOverrideToUpper (0.00s)\n"}
{"Time":"2026-09-11T04:04:12.7781682+08:00","Action":"pass","Package":"github.com/QuantumNous/new-api/relay/common","Test":"TestApplyParamOverrideToUpper","Elapsed":0}
{"Time":"2026-09-11T04:04:12.7781682+08:00","Action":"run","Package":"github.com/QuantumNous/new-api/relay/common","Test":"TestApplyParamOverrideReturnError"}
{"Time":"2026-09-11T04:04:12.7781682+08:00","Action":"output","Package":"github.com/QuantumNous/new-api/relay/common","Test":"TestApplyParamOverrideReturnError","Output":"=== RUN   TestApplyParamOverrideReturnError\n"}
{"Time":"2026-09-11T04:04:12.7781682+08:00","Action":"output","Package":"github.com/QuantumNous/new-api/relay/common","Test":"TestApplyParamOverrideReturnError","Output":"--- PASS: TestApplyParamOverrideReturnError (0.00s)\n"}
{"Time":"2026-09-11T04:04:12.7781682+08:00","Action":"pass","Package":"github.com/QuantumNous/new-api/relay/common","Test":"TestApplyParamOverrideReturnError","Elapsed":0}
{"Time":"2026-09-11T04:04:12.7781682+08:00","Action":"run","Package":"github.com/QuantumNous/new-api/relay/common","Test":"TestApplyParamOverridePruneObjectsByTypeString"}
{"Time":"2026-09-11T04:04:12.7781682+08:00","Action":"output","Package":"github.com/QuantumNous/new-api/relay/common","Test":"TestApplyParamOverridePruneObjectsByTypeString","Output":"=== RUN   TestApplyParamOverridePruneObjectsByTypeString\n"}
{"Time":"2026-09-11T04:04:12.7781682+08:00","Action":"output","Package":"github.com/QuantumNous/new-api/relay/common","Test":"TestApplyParamOverridePruneObjectsByTypeString","Output":"--- PASS: TestApplyParamOverridePruneObjectsByTypeString (0.00s)\n"}
{"Time":"2026-09-11T04:04:12.7781682+08:00","Action":"pass","Package":"github.com/QuantumNous/new-api/relay/common","Test":"TestApplyParamOverridePruneObjectsByTypeString","Elapsed":0}
{"Time":"2026-09-11T04:04:12.7781682+08:00","Action":"run","Package":"github.com/QuantumNous/new-api/relay/common","Test":"TestApplyParamOverridePruneObjectsWhereAndPath"}
{"Time":"2026-09-11T04:04:12.7781682+08:00","Action":"output","Package":"github.com/QuantumNous/new-api/relay/common","Test":"TestApplyParamOverridePruneObjectsWhereAndPath","Output":"=== RUN   TestApplyParamOverridePruneObjectsWhereAndPath\n"}
{"Time":"2026-09-11T04:04:12.7781682+08:00","Action":"output","Package":"github.com/QuantumNous/new-api/relay/common","Test":"TestApplyParamOverridePruneObjectsWhereAndPath","Output":"--- PASS: TestApplyParamOverridePruneObjectsWhereAndPath (0.00s)\n"}
{"Time":"2026-09-11T04:04:12.7781682+08:00","Action":"pass","Package":"github.com/QuantumNous/new-api/relay/common","Test":"TestApplyParamOverridePruneObjectsWhereAndPath","Elapsed":0}
{"Time":"2026-09-11T04:04:12.7781682+08:00","Action":"run","Package":"github.com/QuantumNous/new-api/relay/common","Test":"TestApplyParamOverrideNormalizeThinkingSignatureUnsupported"}
{"Time":"2026-09-11T04:04:12.7781682+08:00","Action":"output","Package":"github.com/QuantumNous/new-api/relay/common","Test":"TestApplyParamOverrideNormalizeThinkingSignatureUnsupported","Output":"=== RUN   TestApplyParamOverrideNormalizeThinkingSignatureUnsupported\n"}
{"Time":"2026-09-11T04:04:12.7781682+08:00","Action":"output","Package":"github.com/QuantumNous/new-api/relay/common","Test":"TestApplyParamOverrideNormalizeThinkingSignatureUnsupported","Output":"--- PASS: TestApplyParamOverrideNormalizeThinkingSignatureUnsupported (0.00s)\n"}
{"Time":"2026-09-11T04:04:12.7781682+08:00","Action":"pass","Package":"github.com/QuantumNous/new-api/relay/common","Test":"TestApplyParamOverrideNormalizeThinkingSignatureUnsupported","Elapsed":0}
{"Time":"2026-09-11T04:04:12.7781682+08:00","Action":"run","Package":"github.com/QuantumNous/new-api/relay/common","Test":"TestApplyParamOverrideConditionFromRetryAndLastErrorContext"}
{"Time":"2026-09-11T04:04:12.7781682+08:00","Action":"output","Package":"github.com/QuantumNous/new-api/relay/common","Test":"TestApplyParamOverrideConditionFromRetryAndLastErrorContext","Output":"=== RUN   TestApplyParamOverrideConditionFromRetryAndLastErrorContext\n"}
{"Time":"2026-09-11T04:04:12.7781682+08:00","Action":"output","Package":"github.com/QuantumNous/new-api/relay/common","Test":"TestApplyParamOverrideConditionFromRetryAndLastErrorContext","Output":"--- PASS: TestApplyParamOverrideConditionFromRetryAndLastErrorContext (0.00s)\n"}
{"Time":"2026-09-11T04:04:12.7781682+08:00","Action":"pass","Package":"github.com/QuantumNous/new-api/relay/common","Test":"TestApplyParamOverrideConditionFromRetryAndLastErrorContext","Elapsed":0}
{"Time":"2026-09-11T04:04:12.7781682+08:00","Action":"run","Package":"github.com/QuantumNous/new-api/relay/common","Test":"TestApplyParamOverrideConditionByUserAndGPTModel"}
{"Time":"2026-09-11T04:04:12.7781682+08:00","Action":"output","Package":"github.com/QuantumNous/new-api/relay/common","Test":"TestApplyParamOverrideConditionByUserAndGPTModel","Output":"=== RUN   TestApplyParamOverrideConditionByUserAndGPTModel\n"}
{"Time":"2026-09-11T04:04:12.7781682+08:00","Action":"run","Package":"github.com/QuantumNous/new-api/relay/common","Test":"TestApplyParamOverrideConditionByUserAndGPTModel/target_user_and_GPT_model"}
{"Time":"2026-09-11T04:04:12.7786943+08:00","Action":"output","Package":"github.com/QuantumNous/new-api/relay/common","Test":"TestApplyParamOverrideConditionByUserAndGPTModel/target_user_and_GPT_model","Output":"=== RUN   TestApplyParamOverrideConditionByUserAndGPTModel/target_user_and_GPT_model\n"}
{"Time":"2026-09-11T04:04:12.7786943+08:00","Action":"output","Package":"github.com/QuantumNous/new-api/relay/common","Test":"TestApplyParamOverrideConditionByUserAndGPTModel/target_user_and_GPT_model","Output":"--- PASS: TestApplyParamOverrideConditionByUserAndGPTModel/target_user_and_GPT_model (0.00s)\n"}
{"Time":"2026-09-11T04:04:12.7786943+08:00","Action":"pass","Package":"github.com/QuantumNous/new-api/relay/common","Test":"TestApplyParamOverrideConditionByUserAndGPTModel/target_user_and_GPT_model","Elapsed":0}
{"Time":"2026-09-11T04:04:12.7786943+08:00","Action":"run","Package":"github.com/QuantumNous/new-api/relay/common","Test":"TestApplyParamOverrideConditionByUserAndGPTModel/other_user"}
{"Time":"2026-09-11T04:04:12.7786943+08:00","Action":"output","Package":"github.com/QuantumNous/new-api/relay/common","Test":"TestApplyParamOverrideConditionByUserAndGPTModel/other_user","Output":"=== RUN   TestApplyParamOverrideConditionByUserAndGPTModel/other_user\n"}
{"Time":"2026-09-11T04:04:12.7786943+08:00","Action":"output","Package":"github.com/QuantumNous/new-api/relay/common","Test":"TestApplyParamOverrideConditionByUserAndGPTModel/other_user","Output":"--- PASS: TestApplyParamOverrideConditionByUserAndGPTModel/other_user (0.00s)\n"}
{"Time":"2026-09-11T04:04:12.7786943+08:00","Action":"pass","Package":"github.com/QuantumNous/new-api/relay/common","Test":"TestApplyParamOverrideConditionByUserAndGPTModel/other_user","Elapsed":0}
{"Time":"2026-09-11T04:04:12.7786943+08:00","Action":"run","Package":"github.com/QuantumNous/new-api/relay/common","Test":"TestApplyParamOverrideConditionByUserAndGPTModel/non-GPT_model"}
{"Time":"2026-09-11T04:04:12.7786943+08:00","Action":"output","Package":"github.com/QuantumNous/new-api/relay/common","Test":"TestApplyParamOverrideConditionByUserAndGPTModel/non-GPT_model","Output":"=== RUN   TestApplyParamOverrideConditionByUserAndGPTModel/non-GPT_model\n"}
{"Time":"2026-09-11T04:04:12.7786943+08:00","Action":"output","Package":"github.com/QuantumNous/new-api/relay/common","Test":"TestApplyParamOverrideConditionByUserAndGPTModel/non-GPT_model","Output":"--- PASS: TestApplyParamOverrideConditionByUserAndGPTModel/non-GPT_model (0.00s)\n"}
{"Time":"2026-09-11T04:04:12.7786943+08:00","Action":"pass","Package":"github.com/QuantumNous/new-api/relay/common","Test":"TestApplyParamOverrideConditionByUserAndGPTModel/non-GPT_model","Elapsed":0}
{"Time":"2026-09-11T04:04:12.7786943+08:00","Action":"output","Package":"github.com/QuantumNous/new-api/relay/common","Test":"TestApplyParamOverrideConditionByUserAndGPTModel","Output":"--- PASS: TestApplyParamOverrideConditionByUserAndGPTModel (0.00s)\n"}
{"Time":"2026-09-11T04:04:12.7786943+08:00","Action":"pass","Package":"github.com/QuantumNous/new-api/relay/common","Test":"TestApplyParamOverrideConditionByUserAndGPTModel","Elapsed":0}
{"Time":"2026-09-11T04:04:12.7786943+08:00","Action":"run","Package":"github.com/QuantumNous/new-api/relay/common","Test":"TestApplyParamOverrideConditionByGroupContext"}
{"Time":"2026-09-11T04:04:12.7786943+08:00","Action":"output","Package":"github.com/QuantumNous/new-api/relay/common","Test":"TestApplyParamOverrideConditionByGroupContext","Output":"=== RUN   TestApplyParamOverrideConditionByGroupContext\n"}
{"Time":"2026-09-11T04:04:12.7786943+08:00","Action":"output","Package":"github.com/QuantumNous/new-api/relay/common","Test":"TestApplyParamOverrideConditionByGroupContext","Output":"--- PASS: TestApplyParamOverrideConditionByGroupContext (0.00s)\n"}
{"Time":"2026-09-11T04:04:12.7786943+08:00","Action":"pass","Package":"github.com/QuantumNous/new-api/relay/common","Test":"TestApplyParamOverrideConditionByGroupContext","Elapsed":0}
{"Time":"2026-09-11T04:04:12.7786943+08:00","Action":"run","Package":"github.com/QuantumNous/new-api/relay/common","Test":"TestApplyParamOverrideConditionFromRequestHeaders"}
{"Time":"2026-09-11T04:04:12.7786943+08:00","Action":"output","Package":"github.com/QuantumNous/new-api/relay/common","Test":"TestApplyParamOverrideConditionFromRequestHeaders","Output":"=== RUN   TestApplyParamOverrideConditionFromRequestHeaders\n"}
{"Time":"2026-09-11T04:04:12.7786943+08:00","Action":"output","Package":"github.com/QuantumNous/new-api/relay/common","Test":"TestApplyParamOverrideConditionFromRequestHeaders","Output":"--- PASS: TestApplyParamOverrideConditionFromRequestHeaders (0.00s)\n"}
{"Time":"2026-09-11T04:04:12.7786943+08:00","Action":"pass","Package":"github.com/QuantumNous/new-api/relay/common","Test":"TestApplyParamOverrideConditionFromRequestHeaders","Elapsed":0}
{"Time":"2026-09-11T04:04:12.7786943+08:00","Action":"run","Package":"github.com/QuantumNous/new-api/relay/common","Test":"TestApplyParamOverrideSetHeaderAndUseInLaterCondition"}
{"Time":"2026-09-11T04:04:12.7786943+08:00","Action":"output","Package":"github.com/QuantumNous/new-api/relay/common","Test":"TestApplyParamOverrideSetHeaderAndUseInLaterCondition","Output":"=== RUN   TestApplyParamOverrideSetHeaderAndUseInLaterCondition\n"}
{"Time":"2026-09-11T04:04:12.7786943+08:00","Action":"output","Package":"github.com/QuantumNous/new-api/relay/common","Test":"TestApplyParamOverrideSetHeaderAndUseInLaterCondition","Output":"--- PASS: TestApplyParamOverrideSetHeaderAndUseInLaterCondition (0.00s)\n"}
{"Time":"2026-09-11T04:04:12.7786943+08:00","Action":"pass","Package":"github.com/QuantumNous/new-api/relay/common","Test":"TestApplyParamOverrideSetHeaderAndUseInLaterCondition","Elapsed":0}
{"Time":"2026-09-11T04:04:12.7786943+08:00","Action":"run","Package":"github.com/QuantumNous/new-api/relay/common","Test":"TestApplyParamOverrideCopyHeaderFromRequestHeaders"}
{"Time":"2026-09-11T04:04:12.7786943+08:00","Action":"output","Package":"github.com/QuantumNous/new-api/relay/common","Test":"TestApplyParamOverrideCopyHeaderFromRequestHeaders","Output":"=== RUN   TestApplyParamOverrideCopyHeaderFromRequestHeaders\n"}
{"Time":"2026-09-11T04:04:12.7786943+08:00","Action":"output","Package":"github.com/QuantumNous/new-api/relay/common","Test":"TestApplyParamOverrideCopyHeaderFromRequestHeaders","Output":"--- PASS: TestApplyParamOverrideCopyHeaderFromRequestHeaders (0.00s)\n"}
{"Time":"2026-09-11T04:04:12.7786943+08:00","Action":"pass","Package":"github.com/QuantumNous/new-api/relay/common","Test":"TestApplyParamOverrideCopyHeaderFromRequestHeaders","Elapsed":0}
{"Time":"2026-09-11T04:04:12.7786943+08:00","Action":"run","Package":"github.com/QuantumNous/new-api/relay/common","Test":"TestApplyParamOverridePassHeadersSkipsMissingHeaders"}
{"Time":"2026-09-11T04:04:12.7786943+08:00","Action":"output","Package":"github.com/QuantumNous/new-api/relay/common","Test":"TestApplyParamOverridePassHeadersSkipsMissingHeaders","Output":"=== RUN   TestApplyParamOverridePassHeadersSkipsMissingHeaders\n"}
{"Time":"2026-09-11T04:04:12.7786943+08:00","Action":"output","Package":"github.com/QuantumNous/new-api/relay/common","Test":"TestApplyParamOverridePassHeadersSkipsMissingHeaders","Output":"--- PASS: TestApplyParamOverridePassHeadersSkipsMissingHeaders (0.00s)\n"}
{"Time":"2026-09-11T04:04:12.7786943+08:00","Action":"pass","Package":"github.com/QuantumNous/new-api/relay/common","Test":"TestApplyParamOverridePassHeadersSkipsMissingHeaders","Elapsed":0}
{"Time":"2026-09-11T04:04:12.7786943+08:00","Action":"run","Package":"github.com/QuantumNous/new-api/relay/common","Test":"TestApplyParamOverrideCopyHeaderSkipsMissingSource"}
{"Time":"2026-09-11T04:04:12.7786943+08:00","Action":"output","Package":"github.com/QuantumNous/new-api/relay/common","Test":"TestApplyParamOverrideCopyHeaderSkipsMissingSource","Output":"=== RUN   TestApplyParamOverrideCopyHeaderSkipsMissingSource\n"}
{"Time":"2026-09-11T04:04:12.7786943+08:00","Action":"output","Package":"github.com/QuantumNous/new-api/relay/common","Test":"TestApplyParamOverrideCopyHeaderSkipsMissingSource","Output":"--- PASS: TestApplyParamOverrideCopyHeaderSkipsMissingSource (0.00s)\n"}
{"Time":"2026-09-11T04:04:12.7786943+08:00","Action":"pass","Package":"github.com/QuantumNous/new-api/relay/common","Test":"TestApplyParamOverrideCopyHeaderSkipsMissingSource","Elapsed":0}
{"Time":"2026-09-11T04:04:12.7786943+08:00","Action":"run","Package":"github.com/QuantumNous/new-api/relay/common","Test":"TestApplyParamOverrideMoveHeaderSkipsMissingSource"}
{"Time":"2026-09-11T04:04:12.7786943+08:00","Action":"output","Package":"github.com/QuantumNous/new-api/relay/common","Test":"TestApplyParamOverrideMoveHeaderSkipsMissingSource","Output":"=== RUN   TestApplyParamOverrideMoveHeaderSkipsMissingSource\n"}
{"Time":"2026-09-11T04:04:12.7786943+08:00","Action":"output","Package":"github.com/QuantumNous/new-api/relay/common","Test":"TestApplyParamOverrideMoveHeaderSkipsMissingSource","Output":"--- PASS: TestApplyParamOverrideMoveHeaderSkipsMissingSource (0.00s)\n"}
{"Time":"2026-09-11T04:04:12.7786943+08:00","Action":"pass","Package":"github.com/QuantumNous/new-api/relay/common","Test":"TestApplyParamOverrideMoveHeaderSkipsMissingSource","Elapsed":0}
{"Time":"2026-09-11T04:04:12.7786943+08:00","Action":"run","Package":"github.com/QuantumNous/new-api/relay/common","Test":"TestApplyParamOverrideSyncFieldsHeaderToJSON"}
{"Time":"2026-09-11T04:04:12.7786943+08:00","Action":"output","Package":"github.com/QuantumNous/new-api/relay/common","Test":"TestApplyParamOverrideSyncFieldsHeaderToJSON","Output":"=== RUN   TestApplyParamOverrideSyncFieldsHeaderToJSON\n"}
{"Time":"2026-09-11T04:04:12.7786943+08:00","Action":"output","Package":"github.com/QuantumNous/new-api/relay/common","Test":"TestApplyParamOverrideSyncFieldsHeaderToJSON","Output":"--- PASS: TestApplyParamOverrideSyncFieldsHeaderToJSON (0.00s)\n"}
{"Time":"2026-09-11T04:04:12.7786943+08:00","Action":"pass","Package":"github.com/QuantumNous/new-api/relay/common","Test":"TestApplyParamOverrideSyncFieldsHeaderToJSON","Elapsed":0}
{"Time":"2026-09-11T04:04:12.7786943+08:00","Action":"run","Package":"github.com/QuantumNous/new-api/relay/common","Test":"TestApplyParamOverrideSyncFieldsJSONToHeader"}
{"Time":"2026-09-11T04:04:12.7786943+08:00","Action":"output","Package":"github.com/QuantumNous/new-api/relay/common","Test":"TestApplyParamOverrideSyncFieldsJSONToHeader","Output":"=== RUN   TestApplyParamOverrideSyncFieldsJSONToHeader\n"}
{"Time":"2026-09-11T04:04:12.7786943+08:00","Action":"output","Package":"github.com/QuantumNous/new-api/relay/common","Test":"TestApplyParamOverrideSyncFieldsJSONToHeader","Output":"--- PASS: TestApplyParamOverrideSyncFieldsJSONToHeader (0.00s)\n"}
{"Time":"2026-09-11T04:04:12.7786943+08:00","Action":"pass","Package":"github.com/QuantumNous/new-api/relay/common","Test":"TestApplyParamOverrideSyncFieldsJSONToHeader","Elapsed":0}
{"Time":"2026-09-11T04:04:12.7786943+08:00","Action":"run","Package":"github.com/QuantumNous/new-api/relay/common","Test":"TestApplyParamOverrideSyncFieldsNoChangeWhenBothExist"}
{"Time":"2026-09-11T04:04:12.7786943+08:00","Action":"output","Package":"github.com/QuantumNous/new-api/relay/common","Test":"TestApplyParamOverrideSyncFieldsNoChangeWhenBothExist","Output":"=== RUN   TestApplyParamOverrideSyncFieldsNoChangeWhenBothExist\n"}
{"Time":"2026-09-11T04:04:12.7786943+08:00","Action":"output","Package":"github.com/QuantumNous/new-api/relay/common","Test":"TestApplyParamOverrideSyncFieldsNoChangeWhenBothExist","Output":"--- PASS: TestApplyParamOverrideSyncFieldsNoChangeWhenBothExist (0.00s)\n"}
{"Time":"2026-09-11T04:04:12.7786943+08:00","Action":"pass","Package":"github.com/QuantumNous/new-api/relay/common","Test":"TestApplyParamOverrideSyncFieldsNoChangeWhenBothExist","Elapsed":0}
{"Time":"2026-09-11T04:04:12.7786943+08:00","Action":"run","Package":"github.com/QuantumNous/new-api/relay/common","Test":"TestApplyParamOverrideSyncFieldsInvalidTarget"}
{"Time":"2026-09-11T04:04:12.7786943+08:00","Action":"output","Package":"github.com/QuantumNous/new-api/relay/common","Test":"TestApplyParamOverrideSyncFieldsInvalidTarget","Output":"=== RUN   TestApplyParamOverrideSyncFieldsInvalidTarget\n"}
{"Time":"2026-09-11T04:04:12.7786943+08:00","Action":"output","Package":"github.com/QuantumNous/new-api/relay/common","Test":"TestApplyParamOverrideSyncFieldsInvalidTarget","Output":"--- PASS: TestApplyParamOverrideSyncFieldsInvalidTarget (0.00s)\n"}
{"Time":"2026-09-11T04:04:12.7786943+08:00","Action":"pass","Package":"github.com/QuantumNous/new-api/relay/common","Test":"TestApplyParamOverrideSyncFieldsInvalidTarget","Elapsed":0}
{"Time":"2026-09-11T04:04:12.7786943+08:00","Action":"run","Package":"github.com/QuantumNous/new-api/relay/common","Test":"TestApplyParamOverrideSetHeaderKeepOrigin"}
{"Time":"2026-09-11T04:04:12.7786943+08:00","Action":"output","Package":"github.com/QuantumNous/new-api/relay/common","Test":"TestApplyParamOverrideSetHeaderKeepOrigin","Output":"=== RUN   TestApplyParamOverrideSetHeaderKeepOrigin\n"}
{"Time":"2026-09-11T04:04:12.7786943+08:00","Action":"output","Package":"github.com/QuantumNous/new-api/relay/common","Test":"TestApplyParamOverrideSetHeaderKeepOrigin","Output":"--- PASS: TestApplyParamOverrideSetHeaderKeepOrigin (0.00s)\n"}
{"Time":"2026-09-11T04:04:12.7786943+08:00","Action":"pass","Package":"github.com/QuantumNous/new-api/relay/common","Test":"TestApplyParamOverrideSetHeaderKeepOrigin","Elapsed":0}
{"Time":"2026-09-11T04:04:12.7786943+08:00","Action":"run","Package":"github.com/QuantumNous/new-api/relay/common","Test":"TestApplyParamOverrideSetHeaderMapRewritesCommaSeparatedHeader"}
{"Time":"2026-09-11T04:04:12.7786943+08:00","Action":"output","Package":"github.com/QuantumNous/new-api/relay/common","Test":"TestApplyParamOverrideSetHeaderMapRewritesCommaSeparatedHeader","Output":"=== RUN   TestApplyParamOverrideSetHeaderMapRewritesCommaSeparatedHeader\n"}
{"Time":"2026-09-11T04:04:12.7786943+08:00","Action":"output","Package":"github.com/QuantumNous/new-api/relay/common","Test":"TestApplyParamOverrideSetHeaderMapRewritesCommaSeparatedHeader","Output":"--- PASS: TestApplyParamOverrideSetHeaderMapRewritesCommaSeparatedHeader (0.00s)\n"}
{"Time":"2026-09-11T04:04:12.7786943+08:00","Action":"pass","Package":"github.com/QuantumNous/new-api/relay/common","Test":"TestApplyParamOverrideSetHeaderMapRewritesCommaSeparatedHeader","Elapsed":0}
{"Time":"2026-09-11T04:04:12.7786943+08:00","Action":"run","Package":"github.com/QuantumNous/new-api/relay/common","Test":"TestApplyParamOverrideSetHeaderMapDeleteWholeHeaderWhenAllTokensCleared"}
{"Time":"2026-09-11T04:04:12.7786943+08:00","Action":"output","Package":"github.com/QuantumNous/new-api/relay/common","Test":"TestApplyParamOverrideSetHeaderMapDeleteWholeHeaderWhenAllTokensCleared","Output":"=== RUN   TestApplyParamOverrideSetHeaderMapDeleteWholeHeaderWhenAllTokensCleared\n"}
{"Time":"2026-09-11T04:04:12.7786943+08:00","Action":"output","Package":"github.com/QuantumNous/new-api/relay/common","Test":"TestApplyParamOverrideSetHeaderMapDeleteWholeHeaderWhenAllTokensCleared","Output":"--- PASS: TestApplyParamOverrideSetHeaderMapDeleteWholeHeaderWhenAllTokensCleared (0.00s)\n"}
{"Time":"2026-09-11T04:04:12.7786943+08:00","Action":"pass","Package":"github.com/QuantumNous/new-api/relay/common","Test":"TestApplyParamOverrideSetHeaderMapDeleteWholeHeaderWhenAllTokensCleared","Elapsed":0}
{"Time":"2026-09-11T04:04:12.7786943+08:00","Action":"run","Package":"github.com/QuantumNous/new-api/relay/common","Test":"TestApplyParamOverrideSetHeaderMapAppendsTokens"}
{"Time":"2026-09-11T04:04:12.7786943+08:00","Action":"output","Package":"github.com/QuantumNous/new-api/relay/common","Test":"TestApplyParamOverrideSetHeaderMapAppendsTokens","Output":"=== RUN   TestApplyParamOverrideSetHeaderMapAppendsTokens\n"}
{"Time":"2026-09-11T04:04:12.7786943+08:00","Action":"output","Package":"github.com/QuantumNous/new-api/relay/common","Test":"TestApplyParamOverrideSetHeaderMapAppendsTokens","Output":"--- PASS: TestApplyParamOverrideSetHeaderMapAppendsTokens (0.00s)\n"}
{"Time":"2026-09-11T04:04:12.7786943+08:00","Action":"pass","Package":"github.com/QuantumNous/new-api/relay/common","Test":"TestApplyParamOverrideSetHeaderMapAppendsTokens","Elapsed":0}
{"Time":"2026-09-11T04:04:12.7786943+08:00","Action":"run","Package":"github.com/QuantumNous/new-api/relay/common","Test":"TestApplyParamOverrideSetHeaderMapAppendsTokensWhenHeaderMissing"}
{"Time":"2026-09-11T04:04:12.7786943+08:00","Action":"output","Package":"github.com/QuantumNous/new-api/relay/common","Test":"TestApplyParamOverrideSetHeaderMapAppendsTokensWhenHeaderMissing","Output":"=== RUN   TestApplyParamOverrideSetHeaderMapAppendsTokensWhenHeaderMissing\n"}
{"Time":"2026-09-11T04:04:12.7786943+08:00","Action":"output","Package":"github.com/QuantumNous/new-api/relay/common","Test":"TestApplyParamOverrideSetHeaderMapAppendsTokensWhenHeaderMissing","Output":"--- PASS: TestApplyParamOverrideSetHeaderMapAppendsTokensWhenHeaderMissing (0.00s)\n"}
{"Time":"2026-09-11T04:04:12.7786943+08:00","Action":"pass","Package":"github.com/QuantumNous/new-api/relay/common","Test":"TestApplyParamOverrideSetHeaderMapAppendsTokensWhenHeaderMissing","Elapsed":0}
{"Time":"2026-09-11T04:04:12.7786943+08:00","Action":"run","Package":"github.com/QuantumNous/new-api/relay/common","Test":"TestApplyParamOverrideSetHeaderMapKeepOnlyDeclaredDropsUndeclaredTokens"}
{"Time":"2026-09-11T04:04:12.7786943+08:00","Action":"output","Package":"github.com/QuantumNous/new-api/relay/common","Test":"TestApplyParamOverrideSetHeaderMapKeepOnlyDeclaredDropsUndeclaredTokens","Output":"=== RUN   TestApplyParamOverrideSetHeaderMapKeepOnlyDeclaredDropsUndeclaredTokens\n"}
{"Time":"2026-09-11T04:04:12.7786943+08:00","Action":"output","Package":"github.com/QuantumNous/new-api/relay/common","Test":"TestApplyParamOverrideSetHeaderMapKeepOnlyDeclaredDropsUndeclaredTokens","Output":"--- PASS: TestApplyParamOverrideSetHeaderMapKeepOnlyDeclaredDropsUndeclaredTokens (0.00s)\n"}
{"Time":"2026-09-11T04:04:12.7786943+08:00","Action":"pass","Package":"github.com/QuantumNous/new-api/relay/common","Test":"TestApplyParamOverrideSetHeaderMapKeepOnlyDeclaredDropsUndeclaredTokens","Elapsed":0}
{"Time":"2026-09-11T04:04:12.7786943+08:00","Action":"run","Package":"github.com/QuantumNous/new-api/relay/common","Test":"TestApplyParamOverrideSetHeaderMapKeepOnlyDeclaredDeletesHeaderWhenNothingDeclaredMatches"}
{"Time":"2026-09-11T04:04:12.7786943+08:00","Action":"output","Package":"github.com/QuantumNous/new-api/relay/common","Test":"TestApplyParamOverrideSetHeaderMapKeepOnlyDeclaredDeletesHeaderWhenNothingDeclaredMatches","Output":"=== RUN   TestApplyParamOverrideSetHeaderMapKeepOnlyDeclaredDeletesHeaderWhenNothingDeclaredMatches\n"}
{"Time":"2026-09-11T04:04:12.7786943+08:00","Action":"output","Package":"github.com/QuantumNous/new-api/relay/common","Test":"TestApplyParamOverrideSetHeaderMapKeepOnlyDeclaredDeletesHeaderWhenNothingDeclaredMatches","Output":"--- PASS: TestApplyParamOverrideSetHeaderMapKeepOnlyDeclaredDeletesHeaderWhenNothingDeclaredMatches (0.00s)\n"}
{"Time":"2026-09-11T04:04:12.7786943+08:00","Action":"pass","Package":"github.com/QuantumNous/new-api/relay/common","Test":"TestApplyParamOverrideSetHeaderMapKeepOnlyDeclaredDeletesHeaderWhenNothingDeclaredMatches","Elapsed":0}
{"Time":"2026-09-11T04:04:12.7786943+08:00","Action":"run","Package":"github.com/QuantumNous/new-api/relay/common","Test":"TestApplyParamOverrideConditionsObjectShorthand"}
{"Time":"2026-09-11T04:04:12.7792316+08:00","Action":"output","Package":"github.com/QuantumNous/new-api/relay/common","Test":"TestApplyParamOverrideConditionsObjectShorthand","Output":"=== RUN   TestApplyParamOverrideConditionsObjectShorthand\n"}
{"Time":"2026-09-11T04:04:12.7792316+08:00","Action":"output","Package":"github.com/QuantumNous/new-api/relay/common","Test":"TestApplyParamOverrideConditionsObjectShorthand","Output":"--- PASS: TestApplyParamOverrideConditionsObjectShorthand (0.00s)\n"}
{"Time":"2026-09-11T04:04:12.7792316+08:00","Action":"pass","Package":"github.com/QuantumNous/new-api/relay/common","Test":"TestApplyParamOverrideConditionsObjectShorthand","Elapsed":0}
{"Time":"2026-09-11T04:04:12.7792316+08:00","Action":"run","Package":"github.com/QuantumNous/new-api/relay/common","Test":"TestApplyParamOverrideWithRelayInfoSyncRuntimeHeaders"}
{"Time":"2026-09-11T04:04:12.7792316+08:00","Action":"output","Package":"github.com/QuantumNous/new-api/relay/common","Test":"TestApplyParamOverrideWithRelayInfoSyncRuntimeHeaders","Output":"=== RUN   TestApplyParamOverrideWithRelayInfoSyncRuntimeHeaders\n"}
{"Time":"2026-09-11T04:04:12.7792316+08:00","Action":"output","Package":"github.com/QuantumNous/new-api/relay/common","Test":"TestApplyParamOverrideWithRelayInfoSyncRuntimeHeaders","Output":"--- PASS: TestApplyParamOverrideWithRelayInfoSyncRuntimeHeaders (0.00s)\n"}
{"Time":"2026-09-11T04:04:12.7792316+08:00","Action":"pass","Package":"github.com/QuantumNous/new-api/relay/common","Test":"TestApplyParamOverrideWithRelayInfoSyncRuntimeHeaders","Elapsed":0}
{"Time":"2026-09-11T04:04:12.7792316+08:00","Action":"run","Package":"github.com/QuantumNous/new-api/relay/common","Test":"TestApplyParamOverrideWithRelayInfoMixedLegacyAndOperations"}
{"Time":"2026-09-11T04:04:12.7792316+08:00","Action":"output","Package":"github.com/QuantumNous/new-api/relay/common","Test":"TestApplyParamOverrideWithRelayInfoMixedLegacyAndOperations","Output":"=== RUN   TestApplyParamOverrideWithRelayInfoMixedLegacyAndOperations\n"}
{"Time":"2026-09-11T04:04:12.7792316+08:00","Action":"output","Package":"github.com/QuantumNous/new-api/relay/common","Test":"TestApplyParamOverrideWithRelayInfoMixedLegacyAndOperations","Output":"--- PASS: TestApplyParamOverrideWithRelayInfoMixedLegacyAndOperations (0.00s)\n"}
{"Time":"2026-09-11T04:04:12.7792316+08:00","Action":"pass","Package":"github.com/QuantumNous/new-api/relay/common","Test":"TestApplyParamOverrideWithRelayInfoMixedLegacyAndOperations","Elapsed":0}
{"Time":"2026-09-11T04:04:12.7792316+08:00","Action":"run","Package":"github.com/QuantumNous/new-api/relay/common","Test":"TestApplyParamOverrideWithRelayInfoActiveClaudeCodeRejectsHeaderOperations"}
{"Time":"2026-09-11T04:04:12.7792316+08:00","Action":"output","Package":"github.com/QuantumNous/new-api/relay/common","Test":"TestApplyParamOverrideWithRelayInfoActiveClaudeCodeRejectsHeaderOperations","Output":"=== RUN   TestApplyParamOverrideWithRelayInfoActiveClaudeCodeRejectsHeaderOperations\n"}
{"Time":"2026-09-11T04:04:12.7792316+08:00","Action":"run","Package":"github.com/QuantumNous/new-api/relay/common","Test":"TestApplyParamOverrideWithRelayInfoActiveClaudeCodeRejectsHeaderOperations/copy_header"}
{"Time":"2026-09-11T04:04:12.7792316+08:00","Action":"output","Package":"github.com/QuantumNous/new-api/relay/common","Test":"TestApplyParamOverrideWithRelayInfoActiveClaudeCodeRejectsHeaderOperations/copy_header","Output":"=== RUN   TestApplyParamOverrideWithRelayInfoActiveClaudeCodeRejectsHeaderOperations/copy_header\n"}
{"Time":"2026-09-11T04:04:12.7792316+08:00","Action":"output","Package":"github.com/QuantumNous/new-api/relay/common","Test":"TestApplyParamOverrideWithRelayInfoActiveClaudeCodeRejectsHeaderOperations/copy_header","Output":"--- PASS: TestApplyParamOverrideWithRelayInfoActiveClaudeCodeRejectsHeaderOperations/copy_header (0.00s)\n"}
{"Time":"2026-09-11T04:04:12.7792316+08:00","Action":"pass","Package":"github.com/QuantumNous/new-api/relay/common","Test":"TestApplyParamOverrideWithRelayInfoActiveClaudeCodeRejectsHeaderOperations/copy_header","Elapsed":0}
{"Time":"2026-09-11T04:04:12.7792316+08:00","Action":"run","Package":"github.com/QuantumNous/new-api/relay/common","Test":"TestApplyParamOverrideWithRelayInfoActiveClaudeCodeRejectsHeaderOperations/move_header"}
{"Time":"2026-09-11T04:04:12.7792316+08:00","Action":"output","Package":"github.com/QuantumNous/new-api/relay/common","Test":"TestApplyParamOverrideWithRelayInfoActiveClaudeCodeRejectsHeaderOperations/move_header","Output":"=== RUN   TestApplyParamOverrideWithRelayInfoActiveClaudeCodeRejectsHeaderOperations/move_header\n"}
{"Time":"2026-09-11T04:04:12.7792316+08:00","Action":"output","Package":"github.com/QuantumNous/new-api/relay/common","Test":"TestApplyParamOverrideWithRelayInfoActiveClaudeCodeRejectsHeaderOperations/move_header","Output":"--- PASS: TestApplyParamOverrideWithRelayInfoActiveClaudeCodeRejectsHeaderOperations/move_header (0.00s)\n"}
{"Time":"2026-09-11T04:04:12.7792316+08:00","Action":"pass","Package":"github.com/QuantumNous/new-api/relay/common","Test":"TestApplyParamOverrideWithRelayInfoActiveClaudeCodeRejectsHeaderOperations/move_header","Elapsed":0}
{"Time":"2026-09-11T04:04:12.7792316+08:00","Action":"run","Package":"github.com/QuantumNous/new-api/relay/common","Test":"TestApplyParamOverrideWithRelayInfoActiveClaudeCodeRejectsHeaderOperations/pass_headers"}
{"Time":"2026-09-11T04:04:12.7792316+08:00","Action":"output","Package":"github.com/QuantumNous/new-api/relay/common","Test":"TestApplyParamOverrideWithRelayInfoActiveClaudeCodeRejectsHeaderOperations/pass_headers","Output":"=== RUN   TestApplyParamOverrideWithRelayInfoActiveClaudeCodeRejectsHeaderOperations/pass_headers\n"}
{"Time":"2026-09-11T04:04:12.7792316+08:00","Action":"output","Package":"github.com/QuantumNous/new-api/relay/common","Test":"TestApplyParamOverrideWithRelayInfoActiveClaudeCodeRejectsHeaderOperations/pass_headers","Output":"--- PASS: TestApplyParamOverrideWithRelayInfoActiveClaudeCodeRejectsHeaderOperations/pass_headers (0.00s)\n"}
{"Time":"2026-09-11T04:04:12.7792316+08:00","Action":"pass","Package":"github.com/QuantumNous/new-api/relay/common","Test":"TestApplyParamOverrideWithRelayInfoActiveClaudeCodeRejectsHeaderOperations/pass_headers","Elapsed":0}
{"Time":"2026-09-11T04:04:12.7792316+08:00","Action":"run","Package":"github.com/QuantumNous/new-api/relay/common","Test":"TestApplyParamOverrideWithRelayInfoActiveClaudeCodeRejectsHeaderOperations/delete_header"}
{"Time":"2026-09-11T04:04:12.7792316+08:00","Action":"output","Package":"github.com/QuantumNous/new-api/relay/common","Test":"TestApplyParamOverrideWithRelayInfoActiveClaudeCodeRejectsHeaderOperations/delete_header","Output":"=== RUN   TestApplyParamOverrideWithRelayInfoActiveClaudeCodeRejectsHeaderOperations/delete_header\n"}
{"Time":"2026-09-11T04:04:12.7792316+08:00","Action":"output","Package":"github.com/QuantumNous/new-api/relay/common","Test":"TestApplyParamOverrideWithRelayInfoActiveClaudeCodeRejectsHeaderOperations/delete_header","Output":"--- PASS: TestApplyParamOverrideWithRelayInfoActiveClaudeCodeRejectsHeaderOperations/delete_header (0.00s)\n"}
{"Time":"2026-09-11T04:04:12.7792316+08:00","Action":"pass","Package":"github.com/QuantumNous/new-api/relay/common","Test":"TestApplyParamOverrideWithRelayInfoActiveClaudeCodeRejectsHeaderOperations/delete_header","Elapsed":0}
{"Time":"2026-09-11T04:04:12.7792316+08:00","Action":"run","Package":"github.com/QuantumNous/new-api/relay/common","Test":"TestApplyParamOverrideWithRelayInfoActiveClaudeCodeRejectsHeaderOperations/sync_from_header"}
{"Time":"2026-09-11T04:04:12.7792316+08:00","Action":"output","Package":"github.com/QuantumNous/new-api/relay/common","Test":"TestApplyParamOverrideWithRelayInfoActiveClaudeCodeRejectsHeaderOperations/sync_from_header","Output":"=== RUN   TestApplyParamOverrideWithRelayInfoActiveClaudeCodeRejectsHeaderOperations/sync_from_header\n"}
{"Time":"2026-09-11T04:04:12.7792316+08:00","Action":"output","Package":"github.com/QuantumNous/new-api/relay/common","Test":"TestApplyParamOverrideWithRelayInfoActiveClaudeCodeRejectsHeaderOperations/sync_from_header","Output":"--- PASS: TestApplyParamOverrideWithRelayInfoActiveClaudeCodeRejectsHeaderOperations/sync_from_header (0.00s)\n"}
{"Time":"2026-09-11T04:04:12.7792316+08:00","Action":"pass","Package":"github.com/QuantumNous/new-api/relay/common","Test":"TestApplyParamOverrideWithRelayInfoActiveClaudeCodeRejectsHeaderOperations/sync_from_header","Elapsed":0}
{"Time":"2026-09-11T04:04:12.7792316+08:00","Action":"run","Package":"github.com/QuantumNous/new-api/relay/common","Test":"TestApplyParamOverrideWithRelayInfoActiveClaudeCodeRejectsHeaderOperations/sync_to_header"}
{"Time":"2026-09-11T04:04:12.7792316+08:00","Action":"output","Package":"github.com/QuantumNous/new-api/relay/common","Test":"TestApplyParamOverrideWithRelayInfoActiveClaudeCodeRejectsHeaderOperations/sync_to_header","Output":"=== RUN   TestApplyParamOverrideWithRelayInfoActiveClaudeCodeRejectsHeaderOperations/sync_to_header\n"}
{"Time":"2026-09-11T04:04:12.7792316+08:00","Action":"output","Package":"github.com/QuantumNous/new-api/relay/common","Test":"TestApplyParamOverrideWithRelayInfoActiveClaudeCodeRejectsHeaderOperations/sync_to_header","Output":"--- PASS: TestApplyParamOverrideWithRelayInfoActiveClaudeCodeRejectsHeaderOperations/sync_to_header (0.00s)\n"}
{"Time":"2026-09-11T04:04:12.7792316+08:00","Action":"pass","Package":"github.com/QuantumNous/new-api/relay/common","Test":"TestApplyParamOverrideWithRelayInfoActiveClaudeCodeRejectsHeaderOperations/sync_to_header","Elapsed":0}
{"Time":"2026-09-11T04:04:12.7792316+08:00","Action":"run","Package":"github.com/QuantumNous/new-api/relay/common","Test":"TestApplyParamOverrideWithRelayInfoActiveClaudeCodeRejectsHeaderOperations/set_header_mapping"}
{"Time":"2026-09-11T04:04:12.7792316+08:00","Action":"output","Package":"github.com/QuantumNous/new-api/relay/common","Test":"TestApplyParamOverrideWithRelayInfoActiveClaudeCodeRejectsHeaderOperations/set_header_mapping","Output":"=== RUN   TestApplyParamOverrideWithRelayInfoActiveClaudeCodeRejectsHeaderOperations/set_header_mapping\n"}
{"Time":"2026-09-11T04:04:12.7792316+08:00","Action":"output","Package":"github.com/QuantumNous/new-api/relay/common","Test":"TestApplyParamOverrideWithRelayInfoActiveClaudeCodeRejectsHeaderOperations/set_header_mapping","Output":"--- PASS: TestApplyParamOverrideWithRelayInfoActiveClaudeCodeRejectsHeaderOperations/set_header_mapping (0.00s)\n"}
{"Time":"2026-09-11T04:04:12.7792316+08:00","Action":"pass","Package":"github.com/QuantumNous/new-api/relay/common","Test":"TestApplyParamOverrideWithRelayInfoActiveClaudeCodeRejectsHeaderOperations/set_header_mapping","Elapsed":0}
{"Time":"2026-09-11T04:04:12.7792316+08:00","Action":"run","Package":"github.com/QuantumNous/new-api/relay/common","Test":"TestApplyParamOverrideWithRelayInfoActiveClaudeCodeRejectsHeaderOperations/set_header_array"}
{"Time":"2026-09-11T04:04:12.7792316+08:00","Action":"output","Package":"github.com/QuantumNous/new-api/relay/common","Test":"TestApplyParamOverrideWithRelayInfoActiveClaudeCodeRejectsHeaderOperations/set_header_array","Output":"=== RUN   TestApplyParamOverrideWithRelayInfoActiveClaudeCodeRejectsHeaderOperations/set_header_array\n"}
{"Time":"2026-09-11T04:04:12.7792316+08:00","Action":"output","Package":"github.com/QuantumNous/new-api/relay/common","Test":"TestApplyParamOverrideWithRelayInfoActiveClaudeCodeRejectsHeaderOperations/set_header_array","Output":"--- PASS: TestApplyParamOverrideWithRelayInfoActiveClaudeCodeRejectsHeaderOperations/set_header_array (0.00s)\n"}
{"Time":"2026-09-11T04:04:12.7792316+08:00","Action":"pass","Package":"github.com/QuantumNous/new-api/relay/common","Test":"TestApplyParamOverrideWithRelayInfoActiveClaudeCodeRejectsHeaderOperations/set_header_array","Elapsed":0}
{"Time":"2026-09-11T04:04:12.7792316+08:00","Action":"run","Package":"github.com/QuantumNous/new-api/relay/common","Test":"TestApplyParamOverrideWithRelayInfoActiveClaudeCodeRejectsHeaderOperations/set_header_nil"}
{"Time":"2026-09-11T04:04:12.7792316+08:00","Action":"output","Package":"github.com/QuantumNous/new-api/relay/common","Test":"TestApplyParamOverrideWithRelayInfoActiveClaudeCodeRejectsHeaderOperations/set_header_nil","Output":"=== RUN   TestApplyParamOverrideWithRelayInfoActiveClaudeCodeRejectsHeaderOperations/set_header_nil\n"}
{"Time":"2026-09-11T04:04:12.7792316+08:00","Action":"output","Package":"github.com/QuantumNous/new-api/relay/common","Test":"TestApplyParamOverrideWithRelayInfoActiveClaudeCodeRejectsHeaderOperations/set_header_nil","Output":"--- PASS: TestApplyParamOverrideWithRelayInfoActiveClaudeCodeRejectsHeaderOperations/set_header_nil (0.00s)\n"}
{"Time":"2026-09-11T04:04:12.7792316+08:00","Action":"pass","Package":"github.com/QuantumNous/new-api/relay/common","Test":"TestApplyParamOverrideWithRelayInfoActiveClaudeCodeRejectsHeaderOperations/set_header_nil","Elapsed":0}
{"Time":"2026-09-11T04:04:12.7792316+08:00","Action":"run","Package":"github.com/QuantumNous/new-api/relay/common","Test":"TestApplyParamOverrideWithRelayInfoActiveClaudeCodeRejectsHeaderOperations/set_header_empty_string"}
{"Time":"2026-09-11T04:04:12.7792316+08:00","Action":"output","Package":"github.com/QuantumNous/new-api/relay/common","Test":"TestApplyParamOverrideWithRelayInfoActiveClaudeCodeRejectsHeaderOperations/set_header_empty_string","Output":"=== RUN   TestApplyParamOverrideWithRelayInfoActiveClaudeCodeRejectsHeaderOperations/set_header_empty_string\n"}
{"Time":"2026-09-11T04:04:12.7792316+08:00","Action":"output","Package":"github.com/QuantumNous/new-api/relay/common","Test":"TestApplyParamOverrideWithRelayInfoActiveClaudeCodeRejectsHeaderOperations/set_header_empty_string","Output":"--- PASS: TestApplyParamOverrideWithRelayInfoActiveClaudeCodeRejectsHeaderOperations/set_header_empty_string (0.00s)\n"}
{"Time":"2026-09-11T04:04:12.7792316+08:00","Action":"pass","Package":"github.com/QuantumNous/new-api/relay/common","Test":"TestApplyParamOverrideWithRelayInfoActiveClaudeCodeRejectsHeaderOperations/set_header_empty_string","Elapsed":0}
{"Time":"2026-09-11T04:04:12.7792316+08:00","Action":"run","Package":"github.com/QuantumNous/new-api/relay/common","Test":"TestApplyParamOverrideWithRelayInfoActiveClaudeCodeRejectsHeaderOperations/set_header_number"}
{"Time":"2026-09-11T04:04:12.7792316+08:00","Action":"output","Package":"github.com/QuantumNous/new-api/relay/common","Test":"TestApplyParamOverrideWithRelayInfoActiveClaudeCodeRejectsHeaderOperations/set_header_number","Output":"=== RUN   TestApplyParamOverrideWithRelayInfoActiveClaudeCodeRejectsHeaderOperations/set_header_number\n"}
{"Time":"2026-09-11T04:04:12.7792316+08:00","Action":"output","Package":"github.com/QuantumNous/new-api/relay/common","Test":"TestApplyParamOverrideWithRelayInfoActiveClaudeCodeRejectsHeaderOperations/set_header_number","Output":"--- PASS: TestApplyParamOverrideWithRelayInfoActiveClaudeCodeRejectsHeaderOperations/set_header_number (0.00s)\n"}
{"Time":"2026-09-11T04:04:12.7792316+08:00","Action":"pass","Package":"github.com/QuantumNous/new-api/relay/common","Test":"TestApplyParamOverrideWithRelayInfoActiveClaudeCodeRejectsHeaderOperations/set_header_number","Elapsed":0}
{"Time":"2026-09-11T04:04:12.7792316+08:00","Action":"run","Package":"github.com/QuantumNous/new-api/relay/common","Test":"TestApplyParamOverrideWithRelayInfoActiveClaudeCodeRejectsHeaderOperations/set_header_boolean"}
{"Time":"2026-09-11T04:04:12.7792316+08:00","Action":"output","Package":"github.com/QuantumNous/new-api/relay/common","Test":"TestApplyParamOverrideWithRelayInfoActiveClaudeCodeRejectsHeaderOperations/set_header_boolean","Output":"=== RUN   TestApplyParamOverrideWithRelayInfoActiveClaudeCodeRejectsHeaderOperations/set_header_boolean\n"}
{"Time":"2026-09-11T04:04:12.7792316+08:00","Action":"output","Package":"github.com/QuantumNous/new-api/relay/common","Test":"TestApplyParamOverrideWithRelayInfoActiveClaudeCodeRejectsHeaderOperations/set_header_boolean","Output":"--- PASS: TestApplyParamOverrideWithRelayInfoActiveClaudeCodeRejectsHeaderOperations/set_header_boolean (0.00s)\n"}
{"Time":"2026-09-11T04:04:12.7792316+08:00","Action":"pass","Package":"github.com/QuantumNous/new-api/relay/common","Test":"TestApplyParamOverrideWithRelayInfoActiveClaudeCodeRejectsHeaderOperations/set_header_boolean","Elapsed":0}
{"Time":"2026-09-11T04:04:12.7792316+08:00","Action":"run","Package":"github.com/QuantumNous/new-api/relay/common","Test":"TestApplyParamOverrideWithRelayInfoActiveClaudeCodeRejectsHeaderOperations/set_header_client_template"}
{"Time":"2026-09-11T04:04:12.7792316+08:00","Action":"output","Package":"github.com/QuantumNous/new-api/relay/common","Test":"TestApplyParamOverrideWithRelayInfoActiveClaudeCodeRejectsHeaderOperations/set_header_client_template","Output":"=== RUN   TestApplyParamOverrideWithRelayInfoActiveClaudeCodeRejectsHeaderOperations/set_header_client_template\n"}
{"Time":"2026-09-11T04:04:12.7792316+08:00","Action":"output","Package":"github.com/QuantumNous/new-api/relay/common","Test":"TestApplyParamOverrideWithRelayInfoActiveClaudeCodeRejectsHeaderOperations/set_header_client_template","Output":"--- PASS: TestApplyParamOverrideWithRelayInfoActiveClaudeCodeRejectsHeaderOperations/set_header_client_template (0.00s)\n"}
{"Time":"2026-09-11T04:04:12.7792316+08:00","Action":"pass","Package":"github.com/QuantumNous/new-api/relay/common","Test":"TestApplyParamOverrideWithRelayInfoActiveClaudeCodeRejectsHeaderOperations/set_header_client_template","Elapsed":0}
{"Time":"2026-09-11T04:04:12.7792316+08:00","Action":"run","Package":"github.com/QuantumNous/new-api/relay/common","Test":"TestApplyParamOverrideWithRelayInfoActiveClaudeCodeRejectsHeaderOperations/set_header_api_key_template"}
{"Time":"2026-09-11T04:04:12.7792316+08:00","Action":"output","Package":"github.com/QuantumNous/new-api/relay/common","Test":"TestApplyParamOverrideWithRelayInfoActiveClaudeCodeRejectsHeaderOperations/set_header_api_key_template","Output":"=== RUN   TestApplyParamOverrideWithRelayInfoActiveClaudeCodeRejectsHeaderOperations/set_header_api_key_template\n"}
{"Time":"2026-09-11T04:04:12.7792316+08:00","Action":"output","Package":"github.com/QuantumNous/new-api/relay/common","Test":"TestApplyParamOverrideWithRelayInfoActiveClaudeCodeRejectsHeaderOperations/set_header_api_key_template","Output":"--- PASS: TestApplyParamOverrideWithRelayInfoActiveClaudeCodeRejectsHeaderOperations/set_header_api_key_template (0.00s)\n"}
{"Time":"2026-09-11T04:04:12.7792316+08:00","Action":"pass","Package":"github.com/QuantumNous/new-api/relay/common","Test":"TestApplyParamOverrideWithRelayInfoActiveClaudeCodeRejectsHeaderOperations/set_header_api_key_template","Elapsed":0}
{"Time":"2026-09-11T04:04:12.7792316+08:00","Action":"run","Package":"github.com/QuantumNous/new-api/relay/common","Test":"TestApplyParamOverrideWithRelayInfoActiveClaudeCodeRejectsHeaderOperations/set_header_conditional"}
{"Time":"2026-09-11T04:04:12.7792316+08:00","Action":"output","Package":"github.com/QuantumNous/new-api/relay/common","Test":"TestApplyParamOverrideWithRelayInfoActiveClaudeCodeRejectsHeaderOperations/set_header_conditional","Output":"=== RUN   TestApplyParamOverrideWithRelayInfoActiveClaudeCodeRejectsHeaderOperations/set_header_conditional\n"}
{"Time":"2026-09-11T04:04:12.7792316+08:00","Action":"output","Package":"github.com/QuantumNous/new-api/relay/common","Test":"TestApplyParamOverrideWithRelayInfoActiveClaudeCodeRejectsHeaderOperations/set_header_conditional","Output":"--- PASS: TestApplyParamOverrideWithRelayInfoActiveClaudeCodeRejectsHeaderOperations/set_header_conditional (0.00s)\n"}
{"Time":"2026-09-11T04:04:12.7792316+08:00","Action":"pass","Package":"github.com/QuantumNous/new-api/relay/common","Test":"TestApplyParamOverrideWithRelayInfoActiveClaudeCodeRejectsHeaderOperations/set_header_conditional","Elapsed":0}
{"Time":"2026-09-11T04:04:12.7792316+08:00","Action":"run","Package":"github.com/QuantumNous/new-api/relay/common","Test":"TestApplyParamOverrideWithRelayInfoActiveClaudeCodeRejectsHeaderOperations/set_header_keep_origin"}
{"Time":"2026-09-11T04:04:12.7792316+08:00","Action":"output","Package":"github.com/QuantumNous/new-api/relay/common","Test":"TestApplyParamOverrideWithRelayInfoActiveClaudeCodeRejectsHeaderOperations/set_header_keep_origin","Output":"=== RUN   TestApplyParamOverrideWithRelayInfoActiveClaudeCodeRejectsHeaderOperations/set_header_keep_origin\n"}
{"Time":"2026-09-11T04:04:12.7792316+08:00","Action":"output","Package":"github.com/QuantumNous/new-api/relay/common","Test":"TestApplyParamOverrideWithRelayInfoActiveClaudeCodeRejectsHeaderOperations/set_header_keep_origin","Output":"--- PASS: TestApplyParamOverrideWithRelayInfoActiveClaudeCodeRejectsHeaderOperations/set_header_keep_origin (0.00s)\n"}
{"Time":"2026-09-11T04:04:12.7792316+08:00","Action":"pass","Package":"github.com/QuantumNous/new-api/relay/common","Test":"TestApplyParamOverrideWithRelayInfoActiveClaudeCodeRejectsHeaderOperations/set_header_keep_origin","Elapsed":0}
{"Time":"2026-09-11T04:04:12.7792316+08:00","Action":"run","Package":"github.com/QuantumNous/new-api/relay/common","Test":"TestApplyParamOverrideWithRelayInfoActiveClaudeCodeRejectsHeaderOperations/set_header_metadata_fields"}
{"Time":"2026-09-11T04:04:12.7792316+08:00","Action":"output","Package":"github.com/QuantumNous/new-api/relay/common","Test":"TestApplyParamOverrideWithRelayInfoActiveClaudeCodeRejectsHeaderOperations/set_header_metadata_fields","Output":"=== RUN   TestApplyParamOverrideWithRelayInfoActiveClaudeCodeRejectsHeaderOperations/set_header_metadata_fields\n"}
{"Time":"2026-09-11T04:04:12.7792316+08:00","Action":"output","Package":"github.com/QuantumNous/new-api/relay/common","Test":"TestApplyParamOverrideWithRelayInfoActiveClaudeCodeRejectsHeaderOperations/set_header_metadata_fields","Output":"--- PASS: TestApplyParamOverrideWithRelayInfoActiveClaudeCodeRejectsHeaderOperations/set_header_metadata_fields (0.00s)\n"}
{"Time":"2026-09-11T04:04:12.7792316+08:00","Action":"pass","Package":"github.com/QuantumNous/new-api/relay/common","Test":"TestApplyParamOverrideWithRelayInfoActiveClaudeCodeRejectsHeaderOperations/set_header_metadata_fields","Elapsed":0}
{"Time":"2026-09-11T04:04:12.7792316+08:00","Action":"run","Package":"github.com/QuantumNous/new-api/relay/common","Test":"TestApplyParamOverrideWithRelayInfoActiveClaudeCodeRejectsHeaderOperations/set_header_invalid_name"}
{"Time":"2026-09-11T04:04:12.7792316+08:00","Action":"output","Package":"github.com/QuantumNous/new-api/relay/common","Test":"TestApplyParamOverrideWithRelayInfoActiveClaudeCodeRejectsHeaderOperations/set_header_invalid_name","Output":"=== RUN   TestApplyParamOverrideWithRelayInfoActiveClaudeCodeRejectsHeaderOperations/set_header_invalid_name\n"}
{"Time":"2026-09-11T04:04:12.7792316+08:00","Action":"output","Package":"github.com/QuantumNous/new-api/relay/common","Test":"TestApplyParamOverrideWithRelayInfoActiveClaudeCodeRejectsHeaderOperations/set_header_invalid_name","Output":"--- PASS: TestApplyParamOverrideWithRelayInfoActiveClaudeCodeRejectsHeaderOperations/set_header_invalid_name (0.00s)\n"}
{"Time":"2026-09-11T04:04:12.7792316+08:00","Action":"pass","Package":"github.com/QuantumNous/new-api/relay/common","Test":"TestApplyParamOverrideWithRelayInfoActiveClaudeCodeRejectsHeaderOperations/set_header_invalid_name","Elapsed":0}
{"Time":"2026-09-11T04:04:12.7792316+08:00","Action":"run","Package":"github.com/QuantumNous/new-api/relay/common","Test":"TestApplyParamOverrideWithRelayInfoActiveClaudeCodeRejectsHeaderOperations/set_header_invalid_value"}
{"Time":"2026-09-11T04:04:12.7792316+08:00","Action":"output","Package":"github.com/QuantumNous/new-api/relay/common","Test":"TestApplyParamOverrideWithRelayInfoActiveClaudeCodeRejectsHeaderOperations/set_header_invalid_value","Output":"=== RUN   TestApplyParamOverrideWithRelayInfoActiveClaudeCodeRejectsHeaderOperations/set_header_invalid_value\n"}
{"Time":"2026-09-11T04:04:12.7792316+08:00","Action":"output","Package":"github.com/QuantumNous/new-api/relay/common","Test":"TestApplyParamOverrideWithRelayInfoActiveClaudeCodeRejectsHeaderOperations/set_header_invalid_value","Output":"--- PASS: TestApplyParamOverrideWithRelayInfoActiveClaudeCodeRejectsHeaderOperations/set_header_invalid_value (0.00s)\n"}
{"Time":"2026-09-11T04:04:12.7792316+08:00","Action":"pass","Package":"github.com/QuantumNous/new-api/relay/common","Test":"TestApplyParamOverrideWithRelayInfoActiveClaudeCodeRejectsHeaderOperations/set_header_invalid_value","Elapsed":0}
{"Time":"2026-09-11T04:04:12.7792316+08:00","Action":"run","Package":"github.com/QuantumNous/new-api/relay/common","Test":"TestApplyParamOverrideWithRelayInfoActiveClaudeCodeRejectsHeaderOperations/set_reserved_header_Authorization"}
{"Time":"2026-09-11T04:04:12.7792316+08:00","Action":"output","Package":"github.com/QuantumNous/new-api/relay/common","Test":"TestApplyParamOverrideWithRelayInfoActiveClaudeCodeRejectsHeaderOperations/set_reserved_header_Authorization","Output":"=== RUN   TestApplyParamOverrideWithRelayInfoActiveClaudeCodeRejectsHeaderOperations/set_reserved_header_Authorization\n"}
{"Time":"2026-09-11T04:04:12.7792316+08:00","Action":"output","Package":"github.com/QuantumNous/new-api/relay/common","Test":"TestApplyParamOverrideWithRelayInfoActiveClaudeCodeRejectsHeaderOperations/set_reserved_header_Authorization","Output":"--- PASS: TestApplyParamOverrideWithRelayInfoActiveClaudeCodeRejectsHeaderOperations/set_reserved_header_Authorization (0.00s)\n"}
{"Time":"2026-09-11T04:04:12.7792316+08:00","Action":"pass","Package":"github.com/QuantumNous/new-api/relay/common","Test":"TestApplyParamOverrideWithRelayInfoActiveClaudeCodeRejectsHeaderOperations/set_reserved_header_Authorization","Elapsed":0}
{"Time":"2026-09-11T04:04:12.7797428+08:00","Action":"run","Package":"github.com/QuantumNous/new-api/relay/common","Test":"TestApplyParamOverrideWithRelayInfoActiveClaudeCodeRejectsHeaderOperations/set_reserved_header_Proxy-Authorization"}
{"Time":"2026-09-11T04:04:12.7797428+08:00","Action":"output","Package":"github.com/QuantumNous/new-api/relay/common","Test":"TestApplyParamOverrideWithRelayInfoActiveClaudeCodeRejectsHeaderOperations/set_reserved_header_Proxy-Authorization","Output":"=== RUN   TestApplyParamOverrideWithRelayInfoActiveClaudeCodeRejectsHeaderOperations/set_reserved_header_Proxy-Authorization\n"}
{"Time":"2026-09-11T04:04:12.7797428+08:00","Action":"output","Package":"github.com/QuantumNous/new-api/relay/common","Test":"TestApplyParamOverrideWithRelayInfoActiveClaudeCodeRejectsHeaderOperations/set_reserved_header_Proxy-Authorization","Output":"--- PASS: TestApplyParamOverrideWithRelayInfoActiveClaudeCodeRejectsHeaderOperations/set_reserved_header_Proxy-Authorization (0.00s)\n"}
{"Time":"2026-09-11T04:04:12.7797428+08:00","Action":"pass","Package":"github.com/QuantumNous/new-api/relay/common","Test":"TestApplyParamOverrideWithRelayInfoActiveClaudeCodeRejectsHeaderOperations/set_reserved_header_Proxy-Authorization","Elapsed":0}
{"Time":"2026-09-11T04:04:12.7797428+08:00","Action":"run","Package":"github.com/QuantumNous/new-api/relay/common","Test":"TestApplyParamOverrideWithRelayInfoActiveClaudeCodeRejectsHeaderOperations/set_reserved_header_Cookie"}
{"Time":"2026-09-11T04:04:12.7797428+08:00","Action":"output","Package":"github.com/QuantumNous/new-api/relay/common","Test":"TestApplyParamOverrideWithRelayInfoActiveClaudeCodeRejectsHeaderOperations/set_reserved_header_Cookie","Output":"=== RUN   TestApplyParamOverrideWithRelayInfoActiveClaudeCodeRejectsHeaderOperations/set_reserved_header_Cookie\n"}
{"Time":"2026-09-11T04:04:12.7797428+08:00","Action":"output","Package":"github.com/QuantumNous/new-api/relay/common","Test":"TestApplyParamOverrideWithRelayInfoActiveClaudeCodeRejectsHeaderOperations/set_reserved_header_Cookie","Output":"--- PASS: TestApplyParamOverrideWithRelayInfoActiveClaudeCodeRejectsHeaderOperations/set_reserved_header_Cookie (0.00s)\n"}
{"Time":"2026-09-11T04:04:12.7797428+08:00","Action":"pass","Package":"github.com/QuantumNous/new-api/relay/common","Test":"TestApplyParamOverrideWithRelayInfoActiveClaudeCodeRejectsHeaderOperations/set_reserved_header_Cookie","Elapsed":0}
{"Time":"2026-09-11T04:04:12.7797428+08:00","Action":"run","Package":"github.com/QuantumNous/new-api/relay/common","Test":"TestApplyParamOverrideWithRelayInfoActiveClaudeCodeRejectsHeaderOperations/set_reserved_header_X-Api-Key"}
{"Time":"2026-09-11T04:04:12.7797428+08:00","Action":"output","Package":"github.com/QuantumNous/new-api/relay/common","Test":"TestApplyParamOverrideWithRelayInfoActiveClaudeCodeRejectsHeaderOperations/set_reserved_header_X-Api-Key","Output":"=== RUN   TestApplyParamOverrideWithRelayInfoActiveClaudeCodeRejectsHeaderOperations/set_reserved_header_X-Api-Key\n"}
{"Time":"2026-09-11T04:04:12.7797428+08:00","Action":"output","Package":"github.com/QuantumNous/new-api/relay/common","Test":"TestApplyParamOverrideWithRelayInfoActiveClaudeCodeRejectsHeaderOperations/set_reserved_header_X-Api-Key","Output":"--- PASS: TestApplyParamOverrideWithRelayInfoActiveClaudeCodeRejectsHeaderOperations/set_reserved_header_X-Api-Key (0.00s)\n"}
{"Time":"2026-09-11T04:04:12.7797428+08:00","Action":"pass","Package":"github.com/QuantumNous/new-api/relay/common","Test":"TestApplyParamOverrideWithRelayInfoActiveClaudeCodeRejectsHeaderOperations/set_reserved_header_X-Api-Key","Elapsed":0}
{"Time":"2026-09-11T04:04:12.7797428+08:00","Action":"run","Package":"github.com/QuantumNous/new-api/relay/common","Test":"TestApplyParamOverrideWithRelayInfoActiveClaudeCodeRejectsHeaderOperations/set_reserved_header_X-Goog-Api-Key"}
{"Time":"2026-09-11T04:04:12.7797428+08:00","Action":"output","Package":"github.com/QuantumNous/new-api/relay/common","Test":"TestApplyParamOverrideWithRelayInfoActiveClaudeCodeRejectsHeaderOperations/set_reserved_header_X-Goog-Api-Key","Output":"=== RUN   TestApplyParamOverrideWithRelayInfoActiveClaudeCodeRejectsHeaderOperations/set_reserved_header_X-Goog-Api-Key\n"}
{"Time":"2026-09-11T04:04:12.7797428+08:00","Action":"output","Package":"github.com/QuantumNous/new-api/relay/common","Test":"TestApplyParamOverrideWithRelayInfoActiveClaudeCodeRejectsHeaderOperations/set_reserved_header_X-Goog-Api-Key","Output":"--- PASS: TestApplyParamOverrideWithRelayInfoActiveClaudeCodeRejectsHeaderOperations/set_reserved_header_X-Goog-Api-Key (0.00s)\n"}
{"Time":"2026-09-11T04:04:12.7797428+08:00","Action":"pass","Package":"github.com/QuantumNous/new-api/relay/common","Test":"TestApplyParamOverrideWithRelayInfoActiveClaudeCodeRejectsHeaderOperations/set_reserved_header_X-Goog-Api-Key","Elapsed":0}
{"Time":"2026-09-11T04:04:12.7797428+08:00","Action":"run","Package":"github.com/QuantumNous/new-api/relay/common","Test":"TestApplyParamOverrideWithRelayInfoActiveClaudeCodeRejectsHeaderOperations/set_reserved_header_User-Agent"}
{"Time":"2026-09-11T04:04:12.7797428+08:00","Action":"output","Package":"github.com/QuantumNous/new-api/relay/common","Test":"TestApplyParamOverrideWithRelayInfoActiveClaudeCodeRejectsHeaderOperations/set_reserved_header_User-Agent","Output":"=== RUN   TestApplyParamOverrideWithRelayInfoActiveClaudeCodeRejectsHeaderOperations/set_reserved_header_User-Agent\n"}
{"Time":"2026-09-11T04:04:12.7797428+08:00","Action":"output","Package":"github.com/QuantumNous/new-api/relay/common","Test":"TestApplyParamOverrideWithRelayInfoActiveClaudeCodeRejectsHeaderOperations/set_reserved_header_User-Agent","Output":"--- PASS: TestApplyParamOverrideWithRelayInfoActiveClaudeCodeRejectsHeaderOperations/set_reserved_header_User-Agent (0.00s)\n"}
{"Time":"2026-09-11T04:04:12.7797428+08:00","Action":"pass","Package":"github.com/QuantumNous/new-api/relay/common","Test":"TestApplyParamOverrideWithRelayInfoActiveClaudeCodeRejectsHeaderOperations/set_reserved_header_User-Agent","Elapsed":0}
{"Time":"2026-09-11T04:04:12.7797428+08:00","Action":"run","Package":"github.com/QuantumNous/new-api/relay/common","Test":"TestApplyParamOverrideWithRelayInfoActiveClaudeCodeRejectsHeaderOperations/set_reserved_header_Anthropic-Version"}
{"Time":"2026-09-11T04:04:12.7797428+08:00","Action":"output","Package":"github.com/QuantumNous/new-api/relay/common","Test":"TestApplyParamOverrideWithRelayInfoActiveClaudeCodeRejectsHeaderOperations/set_reserved_header_Anthropic-Version","Output":"=== RUN   TestApplyParamOverrideWithRelayInfoActiveClaudeCodeRejectsHeaderOperations/set_reserved_header_Anthropic-Version\n"}
{"Time":"2026-09-11T04:04:12.7797428+08:00","Action":"output","Package":"github.com/QuantumNous/new-api/relay/common","Test":"TestApplyParamOverrideWithRelayInfoActiveClaudeCodeRejectsHeaderOperations/set_reserved_header_Anthropic-Version","Output":"--- PASS: TestApplyParamOverrideWithRelayInfoActiveClaudeCodeRejectsHeaderOperations/set_reserved_header_Anthropic-Version (0.00s)\n"}
{"Time":"2026-09-11T04:04:12.7797428+08:00","Action":"pass","Package":"github.com/QuantumNous/new-api/relay/common","Test":"TestApplyParamOverrideWithRelayInfoActiveClaudeCodeRejectsHeaderOperations/set_reserved_header_Anthropic-Version","Elapsed":0}
{"Time":"2026-09-11T04:04:12.7797428+08:00","Action":"run","Package":"github.com/QuantumNous/new-api/relay/common","Test":"TestApplyParamOverrideWithRelayInfoActiveClaudeCodeRejectsHeaderOperations/set_reserved_header_Accept"}
{"Time":"2026-09-11T04:04:12.7797428+08:00","Action":"output","Package":"github.com/QuantumNous/new-api/relay/common","Test":"TestApplyParamOverrideWithRelayInfoActiveClaudeCodeRejectsHeaderOperations/set_reserved_header_Accept","Output":"=== RUN   TestApplyParamOverrideWithRelayInfoActiveClaudeCodeRejectsHeaderOperations/set_reserved_header_Accept\n"}
{"Time":"2026-09-11T04:04:12.7797428+08:00","Action":"output","Package":"github.com/QuantumNous/new-api/relay/common","Test":"TestApplyParamOverrideWithRelayInfoActiveClaudeCodeRejectsHeaderOperations/set_reserved_header_Accept","Output":"--- PASS: TestApplyParamOverrideWithRelayInfoActiveClaudeCodeRejectsHeaderOperations/set_reserved_header_Accept (0.00s)\n"}
{"Time":"2026-09-11T04:04:12.7797428+08:00","Action":"pass","Package":"github.com/QuantumNous/new-api/relay/common","Test":"TestApplyParamOverrideWithRelayInfoActiveClaudeCodeRejectsHeaderOperations/set_reserved_header_Accept","Elapsed":0}
{"Time":"2026-09-11T04:04:12.7797428+08:00","Action":"run","Package":"github.com/QuantumNous/new-api/relay/common","Test":"TestApplyParamOverrideWithRelayInfoActiveClaudeCodeRejectsHeaderOperations/set_reserved_header_Content-Type"}
{"Time":"2026-09-11T04:04:12.7797428+08:00","Action":"output","Package":"github.com/QuantumNous/new-api/relay/common","Test":"TestApplyParamOverrideWithRelayInfoActiveClaudeCodeRejectsHeaderOperations/set_reserved_header_Content-Type","Output":"=== RUN   TestApplyParamOverrideWithRelayInfoActiveClaudeCodeRejectsHeaderOperations/set_reserved_header_Content-Type\n"}
{"Time":"2026-09-11T04:04:12.7797428+08:00","Action":"output","Package":"github.com/QuantumNous/new-api/relay/common","Test":"TestApplyParamOverrideWithRelayInfoActiveClaudeCodeRejectsHeaderOperations/set_reserved_header_Content-Type","Output":"--- PASS: TestApplyParamOverrideWithRelayInfoActiveClaudeCodeRejectsHeaderOperations/set_reserved_header_Content-Type (0.00s)\n"}
{"Time":"2026-09-11T04:04:12.7797428+08:00","Action":"pass","Package":"github.com/QuantumNous/new-api/relay/common","Test":"TestApplyParamOverrideWithRelayInfoActiveClaudeCodeRejectsHeaderOperations/set_reserved_header_Content-Type","Elapsed":0}
{"Time":"2026-09-11T04:04:12.7797428+08:00","Action":"run","Package":"github.com/QuantumNous/new-api/relay/common","Test":"TestApplyParamOverrideWithRelayInfoActiveClaudeCodeRejectsHeaderOperations/set_reserved_header_X-App"}
{"Time":"2026-09-11T04:04:12.7797428+08:00","Action":"output","Package":"github.com/QuantumNous/new-api/relay/common","Test":"TestApplyParamOverrideWithRelayInfoActiveClaudeCodeRejectsHeaderOperations/set_reserved_header_X-App","Output":"=== RUN   TestApplyParamOverrideWithRelayInfoActiveClaudeCodeRejectsHeaderOperations/set_reserved_header_X-App\n"}
{"Time":"2026-09-11T04:04:12.7797428+08:00","Action":"output","Package":"github.com/QuantumNous/new-api/relay/common","Test":"TestApplyParamOverrideWithRelayInfoActiveClaudeCodeRejectsHeaderOperations/set_reserved_header_X-App","Output":"--- PASS: TestApplyParamOverrideWithRelayInfoActiveClaudeCodeRejectsHeaderOperations/set_reserved_header_X-App (0.00s)\n"}
{"Time":"2026-09-11T04:04:12.7797428+08:00","Action":"pass","Package":"github.com/QuantumNous/new-api/relay/common","Test":"TestApplyParamOverrideWithRelayInfoActiveClaudeCodeRejectsHeaderOperations/set_reserved_header_X-App","Elapsed":0}
{"Time":"2026-09-11T04:04:12.7797428+08:00","Action":"run","Package":"github.com/QuantumNous/new-api/relay/common","Test":"TestApplyParamOverrideWithRelayInfoActiveClaudeCodeRejectsHeaderOperations/set_reserved_header_X-Claude-Code-Session-Id"}
{"Time":"2026-09-11T04:04:12.7797428+08:00","Action":"output","Package":"github.com/QuantumNous/new-api/relay/common","Test":"TestApplyParamOverrideWithRelayInfoActiveClaudeCodeRejectsHeaderOperations/set_reserved_header_X-Claude-Code-Session-Id","Output":"=== RUN   TestApplyParamOverrideWithRelayInfoActiveClaudeCodeRejectsHeaderOperations/set_reserved_header_X-Claude-Code-Session-Id\n"}
{"Time":"2026-09-11T04:04:12.7797428+08:00","Action":"output","Package":"github.com/QuantumNous/new-api/relay/common","Test":"TestApplyParamOverrideWithRelayInfoActiveClaudeCodeRejectsHeaderOperations/set_reserved_header_X-Claude-Code-Session-Id","Output":"--- PASS: TestApplyParamOverrideWithRelayInfoActiveClaudeCodeRejectsHeaderOperations/set_reserved_header_X-Claude-Code-Session-Id (0.00s)\n"}
{"Time":"2026-09-11T04:04:12.7797428+08:00","Action":"pass","Package":"github.com/QuantumNous/new-api/relay/common","Test":"TestApplyParamOverrideWithRelayInfoActiveClaudeCodeRejectsHeaderOperations/set_reserved_header_X-Claude-Code-Session-Id","Elapsed":0}
{"Time":"2026-09-11T04:04:12.7797428+08:00","Action":"run","Package":"github.com/QuantumNous/new-api/relay/common","Test":"TestApplyParamOverrideWithRelayInfoActiveClaudeCodeRejectsHeaderOperations/set_reserved_header_X-Stainless-Lang"}
{"Time":"2026-09-11T04:04:12.7797428+08:00","Action":"output","Package":"github.com/QuantumNous/new-api/relay/common","Test":"TestApplyParamOverrideWithRelayInfoActiveClaudeCodeRejectsHeaderOperations/set_reserved_header_X-Stainless-Lang","Output":"=== RUN   TestApplyParamOverrideWithRelayInfoActiveClaudeCodeRejectsHeaderOperations/set_reserved_header_X-Stainless-Lang\n"}
{"Time":"2026-09-11T04:04:12.7797428+08:00","Action":"output","Package":"github.com/QuantumNous/new-api/relay/common","Test":"TestApplyParamOverrideWithRelayInfoActiveClaudeCodeRejectsHeaderOperations/set_reserved_header_X-Stainless-Lang","Output":"--- PASS: TestApplyParamOverrideWithRelayInfoActiveClaudeCodeRejectsHeaderOperations/set_reserved_header_X-Stainless-Lang (0.00s)\n"}
{"Time":"2026-09-11T04:04:12.7797428+08:00","Action":"pass","Package":"github.com/QuantumNous/new-api/relay/common","Test":"TestApplyParamOverrideWithRelayInfoActiveClaudeCodeRejectsHeaderOperations/set_reserved_header_X-Stainless-Lang","Elapsed":0}
{"Time":"2026-09-11T04:04:12.7797428+08:00","Action":"run","Package":"github.com/QuantumNous/new-api/relay/common","Test":"TestApplyParamOverrideWithRelayInfoActiveClaudeCodeRejectsHeaderOperations/set_reserved_header_Sec-Fetch-Mode"}
{"Time":"2026-09-11T04:04:12.7797428+08:00","Action":"output","Package":"github.com/QuantumNous/new-api/relay/common","Test":"TestApplyParamOverrideWithRelayInfoActiveClaudeCodeRejectsHeaderOperations/set_reserved_header_Sec-Fetch-Mode","Output":"=== RUN   TestApplyParamOverrideWithRelayInfoActiveClaudeCodeRejectsHeaderOperations/set_reserved_header_Sec-Fetch-Mode\n"}
{"Time":"2026-09-11T04:04:12.7797428+08:00","Action":"output","Package":"github.com/QuantumNous/new-api/relay/common","Test":"TestApplyParamOverrideWithRelayInfoActiveClaudeCodeRejectsHeaderOperations/set_reserved_header_Sec-Fetch-Mode","Output":"--- PASS: TestApplyParamOverrideWithRelayInfoActiveClaudeCodeRejectsHeaderOperations/set_reserved_header_Sec-Fetch-Mode (0.00s)\n"}
{"Time":"2026-09-11T04:04:12.7797428+08:00","Action":"pass","Package":"github.com/QuantumNous/new-api/relay/common","Test":"TestApplyParamOverrideWithRelayInfoActiveClaudeCodeRejectsHeaderOperations/set_reserved_header_Sec-Fetch-Mode","Elapsed":0}
{"Time":"2026-09-11T04:04:12.7797428+08:00","Action":"run","Package":"github.com/QuantumNous/new-api/relay/common","Test":"TestApplyParamOverrideWithRelayInfoActiveClaudeCodeRejectsHeaderOperations/set_reserved_header_Anthropic-Dangerous-Direct-Browser-Access"}
{"Time":"2026-09-11T04:04:12.7797428+08:00","Action":"output","Package":"github.com/QuantumNous/new-api/relay/common","Test":"TestApplyParamOverrideWithRelayInfoActiveClaudeCodeRejectsHeaderOperations/set_reserved_header_Anthropic-Dangerous-Direct-Browser-Access","Output":"=== RUN   TestApplyParamOverrideWithRelayInfoActiveClaudeCodeRejectsHeaderOperations/set_reserved_header_Anthropic-Dangerous-Direct-Browser-Access\n"}
{"Time":"2026-09-11T04:04:12.7797428+08:00","Action":"output","Package":"github.com/QuantumNous/new-api/relay/common","Test":"TestApplyParamOverrideWithRelayInfoActiveClaudeCodeRejectsHeaderOperations/set_reserved_header_Anthropic-Dangerous-Direct-Browser-Access","Output":"--- PASS: TestApplyParamOverrideWithRelayInfoActiveClaudeCodeRejectsHeaderOperations/set_reserved_header_Anthropic-Dangerous-Direct-Browser-Access (0.00s)\n"}
{"Time":"2026-09-11T04:04:12.7797428+08:00","Action":"pass","Package":"github.com/QuantumNous/new-api/relay/common","Test":"TestApplyParamOverrideWithRelayInfoActiveClaudeCodeRejectsHeaderOperations/set_reserved_header_Anthropic-Dangerous-Direct-Browser-Access","Elapsed":0}
{"Time":"2026-09-11T04:04:12.7797428+08:00","Action":"run","Package":"github.com/QuantumNous/new-api/relay/common","Test":"TestApplyParamOverrideWithRelayInfoActiveClaudeCodeRejectsHeaderOperations/set_reserved_header_Accept-Language"}
{"Time":"2026-09-11T04:04:12.7797428+08:00","Action":"output","Package":"github.com/QuantumNous/new-api/relay/common","Test":"TestApplyParamOverrideWithRelayInfoActiveClaudeCodeRejectsHeaderOperations/set_reserved_header_Accept-Language","Output":"=== RUN   TestApplyParamOverrideWithRelayInfoActiveClaudeCodeRejectsHeaderOperations/set_reserved_header_Accept-Language\n"}
{"Time":"2026-09-11T04:04:12.7797428+08:00","Action":"output","Package":"github.com/QuantumNous/new-api/relay/common","Test":"TestApplyParamOverrideWithRelayInfoActiveClaudeCodeRejectsHeaderOperations/set_reserved_header_Accept-Language","Output":"--- PASS: TestApplyParamOverrideWithRelayInfoActiveClaudeCodeRejectsHeaderOperations/set_reserved_header_Accept-Language (0.00s)\n"}
{"Time":"2026-09-11T04:04:12.7797428+08:00","Action":"pass","Package":"github.com/QuantumNous/new-api/relay/common","Test":"TestApplyParamOverrideWithRelayInfoActiveClaudeCodeRejectsHeaderOperations/set_reserved_header_Accept-Language","Elapsed":0}
{"Time":"2026-09-11T04:04:12.7797428+08:00","Action":"output","Package":"github.com/QuantumNous/new-api/relay/common","Test":"TestApplyParamOverrideWithRelayInfoActiveClaudeCodeRejectsHeaderOperations","Output":"--- PASS: TestApplyParamOverrideWithRelayInfoActiveClaudeCodeRejectsHeaderOperations (0.00s)\n"}
{"Time":"2026-09-11T04:04:12.7797428+08:00","Action":"pass","Package":"github.com/QuantumNous/new-api/relay/common","Test":"TestApplyParamOverrideWithRelayInfoActiveClaudeCodeRejectsHeaderOperations","Elapsed":0}
{"Time":"2026-09-11T04:04:12.7797428+08:00","Action":"run","Package":"github.com/QuantumNous/new-api/relay/common","Test":"TestApplyParamOverrideWithRelayInfoActiveClaudeCodeAllowsSafeOperations"}
{"Time":"2026-09-11T04:04:12.7797428+08:00","Action":"output","Package":"github.com/QuantumNous/new-api/relay/common","Test":"TestApplyParamOverrideWithRelayInfoActiveClaudeCodeAllowsSafeOperations","Output":"=== RUN   TestApplyParamOverrideWithRelayInfoActiveClaudeCodeAllowsSafeOperations\n"}
{"Time":"2026-09-11T04:04:12.7797428+08:00","Action":"run","Package":"github.com/QuantumNous/new-api/relay/common","Test":"TestApplyParamOverrideWithRelayInfoActiveClaudeCodeAllowsSafeOperations/literal_safe_header"}
{"Time":"2026-09-11T04:04:12.7797428+08:00","Action":"output","Package":"github.com/QuantumNous/new-api/relay/common","Test":"TestApplyParamOverrideWithRelayInfoActiveClaudeCodeAllowsSafeOperations/literal_safe_header","Output":"=== RUN   TestApplyParamOverrideWithRelayInfoActiveClaudeCodeAllowsSafeOperations/literal_safe_header\n"}
{"Time":"2026-09-11T04:04:12.7797428+08:00","Action":"output","Package":"github.com/QuantumNous/new-api/relay/common","Test":"TestApplyParamOverrideWithRelayInfoActiveClaudeCodeAllowsSafeOperations/literal_safe_header","Output":"--- PASS: TestApplyParamOverrideWithRelayInfoActiveClaudeCodeAllowsSafeOperations/literal_safe_header (0.00s)\n"}
{"Time":"2026-09-11T04:04:12.7797428+08:00","Action":"pass","Package":"github.com/QuantumNous/new-api/relay/common","Test":"TestApplyParamOverrideWithRelayInfoActiveClaudeCodeAllowsSafeOperations/literal_safe_header","Elapsed":0}
{"Time":"2026-09-11T04:04:12.7797428+08:00","Action":"run","Package":"github.com/QuantumNous/new-api/relay/common","Test":"TestApplyParamOverrideWithRelayInfoActiveClaudeCodeAllowsSafeOperations/anthropic_beta"}
{"Time":"2026-09-11T04:04:12.7797428+08:00","Action":"output","Package":"github.com/QuantumNous/new-api/relay/common","Test":"TestApplyParamOverrideWithRelayInfoActiveClaudeCodeAllowsSafeOperations/anthropic_beta","Output":"=== RUN   TestApplyParamOverrideWithRelayInfoActiveClaudeCodeAllowsSafeOperations/anthropic_beta\n"}
{"Time":"2026-09-11T04:04:12.7797428+08:00","Action":"output","Package":"github.com/QuantumNous/new-api/relay/common","Test":"TestApplyParamOverrideWithRelayInfoActiveClaudeCodeAllowsSafeOperations/anthropic_beta","Output":"--- PASS: TestApplyParamOverrideWithRelayInfoActiveClaudeCodeAllowsSafeOperations/anthropic_beta (0.00s)\n"}
{"Time":"2026-09-11T04:04:12.7797428+08:00","Action":"pass","Package":"github.com/QuantumNous/new-api/relay/common","Test":"TestApplyParamOverrideWithRelayInfoActiveClaudeCodeAllowsSafeOperations/anthropic_beta","Elapsed":0}
{"Time":"2026-09-11T04:04:12.7797428+08:00","Action":"output","Package":"github.com/QuantumNous/new-api/relay/common","Test":"TestApplyParamOverrideWithRelayInfoActiveClaudeCodeAllowsSafeOperations","Output":"--- PASS: TestApplyParamOverrideWithRelayInfoActiveClaudeCodeAllowsSafeOperations (0.00s)\n"}
{"Time":"2026-09-11T04:04:12.7797428+08:00","Action":"pass","Package":"github.com/QuantumNous/new-api/relay/common","Test":"TestApplyParamOverrideWithRelayInfoActiveClaudeCodeAllowsSafeOperations","Elapsed":0}
{"Time":"2026-09-11T04:04:12.7797428+08:00","Action":"run","Package":"github.com/QuantumNous/new-api/relay/common","Test":"TestApplyParamOverrideWithRelayInfoActiveClaudeCodeAllowsLegacyJSON"}
{"Time":"2026-09-11T04:04:12.7797428+08:00","Action":"output","Package":"github.com/QuantumNous/new-api/relay/common","Test":"TestApplyParamOverrideWithRelayInfoActiveClaudeCodeAllowsLegacyJSON","Output":"=== RUN   TestApplyParamOverrideWithRelayInfoActiveClaudeCodeAllowsLegacyJSON\n"}
{"Time":"2026-09-11T04:04:12.7797428+08:00","Action":"run","Package":"github.com/QuantumNous/new-api/relay/common","Test":"TestApplyParamOverrideWithRelayInfoActiveClaudeCodeAllowsLegacyJSON/legacy_only"}
{"Time":"2026-09-11T04:04:12.7797428+08:00","Action":"output","Package":"github.com/QuantumNous/new-api/relay/common","Test":"TestApplyParamOverrideWithRelayInfoActiveClaudeCodeAllowsLegacyJSON/legacy_only","Output":"=== RUN   TestApplyParamOverrideWithRelayInfoActiveClaudeCodeAllowsLegacyJSON/legacy_only\n"}
{"Time":"2026-09-11T04:04:12.7797428+08:00","Action":"output","Package":"github.com/QuantumNous/new-api/relay/common","Test":"TestApplyParamOverrideWithRelayInfoActiveClaudeCodeAllowsLegacyJSON/legacy_only","Output":"--- PASS: TestApplyParamOverrideWithRelayInfoActiveClaudeCodeAllowsLegacyJSON/legacy_only (0.00s)\n"}
{"Time":"2026-09-11T04:04:12.7797428+08:00","Action":"pass","Package":"github.com/QuantumNous/new-api/relay/common","Test":"TestApplyParamOverrideWithRelayInfoActiveClaudeCodeAllowsLegacyJSON/legacy_only","Elapsed":0}
{"Time":"2026-09-11T04:04:12.7797428+08:00","Action":"run","Package":"github.com/QuantumNous/new-api/relay/common","Test":"TestApplyParamOverrideWithRelayInfoActiveClaudeCodeAllowsLegacyJSON/mixed_legacy_and_body_operation"}
{"Time":"2026-09-11T04:04:12.7797428+08:00","Action":"output","Package":"github.com/QuantumNous/new-api/relay/common","Test":"TestApplyParamOverrideWithRelayInfoActiveClaudeCodeAllowsLegacyJSON/mixed_legacy_and_body_operation","Output":"=== RUN   TestApplyParamOverrideWithRelayInfoActiveClaudeCodeAllowsLegacyJSON/mixed_legacy_and_body_operation\n"}
{"Time":"2026-09-11T04:04:12.7802642+08:00","Action":"output","Package":"github.com/QuantumNous/new-api/relay/common","Test":"TestApplyParamOverrideWithRelayInfoActiveClaudeCodeAllowsLegacyJSON/mixed_legacy_and_body_operation","Output":"--- PASS: TestApplyParamOverrideWithRelayInfoActiveClaudeCodeAllowsLegacyJSON/mixed_legacy_and_body_operation (0.00s)\n"}
{"Time":"2026-09-11T04:04:12.7802642+08:00","Action":"pass","Package":"github.com/QuantumNous/new-api/relay/common","Test":"TestApplyParamOverrideWithRelayInfoActiveClaudeCodeAllowsLegacyJSON/mixed_legacy_and_body_operation","Elapsed":0}
{"Time":"2026-09-11T04:04:12.7802642+08:00","Action":"run","Package":"github.com/QuantumNous/new-api/relay/common","Test":"TestApplyParamOverrideWithRelayInfoActiveClaudeCodeAllowsLegacyJSON/invalid_operations_falls_back_to_legacy_JSON"}
{"Time":"2026-09-11T04:04:12.7802642+08:00","Action":"output","Package":"github.com/QuantumNous/new-api/relay/common","Test":"TestApplyParamOverrideWithRelayInfoActiveClaudeCodeAllowsLegacyJSON/invalid_operations_falls_back_to_legacy_JSON","Output":"=== RUN   TestApplyParamOverrideWithRelayInfoActiveClaudeCodeAllowsLegacyJSON/invalid_operations_falls_back_to_legacy_JSON\n"}
{"Time":"2026-09-11T04:04:12.7802642+08:00","Action":"output","Package":"github.com/QuantumNous/new-api/relay/common","Test":"TestApplyParamOverrideWithRelayInfoActiveClaudeCodeAllowsLegacyJSON/invalid_operations_falls_back_to_legacy_JSON","Output":"--- PASS: TestApplyParamOverrideWithRelayInfoActiveClaudeCodeAllowsLegacyJSON/invalid_operations_falls_back_to_legacy_JSON (0.00s)\n"}
{"Time":"2026-09-11T04:04:12.7802642+08:00","Action":"pass","Package":"github.com/QuantumNous/new-api/relay/common","Test":"TestApplyParamOverrideWithRelayInfoActiveClaudeCodeAllowsLegacyJSON/invalid_operations_falls_back_to_legacy_JSON","Elapsed":0}
{"Time":"2026-09-11T04:04:12.7802642+08:00","Action":"output","Package":"github.com/QuantumNous/new-api/relay/common","Test":"TestApplyParamOverrideWithRelayInfoActiveClaudeCodeAllowsLegacyJSON","Output":"--- PASS: TestApplyParamOverrideWithRelayInfoActiveClaudeCodeAllowsLegacyJSON (0.00s)\n"}
{"Time":"2026-09-11T04:04:12.7802642+08:00","Action":"pass","Package":"github.com/QuantumNous/new-api/relay/common","Test":"TestApplyParamOverrideWithRelayInfoActiveClaudeCodeAllowsLegacyJSON","Elapsed":0}
{"Time":"2026-09-11T04:04:12.7802642+08:00","Action":"run","Package":"github.com/QuantumNous/new-api/relay/common","Test":"TestApplyParamOverrideWithRelayInfoHeaderOperationsRemainAvailableOutsideActiveClaudeCode"}
{"Time":"2026-09-11T04:04:12.7802642+08:00","Action":"output","Package":"github.com/QuantumNous/new-api/relay/common","Test":"TestApplyParamOverrideWithRelayInfoHeaderOperationsRemainAvailableOutsideActiveClaudeCode","Output":"=== RUN   TestApplyParamOverrideWithRelayInfoHeaderOperationsRemainAvailableOutsideActiveClaudeCode\n"}
{"Time":"2026-09-11T04:04:12.7802642+08:00","Action":"run","Package":"github.com/QuantumNous/new-api/relay/common","Test":"TestApplyParamOverrideWithRelayInfoHeaderOperationsRemainAvailableOutsideActiveClaudeCode/non_Claude_Code"}
{"Time":"2026-09-11T04:04:12.7802642+08:00","Action":"output","Package":"github.com/QuantumNous/new-api/relay/common","Test":"TestApplyParamOverrideWithRelayInfoHeaderOperationsRemainAvailableOutsideActiveClaudeCode/non_Claude_Code","Output":"=== RUN   TestApplyParamOverrideWithRelayInfoHeaderOperationsRemainAvailableOutsideActiveClaudeCode/non_Claude_Code\n"}
{"Time":"2026-09-11T04:04:12.7802642+08:00","Action":"output","Package":"github.com/QuantumNous/new-api/relay/common","Test":"TestApplyParamOverrideWithRelayInfoHeaderOperationsRemainAvailableOutsideActiveClaudeCode/non_Claude_Code","Output":"--- PASS: TestApplyParamOverrideWithRelayInfoHeaderOperationsRemainAvailableOutsideActiveClaudeCode/non_Claude_Code (0.00s)\n"}
{"Time":"2026-09-11T04:04:12.7802642+08:00","Action":"pass","Package":"github.com/QuantumNous/new-api/relay/common","Test":"TestApplyParamOverrideWithRelayInfoHeaderOperationsRemainAvailableOutsideActiveClaudeCode/non_Claude_Code","Elapsed":0}
{"Time":"2026-09-11T04:04:12.7802642+08:00","Action":"run","Package":"github.com/QuantumNous/new-api/relay/common","Test":"TestApplyParamOverrideWithRelayInfoHeaderOperationsRemainAvailableOutsideActiveClaudeCode/profile_disabled_channel_test"}
{"Time":"2026-09-11T04:04:12.7802642+08:00","Action":"output","Package":"github.com/QuantumNous/new-api/relay/common","Test":"TestApplyParamOverrideWithRelayInfoHeaderOperationsRemainAvailableOutsideActiveClaudeCode/profile_disabled_channel_test","Output":"=== RUN   TestApplyParamOverrideWithRelayInfoHeaderOperationsRemainAvailableOutsideActiveClaudeCode/profile_disabled_channel_test\n"}
{"Time":"2026-09-11T04:04:12.7802642+08:00","Action":"output","Package":"github.com/QuantumNous/new-api/relay/common","Test":"TestApplyParamOverrideWithRelayInfoHeaderOperationsRemainAvailableOutsideActiveClaudeCode/profile_disabled_channel_test","Output":"--- PASS: TestApplyParamOverrideWithRelayInfoHeaderOperationsRemainAvailableOutsideActiveClaudeCode/profile_disabled_channel_test (0.00s)\n"}
{"Time":"2026-09-11T04:04:12.7802642+08:00","Action":"pass","Package":"github.com/QuantumNous/new-api/relay/common","Test":"TestApplyParamOverrideWithRelayInfoHeaderOperationsRemainAvailableOutsideActiveClaudeCode/profile_disabled_channel_test","Elapsed":0}
{"Time":"2026-09-11T04:04:12.7802642+08:00","Action":"output","Package":"github.com/QuantumNous/new-api/relay/common","Test":"TestApplyParamOverrideWithRelayInfoHeaderOperationsRemainAvailableOutsideActiveClaudeCode","Output":"--- PASS: TestApplyParamOverrideWithRelayInfoHeaderOperationsRemainAvailableOutsideActiveClaudeCode (0.00s)\n"}
{"Time":"2026-09-11T04:04:12.7802642+08:00","Action":"pass","Package":"github.com/QuantumNous/new-api/relay/common","Test":"TestApplyParamOverrideWithRelayInfoHeaderOperationsRemainAvailableOutsideActiveClaudeCode","Elapsed":0}
{"Time":"2026-09-11T04:04:12.7802642+08:00","Action":"run","Package":"github.com/QuantumNous/new-api/relay/common","Test":"TestApplyParamOverrideWithRelayInfoMoveAndCopyHeaders"}
{"Time":"2026-09-11T04:04:12.7802642+08:00","Action":"output","Package":"github.com/QuantumNous/new-api/relay/common","Test":"TestApplyParamOverrideWithRelayInfoMoveAndCopyHeaders","Output":"=== RUN   TestApplyParamOverrideWithRelayInfoMoveAndCopyHeaders\n"}
{"Time":"2026-09-11T04:04:12.7802642+08:00","Action":"output","Package":"github.com/QuantumNous/new-api/relay/common","Test":"TestApplyParamOverrideWithRelayInfoMoveAndCopyHeaders","Output":"--- PASS: TestApplyParamOverrideWithRelayInfoMoveAndCopyHeaders (0.00s)\n"}
{"Time":"2026-09-11T04:04:12.7802642+08:00","Action":"pass","Package":"github.com/QuantumNous/new-api/relay/common","Test":"TestApplyParamOverrideWithRelayInfoMoveAndCopyHeaders","Elapsed":0}
{"Time":"2026-09-11T04:04:12.7802642+08:00","Action":"run","Package":"github.com/QuantumNous/new-api/relay/common","Test":"TestApplyParamOverrideWithRelayInfoSetHeaderMapRewritesAnthropicBeta"}
{"Time":"2026-09-11T04:04:12.7802642+08:00","Action":"output","Package":"github.com/QuantumNous/new-api/relay/common","Test":"TestApplyParamOverrideWithRelayInfoSetHeaderMapRewritesAnthropicBeta","Output":"=== RUN   TestApplyParamOverrideWithRelayInfoSetHeaderMapRewritesAnthropicBeta\n"}
{"Time":"2026-09-11T04:04:12.7802642+08:00","Action":"output","Package":"github.com/QuantumNous/new-api/relay/common","Test":"TestApplyParamOverrideWithRelayInfoSetHeaderMapRewritesAnthropicBeta","Output":"--- PASS: TestApplyParamOverrideWithRelayInfoSetHeaderMapRewritesAnthropicBeta (0.00s)\n"}
{"Time":"2026-09-11T04:04:12.7802642+08:00","Action":"pass","Package":"github.com/QuantumNous/new-api/relay/common","Test":"TestApplyParamOverrideWithRelayInfoSetHeaderMapRewritesAnthropicBeta","Elapsed":0}
{"Time":"2026-09-11T04:04:12.7802642+08:00","Action":"run","Package":"github.com/QuantumNous/new-api/relay/common","Test":"TestGetEffectiveHeaderOverrideUsesRuntimeOverrideAsFinalResult"}
{"Time":"2026-09-11T04:04:12.7802642+08:00","Action":"output","Package":"github.com/QuantumNous/new-api/relay/common","Test":"TestGetEffectiveHeaderOverrideUsesRuntimeOverrideAsFinalResult","Output":"=== RUN   TestGetEffectiveHeaderOverrideUsesRuntimeOverrideAsFinalResult\n"}
{"Time":"2026-09-11T04:04:12.7802642+08:00","Action":"output","Package":"github.com/QuantumNous/new-api/relay/common","Test":"TestGetEffectiveHeaderOverrideUsesRuntimeOverrideAsFinalResult","Output":"--- PASS: TestGetEffectiveHeaderOverrideUsesRuntimeOverrideAsFinalResult (0.00s)\n"}
{"Time":"2026-09-11T04:04:12.7802642+08:00","Action":"pass","Package":"github.com/QuantumNous/new-api/relay/common","Test":"TestGetEffectiveHeaderOverrideUsesRuntimeOverrideAsFinalResult","Elapsed":0}
{"Time":"2026-09-11T04:04:12.7802642+08:00","Action":"run","Package":"github.com/QuantumNous/new-api/relay/common","Test":"TestRemoveDisabledFieldsSkipWhenChannelPassThroughEnabled"}
{"Time":"2026-09-11T04:04:12.7802642+08:00","Action":"output","Package":"github.com/QuantumNous/new-api/relay/common","Test":"TestRemoveDisabledFieldsSkipWhenChannelPassThroughEnabled","Output":"=== RUN   TestRemoveDisabledFieldsSkipWhenChannelPassThroughEnabled\n"}
{"Time":"2026-09-11T04:04:12.7802642+08:00","Action":"output","Package":"github.com/QuantumNous/new-api/relay/common","Test":"TestRemoveDisabledFieldsSkipWhenChannelPassThroughEnabled","Output":"--- PASS: TestRemoveDisabledFieldsSkipWhenChannelPassThroughEnabled (0.00s)\n"}
{"Time":"2026-09-11T04:04:12.7802642+08:00","Action":"pass","Package":"github.com/QuantumNous/new-api/relay/common","Test":"TestRemoveDisabledFieldsSkipWhenChannelPassThroughEnabled","Elapsed":0}
{"Time":"2026-09-11T04:04:12.7802642+08:00","Action":"run","Package":"github.com/QuantumNous/new-api/relay/common","Test":"TestRemoveDisabledFieldsSkipWhenGlobalPassThroughEnabled"}
{"Time":"2026-09-11T04:04:12.7802642+08:00","Action":"output","Package":"github.com/QuantumNous/new-api/relay/common","Test":"TestRemoveDisabledFieldsSkipWhenGlobalPassThroughEnabled","Output":"=== RUN   TestRemoveDisabledFieldsSkipWhenGlobalPassThroughEnabled\n"}
{"Time":"2026-09-11T04:04:12.7802642+08:00","Action":"output","Package":"github.com/QuantumNous/new-api/relay/common","Test":"TestRemoveDisabledFieldsSkipWhenGlobalPassThroughEnabled","Output":"--- PASS: TestRemoveDisabledFieldsSkipWhenGlobalPassThroughEnabled (0.00s)\n"}
{"Time":"2026-09-11T04:04:12.7802642+08:00","Action":"pass","Package":"github.com/QuantumNous/new-api/relay/common","Test":"TestRemoveDisabledFieldsSkipWhenGlobalPassThroughEnabled","Elapsed":0}
{"Time":"2026-09-11T04:04:12.7802642+08:00","Action":"run","Package":"github.com/QuantumNous/new-api/relay/common","Test":"TestRemoveDisabledFieldsDefaultFiltering"}
{"Time":"2026-09-11T04:04:12.7802642+08:00","Action":"output","Package":"github.com/QuantumNous/new-api/relay/common","Test":"TestRemoveDisabledFieldsDefaultFiltering","Output":"=== RUN   TestRemoveDisabledFieldsDefaultFiltering\n"}
{"Time":"2026-09-11T04:04:12.7807858+08:00","Action":"output","Package":"github.com/QuantumNous/new-api/relay/common","Test":"TestRemoveDisabledFieldsDefaultFiltering","Output":"--- PASS: TestRemoveDisabledFieldsDefaultFiltering (0.00s)\n"}
{"Time":"2026-09-11T04:04:12.7807858+08:00","Action":"pass","Package":"github.com/QuantumNous/new-api/relay/common","Test":"TestRemoveDisabledFieldsDefaultFiltering","Elapsed":0}
{"Time":"2026-09-11T04:04:12.7807858+08:00","Action":"run","Package":"github.com/QuantumNous/new-api/relay/common","Test":"TestRemoveDisabledFieldsNoControlledFieldsKeepsBody"}
{"Time":"2026-09-11T04:04:12.7807858+08:00","Action":"output","Package":"github.com/QuantumNous/new-api/relay/common","Test":"TestRemoveDisabledFieldsNoControlledFieldsKeepsBody","Output":"=== RUN   TestRemoveDisabledFieldsNoControlledFieldsKeepsBody\n"}
{"Time":"2026-09-11T04:04:12.7807858+08:00","Action":"output","Package":"github.com/QuantumNous/new-api/relay/common","Test":"TestRemoveDisabledFieldsNoControlledFieldsKeepsBody","Output":"--- PASS: TestRemoveDisabledFieldsNoControlledFieldsKeepsBody (0.00s)\n"}
{"Time":"2026-09-11T04:04:12.7807858+08:00","Action":"pass","Package":"github.com/QuantumNous/new-api/relay/common","Test":"TestRemoveDisabledFieldsNoControlledFieldsKeepsBody","Elapsed":0}
{"Time":"2026-09-11T04:04:12.7807858+08:00","Action":"run","Package":"github.com/QuantumNous/new-api/relay/common","Test":"TestRemoveDisabledFieldsAllowInferenceGeo"}
{"Time":"2026-09-11T04:04:12.7807858+08:00","Action":"output","Package":"github.com/QuantumNous/new-api/relay/common","Test":"TestRemoveDisabledFieldsAllowInferenceGeo","Output":"=== RUN   TestRemoveDisabledFieldsAllowInferenceGeo\n"}
{"Time":"2026-09-11T04:04:12.7807858+08:00","Action":"output","Package":"github.com/QuantumNous/new-api/relay/common","Test":"TestRemoveDisabledFieldsAllowInferenceGeo","Output":"--- PASS: TestRemoveDisabledFieldsAllowInferenceGeo (0.00s)\n"}
{"Time":"2026-09-11T04:04:12.7807858+08:00","Action":"pass","Package":"github.com/QuantumNous/new-api/relay/common","Test":"TestRemoveDisabledFieldsAllowInferenceGeo","Elapsed":0}
{"Time":"2026-09-11T04:04:12.7807858+08:00","Action":"run","Package":"github.com/QuantumNous/new-api/relay/common","Test":"TestRemoveDisabledFieldsAllowSpeed"}
{"Time":"2026-09-11T04:04:12.7807858+08:00","Action":"output","Package":"github.com/QuantumNous/new-api/relay/common","Test":"TestRemoveDisabledFieldsAllowSpeed","Output":"=== RUN   TestRemoveDisabledFieldsAllowSpeed\n"}
{"Time":"2026-09-11T04:04:12.7807858+08:00","Action":"output","Package":"github.com/QuantumNous/new-api/relay/common","Test":"TestRemoveDisabledFieldsAllowSpeed","Output":"--- PASS: TestRemoveDisabledFieldsAllowSpeed (0.00s)\n"}
{"Time":"2026-09-11T04:04:12.7807858+08:00","Action":"pass","Package":"github.com/QuantumNous/new-api/relay/common","Test":"TestRemoveDisabledFieldsAllowSpeed","Elapsed":0}
{"Time":"2026-09-11T04:04:12.7807858+08:00","Action":"run","Package":"github.com/QuantumNous/new-api/relay/common","Test":"TestApplyParamOverrideWithRelayInfoRecordsOperationAuditInDebugMode"}
{"Time":"2026-09-11T04:04:12.7807858+08:00","Action":"output","Package":"github.com/QuantumNous/new-api/relay/common","Test":"TestApplyParamOverrideWithRelayInfoRecordsOperationAuditInDebugMode","Output":"=== RUN   TestApplyParamOverrideWithRelayInfoRecordsOperationAuditInDebugMode\n"}
{"Time":"2026-09-11T04:04:12.7807858+08:00","Action":"output","Package":"github.com/QuantumNous/new-api/relay/common","Test":"TestApplyParamOverrideWithRelayInfoRecordsOperationAuditInDebugMode","Output":"--- PASS: TestApplyParamOverrideWithRelayInfoRecordsOperationAuditInDebugMode (0.00s)\n"}
{"Time":"2026-09-11T04:04:12.7807858+08:00","Action":"pass","Package":"github.com/QuantumNous/new-api/relay/common","Test":"TestApplyParamOverrideWithRelayInfoRecordsOperationAuditInDebugMode","Elapsed":0}
{"Time":"2026-09-11T04:04:12.7807858+08:00","Action":"run","Package":"github.com/QuantumNous/new-api/relay/common","Test":"TestApplyParamOverrideWithRelayInfoRecordsOnlyKeyOperationsWhenDebugDisabled"}
{"Time":"2026-09-11T04:04:12.7807858+08:00","Action":"output","Package":"github.com/QuantumNous/new-api/relay/common","Test":"TestApplyParamOverrideWithRelayInfoRecordsOnlyKeyOperationsWhenDebugDisabled","Output":"=== RUN   TestApplyParamOverrideWithRelayInfoRecordsOnlyKeyOperationsWhenDebugDisabled\n"}
{"Time":"2026-09-11T04:04:12.7807858+08:00","Action":"output","Package":"github.com/QuantumNous/new-api/relay/common","Test":"TestApplyParamOverrideWithRelayInfoRecordsOnlyKeyOperationsWhenDebugDisabled","Output":"--- PASS: TestApplyParamOverrideWithRelayInfoRecordsOnlyKeyOperationsWhenDebugDisabled (0.00s)\n"}
{"Time":"2026-09-11T04:04:12.7807858+08:00","Action":"pass","Package":"github.com/QuantumNous/new-api/relay/common","Test":"TestApplyParamOverrideWithRelayInfoRecordsOnlyKeyOperationsWhenDebugDisabled","Elapsed":0}
{"Time":"2026-09-11T04:04:12.7807858+08:00","Action":"run","Package":"github.com/QuantumNous/new-api/relay/common","Test":"TestApplyParamOverrideWithRelayInfoRecordsConversationBodyOperationsWhenDebugDisabled"}
{"Time":"2026-09-11T04:04:12.7807858+08:00","Action":"output","Package":"github.com/QuantumNous/new-api/relay/common","Test":"TestApplyParamOverrideWithRelayInfoRecordsConversationBodyOperationsWhenDebugDisabled","Output":"=== RUN   TestApplyParamOverrideWithRelayInfoRecordsConversationBodyOperationsWhenDebugDisabled\n"}
{"Time":"2026-09-11T04:04:12.7807858+08:00","Action":"output","Package":"github.com/QuantumNous/new-api/relay/common","Test":"TestApplyParamOverrideWithRelayInfoRecordsConversationBodyOperationsWhenDebugDisabled","Output":"--- PASS: TestApplyParamOverrideWithRelayInfoRecordsConversationBodyOperationsWhenDebugDisabled (0.00s)\n"}
{"Time":"2026-09-11T04:04:12.7807858+08:00","Action":"pass","Package":"github.com/QuantumNous/new-api/relay/common","Test":"TestApplyParamOverrideWithRelayInfoRecordsConversationBodyOperationsWhenDebugDisabled","Elapsed":0}
{"Time":"2026-09-11T04:04:12.7807858+08:00","Action":"run","Package":"github.com/QuantumNous/new-api/relay/common","Test":"TestShouldAuditParamPathUsesFieldBoundaryPrefixMatching"}
{"Time":"2026-09-11T04:04:12.7807858+08:00","Action":"output","Package":"github.com/QuantumNous/new-api/relay/common","Test":"TestShouldAuditParamPathUsesFieldBoundaryPrefixMatching","Output":"=== RUN   TestShouldAuditParamPathUsesFieldBoundaryPrefixMatching\n"}
{"Time":"2026-09-11T04:04:12.7807858+08:00","Action":"output","Package":"github.com/QuantumNous/new-api/relay/common","Test":"TestShouldAuditParamPathUsesFieldBoundaryPrefixMatching","Output":"--- PASS: TestShouldAuditParamPathUsesFieldBoundaryPrefixMatching (0.00s)\n"}
{"Time":"2026-09-11T04:04:12.7807858+08:00","Action":"pass","Package":"github.com/QuantumNous/new-api/relay/common","Test":"TestShouldAuditParamPathUsesFieldBoundaryPrefixMatching","Elapsed":0}
{"Time":"2026-09-11T04:04:12.7807858+08:00","Action":"run","Package":"github.com/QuantumNous/new-api/relay/common","Test":"TestRelayInfoConvOptionsUsesNormalizedGeminiSafetySettings"}
{"Time":"2026-09-11T04:04:12.7807858+08:00","Action":"output","Package":"github.com/QuantumNous/new-api/relay/common","Test":"TestRelayInfoConvOptionsUsesNormalizedGeminiSafetySettings","Output":"=== RUN   TestRelayInfoConvOptionsUsesNormalizedGeminiSafetySettings\n"}
{"Time":"2026-09-11T04:04:12.7807858+08:00","Action":"output","Package":"github.com/QuantumNous/new-api/relay/common","Test":"TestRelayInfoConvOptionsUsesNormalizedGeminiSafetySettings","Output":"--- PASS: TestRelayInfoConvOptionsUsesNormalizedGeminiSafetySettings (0.00s)\n"}
{"Time":"2026-09-11T04:04:12.7807858+08:00","Action":"pass","Package":"github.com/QuantumNous/new-api/relay/common","Test":"TestRelayInfoConvOptionsUsesNormalizedGeminiSafetySettings","Elapsed":0}
{"Time":"2026-09-11T04:04:12.7807858+08:00","Action":"run","Package":"github.com/QuantumNous/new-api/relay/common","Test":"TestRelayInfoGetFinalRequestRelayFormatPrefersExplicitFinal"}
{"Time":"2026-09-11T04:04:12.7807858+08:00","Action":"output","Package":"github.com/QuantumNous/new-api/relay/common","Test":"TestRelayInfoGetFinalRequestRelayFormatPrefersExplicitFinal","Output":"=== RUN   TestRelayInfoGetFinalRequestRelayFormatPrefersExplicitFinal\n"}
{"Time":"2026-09-11T04:04:12.7807858+08:00","Action":"output","Package":"github.com/QuantumNous/new-api/relay/common","Test":"TestRelayInfoGetFinalRequestRelayFormatPrefersExplicitFinal","Output":"--- PASS: TestRelayInfoGetFinalRequestRelayFormatPrefersExplicitFinal (0.00s)\n"}
{"Time":"2026-09-11T04:04:12.7807858+08:00","Action":"pass","Package":"github.com/QuantumNous/new-api/relay/common","Test":"TestRelayInfoGetFinalRequestRelayFormatPrefersExplicitFinal","Elapsed":0}
{"Time":"2026-09-11T04:04:12.7807858+08:00","Action":"run","Package":"github.com/QuantumNous/new-api/relay/common","Test":"TestRelayInfoGetFinalRequestRelayFormatFallsBackToConversionChain"}
{"Time":"2026-09-11T04:04:12.7807858+08:00","Action":"output","Package":"github.com/QuantumNous/new-api/relay/common","Test":"TestRelayInfoGetFinalRequestRelayFormatFallsBackToConversionChain","Output":"=== RUN   TestRelayInfoGetFinalRequestRelayFormatFallsBackToConversionChain\n"}
{"Time":"2026-09-11T04:04:12.7807858+08:00","Action":"output","Package":"github.com/QuantumNous/new-api/relay/common","Test":"TestRelayInfoGetFinalRequestRelayFormatFallsBackToConversionChain","Output":"--- PASS: TestRelayInfoGetFinalRequestRelayFormatFallsBackToConversionChain (0.00s)\n"}
{"Time":"2026-09-11T04:04:12.7807858+08:00","Action":"pass","Package":"github.com/QuantumNous/new-api/relay/common","Test":"TestRelayInfoGetFinalRequestRelayFormatFallsBackToConversionChain","Elapsed":0}
{"Time":"2026-09-11T04:04:12.7807858+08:00","Action":"run","Package":"github.com/QuantumNous/new-api/relay/common","Test":"TestRelayInfoGetFinalRequestRelayFormatFallsBackToRelayFormat"}
{"Time":"2026-09-11T04:04:12.7807858+08:00","Action":"output","Package":"github.com/QuantumNous/new-api/relay/common","Test":"TestRelayInfoGetFinalRequestRelayFormatFallsBackToRelayFormat","Output":"=== RUN   TestRelayInfoGetFinalRequestRelayFormatFallsBackToRelayFormat\n"}
{"Time":"2026-09-11T04:04:12.7807858+08:00","Action":"output","Package":"github.com/QuantumNous/new-api/relay/common","Test":"TestRelayInfoGetFinalRequestRelayFormatFallsBackToRelayFormat","Output":"--- PASS: TestRelayInfoGetFinalRequestRelayFormatFallsBackToRelayFormat (0.00s)\n"}
{"Time":"2026-09-11T04:04:12.7807858+08:00","Action":"pass","Package":"github.com/QuantumNous/new-api/relay/common","Test":"TestRelayInfoGetFinalRequestRelayFormatFallsBackToRelayFormat","Elapsed":0}
{"Time":"2026-09-11T04:04:12.7807858+08:00","Action":"run","Package":"github.com/QuantumNous/new-api/relay/common","Test":"TestRelayInfoGetFinalRequestRelayFormatNilReceiver"}
{"Time":"2026-09-11T04:04:12.7807858+08:00","Action":"output","Package":"github.com/QuantumNous/new-api/relay/common","Test":"TestRelayInfoGetFinalRequestRelayFormatNilReceiver","Output":"=== RUN   TestRelayInfoGetFinalRequestRelayFormatNilReceiver\n"}
{"Time":"2026-09-11T04:04:12.7807858+08:00","Action":"output","Package":"github.com/QuantumNous/new-api/relay/common","Test":"TestRelayInfoGetFinalRequestRelayFormatNilReceiver","Output":"--- PASS: TestRelayInfoGetFinalRequestRelayFormatNilReceiver (0.00s)\n"}
{"Time":"2026-09-11T04:04:12.7807858+08:00","Action":"pass","Package":"github.com/QuantumNous/new-api/relay/common","Test":"TestRelayInfoGetFinalRequestRelayFormatNilReceiver","Elapsed":0}
{"Time":"2026-09-11T04:04:12.7807858+08:00","Action":"run","Package":"github.com/QuantumNous/new-api/relay/common","Test":"TestRelayInfoMetaTypedNilReceiver"}
{"Time":"2026-09-11T04:04:12.7807858+08:00","Action":"output","Package":"github.com/QuantumNous/new-api/relay/common","Test":"TestRelayInfoMetaTypedNilReceiver","Output":"=== RUN   TestRelayInfoMetaTypedNilReceiver\n"}
{"Time":"2026-09-11T04:04:12.7807858+08:00","Action":"output","Package":"github.com/QuantumNous/new-api/relay/common","Test":"TestRelayInfoMetaTypedNilReceiver","Output":"--- PASS: TestRelayInfoMetaTypedNilReceiver (0.00s)\n"}
{"Time":"2026-09-11T04:04:12.7807858+08:00","Action":"pass","Package":"github.com/QuantumNous/new-api/relay/common","Test":"TestRelayInfoMetaTypedNilReceiver","Elapsed":0}
{"Time":"2026-09-11T04:04:12.7807858+08:00","Action":"run","Package":"github.com/QuantumNous/new-api/relay/common","Test":"TestInitChannelMetaEnablesCodeBuddyStreamOptions"}
{"Time":"2026-09-11T04:04:12.7807858+08:00","Action":"output","Package":"github.com/QuantumNous/new-api/relay/common","Test":"TestInitChannelMetaEnablesCodeBuddyStreamOptions","Output":"=== RUN   TestInitChannelMetaEnablesCodeBuddyStreamOptions\n"}
{"Time":"2026-09-11T04:04:12.7807858+08:00","Action":"output","Package":"github.com/QuantumNous/new-api/relay/common","Test":"TestInitChannelMetaEnablesCodeBuddyStreamOptions","Output":"--- PASS: TestInitChannelMetaEnablesCodeBuddyStreamOptions (0.00s)\n"}
{"Time":"2026-09-11T04:04:12.7807858+08:00","Action":"pass","Package":"github.com/QuantumNous/new-api/relay/common","Test":"TestInitChannelMetaEnablesCodeBuddyStreamOptions","Elapsed":0}
{"Time":"2026-09-11T04:04:12.7807858+08:00","Action":"run","Package":"github.com/QuantumNous/new-api/relay/common","Test":"TestSanitizeURLForLogMasksSensitiveQueryValues"}
{"Time":"2026-09-11T04:04:12.7807858+08:00","Action":"output","Package":"github.com/QuantumNous/new-api/relay/common","Test":"TestSanitizeURLForLogMasksSensitiveQueryValues","Output":"=== RUN   TestSanitizeURLForLogMasksSensitiveQueryValues\n"}
{"Time":"2026-09-11T04:04:12.7813101+08:00","Action":"output","Package":"github.com/QuantumNous/new-api/relay/common","Test":"TestSanitizeURLForLogMasksSensitiveQueryValues","Output":"--- PASS: TestSanitizeURLForLogMasksSensitiveQueryValues (0.00s)\n"}
{"Time":"2026-09-11T04:04:12.7813101+08:00","Action":"pass","Package":"github.com/QuantumNous/new-api/relay/common","Test":"TestSanitizeURLForLogMasksSensitiveQueryValues","Elapsed":0}
{"Time":"2026-09-11T04:04:12.7813101+08:00","Action":"run","Package":"github.com/QuantumNous/new-api/relay/common","Test":"TestSanitizeURLForLogMasksAWSAndSecretLikeQueryKeys"}
{"Time":"2026-09-11T04:04:12.7813101+08:00","Action":"output","Package":"github.com/QuantumNous/new-api/relay/common","Test":"TestSanitizeURLForLogMasksAWSAndSecretLikeQueryKeys","Output":"=== RUN   TestSanitizeURLForLogMasksAWSAndSecretLikeQueryKeys\n"}
{"Time":"2026-09-11T04:04:12.7813101+08:00","Action":"output","Package":"github.com/QuantumNous/new-api/relay/common","Test":"TestSanitizeURLForLogMasksAWSAndSecretLikeQueryKeys","Output":"--- PASS: TestSanitizeURLForLogMasksAWSAndSecretLikeQueryKeys (0.00s)\n"}
{"Time":"2026-09-11T04:04:12.7813101+08:00","Action":"pass","Package":"github.com/QuantumNous/new-api/relay/common","Test":"TestSanitizeURLForLogMasksAWSAndSecretLikeQueryKeys","Elapsed":0}
{"Time":"2026-09-11T04:04:12.7813101+08:00","Action":"run","Package":"github.com/QuantumNous/new-api/relay/common","Test":"TestSanitizeURLForLogKeepsURLWithoutSensitiveQuery"}
{"Time":"2026-09-11T04:04:12.7813101+08:00","Action":"output","Package":"github.com/QuantumNous/new-api/relay/common","Test":"TestSanitizeURLForLogKeepsURLWithoutSensitiveQuery","Output":"=== RUN   TestSanitizeURLForLogKeepsURLWithoutSensitiveQuery\n"}
{"Time":"2026-09-11T04:04:12.7813101+08:00","Action":"output","Package":"github.com/QuantumNous/new-api/relay/common","Test":"TestSanitizeURLForLogKeepsURLWithoutSensitiveQuery","Output":"--- PASS: TestSanitizeURLForLogKeepsURLWithoutSensitiveQuery (0.00s)\n"}
{"Time":"2026-09-11T04:04:12.7813101+08:00","Action":"pass","Package":"github.com/QuantumNous/new-api/relay/common","Test":"TestSanitizeURLForLogKeepsURLWithoutSensitiveQuery","Elapsed":0}
{"Time":"2026-09-11T04:04:12.7813101+08:00","Action":"run","Package":"github.com/QuantumNous/new-api/relay/common","Test":"TestValidateMultipartDirectNormalizesImageField"}
{"Time":"2026-09-11T04:04:12.7813101+08:00","Action":"output","Package":"github.com/QuantumNous/new-api/relay/common","Test":"TestValidateMultipartDirectNormalizesImageField","Output":"=== RUN   TestValidateMultipartDirectNormalizesImageField\n"}
{"Time":"2026-09-11T04:04:12.7813101+08:00","Action":"output","Package":"github.com/QuantumNous/new-api/relay/common","Test":"TestValidateMultipartDirectNormalizesImageField","Output":"--- PASS: TestValidateMultipartDirectNormalizesImageField (0.00s)\n"}
{"Time":"2026-09-11T04:04:12.7813101+08:00","Action":"pass","Package":"github.com/QuantumNous/new-api/relay/common","Test":"TestValidateMultipartDirectNormalizesImageField","Elapsed":0}
{"Time":"2026-09-11T04:04:12.7813101+08:00","Action":"run","Package":"github.com/QuantumNous/new-api/relay/common","Test":"TestTaskDurationBounds"}
{"Time":"2026-09-11T04:04:12.7813101+08:00","Action":"output","Package":"github.com/QuantumNous/new-api/relay/common","Test":"TestTaskDurationBounds","Output":"=== RUN   TestTaskDurationBounds\n"}
{"Time":"2026-09-11T04:04:12.7813101+08:00","Action":"run","Package":"github.com/QuantumNous/new-api/relay/common","Test":"TestTaskDurationBounds/huge_duration_is_rejected_(multipart_direct)"}
{"Time":"2026-09-11T04:04:12.7813101+08:00","Action":"output","Package":"github.com/QuantumNous/new-api/relay/common","Test":"TestTaskDurationBounds/huge_duration_is_rejected_(multipart_direct)","Output":"=== RUN   TestTaskDurationBounds/huge_duration_is_rejected_(multipart_direct)\n"}
{"Time":"2026-09-11T04:04:12.7813101+08:00","Action":"output","Package":"github.com/QuantumNous/new-api/relay/common","Test":"TestTaskDurationBounds/huge_duration_is_rejected_(multipart_direct)","Output":"--- PASS: TestTaskDurationBounds/huge_duration_is_rejected_(multipart_direct) (0.00s)\n"}
{"Time":"2026-09-11T04:04:12.7818344+08:00","Action":"pass","Package":"github.com/QuantumNous/new-api/relay/common","Test":"TestTaskDurationBounds/huge_duration_is_rejected_(multipart_direct)","Elapsed":0}
{"Time":"2026-09-11T04:04:12.7818344+08:00","Action":"run","Package":"github.com/QuantumNous/new-api/relay/common","Test":"TestTaskDurationBounds/huge_duration_is_rejected_(basic_task_request)"}
{"Time":"2026-09-11T04:04:12.7818344+08:00","Action":"output","Package":"github.com/QuantumNous/new-api/relay/common","Test":"TestTaskDurationBounds/huge_duration_is_rejected_(basic_task_request)","Output":"=== RUN   TestTaskDurationBounds/huge_duration_is_rejected_(basic_task_request)\n"}
{"Time":"2026-09-11T04:04:12.7818344+08:00","Action":"output","Package":"github.com/QuantumNous/new-api/relay/common","Test":"TestTaskDurationBounds/huge_duration_is_rejected_(basic_task_request)","Output":"--- PASS: TestTaskDurationBounds/huge_duration_is_rejected_(basic_task_request) (0.00s)\n"}
{"Time":"2026-09-11T04:04:12.7818344+08:00","Action":"pass","Package":"github.com/QuantumNous/new-api/relay/common","Test":"TestTaskDurationBounds/huge_duration_is_rejected_(basic_task_request)","Elapsed":0}
{"Time":"2026-09-11T04:04:12.7818344+08:00","Action":"run","Package":"github.com/QuantumNous/new-api/relay/common","Test":"TestTaskDurationBounds/huge_seconds_string_is_rejected_(multipart_direct)"}
{"Time":"2026-09-11T04:04:12.7818344+08:00","Action":"output","Package":"github.com/QuantumNous/new-api/relay/common","Test":"TestTaskDurationBounds/huge_seconds_string_is_rejected_(multipart_direct)","Output":"=== RUN   TestTaskDurationBounds/huge_seconds_string_is_rejected_(multipart_direct)\n"}
{"Time":"2026-09-11T04:04:12.7818344+08:00","Action":"output","Package":"github.com/QuantumNous/new-api/relay/common","Test":"TestTaskDurationBounds/huge_seconds_string_is_rejected_(multipart_direct)","Output":"--- PASS: TestTaskDurationBounds/huge_seconds_string_is_rejected_(multipart_direct) (0.00s)\n"}
{"Time":"2026-09-11T04:04:12.7818344+08:00","Action":"pass","Package":"github.com/QuantumNous/new-api/relay/common","Test":"TestTaskDurationBounds/huge_seconds_string_is_rejected_(multipart_direct)","Elapsed":0}
{"Time":"2026-09-11T04:04:12.7818344+08:00","Action":"run","Package":"github.com/QuantumNous/new-api/relay/common","Test":"TestTaskDurationBounds/huge_seconds_string_is_rejected_(basic_task_request)"}
{"Time":"2026-09-11T04:04:12.7818344+08:00","Action":"output","Package":"github.com/QuantumNous/new-api/relay/common","Test":"TestTaskDurationBounds/huge_seconds_string_is_rejected_(basic_task_request)","Output":"=== RUN   TestTaskDurationBounds/huge_seconds_string_is_rejected_(basic_task_request)\n"}
{"Time":"2026-09-11T04:04:12.7818344+08:00","Action":"output","Package":"github.com/QuantumNous/new-api/relay/common","Test":"TestTaskDurationBounds/huge_seconds_string_is_rejected_(basic_task_request)","Output":"--- PASS: TestTaskDurationBounds/huge_seconds_string_is_rejected_(basic_task_request) (0.00s)\n"}
{"Time":"2026-09-11T04:04:12.7818344+08:00","Action":"pass","Package":"github.com/QuantumNous/new-api/relay/common","Test":"TestTaskDurationBounds/huge_seconds_string_is_rejected_(basic_task_request)","Elapsed":0}
{"Time":"2026-09-11T04:04:12.7818344+08:00","Action":"run","Package":"github.com/QuantumNous/new-api/relay/common","Test":"TestTaskDurationBounds/negative_duration_is_rejected_(multipart_direct)"}
{"Time":"2026-09-11T04:04:12.7818344+08:00","Action":"output","Package":"github.com/QuantumNous/new-api/relay/common","Test":"TestTaskDurationBounds/negative_duration_is_rejected_(multipart_direct)","Output":"=== RUN   TestTaskDurationBounds/negative_duration_is_rejected_(multipart_direct)\n"}
{"Time":"2026-09-11T04:04:12.7818344+08:00","Action":"output","Package":"github.com/QuantumNous/new-api/relay/common","Test":"TestTaskDurationBounds/negative_duration_is_rejected_(multipart_direct)","Output":"--- PASS: TestTaskDurationBounds/negative_duration_is_rejected_(multipart_direct) (0.00s)\n"}
{"Time":"2026-09-11T04:04:12.7818344+08:00","Action":"pass","Package":"github.com/QuantumNous/new-api/relay/common","Test":"TestTaskDurationBounds/negative_duration_is_rejected_(multipart_direct)","Elapsed":0}
{"Time":"2026-09-11T04:04:12.7818344+08:00","Action":"run","Package":"github.com/QuantumNous/new-api/relay/common","Test":"TestTaskDurationBounds/negative_duration_is_rejected_(basic_task_request)"}
{"Time":"2026-09-11T04:04:12.7818344+08:00","Action":"output","Package":"github.com/QuantumNous/new-api/relay/common","Test":"TestTaskDurationBounds/negative_duration_is_rejected_(basic_task_request)","Output":"=== RUN   TestTaskDurationBounds/negative_duration_is_rejected_(basic_task_request)\n"}
{"Time":"2026-09-11T04:04:12.7818344+08:00","Action":"output","Package":"github.com/QuantumNous/new-api/relay/common","Test":"TestTaskDurationBounds/negative_duration_is_rejected_(basic_task_request)","Output":"--- PASS: TestTaskDurationBounds/negative_duration_is_rejected_(basic_task_request) (0.00s)\n"}
{"Time":"2026-09-11T04:04:12.7818344+08:00","Action":"pass","Package":"github.com/QuantumNous/new-api/relay/common","Test":"TestTaskDurationBounds/negative_duration_is_rejected_(basic_task_request)","Elapsed":0}
{"Time":"2026-09-11T04:04:12.7818344+08:00","Action":"run","Package":"github.com/QuantumNous/new-api/relay/common","Test":"TestTaskDurationBounds/normal_duration_is_accepted_(multipart_direct)"}
{"Time":"2026-09-11T04:04:12.7818344+08:00","Action":"output","Package":"github.com/QuantumNous/new-api/relay/common","Test":"TestTaskDurationBounds/normal_duration_is_accepted_(multipart_direct)","Output":"=== RUN   TestTaskDurationBounds/normal_duration_is_accepted_(multipart_direct)\n"}
{"Time":"2026-09-11T04:04:12.7818344+08:00","Action":"output","Package":"github.com/QuantumNous/new-api/relay/common","Test":"TestTaskDurationBounds/normal_duration_is_accepted_(multipart_direct)","Output":"--- PASS: TestTaskDurationBounds/normal_duration_is_accepted_(multipart_direct) (0.00s)\n"}
{"Time":"2026-09-11T04:04:12.7818344+08:00","Action":"pass","Package":"github.com/QuantumNous/new-api/relay/common","Test":"TestTaskDurationBounds/normal_duration_is_accepted_(multipart_direct)","Elapsed":0}
{"Time":"2026-09-11T04:04:12.7818344+08:00","Action":"run","Package":"github.com/QuantumNous/new-api/relay/common","Test":"TestTaskDurationBounds/normal_duration_is_accepted_(basic_task_request)"}
{"Time":"2026-09-11T04:04:12.7818344+08:00","Action":"output","Package":"github.com/QuantumNous/new-api/relay/common","Test":"TestTaskDurationBounds/normal_duration_is_accepted_(basic_task_request)","Output":"=== RUN   TestTaskDurationBounds/normal_duration_is_accepted_(basic_task_request)\n"}
{"Time":"2026-09-11T04:04:12.7818344+08:00","Action":"output","Package":"github.com/QuantumNous/new-api/relay/common","Test":"TestTaskDurationBounds/normal_duration_is_accepted_(basic_task_request)","Output":"--- PASS: TestTaskDurationBounds/normal_duration_is_accepted_(basic_task_request) (0.00s)\n"}
{"Time":"2026-09-11T04:04:12.7818344+08:00","Action":"pass","Package":"github.com/QuantumNous/new-api/relay/common","Test":"TestTaskDurationBounds/normal_duration_is_accepted_(basic_task_request)","Elapsed":0}
{"Time":"2026-09-11T04:04:12.7818344+08:00","Action":"output","Package":"github.com/QuantumNous/new-api/relay/common","Test":"TestTaskDurationBounds","Output":"--- PASS: TestTaskDurationBounds (0.00s)\n"}
{"Time":"2026-09-11T04:04:12.7818344+08:00","Action":"pass","Package":"github.com/QuantumNous/new-api/relay/common","Test":"TestTaskDurationBounds","Elapsed":0}
{"Time":"2026-09-11T04:04:12.7818344+08:00","Action":"run","Package":"github.com/QuantumNous/new-api/relay/common","Test":"TestStreamStatus_SetEndReason_FirstWins"}
{"Time":"2026-09-11T04:04:12.7818344+08:00","Action":"output","Package":"github.com/QuantumNous/new-api/relay/common","Test":"TestStreamStatus_SetEndReason_FirstWins","Output":"=== RUN   TestStreamStatus_SetEndReason_FirstWins\n"}
{"Time":"2026-09-11T04:04:12.7818344+08:00","Action":"output","Package":"github.com/QuantumNous/new-api/relay/common","Test":"TestStreamStatus_SetEndReason_FirstWins","Output":"=== PAUSE TestStreamStatus_SetEndReason_FirstWins\n"}
{"Time":"2026-09-11T04:04:12.7818344+08:00","Action":"pause","Package":"github.com/QuantumNous/new-api/relay/common","Test":"TestStreamStatus_SetEndReason_FirstWins"}
{"Time":"2026-09-11T04:04:12.7818344+08:00","Action":"run","Package":"github.com/QuantumNous/new-api/relay/common","Test":"TestStreamStatus_SetEndReason_WithError"}
{"Time":"2026-09-11T04:04:12.7818344+08:00","Action":"output","Package":"github.com/QuantumNous/new-api/relay/common","Test":"TestStreamStatus_SetEndReason_WithError","Output":"=== RUN   TestStreamStatus_SetEndReason_WithError\n"}
{"Time":"2026-09-11T04:04:12.7818344+08:00","Action":"output","Package":"github.com/QuantumNous/new-api/relay/common","Test":"TestStreamStatus_SetEndReason_WithError","Output":"=== PAUSE TestStreamStatus_SetEndReason_WithError\n"}
{"Time":"2026-09-11T04:04:12.7818344+08:00","Action":"pause","Package":"github.com/QuantumNous/new-api/relay/common","Test":"TestStreamStatus_SetEndReason_WithError"}
{"Time":"2026-09-11T04:04:12.7818344+08:00","Action":"run","Package":"github.com/QuantumNous/new-api/relay/common","Test":"TestStreamStatus_SetEndReason_NilSafe"}
{"Time":"2026-09-11T04:04:12.7818344+08:00","Action":"output","Package":"github.com/QuantumNous/new-api/relay/common","Test":"TestStreamStatus_SetEndReason_NilSafe","Output":"=== RUN   TestStreamStatus_SetEndReason_NilSafe\n"}
{"Time":"2026-09-11T04:04:12.7818344+08:00","Action":"output","Package":"github.com/QuantumNous/new-api/relay/common","Test":"TestStreamStatus_SetEndReason_NilSafe","Output":"=== PAUSE TestStreamStatus_SetEndReason_NilSafe\n"}
{"Time":"2026-09-11T04:04:12.7818344+08:00","Action":"pause","Package":"github.com/QuantumNous/new-api/relay/common","Test":"TestStreamStatus_SetEndReason_NilSafe"}
{"Time":"2026-09-11T04:04:12.7818344+08:00","Action":"run","Package":"github.com/QuantumNous/new-api/relay/common","Test":"TestStreamStatus_SetEndReason_Concurrent"}
{"Time":"2026-09-11T04:04:12.7818344+08:00","Action":"output","Package":"github.com/QuantumNous/new-api/relay/common","Test":"TestStreamStatus_SetEndReason_Concurrent","Output":"=== RUN   TestStreamStatus_SetEndReason_Concurrent\n"}
{"Time":"2026-09-11T04:04:12.7818344+08:00","Action":"output","Package":"github.com/QuantumNous/new-api/relay/common","Test":"TestStreamStatus_SetEndReason_Concurrent","Output":"=== PAUSE TestStreamStatus_SetEndReason_Concurrent\n"}
{"Time":"2026-09-11T04:04:12.7818344+08:00","Action":"pause","Package":"github.com/QuantumNous/new-api/relay/common","Test":"TestStreamStatus_SetEndReason_Concurrent"}
{"Time":"2026-09-11T04:04:12.7818344+08:00","Action":"run","Package":"github.com/QuantumNous/new-api/relay/common","Test":"TestStreamStatus_RecordError_Basic"}
{"Time":"2026-09-11T04:04:12.7818344+08:00","Action":"output","Package":"github.com/QuantumNous/new-api/relay/common","Test":"TestStreamStatus_RecordError_Basic","Output":"=== RUN   TestStreamStatus_RecordError_Basic\n"}
{"Time":"2026-09-11T04:04:12.7818344+08:00","Action":"output","Package":"github.com/QuantumNous/new-api/relay/common","Test":"TestStreamStatus_RecordError_Basic","Output":"=== PAUSE TestStreamStatus_RecordError_Basic\n"}
{"Time":"2026-09-11T04:04:12.7818344+08:00","Action":"pause","Package":"github.com/QuantumNous/new-api/relay/common","Test":"TestStreamStatus_RecordError_Basic"}
{"Time":"2026-09-11T04:04:12.7818344+08:00","Action":"run","Package":"github.com/QuantumNous/new-api/relay/common","Test":"TestStreamStatus_RecordError_CapAtMax"}
{"Time":"2026-09-11T04:04:12.7818344+08:00","Action":"output","Package":"github.com/QuantumNous/new-api/relay/common","Test":"TestStreamStatus_RecordError_CapAtMax","Output":"=== RUN   TestStreamStatus_RecordError_CapAtMax\n"}
{"Time":"2026-09-11T04:04:12.7818344+08:00","Action":"output","Package":"github.com/QuantumNous/new-api/relay/common","Test":"TestStreamStatus_RecordError_CapAtMax","Output":"=== PAUSE TestStreamStatus_RecordError_CapAtMax\n"}
{"Time":"2026-09-11T04:04:12.7818344+08:00","Action":"pause","Package":"github.com/QuantumNous/new-api/relay/common","Test":"TestStreamStatus_RecordError_CapAtMax"}
{"Time":"2026-09-11T04:04:12.7818344+08:00","Action":"run","Package":"github.com/QuantumNous/new-api/relay/common","Test":"TestStreamStatus_RecordError_NilSafe"}
{"Time":"2026-09-11T04:04:12.7818344+08:00","Action":"output","Package":"github.com/QuantumNous/new-api/relay/common","Test":"TestStreamStatus_RecordError_NilSafe","Output":"=== RUN   TestStreamStatus_RecordError_NilSafe\n"}
{"Time":"2026-09-11T04:04:12.7818344+08:00","Action":"output","Package":"github.com/QuantumNous/new-api/relay/common","Test":"TestStreamStatus_RecordError_NilSafe","Output":"=== PAUSE TestStreamStatus_RecordError_NilSafe\n"}
{"Time":"2026-09-11T04:04:12.7818344+08:00","Action":"pause","Package":"github.com/QuantumNous/new-api/relay/common","Test":"TestStreamStatus_RecordError_NilSafe"}
{"Time":"2026-09-11T04:04:12.7818344+08:00","Action":"run","Package":"github.com/QuantumNous/new-api/relay/common","Test":"TestStreamStatus_RecordError_Concurrent"}
{"Time":"2026-09-11T04:04:12.7818344+08:00","Action":"output","Package":"github.com/QuantumNous/new-api/relay/common","Test":"TestStreamStatus_RecordError_Concurrent","Output":"=== RUN   TestStreamStatus_RecordError_Concurrent\n"}
{"Time":"2026-09-11T04:04:12.7818344+08:00","Action":"output","Package":"github.com/QuantumNous/new-api/relay/common","Test":"TestStreamStatus_RecordError_Concurrent","Output":"=== PAUSE TestStreamStatus_RecordError_Concurrent\n"}
{"Time":"2026-09-11T04:04:12.7818344+08:00","Action":"pause","Package":"github.com/QuantumNous/new-api/relay/common","Test":"TestStreamStatus_RecordError_Concurrent"}
{"Time":"2026-09-11T04:04:12.7823678+08:00","Action":"run","Package":"github.com/QuantumNous/new-api/relay/common","Test":"TestStreamStatus_HasErrors_Empty"}
{"Time":"2026-09-11T04:04:12.7823678+08:00","Action":"output","Package":"github.com/QuantumNous/new-api/relay/common","Test":"TestStreamStatus_HasErrors_Empty","Output":"=== RUN   TestStreamStatus_HasErrors_Empty\n"}
{"Time":"2026-09-11T04:04:12.7823678+08:00","Action":"output","Package":"github.com/QuantumNous/new-api/relay/common","Test":"TestStreamStatus_HasErrors_Empty","Output":"=== PAUSE TestStreamStatus_HasErrors_Empty\n"}
{"Time":"2026-09-11T04:04:12.7823678+08:00","Action":"pause","Package":"github.com/QuantumNous/new-api/relay/common","Test":"TestStreamStatus_HasErrors_Empty"}
{"Time":"2026-09-11T04:04:12.7823678+08:00","Action":"run","Package":"github.com/QuantumNous/new-api/relay/common","Test":"TestStreamStatus_HasErrors_NilSafe"}
{"Time":"2026-09-11T04:04:12.7823678+08:00","Action":"output","Package":"github.com/QuantumNous/new-api/relay/common","Test":"TestStreamStatus_HasErrors_NilSafe","Output":"=== RUN   TestStreamStatus_HasErrors_NilSafe\n"}
{"Time":"2026-09-11T04:04:12.7823678+08:00","Action":"output","Package":"github.com/QuantumNous/new-api/relay/common","Test":"TestStreamStatus_HasErrors_NilSafe","Output":"=== PAUSE TestStreamStatus_HasErrors_NilSafe\n"}
{"Time":"2026-09-11T04:04:12.7823678+08:00","Action":"pause","Package":"github.com/QuantumNous/new-api/relay/common","Test":"TestStreamStatus_HasErrors_NilSafe"}
{"Time":"2026-09-11T04:04:12.7823678+08:00","Action":"run","Package":"github.com/QuantumNous/new-api/relay/common","Test":"TestStreamStatus_IsNormalEnd"}
{"Time":"2026-09-11T04:04:12.7823678+08:00","Action":"output","Package":"github.com/QuantumNous/new-api/relay/common","Test":"TestStreamStatus_IsNormalEnd","Output":"=== RUN   TestStreamStatus_IsNormalEnd\n"}
{"Time":"2026-09-11T04:04:12.7823678+08:00","Action":"output","Package":"github.com/QuantumNous/new-api/relay/common","Test":"TestStreamStatus_IsNormalEnd","Output":"=== PAUSE TestStreamStatus_IsNormalEnd\n"}
{"Time":"2026-09-11T04:04:12.7823678+08:00","Action":"pause","Package":"github.com/QuantumNous/new-api/relay/common","Test":"TestStreamStatus_IsNormalEnd"}
{"Time":"2026-09-11T04:04:12.7823678+08:00","Action":"run","Package":"github.com/QuantumNous/new-api/relay/common","Test":"TestStreamStatus_IsNormalEnd_NilSafe"}
{"Time":"2026-09-11T04:04:12.7823678+08:00","Action":"output","Package":"github.com/QuantumNous/new-api/relay/common","Test":"TestStreamStatus_IsNormalEnd_NilSafe","Output":"=== RUN   TestStreamStatus_IsNormalEnd_NilSafe\n"}
{"Time":"2026-09-11T04:04:12.7823678+08:00","Action":"output","Package":"github.com/QuantumNous/new-api/relay/common","Test":"TestStreamStatus_IsNormalEnd_NilSafe","Output":"=== PAUSE TestStreamStatus_IsNormalEnd_NilSafe\n"}
{"Time":"2026-09-11T04:04:12.7823678+08:00","Action":"pause","Package":"github.com/QuantumNous/new-api/relay/common","Test":"TestStreamStatus_IsNormalEnd_NilSafe"}
{"Time":"2026-09-11T04:04:12.7823678+08:00","Action":"run","Package":"github.com/QuantumNous/new-api/relay/common","Test":"TestStreamStatus_Summary"}
{"Time":"2026-09-11T04:04:12.7823678+08:00","Action":"output","Package":"github.com/QuantumNous/new-api/relay/common","Test":"TestStreamStatus_Summary","Output":"=== RUN   TestStreamStatus_Summary\n"}
{"Time":"2026-09-11T04:04:12.7823678+08:00","Action":"output","Package":"github.com/QuantumNous/new-api/relay/common","Test":"TestStreamStatus_Summary","Output":"=== PAUSE TestStreamStatus_Summary\n"}
{"Time":"2026-09-11T04:04:12.7823678+08:00","Action":"pause","Package":"github.com/QuantumNous/new-api/relay/common","Test":"TestStreamStatus_Summary"}
{"Time":"2026-09-11T04:04:12.7823678+08:00","Action":"run","Package":"github.com/QuantumNous/new-api/relay/common","Test":"TestStreamStatus_Summary_NilSafe"}
{"Time":"2026-09-11T04:04:12.7823678+08:00","Action":"output","Package":"github.com/QuantumNous/new-api/relay/common","Test":"TestStreamStatus_Summary_NilSafe","Output":"=== RUN   TestStreamStatus_Summary_NilSafe\n"}
{"Time":"2026-09-11T04:04:12.7823678+08:00","Action":"output","Package":"github.com/QuantumNous/new-api/relay/common","Test":"TestStreamStatus_Summary_NilSafe","Output":"=== PAUSE TestStreamStatus_Summary_NilSafe\n"}
{"Time":"2026-09-11T04:04:12.7823678+08:00","Action":"pause","Package":"github.com/QuantumNous/new-api/relay/common","Test":"TestStreamStatus_Summary_NilSafe"}
{"Time":"2026-09-11T04:04:12.7823678+08:00","Action":"run","Package":"github.com/QuantumNous/new-api/relay/common","Test":"TestCountBillableToolCallWebSearchPrefersDeclaredWebSearch"}
{"Time":"2026-09-11T04:04:12.7823678+08:00","Action":"output","Package":"github.com/QuantumNous/new-api/relay/common","Test":"TestCountBillableToolCallWebSearchPrefersDeclaredWebSearch","Output":"=== RUN   TestCountBillableToolCallWebSearchPrefersDeclaredWebSearch\n"}
{"Time":"2026-09-11T04:04:12.7823678+08:00","Action":"output","Package":"github.com/QuantumNous/new-api/relay/common","Test":"TestCountBillableToolCallWebSearchPrefersDeclaredWebSearch","Output":"--- PASS: TestCountBillableToolCallWebSearchPrefersDeclaredWebSearch (0.00s)\n"}
{"Time":"2026-09-11T04:04:12.7823678+08:00","Action":"pass","Package":"github.com/QuantumNous/new-api/relay/common","Test":"TestCountBillableToolCallWebSearchPrefersDeclaredWebSearch","Elapsed":0}
{"Time":"2026-09-11T04:04:12.7823678+08:00","Action":"run","Package":"github.com/QuantumNous/new-api/relay/common","Test":"TestCountBillableToolCallWebSearchDefaultsToPreview"}
{"Time":"2026-09-11T04:04:12.7823678+08:00","Action":"output","Package":"github.com/QuantumNous/new-api/relay/common","Test":"TestCountBillableToolCallWebSearchDefaultsToPreview","Output":"=== RUN   TestCountBillableToolCallWebSearchDefaultsToPreview\n"}
{"Time":"2026-09-11T04:04:12.7823678+08:00","Action":"output","Package":"github.com/QuantumNous/new-api/relay/common","Test":"TestCountBillableToolCallWebSearchDefaultsToPreview","Output":"--- PASS: TestCountBillableToolCallWebSearchDefaultsToPreview (0.00s)\n"}
{"Time":"2026-09-11T04:04:12.7823678+08:00","Action":"pass","Package":"github.com/QuantumNous/new-api/relay/common","Test":"TestCountBillableToolCallWebSearchDefaultsToPreview","Elapsed":0}
{"Time":"2026-09-11T04:04:12.7823678+08:00","Action":"run","Package":"github.com/QuantumNous/new-api/relay/common","Test":"TestCountBillableToolCallFunctionCallRequiresPrice"}
{"Time":"2026-09-11T04:04:12.7823678+08:00","Action":"output","Package":"github.com/QuantumNous/new-api/relay/common","Test":"TestCountBillableToolCallFunctionCallRequiresPrice","Output":"=== RUN   TestCountBillableToolCallFunctionCallRequiresPrice\n"}
{"Time":"2026-09-11T04:04:12.7823678+08:00","Action":"output","Package":"github.com/QuantumNous/new-api/relay/common","Test":"TestCountBillableToolCallFunctionCallRequiresPrice","Output":"--- PASS: TestCountBillableToolCallFunctionCallRequiresPrice (0.00s)\n"}
{"Time":"2026-09-11T04:04:12.7823678+08:00","Action":"pass","Package":"github.com/QuantumNous/new-api/relay/common","Test":"TestCountBillableToolCallFunctionCallRequiresPrice","Elapsed":0}
{"Time":"2026-09-11T04:04:12.7823678+08:00","Action":"run","Package":"github.com/QuantumNous/new-api/relay/common","Test":"TestCountBillableToolCallFunctionCallSkipsReservedNames"}
{"Time":"2026-09-11T04:04:12.7823678+08:00","Action":"output","Package":"github.com/QuantumNous/new-api/relay/common","Test":"TestCountBillableToolCallFunctionCallSkipsReservedNames","Output":"=== RUN   TestCountBillableToolCallFunctionCallSkipsReservedNames\n"}
{"Time":"2026-09-11T04:04:12.7823678+08:00","Action":"output","Package":"github.com/QuantumNous/new-api/relay/common","Test":"TestCountBillableToolCallFunctionCallSkipsReservedNames","Output":"--- PASS: TestCountBillableToolCallFunctionCallSkipsReservedNames (0.00s)\n"}
{"Time":"2026-09-11T04:04:12.7823678+08:00","Action":"pass","Package":"github.com/QuantumNous/new-api/relay/common","Test":"TestCountBillableToolCallFunctionCallSkipsReservedNames","Elapsed":0}
{"Time":"2026-09-11T04:04:12.7823678+08:00","Action":"run","Package":"github.com/QuantumNous/new-api/relay/common","Test":"TestImageGenerationCallCounterCompletedOutputs"}
{"Time":"2026-09-11T04:04:12.7823678+08:00","Action":"output","Package":"github.com/QuantumNous/new-api/relay/common","Test":"TestImageGenerationCallCounterCompletedOutputs","Output":"=== RUN   TestImageGenerationCallCounterCompletedOutputs\n"}
{"Time":"2026-09-11T04:04:12.7823678+08:00","Action":"output","Package":"github.com/QuantumNous/new-api/relay/common","Test":"TestImageGenerationCallCounterCompletedOutputs","Output":"=== PAUSE TestImageGenerationCallCounterCompletedOutputs\n"}
{"Time":"2026-09-11T04:04:12.7823678+08:00","Action":"pause","Package":"github.com/QuantumNous/new-api/relay/common","Test":"TestImageGenerationCallCounterCompletedOutputs"}
{"Time":"2026-09-11T04:04:12.7823678+08:00","Action":"run","Package":"github.com/QuantumNous/new-api/relay/common","Test":"TestImageGenerationCallCounterCommitCapsAtMaxImageN"}
{"Time":"2026-09-11T04:04:12.7823678+08:00","Action":"output","Package":"github.com/QuantumNous/new-api/relay/common","Test":"TestImageGenerationCallCounterCommitCapsAtMaxImageN","Output":"=== RUN   TestImageGenerationCallCounterCommitCapsAtMaxImageN\n"}
{"Time":"2026-09-11T04:04:12.7823678+08:00","Action":"output","Package":"github.com/QuantumNous/new-api/relay/common","Test":"TestImageGenerationCallCounterCommitCapsAtMaxImageN","Output":"=== PAUSE TestImageGenerationCallCounterCommitCapsAtMaxImageN\n"}
{"Time":"2026-09-11T04:04:12.7823678+08:00","Action":"pause","Package":"github.com/QuantumNous/new-api/relay/common","Test":"TestImageGenerationCallCounterCommitCapsAtMaxImageN"}
{"Time":"2026-09-11T04:04:12.7823678+08:00","Action":"run","Package":"github.com/QuantumNous/new-api/relay/common","Test":"TestImageGenerationCallCounterCommitDoesNotBillDeclarationsAlone"}
{"Time":"2026-09-11T04:04:12.7823678+08:00","Action":"output","Package":"github.com/QuantumNous/new-api/relay/common","Test":"TestImageGenerationCallCounterCommitDoesNotBillDeclarationsAlone","Output":"=== RUN   TestImageGenerationCallCounterCommitDoesNotBillDeclarationsAlone\n"}
{"Time":"2026-09-11T04:04:12.7823678+08:00","Action":"output","Package":"github.com/QuantumNous/new-api/relay/common","Test":"TestImageGenerationCallCounterCommitDoesNotBillDeclarationsAlone","Output":"=== PAUSE TestImageGenerationCallCounterCommitDoesNotBillDeclarationsAlone\n"}
{"Time":"2026-09-11T04:04:12.7823678+08:00","Action":"pause","Package":"github.com/QuantumNous/new-api/relay/common","Test":"TestImageGenerationCallCounterCommitDoesNotBillDeclarationsAlone"}
{"Time":"2026-09-11T04:04:12.7823678+08:00","Action":"run","Package":"github.com/QuantumNous/new-api/relay/common","Test":"TestIsNonBillableResponsesStatus"}
{"Time":"2026-09-11T04:04:12.7823678+08:00","Action":"output","Package":"github.com/QuantumNous/new-api/relay/common","Test":"TestIsNonBillableResponsesStatus","Output":"=== RUN   TestIsNonBillableResponsesStatus\n"}
{"Time":"2026-09-11T04:04:12.7823678+08:00","Action":"output","Package":"github.com/QuantumNous/new-api/relay/common","Test":"TestIsNonBillableResponsesStatus","Output":"=== PAUSE TestIsNonBillableResponsesStatus\n"}
{"Time":"2026-09-11T04:04:12.7823678+08:00","Action":"pause","Package":"github.com/QuantumNous/new-api/relay/common","Test":"TestIsNonBillableResponsesStatus"}
{"Time":"2026-09-11T04:04:12.7823678+08:00","Action":"cont","Package":"github.com/QuantumNous/new-api/relay/common","Test":"TestNewOutboundJSONBody_GetBodyReplaysFullBody"}
{"Time":"2026-09-11T04:04:12.7823678+08:00","Action":"output","Package":"github.com/QuantumNous/new-api/relay/common","Test":"TestNewOutboundJSONBody_GetBodyReplaysFullBody","Output":"=== CONT  TestNewOutboundJSONBody_GetBodyReplaysFullBody\n"}
{"Time":"2026-09-11T04:04:12.7823678+08:00","Action":"cont","Package":"github.com/QuantumNous/new-api/relay/common","Test":"TestStreamStatus_HasErrors_Empty"}
{"Time":"2026-09-11T04:04:12.7823678+08:00","Action":"output","Package":"github.com/QuantumNous/new-api/relay/common","Test":"TestStreamStatus_HasErrors_Empty","Output":"=== CONT  TestStreamStatus_HasErrors_Empty\n"}
{"Time":"2026-09-11T04:04:12.7823678+08:00","Action":"cont","Package":"github.com/QuantumNous/new-api/relay/common","Test":"TestStreamStatus_SetEndReason_WithError"}
{"Time":"2026-09-11T04:04:12.7823678+08:00","Action":"output","Package":"github.com/QuantumNous/new-api/relay/common","Test":"TestStreamStatus_SetEndReason_WithError","Output":"=== CONT  TestStreamStatus_SetEndReason_WithError\n"}
{"Time":"2026-09-11T04:04:12.7823678+08:00","Action":"cont","Package":"github.com/QuantumNous/new-api/relay/common","Test":"TestStreamStatus_SetEndReason_FirstWins"}
{"Time":"2026-09-11T04:04:12.7823678+08:00","Action":"output","Package":"github.com/QuantumNous/new-api/relay/common","Test":"TestStreamStatus_SetEndReason_FirstWins","Output":"=== CONT  TestStreamStatus_SetEndReason_FirstWins\n"}
{"Time":"2026-09-11T04:04:12.7823678+08:00","Action":"cont","Package":"github.com/QuantumNous/new-api/relay/common","Test":"TestIsNonBillableResponsesStatus"}
{"Time":"2026-09-11T04:04:12.7823678+08:00","Action":"output","Package":"github.com/QuantumNous/new-api/relay/common","Test":"TestIsNonBillableResponsesStatus","Output":"=== CONT  TestIsNonBillableResponsesStatus\n"}
{"Time":"2026-09-11T04:04:12.7823678+08:00","Action":"cont","Package":"github.com/QuantumNous/new-api/relay/common","Test":"TestImageGenerationCallCounterCommitDoesNotBillDeclarationsAlone"}
{"Time":"2026-09-11T04:04:12.7823678+08:00","Action":"output","Package":"github.com/QuantumNous/new-api/relay/common","Test":"TestImageGenerationCallCounterCommitDoesNotBillDeclarationsAlone","Output":"=== CONT  TestImageGenerationCallCounterCommitDoesNotBillDeclarationsAlone\n"}
{"Time":"2026-09-11T04:04:12.7823678+08:00","Action":"cont","Package":"github.com/QuantumNous/new-api/relay/common","Test":"TestImageGenerationCallCounterCompletedOutputs"}
{"Time":"2026-09-11T04:04:12.7823678+08:00","Action":"output","Package":"github.com/QuantumNous/new-api/relay/common","Test":"TestImageGenerationCallCounterCompletedOutputs","Output":"=== CONT  TestImageGenerationCallCounterCompletedOutputs\n"}
{"Time":"2026-09-11T04:04:12.7823678+08:00","Action":"run","Package":"github.com/QuantumNous/new-api/relay/common","Test":"TestImageGenerationCallCounterCompletedOutputs/one_final_result"}
{"Time":"2026-09-11T04:04:12.7823678+08:00","Action":"output","Package":"github.com/QuantumNous/new-api/relay/common","Test":"TestImageGenerationCallCounterCompletedOutputs/one_final_result","Output":"=== RUN   TestImageGenerationCallCounterCompletedOutputs/one_final_result\n"}
{"Time":"2026-09-11T04:04:12.7823678+08:00","Action":"output","Package":"github.com/QuantumNous/new-api/relay/common","Test":"TestImageGenerationCallCounterCompletedOutputs/one_final_result","Output":"=== PAUSE TestImageGenerationCallCounterCompletedOutputs/one_final_result\n"}
{"Time":"2026-09-11T04:04:12.7823678+08:00","Action":"pause","Package":"github.com/QuantumNous/new-api/relay/common","Test":"TestImageGenerationCallCounterCompletedOutputs/one_final_result"}
{"Time":"2026-09-11T04:04:12.7823678+08:00","Action":"cont","Package":"github.com/QuantumNous/new-api/relay/common","Test":"TestStreamStatus_HasErrors_NilSafe"}
{"Time":"2026-09-11T04:04:12.7823678+08:00","Action":"output","Package":"github.com/QuantumNous/new-api/relay/common","Test":"TestStreamStatus_HasErrors_NilSafe","Output":"=== CONT  TestStreamStatus_HasErrors_NilSafe\n"}
{"Time":"2026-09-11T04:04:12.7823678+08:00","Action":"cont","Package":"github.com/QuantumNous/new-api/relay/common","Test":"TestStreamStatus_Summary_NilSafe"}
{"Time":"2026-09-11T04:04:12.7823678+08:00","Action":"output","Package":"github.com/QuantumNous/new-api/relay/common","Test":"TestStreamStatus_Summary_NilSafe","Output":"=== CONT  TestStreamStatus_Summary_NilSafe\n"}
{"Time":"2026-09-11T04:04:12.7823678+08:00","Action":"cont","Package":"github.com/QuantumNous/new-api/relay/common","Test":"TestStreamStatus_RecordError_Concurrent"}
{"Time":"2026-09-11T04:04:12.7823678+08:00","Action":"output","Package":"github.com/QuantumNous/new-api/relay/common","Test":"TestStreamStatus_RecordError_Concurrent","Output":"=== CONT  TestStreamStatus_RecordError_Concurrent\n"}
{"Time":"2026-09-11T04:04:12.7823678+08:00","Action":"cont","Package":"github.com/QuantumNous/new-api/relay/common","Test":"TestStreamStatus_RecordError_NilSafe"}
{"Time":"2026-09-11T04:04:12.7823678+08:00","Action":"output","Package":"github.com/QuantumNous/new-api/relay/common","Test":"TestStreamStatus_RecordError_NilSafe","Output":"=== CONT  TestStreamStatus_RecordError_NilSafe\n"}
{"Time":"2026-09-11T04:04:12.7823678+08:00","Action":"cont","Package":"github.com/QuantumNous/new-api/relay/common","Test":"TestStreamStatus_RecordError_CapAtMax"}
{"Time":"2026-09-11T04:04:12.7823678+08:00","Action":"output","Package":"github.com/QuantumNous/new-api/relay/common","Test":"TestStreamStatus_RecordError_CapAtMax","Output":"=== CONT  TestStreamStatus_RecordError_CapAtMax\n"}
{"Time":"2026-09-11T04:04:12.7828934+08:00","Action":"cont","Package":"github.com/QuantumNous/new-api/relay/common","Test":"TestStreamStatus_RecordError_Basic"}
{"Time":"2026-09-11T04:04:12.7828934+08:00","Action":"output","Package":"github.com/QuantumNous/new-api/relay/common","Test":"TestStreamStatus_RecordError_Basic","Output":"=== CONT  TestStreamStatus_RecordError_Basic\n"}
{"Time":"2026-09-11T04:04:12.7828934+08:00","Action":"cont","Package":"github.com/QuantumNous/new-api/relay/common","Test":"TestStreamStatus_SetEndReason_Concurrent"}
{"Time":"2026-09-11T04:04:12.7828934+08:00","Action":"output","Package":"github.com/QuantumNous/new-api/relay/common","Test":"TestStreamStatus_SetEndReason_Concurrent","Output":"=== CONT  TestStreamStatus_SetEndReason_Concurrent\n"}
{"Time":"2026-09-11T04:04:12.7828934+08:00","Action":"cont","Package":"github.com/QuantumNous/new-api/relay/common","Test":"TestStreamStatus_SetEndReason_NilSafe"}
{"Time":"2026-09-11T04:04:12.7828934+08:00","Action":"output","Package":"github.com/QuantumNous/new-api/relay/common","Test":"TestStreamStatus_SetEndReason_NilSafe","Output":"=== CONT  TestStreamStatus_SetEndReason_NilSafe\n"}
{"Time":"2026-09-11T04:04:12.7828934+08:00","Action":"cont","Package":"github.com/QuantumNous/new-api/relay/common","Test":"TestNewOutboundJSONBody_GetBodyReadersAreIndependent"}
{"Time":"2026-09-11T04:04:12.7828934+08:00","Action":"output","Package":"github.com/QuantumNous/new-api/relay/common","Test":"TestNewOutboundJSONBody_GetBodyReadersAreIndependent","Output":"=== CONT  TestNewOutboundJSONBody_GetBodyReadersAreIndependent\n"}
{"Time":"2026-09-11T04:04:12.7828934+08:00","Action":"cont","Package":"github.com/QuantumNous/new-api/relay/common","Test":"TestNewOutboundJSONBody_GetBodyAfterPartialRead"}
{"Time":"2026-09-11T04:04:12.7828934+08:00","Action":"output","Package":"github.com/QuantumNous/new-api/relay/common","Test":"TestNewOutboundJSONBody_GetBodyAfterPartialRead","Output":"=== CONT  TestNewOutboundJSONBody_GetBodyAfterPartialRead\n"}
{"Time":"2026-09-11T04:04:12.7828934+08:00","Action":"cont","Package":"github.com/QuantumNous/new-api/relay/common","Test":"TestStreamStatus_IsNormalEnd"}
{"Time":"2026-09-11T04:04:12.7828934+08:00","Action":"output","Package":"github.com/QuantumNous/new-api/relay/common","Test":"TestStreamStatus_IsNormalEnd","Output":"=== CONT  TestStreamStatus_IsNormalEnd\n"}
{"Time":"2026-09-11T04:04:12.7828934+08:00","Action":"cont","Package":"github.com/QuantumNous/new-api/relay/common","Test":"TestStreamStatus_Summary"}
{"Time":"2026-09-11T04:04:12.7828934+08:00","Action":"output","Package":"github.com/QuantumNous/new-api/relay/common","Test":"TestStreamStatus_Summary","Output":"=== CONT  TestStreamStatus_Summary\n"}
{"Time":"2026-09-11T04:04:12.7828934+08:00","Action":"cont","Package":"github.com/QuantumNous/new-api/relay/common","Test":"TestImageGenerationCallCounterCommitCapsAtMaxImageN"}
{"Time":"2026-09-11T04:04:12.7828934+08:00","Action":"output","Package":"github.com/QuantumNous/new-api/relay/common","Test":"TestImageGenerationCallCounterCommitCapsAtMaxImageN","Output":"=== CONT  TestImageGenerationCallCounterCommitCapsAtMaxImageN\n"}
{"Time":"2026-09-11T04:04:12.7828934+08:00","Action":"output","Package":"github.com/QuantumNous/new-api/relay/common","Test":"TestNewOutboundJSONBody_GetBodyReplaysFullBody","Output":"--- PASS: TestNewOutboundJSONBody_GetBodyReplaysFullBody (0.00s)\n"}
{"Time":"2026-09-11T04:04:12.7828934+08:00","Action":"pass","Package":"github.com/QuantumNous/new-api/relay/common","Test":"TestNewOutboundJSONBody_GetBodyReplaysFullBody","Elapsed":0}
{"Time":"2026-09-11T04:04:12.7828934+08:00","Action":"run","Package":"github.com/QuantumNous/new-api/relay/common","Test":"TestImageGenerationCallCounterCompletedOutputs/two_distinct_finals"}
{"Time":"2026-09-11T04:04:12.7828934+08:00","Action":"output","Package":"github.com/QuantumNous/new-api/relay/common","Test":"TestImageGenerationCallCounterCompletedOutputs/two_distinct_finals","Output":"=== RUN   TestImageGenerationCallCounterCompletedOutputs/two_distinct_finals\n"}
{"Time":"2026-09-11T04:04:12.7828934+08:00","Action":"output","Package":"github.com/QuantumNous/new-api/relay/common","Test":"TestStreamStatus_SetEndReason_FirstWins","Output":"--- PASS: TestStreamStatus_SetEndReason_FirstWins (0.00s)\n"}
{"Time":"2026-09-11T04:04:12.7828934+08:00","Action":"pass","Package":"github.com/QuantumNous/new-api/relay/common","Test":"TestStreamStatus_SetEndReason_FirstWins","Elapsed":0}
{"Time":"2026-09-11T04:04:12.7828934+08:00","Action":"output","Package":"github.com/QuantumNous/new-api/relay/common","Test":"TestStreamStatus_SetEndReason_WithError","Output":"--- PASS: TestStreamStatus_SetEndReason_WithError (0.00s)\n"}
{"Time":"2026-09-11T04:04:12.7828934+08:00","Action":"pass","Package":"github.com/QuantumNous/new-api/relay/common","Test":"TestStreamStatus_SetEndReason_WithError","Elapsed":0}
{"Time":"2026-09-11T04:04:12.7828934+08:00","Action":"output","Package":"github.com/QuantumNous/new-api/relay/common","Test":"TestImageGenerationCallCounterCompletedOutputs/two_distinct_finals","Output":"=== PAUSE TestImageGenerationCallCounterCompletedOutputs/two_distinct_finals\n"}
{"Time":"2026-09-11T04:04:12.7828934+08:00","Action":"pause","Package":"github.com/QuantumNous/new-api/relay/common","Test":"TestImageGenerationCallCounterCompletedOutputs/two_distinct_finals"}
{"Time":"2026-09-11T04:04:12.7828934+08:00","Action":"output","Package":"github.com/QuantumNous/new-api/relay/common","Test":"TestImageGenerationCallCounterCommitDoesNotBillDeclarationsAlone","Output":"--- PASS: TestImageGenerationCallCounterCommitDoesNotBillDeclarationsAlone (0.00s)\n"}
{"Time":"2026-09-11T04:04:12.7828934+08:00","Action":"pass","Package":"github.com/QuantumNous/new-api/relay/common","Test":"TestImageGenerationCallCounterCommitDoesNotBillDeclarationsAlone","Elapsed":0}
{"Time":"2026-09-11T04:04:12.7828934+08:00","Action":"output","Package":"github.com/QuantumNous/new-api/relay/common","Test":"TestIsNonBillableResponsesStatus","Output":"--- PASS: TestIsNonBillableResponsesStatus (0.00s)\n"}
{"Time":"2026-09-11T04:04:12.7828934+08:00","Action":"pass","Package":"github.com/QuantumNous/new-api/relay/common","Test":"TestIsNonBillableResponsesStatus","Elapsed":0}
{"Time":"2026-09-11T04:04:12.7828934+08:00","Action":"cont","Package":"github.com/QuantumNous/new-api/relay/common","Test":"TestStreamStatus_IsNormalEnd_NilSafe"}
{"Time":"2026-09-11T04:04:12.7828934+08:00","Action":"output","Package":"github.com/QuantumNous/new-api/relay/common","Test":"TestStreamStatus_IsNormalEnd_NilSafe","Output":"=== CONT  TestStreamStatus_IsNormalEnd_NilSafe\n"}
{"Time":"2026-09-11T04:04:12.7828934+08:00","Action":"run","Package":"github.com/QuantumNous/new-api/relay/common","Test":"TestImageGenerationCallCounterCompletedOutputs/empty_result"}
{"Time":"2026-09-11T04:04:12.7828934+08:00","Action":"output","Package":"github.com/QuantumNous/new-api/relay/common","Test":"TestImageGenerationCallCounterCompletedOutputs/empty_result","Output":"=== RUN   TestImageGenerationCallCounterCompletedOutputs/empty_result\n"}
{"Time":"2026-09-11T04:04:12.7828934+08:00","Action":"output","Package":"github.com/QuantumNous/new-api/relay/common","Test":"TestImageGenerationCallCounterCompletedOutputs/empty_result","Output":"=== PAUSE TestImageGenerationCallCounterCompletedOutputs/empty_result\n"}
{"Time":"2026-09-11T04:04:12.7828934+08:00","Action":"pause","Package":"github.com/QuantumNous/new-api/relay/common","Test":"TestImageGenerationCallCounterCompletedOutputs/empty_result"}
{"Time":"2026-09-11T04:04:12.7828934+08:00","Action":"output","Package":"github.com/QuantumNous/new-api/relay/common","Test":"TestStreamStatus_HasErrors_Empty","Output":"--- PASS: TestStreamStatus_HasErrors_Empty (0.00s)\n"}
{"Time":"2026-09-11T04:04:12.7828934+08:00","Action":"pass","Package":"github.com/QuantumNous/new-api/relay/common","Test":"TestStreamStatus_HasErrors_Empty","Elapsed":0}
{"Time":"2026-09-11T04:04:12.7828934+08:00","Action":"run","Package":"github.com/QuantumNous/new-api/relay/common","Test":"TestImageGenerationCallCounterCompletedOutputs/failed_status"}
{"Time":"2026-09-11T04:04:12.7828934+08:00","Action":"output","Package":"github.com/QuantumNous/new-api/relay/common","Test":"TestImageGenerationCallCounterCompletedOutputs/failed_status","Output":"=== RUN   TestImageGenerationCallCounterCompletedOutputs/failed_status\n"}
{"Time":"2026-09-11T04:04:12.7828934+08:00","Action":"output","Package":"github.com/QuantumNous/new-api/relay/common","Test":"TestStreamStatus_HasErrors_NilSafe","Output":"--- PASS: TestStreamStatus_HasErrors_NilSafe (0.00s)\n"}
{"Time":"2026-09-11T04:04:12.7828934+08:00","Action":"pass","Package":"github.com/QuantumNous/new-api/relay/common","Test":"TestStreamStatus_HasErrors_NilSafe","Elapsed":0}
{"Time":"2026-09-11T04:04:12.7828934+08:00","Action":"output","Package":"github.com/QuantumNous/new-api/relay/common","Test":"TestImageGenerationCallCounterCompletedOutputs/failed_status","Output":"=== PAUSE TestImageGenerationCallCounterCompletedOutputs/failed_status\n"}
{"Time":"2026-09-11T04:04:12.7828934+08:00","Action":"pause","Package":"github.com/QuantumNous/new-api/relay/common","Test":"TestImageGenerationCallCounterCompletedOutputs/failed_status"}
{"Time":"2026-09-11T04:04:12.7828934+08:00","Action":"output","Package":"github.com/QuantumNous/new-api/relay/common","Test":"TestStreamStatus_Summary_NilSafe","Output":"--- PASS: TestStreamStatus_Summary_NilSafe (0.00s)\n"}
{"Time":"2026-09-11T04:04:12.7828934+08:00","Action":"pass","Package":"github.com/QuantumNous/new-api/relay/common","Test":"TestStreamStatus_Summary_NilSafe","Elapsed":0}
{"Time":"2026-09-11T04:04:12.7828934+08:00","Action":"output","Package":"github.com/QuantumNous/new-api/relay/common","Test":"TestStreamStatus_RecordError_NilSafe","Output":"--- PASS: TestStreamStatus_RecordError_NilSafe (0.00s)\n"}
{"Time":"2026-09-11T04:04:12.7828934+08:00","Action":"pass","Package":"github.com/QuantumNous/new-api/relay/common","Test":"TestStreamStatus_RecordError_NilSafe","Elapsed":0}
{"Time":"2026-09-11T04:04:12.7828934+08:00","Action":"output","Package":"github.com/QuantumNous/new-api/relay/common","Test":"TestStreamStatus_RecordError_CapAtMax","Output":"--- PASS: TestStreamStatus_RecordError_CapAtMax (0.00s)\n"}
{"Time":"2026-09-11T04:04:12.7828934+08:00","Action":"pass","Package":"github.com/QuantumNous/new-api/relay/common","Test":"TestStreamStatus_RecordError_CapAtMax","Elapsed":0}
{"Time":"2026-09-11T04:04:12.7828934+08:00","Action":"output","Package":"github.com/QuantumNous/new-api/relay/common","Test":"TestStreamStatus_RecordError_Basic","Output":"--- PASS: TestStreamStatus_RecordError_Basic (0.00s)\n"}
{"Time":"2026-09-11T04:04:12.7828934+08:00","Action":"pass","Package":"github.com/QuantumNous/new-api/relay/common","Test":"TestStreamStatus_RecordError_Basic","Elapsed":0}
{"Time":"2026-09-11T04:04:12.7828934+08:00","Action":"output","Package":"github.com/QuantumNous/new-api/relay/common","Test":"TestStreamStatus_SetEndReason_NilSafe","Output":"--- PASS: TestStreamStatus_SetEndReason_NilSafe (0.00s)\n"}
{"Time":"2026-09-11T04:04:12.7828934+08:00","Action":"pass","Package":"github.com/QuantumNous/new-api/relay/common","Test":"TestStreamStatus_SetEndReason_NilSafe","Elapsed":0}
{"Time":"2026-09-11T04:04:12.7828934+08:00","Action":"output","Package":"github.com/QuantumNous/new-api/relay/common","Test":"TestNewOutboundJSONBody_GetBodyReadersAreIndependent","Output":"--- PASS: TestNewOutboundJSONBody_GetBodyReadersAreIndependent (0.00s)\n"}
{"Time":"2026-09-11T04:04:12.7828934+08:00","Action":"pass","Package":"github.com/QuantumNous/new-api/relay/common","Test":"TestNewOutboundJSONBody_GetBodyReadersAreIndependent","Elapsed":0}
{"Time":"2026-09-11T04:04:12.7828934+08:00","Action":"output","Package":"github.com/QuantumNous/new-api/relay/common","Test":"TestNewOutboundJSONBody_GetBodyAfterPartialRead","Output":"--- PASS: TestNewOutboundJSONBody_GetBodyAfterPartialRead (0.00s)\n"}
{"Time":"2026-09-11T04:04:12.7828934+08:00","Action":"pass","Package":"github.com/QuantumNous/new-api/relay/common","Test":"TestNewOutboundJSONBody_GetBodyAfterPartialRead","Elapsed":0}
{"Time":"2026-09-11T04:04:12.7828934+08:00","Action":"run","Package":"github.com/QuantumNous/new-api/relay/common","Test":"TestImageGenerationCallCounterCompletedOutputs/incomplete_status"}
{"Time":"2026-09-11T04:04:12.7828934+08:00","Action":"output","Package":"github.com/QuantumNous/new-api/relay/common","Test":"TestImageGenerationCallCounterCompletedOutputs/incomplete_status","Output":"=== RUN   TestImageGenerationCallCounterCompletedOutputs/incomplete_status\n"}
{"Time":"2026-09-11T04:04:12.7828934+08:00","Action":"output","Package":"github.com/QuantumNous/new-api/relay/common","Test":"TestStreamStatus_IsNormalEnd","Output":"--- PASS: TestStreamStatus_IsNormalEnd (0.00s)\n"}
{"Time":"2026-09-11T04:04:12.7828934+08:00","Action":"pass","Package":"github.com/QuantumNous/new-api/relay/common","Test":"TestStreamStatus_IsNormalEnd","Elapsed":0}
{"Time":"2026-09-11T04:04:12.7828934+08:00","Action":"output","Package":"github.com/QuantumNous/new-api/relay/common","Test":"TestStreamStatus_SetEndReason_Concurrent","Output":"--- PASS: TestStreamStatus_SetEndReason_Concurrent (0.00s)\n"}
{"Time":"2026-09-11T04:04:12.7828934+08:00","Action":"pass","Package":"github.com/QuantumNous/new-api/relay/common","Test":"TestStreamStatus_SetEndReason_Concurrent","Elapsed":0}
{"Time":"2026-09-11T04:04:12.7828934+08:00","Action":"output","Package":"github.com/QuantumNous/new-api/relay/common","Test":"TestImageGenerationCallCounterCompletedOutputs/incomplete_status","Output":"=== PAUSE TestImageGenerationCallCounterCompletedOutputs/incomplete_status\n"}
{"Time":"2026-09-11T04:04:12.7828934+08:00","Action":"pause","Package":"github.com/QuantumNous/new-api/relay/common","Test":"TestImageGenerationCallCounterCompletedOutputs/incomplete_status"}
{"Time":"2026-09-11T04:04:12.7828934+08:00","Action":"output","Package":"github.com/QuantumNous/new-api/relay/common","Test":"TestStreamStatus_Summary","Output":"--- PASS: TestStreamStatus_Summary (0.00s)\n"}
{"Time":"2026-09-11T04:04:12.7828934+08:00","Action":"pass","Package":"github.com/QuantumNous/new-api/relay/common","Test":"TestStreamStatus_Summary","Elapsed":0}
{"Time":"2026-09-11T04:04:12.7828934+08:00","Action":"run","Package":"github.com/QuantumNous/new-api/relay/common","Test":"TestImageGenerationCallCounterCompletedOutputs/cancelled_status"}
{"Time":"2026-09-11T04:04:12.7828934+08:00","Action":"output","Package":"github.com/QuantumNous/new-api/relay/common","Test":"TestImageGenerationCallCounterCompletedOutputs/cancelled_status","Output":"=== RUN   TestImageGenerationCallCounterCompletedOutputs/cancelled_status\n"}
{"Time":"2026-09-11T04:04:12.7828934+08:00","Action":"output","Package":"github.com/QuantumNous/new-api/relay/common","Test":"TestImageGenerationCallCounterCompletedOutputs/cancelled_status","Output":"=== PAUSE TestImageGenerationCallCounterCompletedOutputs/cancelled_status\n"}
{"Time":"2026-09-11T04:04:12.7828934+08:00","Action":"pause","Package":"github.com/QuantumNous/new-api/relay/common","Test":"TestImageGenerationCallCounterCompletedOutputs/cancelled_status"}
{"Time":"2026-09-11T04:04:12.7828934+08:00","Action":"run","Package":"github.com/QuantumNous/new-api/relay/common","Test":"TestImageGenerationCallCounterCompletedOutputs/canceled_status"}
{"Time":"2026-09-11T04:04:12.7828934+08:00","Action":"output","Package":"github.com/QuantumNous/new-api/relay/common","Test":"TestImageGenerationCallCounterCompletedOutputs/canceled_status","Output":"=== RUN   TestImageGenerationCallCounterCompletedOutputs/canceled_status\n"}
{"Time":"2026-09-11T04:04:12.7828934+08:00","Action":"output","Package":"github.com/QuantumNous/new-api/relay/common","Test":"TestImageGenerationCallCounterCompletedOutputs/canceled_status","Output":"=== PAUSE TestImageGenerationCallCounterCompletedOutputs/canceled_status\n"}
{"Time":"2026-09-11T04:04:12.7828934+08:00","Action":"pause","Package":"github.com/QuantumNous/new-api/relay/common","Test":"TestImageGenerationCallCounterCompletedOutputs/canceled_status"}
{"Time":"2026-09-11T04:04:12.7828934+08:00","Action":"run","Package":"github.com/QuantumNous/new-api/relay/common","Test":"TestImageGenerationCallCounterCompletedOutputs/partial_status"}
{"Time":"2026-09-11T04:04:12.7828934+08:00","Action":"output","Package":"github.com/QuantumNous/new-api/relay/common","Test":"TestImageGenerationCallCounterCompletedOutputs/partial_status","Output":"=== RUN   TestImageGenerationCallCounterCompletedOutputs/partial_status\n"}
{"Time":"2026-09-11T04:04:12.7834183+08:00","Action":"output","Package":"github.com/QuantumNous/new-api/relay/common","Test":"TestImageGenerationCallCounterCompletedOutputs/partial_status","Output":"=== PAUSE TestImageGenerationCallCounterCompletedOutputs/partial_status\n"}
{"Time":"2026-09-11T04:04:12.7834183+08:00","Action":"pause","Package":"github.com/QuantumNous/new-api/relay/common","Test":"TestImageGenerationCallCounterCompletedOutputs/partial_status"}
{"Time":"2026-09-11T04:04:12.7834183+08:00","Action":"run","Package":"github.com/QuantumNous/new-api/relay/common","Test":"TestImageGenerationCallCounterCompletedOutputs/id_dedup"}
{"Time":"2026-09-11T04:04:12.7834183+08:00","Action":"output","Package":"github.com/QuantumNous/new-api/relay/common","Test":"TestImageGenerationCallCounterCompletedOutputs/id_dedup","Output":"=== RUN   TestImageGenerationCallCounterCompletedOutputs/id_dedup\n"}
{"Time":"2026-09-11T04:04:12.7834183+08:00","Action":"output","Package":"github.com/QuantumNous/new-api/relay/common","Test":"TestImageGenerationCallCounterCompletedOutputs/id_dedup","Output":"=== PAUSE TestImageGenerationCallCounterCompletedOutputs/id_dedup\n"}
{"Time":"2026-09-11T04:04:12.7834183+08:00","Action":"pause","Package":"github.com/QuantumNous/new-api/relay/common","Test":"TestImageGenerationCallCounterCompletedOutputs/id_dedup"}
{"Time":"2026-09-11T04:04:12.7834183+08:00","Action":"run","Package":"github.com/QuantumNous/new-api/relay/common","Test":"TestImageGenerationCallCounterCompletedOutputs/index_dedup"}
{"Time":"2026-09-11T04:04:12.7834183+08:00","Action":"output","Package":"github.com/QuantumNous/new-api/relay/common","Test":"TestImageGenerationCallCounterCompletedOutputs/index_dedup","Output":"=== RUN   TestImageGenerationCallCounterCompletedOutputs/index_dedup\n"}
{"Time":"2026-09-11T04:04:12.7834183+08:00","Action":"output","Package":"github.com/QuantumNous/new-api/relay/common","Test":"TestImageGenerationCallCounterCompletedOutputs/index_dedup","Output":"=== PAUSE TestImageGenerationCallCounterCompletedOutputs/index_dedup\n"}
{"Time":"2026-09-11T04:04:12.7834183+08:00","Action":"pause","Package":"github.com/QuantumNous/new-api/relay/common","Test":"TestImageGenerationCallCounterCompletedOutputs/index_dedup"}
{"Time":"2026-09-11T04:04:12.7834183+08:00","Action":"run","Package":"github.com/QuantumNous/new-api/relay/common","Test":"TestImageGenerationCallCounterCompletedOutputs/result_hash_dedup"}
{"Time":"2026-09-11T04:04:12.7834183+08:00","Action":"output","Package":"github.com/QuantumNous/new-api/relay/common","Test":"TestImageGenerationCallCounterCompletedOutputs/result_hash_dedup","Output":"=== RUN   TestImageGenerationCallCounterCompletedOutputs/result_hash_dedup\n"}
{"Time":"2026-09-11T04:04:12.7834183+08:00","Action":"output","Package":"github.com/QuantumNous/new-api/relay/common","Test":"TestImageGenerationCallCounterCompletedOutputs/result_hash_dedup","Output":"=== PAUSE TestImageGenerationCallCounterCompletedOutputs/result_hash_dedup\n"}
{"Time":"2026-09-11T04:04:12.7834183+08:00","Action":"pause","Package":"github.com/QuantumNous/new-api/relay/common","Test":"TestImageGenerationCallCounterCompletedOutputs/result_hash_dedup"}
{"Time":"2026-09-11T04:04:12.7834183+08:00","Action":"run","Package":"github.com/QuantumNous/new-api/relay/common","Test":"TestImageGenerationCallCounterCompletedOutputs/output_item.done_plus_completed_dedup"}
{"Time":"2026-09-11T04:04:12.7834183+08:00","Action":"output","Package":"github.com/QuantumNous/new-api/relay/common","Test":"TestImageGenerationCallCounterCompletedOutputs/output_item.done_plus_completed_dedup","Output":"=== RUN   TestImageGenerationCallCounterCompletedOutputs/output_item.done_plus_completed_dedup\n"}
{"Time":"2026-09-11T04:04:12.7834183+08:00","Action":"output","Package":"github.com/QuantumNous/new-api/relay/common","Test":"TestStreamStatus_IsNormalEnd_NilSafe","Output":"--- PASS: TestStreamStatus_IsNormalEnd_NilSafe (0.00s)\n"}
{"Time":"2026-09-11T04:04:12.7834183+08:00","Action":"pass","Package":"github.com/QuantumNous/new-api/relay/common","Test":"TestStreamStatus_IsNormalEnd_NilSafe","Elapsed":0}
{"Time":"2026-09-11T04:04:12.7834183+08:00","Action":"output","Package":"github.com/QuantumNous/new-api/relay/common","Test":"TestImageGenerationCallCounterCompletedOutputs/output_item.done_plus_completed_dedup","Output":"=== PAUSE TestImageGenerationCallCounterCompletedOutputs/output_item.done_plus_completed_dedup\n"}
{"Time":"2026-09-11T04:04:12.7834183+08:00","Action":"pause","Package":"github.com/QuantumNous/new-api/relay/common","Test":"TestImageGenerationCallCounterCompletedOutputs/output_item.done_plus_completed_dedup"}
{"Time":"2026-09-11T04:04:12.7834183+08:00","Action":"output","Package":"github.com/QuantumNous/new-api/relay/common","Test":"TestImageGenerationCallCounterCommitCapsAtMaxImageN","Output":"--- PASS: TestImageGenerationCallCounterCommitCapsAtMaxImageN (0.00s)\n"}
{"Time":"2026-09-11T04:04:12.7834183+08:00","Action":"pass","Package":"github.com/QuantumNous/new-api/relay/common","Test":"TestImageGenerationCallCounterCommitCapsAtMaxImageN","Elapsed":0}
{"Time":"2026-09-11T04:04:12.7834183+08:00","Action":"run","Package":"github.com/QuantumNous/new-api/relay/common","Test":"TestImageGenerationCallCounterCompletedOutputs/output_item.done_plus_incomplete_equals_zero"}
{"Time":"2026-09-11T04:04:12.7834183+08:00","Action":"output","Package":"github.com/QuantumNous/new-api/relay/common","Test":"TestImageGenerationCallCounterCompletedOutputs/output_item.done_plus_incomplete_equals_zero","Output":"=== RUN   TestImageGenerationCallCounterCompletedOutputs/output_item.done_plus_incomplete_equals_zero\n"}
{"Time":"2026-09-11T04:04:12.7834183+08:00","Action":"output","Package":"github.com/QuantumNous/new-api/relay/common","Test":"TestImageGenerationCallCounterCompletedOutputs/output_item.done_plus_incomplete_equals_zero","Output":"=== PAUSE TestImageGenerationCallCounterCompletedOutputs/output_item.done_plus_incomplete_equals_zero\n"}
{"Time":"2026-09-11T04:04:12.7834183+08:00","Action":"pause","Package":"github.com/QuantumNous/new-api/relay/common","Test":"TestImageGenerationCallCounterCompletedOutputs/output_item.done_plus_incomplete_equals_zero"}
{"Time":"2026-09-11T04:04:12.7834183+08:00","Action":"run","Package":"github.com/QuantumNous/new-api/relay/common","Test":"TestImageGenerationCallCounterCompletedOutputs/partial_event_equals_zero"}
{"Time":"2026-09-11T04:04:12.7834183+08:00","Action":"output","Package":"github.com/QuantumNous/new-api/relay/common","Test":"TestImageGenerationCallCounterCompletedOutputs/partial_event_equals_zero","Output":"=== RUN   TestImageGenerationCallCounterCompletedOutputs/partial_event_equals_zero\n"}
{"Time":"2026-09-11T04:04:12.783939+08:00","Action":"output","Package":"github.com/QuantumNous/new-api/relay/common","Test":"TestImageGenerationCallCounterCompletedOutputs/partial_event_equals_zero","Output":"=== PAUSE TestImageGenerationCallCounterCompletedOutputs/partial_event_equals_zero\n"}
{"Time":"2026-09-11T04:04:12.783939+08:00","Action":"pause","Package":"github.com/QuantumNous/new-api/relay/common","Test":"TestImageGenerationCallCounterCompletedOutputs/partial_event_equals_zero"}
{"Time":"2026-09-11T04:04:12.783939+08:00","Action":"run","Package":"github.com/QuantumNous/new-api/relay/common","Test":"TestImageGenerationCallCounterCompletedOutputs/in_progress_with_final_result_counts"}
{"Time":"2026-09-11T04:04:12.783939+08:00","Action":"output","Package":"github.com/QuantumNous/new-api/relay/common","Test":"TestImageGenerationCallCounterCompletedOutputs/in_progress_with_final_result_counts","Output":"=== RUN   TestImageGenerationCallCounterCompletedOutputs/in_progress_with_final_result_counts\n"}
{"Time":"2026-09-11T04:04:12.783939+08:00","Action":"output","Package":"github.com/QuantumNous/new-api/relay/common","Test":"TestImageGenerationCallCounterCompletedOutputs/in_progress_with_final_result_counts","Output":"=== PAUSE TestImageGenerationCallCounterCompletedOutputs/in_progress_with_final_result_counts\n"}
{"Time":"2026-09-11T04:04:12.783939+08:00","Action":"pause","Package":"github.com/QuantumNous/new-api/relay/common","Test":"TestImageGenerationCallCounterCompletedOutputs/in_progress_with_final_result_counts"}
{"Time":"2026-09-11T04:04:12.783939+08:00","Action":"cont","Package":"github.com/QuantumNous/new-api/relay/common","Test":"TestImageGenerationCallCounterCompletedOutputs/one_final_result"}
{"Time":"2026-09-11T04:04:12.783939+08:00","Action":"output","Package":"github.com/QuantumNous/new-api/relay/common","Test":"TestImageGenerationCallCounterCompletedOutputs/one_final_result","Output":"=== CONT  TestImageGenerationCallCounterCompletedOutputs/one_final_result\n"}
{"Time":"2026-09-11T04:04:12.783939+08:00","Action":"output","Package":"github.com/QuantumNous/new-api/relay/common","Test":"TestStreamStatus_RecordError_Concurrent","Output":"--- PASS: TestStreamStatus_RecordError_Concurrent (0.00s)\n"}
{"Time":"2026-09-11T04:04:12.783939+08:00","Action":"pass","Package":"github.com/QuantumNous/new-api/relay/common","Test":"TestStreamStatus_RecordError_Concurrent","Elapsed":0}
{"Time":"2026-09-11T04:04:12.783939+08:00","Action":"cont","Package":"github.com/QuantumNous/new-api/relay/common","Test":"TestImageGenerationCallCounterCompletedOutputs/id_dedup"}
{"Time":"2026-09-11T04:04:12.783939+08:00","Action":"output","Package":"github.com/QuantumNous/new-api/relay/common","Test":"TestImageGenerationCallCounterCompletedOutputs/id_dedup","Output":"=== CONT  TestImageGenerationCallCounterCompletedOutputs/id_dedup\n"}
{"Time":"2026-09-11T04:04:12.783939+08:00","Action":"cont","Package":"github.com/QuantumNous/new-api/relay/common","Test":"TestImageGenerationCallCounterCompletedOutputs/in_progress_with_final_result_counts"}
{"Time":"2026-09-11T04:04:12.783939+08:00","Action":"output","Package":"github.com/QuantumNous/new-api/relay/common","Test":"TestImageGenerationCallCounterCompletedOutputs/in_progress_with_final_result_counts","Output":"=== CONT  TestImageGenerationCallCounterCompletedOutputs/in_progress_with_final_result_counts\n"}
{"Time":"2026-09-11T04:04:12.783939+08:00","Action":"cont","Package":"github.com/QuantumNous/new-api/relay/common","Test":"TestImageGenerationCallCounterCompletedOutputs/partial_event_equals_zero"}
{"Time":"2026-09-11T04:04:12.783939+08:00","Action":"output","Package":"github.com/QuantumNous/new-api/relay/common","Test":"TestImageGenerationCallCounterCompletedOutputs/partial_event_equals_zero","Output":"=== CONT  TestImageGenerationCallCounterCompletedOutputs/partial_event_equals_zero\n"}
{"Time":"2026-09-11T04:04:12.783939+08:00","Action":"cont","Package":"github.com/QuantumNous/new-api/relay/common","Test":"TestImageGenerationCallCounterCompletedOutputs/output_item.done_plus_incomplete_equals_zero"}
{"Time":"2026-09-11T04:04:12.783939+08:00","Action":"output","Package":"github.com/QuantumNous/new-api/relay/common","Test":"TestImageGenerationCallCounterCompletedOutputs/output_item.done_plus_incomplete_equals_zero","Output":"=== CONT  TestImageGenerationCallCounterCompletedOutputs/output_item.done_plus_incomplete_equals_zero\n"}
{"Time":"2026-09-11T04:04:12.783939+08:00","Action":"cont","Package":"github.com/QuantumNous/new-api/relay/common","Test":"TestImageGenerationCallCounterCompletedOutputs/output_item.done_plus_completed_dedup"}
{"Time":"2026-09-11T04:04:12.783939+08:00","Action":"output","Package":"github.com/QuantumNous/new-api/relay/common","Test":"TestImageGenerationCallCounterCompletedOutputs/output_item.done_plus_completed_dedup","Output":"=== CONT  TestImageGenerationCallCounterCompletedOutputs/output_item.done_plus_completed_dedup\n"}
{"Time":"2026-09-11T04:04:12.783939+08:00","Action":"cont","Package":"github.com/QuantumNous/new-api/relay/common","Test":"TestImageGenerationCallCounterCompletedOutputs/result_hash_dedup"}
{"Time":"2026-09-11T04:04:12.783939+08:00","Action":"output","Package":"github.com/QuantumNous/new-api/relay/common","Test":"TestImageGenerationCallCounterCompletedOutputs/result_hash_dedup","Output":"=== CONT  TestImageGenerationCallCounterCompletedOutputs/result_hash_dedup\n"}
{"Time":"2026-09-11T04:04:12.783939+08:00","Action":"cont","Package":"github.com/QuantumNous/new-api/relay/common","Test":"TestImageGenerationCallCounterCompletedOutputs/index_dedup"}
{"Time":"2026-09-11T04:04:12.783939+08:00","Action":"output","Package":"github.com/QuantumNous/new-api/relay/common","Test":"TestImageGenerationCallCounterCompletedOutputs/index_dedup","Output":"=== CONT  TestImageGenerationCallCounterCompletedOutputs/index_dedup\n"}
{"Time":"2026-09-11T04:04:12.783939+08:00","Action":"cont","Package":"github.com/QuantumNous/new-api/relay/common","Test":"TestImageGenerationCallCounterCompletedOutputs/canceled_status"}
{"Time":"2026-09-11T04:04:12.783939+08:00","Action":"output","Package":"github.com/QuantumNous/new-api/relay/common","Test":"TestImageGenerationCallCounterCompletedOutputs/canceled_status","Output":"=== CONT  TestImageGenerationCallCounterCompletedOutputs/canceled_status\n"}
{"Time":"2026-09-11T04:04:12.783939+08:00","Action":"cont","Package":"github.com/QuantumNous/new-api/relay/common","Test":"TestImageGenerationCallCounterCompletedOutputs/partial_status"}
{"Time":"2026-09-11T04:04:12.783939+08:00","Action":"output","Package":"github.com/QuantumNous/new-api/relay/common","Test":"TestImageGenerationCallCounterCompletedOutputs/partial_status","Output":"=== CONT  TestImageGenerationCallCounterCompletedOutputs/partial_status\n"}
{"Time":"2026-09-11T04:04:12.783939+08:00","Action":"output","Package":"github.com/QuantumNous/new-api/relay/common","Test":"TestImageGenerationCallCounterCompletedOutputs/one_final_result","Output":"--- PASS: TestImageGenerationCallCounterCompletedOutputs/one_final_result (0.00s)\n"}
{"Time":"2026-09-11T04:04:12.783939+08:00","Action":"pass","Package":"github.com/QuantumNous/new-api/relay/common","Test":"TestImageGenerationCallCounterCompletedOutputs/one_final_result","Elapsed":0}
{"Time":"2026-09-11T04:04:12.783939+08:00","Action":"cont","Package":"github.com/QuantumNous/new-api/relay/common","Test":"TestImageGenerationCallCounterCompletedOutputs/cancelled_status"}
{"Time":"2026-09-11T04:04:12.783939+08:00","Action":"output","Package":"github.com/QuantumNous/new-api/relay/common","Test":"TestImageGenerationCallCounterCompletedOutputs/cancelled_status","Output":"=== CONT  TestImageGenerationCallCounterCompletedOutputs/cancelled_status\n"}
{"Time":"2026-09-11T04:04:12.783939+08:00","Action":"output","Package":"github.com/QuantumNous/new-api/relay/common","Test":"TestImageGenerationCallCounterCompletedOutputs/cancelled_status","Output":"--- PASS: TestImageGenerationCallCounterCompletedOutputs/cancelled_status (0.00s)\n"}
{"Time":"2026-09-11T04:04:12.783939+08:00","Action":"pass","Package":"github.com/QuantumNous/new-api/relay/common","Test":"TestImageGenerationCallCounterCompletedOutputs/cancelled_status","Elapsed":0}
{"Time":"2026-09-11T04:04:12.783939+08:00","Action":"cont","Package":"github.com/QuantumNous/new-api/relay/common","Test":"TestImageGenerationCallCounterCompletedOutputs/failed_status"}
{"Time":"2026-09-11T04:04:12.783939+08:00","Action":"output","Package":"github.com/QuantumNous/new-api/relay/common","Test":"TestImageGenerationCallCounterCompletedOutputs/failed_status","Output":"=== CONT  TestImageGenerationCallCounterCompletedOutputs/failed_status\n"}
{"Time":"2026-09-11T04:04:12.783939+08:00","Action":"output","Package":"github.com/QuantumNous/new-api/relay/common","Test":"TestImageGenerationCallCounterCompletedOutputs/failed_status","Output":"--- PASS: TestImageGenerationCallCounterCompletedOutputs/failed_status (0.00s)\n"}
{"Time":"2026-09-11T04:04:12.783939+08:00","Action":"pass","Package":"github.com/QuantumNous/new-api/relay/common","Test":"TestImageGenerationCallCounterCompletedOutputs/failed_status","Elapsed":0}
{"Time":"2026-09-11T04:04:12.783939+08:00","Action":"cont","Package":"github.com/QuantumNous/new-api/relay/common","Test":"TestImageGenerationCallCounterCompletedOutputs/incomplete_status"}
{"Time":"2026-09-11T04:04:12.783939+08:00","Action":"output","Package":"github.com/QuantumNous/new-api/relay/common","Test":"TestImageGenerationCallCounterCompletedOutputs/incomplete_status","Output":"=== CONT  TestImageGenerationCallCounterCompletedOutputs/incomplete_status\n"}
{"Time":"2026-09-11T04:04:12.783939+08:00","Action":"output","Package":"github.com/QuantumNous/new-api/relay/common","Test":"TestImageGenerationCallCounterCompletedOutputs/incomplete_status","Output":"--- PASS: TestImageGenerationCallCounterCompletedOutputs/incomplete_status (0.00s)\n"}
{"Time":"2026-09-11T04:04:12.783939+08:00","Action":"pass","Package":"github.com/QuantumNous/new-api/relay/common","Test":"TestImageGenerationCallCounterCompletedOutputs/incomplete_status","Elapsed":0}
{"Time":"2026-09-11T04:04:12.783939+08:00","Action":"cont","Package":"github.com/QuantumNous/new-api/relay/common","Test":"TestImageGenerationCallCounterCompletedOutputs/empty_result"}
{"Time":"2026-09-11T04:04:12.783939+08:00","Action":"output","Package":"github.com/QuantumNous/new-api/relay/common","Test":"TestImageGenerationCallCounterCompletedOutputs/empty_result","Output":"=== CONT  TestImageGenerationCallCounterCompletedOutputs/empty_result\n"}
{"Time":"2026-09-11T04:04:12.783939+08:00","Action":"output","Package":"github.com/QuantumNous/new-api/relay/common","Test":"TestImageGenerationCallCounterCompletedOutputs/empty_result","Output":"--- PASS: TestImageGenerationCallCounterCompletedOutputs/empty_result (0.00s)\n"}
{"Time":"2026-09-11T04:04:12.783939+08:00","Action":"pass","Package":"github.com/QuantumNous/new-api/relay/common","Test":"TestImageGenerationCallCounterCompletedOutputs/empty_result","Elapsed":0}
{"Time":"2026-09-11T04:04:12.783939+08:00","Action":"cont","Package":"github.com/QuantumNous/new-api/relay/common","Test":"TestImageGenerationCallCounterCompletedOutputs/two_distinct_finals"}
{"Time":"2026-09-11T04:04:12.783939+08:00","Action":"output","Package":"github.com/QuantumNous/new-api/relay/common","Test":"TestImageGenerationCallCounterCompletedOutputs/two_distinct_finals","Output":"=== CONT  TestImageGenerationCallCounterCompletedOutputs/two_distinct_finals\n"}
{"Time":"2026-09-11T04:04:12.783939+08:00","Action":"output","Package":"github.com/QuantumNous/new-api/relay/common","Test":"TestImageGenerationCallCounterCompletedOutputs/two_distinct_finals","Output":"--- PASS: TestImageGenerationCallCounterCompletedOutputs/two_distinct_finals (0.00s)\n"}
{"Time":"2026-09-11T04:04:12.783939+08:00","Action":"pass","Package":"github.com/QuantumNous/new-api/relay/common","Test":"TestImageGenerationCallCounterCompletedOutputs/two_distinct_finals","Elapsed":0}
{"Time":"2026-09-11T04:04:12.783939+08:00","Action":"output","Package":"github.com/QuantumNous/new-api/relay/common","Test":"TestImageGenerationCallCounterCompletedOutputs/id_dedup","Output":"--- PASS: TestImageGenerationCallCounterCompletedOutputs/id_dedup (0.00s)\n"}
{"Time":"2026-09-11T04:04:12.783939+08:00","Action":"pass","Package":"github.com/QuantumNous/new-api/relay/common","Test":"TestImageGenerationCallCounterCompletedOutputs/id_dedup","Elapsed":0}
{"Time":"2026-09-11T04:04:12.783939+08:00","Action":"output","Package":"github.com/QuantumNous/new-api/relay/common","Test":"TestImageGenerationCallCounterCompletedOutputs/in_progress_with_final_result_counts","Output":"--- PASS: TestImageGenerationCallCounterCompletedOutputs/in_progress_with_final_result_counts (0.00s)\n"}
{"Time":"2026-09-11T04:04:12.783939+08:00","Action":"pass","Package":"github.com/QuantumNous/new-api/relay/common","Test":"TestImageGenerationCallCounterCompletedOutputs/in_progress_with_final_result_counts","Elapsed":0}
{"Time":"2026-09-11T04:04:12.783939+08:00","Action":"output","Package":"github.com/QuantumNous/new-api/relay/common","Test":"TestImageGenerationCallCounterCompletedOutputs/partial_event_equals_zero","Output":"--- PASS: TestImageGenerationCallCounterCompletedOutputs/partial_event_equals_zero (0.00s)\n"}
{"Time":"2026-09-11T04:04:12.783939+08:00","Action":"pass","Package":"github.com/QuantumNous/new-api/relay/common","Test":"TestImageGenerationCallCounterCompletedOutputs/partial_event_equals_zero","Elapsed":0}
{"Time":"2026-09-11T04:04:12.783939+08:00","Action":"output","Package":"github.com/QuantumNous/new-api/relay/common","Test":"TestImageGenerationCallCounterCompletedOutputs/output_item.done_plus_incomplete_equals_zero","Output":"--- PASS: TestImageGenerationCallCounterCompletedOutputs/output_item.done_plus_incomplete_equals_zero (0.00s)\n"}
{"Time":"2026-09-11T04:04:12.783939+08:00","Action":"pass","Package":"github.com/QuantumNous/new-api/relay/common","Test":"TestImageGenerationCallCounterCompletedOutputs/output_item.done_plus_incomplete_equals_zero","Elapsed":0}
{"Time":"2026-09-11T04:04:12.783939+08:00","Action":"output","Package":"github.com/QuantumNous/new-api/relay/common","Test":"TestImageGenerationCallCounterCompletedOutputs/output_item.done_plus_completed_dedup","Output":"--- PASS: TestImageGenerationCallCounterCompletedOutputs/output_item.done_plus_completed_dedup (0.00s)\n"}
{"Time":"2026-09-11T04:04:12.783939+08:00","Action":"pass","Package":"github.com/QuantumNous/new-api/relay/common","Test":"TestImageGenerationCallCounterCompletedOutputs/output_item.done_plus_completed_dedup","Elapsed":0}
{"Time":"2026-09-11T04:04:12.783939+08:00","Action":"output","Package":"github.com/QuantumNous/new-api/relay/common","Test":"TestImageGenerationCallCounterCompletedOutputs/result_hash_dedup","Output":"--- PASS: TestImageGenerationCallCounterCompletedOutputs/result_hash_dedup (0.00s)\n"}
{"Time":"2026-09-11T04:04:12.783939+08:00","Action":"pass","Package":"github.com/QuantumNous/new-api/relay/common","Test":"TestImageGenerationCallCounterCompletedOutputs/result_hash_dedup","Elapsed":0}
{"Time":"2026-09-11T04:04:12.783939+08:00","Action":"output","Package":"github.com/QuantumNous/new-api/relay/common","Test":"TestImageGenerationCallCounterCompletedOutputs/index_dedup","Output":"--- PASS: TestImageGenerationCallCounterCompletedOutputs/index_dedup (0.00s)\n"}
{"Time":"2026-09-11T04:04:12.783939+08:00","Action":"pass","Package":"github.com/QuantumNous/new-api/relay/common","Test":"TestImageGenerationCallCounterCompletedOutputs/index_dedup","Elapsed":0}
{"Time":"2026-09-11T04:04:12.783939+08:00","Action":"output","Package":"github.com/QuantumNous/new-api/relay/common","Test":"TestImageGenerationCallCounterCompletedOutputs/canceled_status","Output":"--- PASS: TestImageGenerationCallCounterCompletedOutputs/canceled_status (0.00s)\n"}
{"Time":"2026-09-11T04:04:12.783939+08:00","Action":"pass","Package":"github.com/QuantumNous/new-api/relay/common","Test":"TestImageGenerationCallCounterCompletedOutputs/canceled_status","Elapsed":0}
{"Time":"2026-09-11T04:04:12.783939+08:00","Action":"output","Package":"github.com/QuantumNous/new-api/relay/common","Test":"TestImageGenerationCallCounterCompletedOutputs/partial_status","Output":"--- PASS: TestImageGenerationCallCounterCompletedOutputs/partial_status (0.00s)\n"}
{"Time":"2026-09-11T04:04:12.783939+08:00","Action":"pass","Package":"github.com/QuantumNous/new-api/relay/common","Test":"TestImageGenerationCallCounterCompletedOutputs/partial_status","Elapsed":0}
{"Time":"2026-09-11T04:04:12.783939+08:00","Action":"output","Package":"github.com/QuantumNous/new-api/relay/common","Test":"TestImageGenerationCallCounterCompletedOutputs","Output":"--- PASS: TestImageGenerationCallCounterCompletedOutputs (0.00s)\n"}
{"Time":"2026-09-11T04:04:12.783939+08:00","Action":"pass","Package":"github.com/QuantumNous/new-api/relay/common","Test":"TestImageGenerationCallCounterCompletedOutputs","Elapsed":0}
{"Time":"2026-09-11T04:04:12.783939+08:00","Action":"output","Package":"github.com/QuantumNous/new-api/relay/common","Output":"PASS\n"}
{"Time":"2026-09-11T04:04:12.7873752+08:00","Action":"output","Package":"github.com/QuantumNous/new-api/relay/common","Output":"ok  \tgithub.com/QuantumNous/new-api/relay/common\t0.444s\n"}
{"Time":"2026-09-11T04:04:12.7873752+08:00","Action":"pass","Package":"github.com/QuantumNous/new-api/relay/common","Elapsed":0.444}
{"Time":"2026-09-11T04:04:13.1584201+08:00","Action":"start","Package":"github.com/QuantumNous/new-api/relay/channel"}
{"Time":"2026-09-11T04:04:13.162636+08:00","Action":"start","Package":"github.com/QuantumNous/new-api/relay/channel/aws"}
{"Time":"2026-09-11T04:04:13.162636+08:00","Action":"start","Package":"github.com/QuantumNous/new-api/relay/channel/task/sora"}
{"Time":"2026-09-11T04:04:13.6985417+08:00","Action":"run","Package":"github.com/QuantumNous/new-api/relay/channel","Test":"TestRequestDebugCapturePreservesRequestStreamAndBoundsBody"}
{"Time":"2026-09-11T04:04:13.6985417+08:00","Action":"output","Package":"github.com/QuantumNous/new-api/relay/channel","Test":"TestRequestDebugCapturePreservesRequestStreamAndBoundsBody","Output":"=== RUN   TestRequestDebugCapturePreservesRequestStreamAndBoundsBody\n"}
{"Time":"2026-09-11T04:04:13.6985417+08:00","Action":"output","Package":"github.com/QuantumNous/new-api/relay/channel","Test":"TestRequestDebugCapturePreservesRequestStreamAndBoundsBody","Output":"--- PASS: TestRequestDebugCapturePreservesRequestStreamAndBoundsBody (0.00s)\n"}
{"Time":"2026-09-11T04:04:13.6985417+08:00","Action":"pass","Package":"github.com/QuantumNous/new-api/relay/channel","Test":"TestRequestDebugCapturePreservesRequestStreamAndBoundsBody","Elapsed":0}
{"Time":"2026-09-11T04:04:13.6985417+08:00","Action":"run","Package":"github.com/QuantumNous/new-api/relay/channel","Test":"TestRequestDebugCaptureUsesReplayedBodyAndHonorsRawSetting"}
{"Time":"2026-09-11T04:04:13.6985417+08:00","Action":"output","Package":"github.com/QuantumNous/new-api/relay/channel","Test":"TestRequestDebugCaptureUsesReplayedBodyAndHonorsRawSetting","Output":"=== RUN   TestRequestDebugCaptureUsesReplayedBodyAndHonorsRawSetting\n"}
{"Time":"2026-09-11T04:04:13.6985417+08:00","Action":"run","Package":"github.com/QuantumNous/new-api/relay/channel","Test":"TestRequestDebugCaptureUsesReplayedBodyAndHonorsRawSetting/raw_enabled"}
{"Time":"2026-09-11T04:04:13.6985417+08:00","Action":"output","Package":"github.com/QuantumNous/new-api/relay/channel","Test":"TestRequestDebugCaptureUsesReplayedBodyAndHonorsRawSetting/raw_enabled","Output":"=== RUN   TestRequestDebugCaptureUsesReplayedBodyAndHonorsRawSetting/raw_enabled\n"}
{"Time":"2026-09-11T04:04:13.69906+08:00","Action":"output","Package":"github.com/QuantumNous/new-api/relay/channel","Test":"TestRequestDebugCaptureUsesReplayedBodyAndHonorsRawSetting/raw_enabled","Output":"[GIN-debug] [WARNING] Running in \"debug\" mode. Switch to \"release\" mode in production.\n"}
{"Time":"2026-09-11T04:04:13.69906+08:00","Action":"output","Package":"github.com/QuantumNous/new-api/relay/channel","Test":"TestRequestDebugCaptureUsesReplayedBodyAndHonorsRawSetting/raw_enabled","Output":" - using env:\texport GIN_MODE=release\n"}
{"Time":"2026-09-11T04:04:13.69906+08:00","Action":"output","Package":"github.com/QuantumNous/new-api/relay/channel","Test":"TestRequestDebugCaptureUsesReplayedBodyAndHonorsRawSetting/raw_enabled","Output":" - using code:\tgin.SetMode(gin.ReleaseMode)\n"}
{"Time":"2026-09-11T04:04:13.69906+08:00","Action":"output","Package":"github.com/QuantumNous/new-api/relay/channel","Test":"TestRequestDebugCaptureUsesReplayedBodyAndHonorsRawSetting/raw_enabled","Output":"\n"}
{"Time":"2026-09-11T04:04:13.69906+08:00","Action":"output","Package":"github.com/QuantumNous/new-api/relay/channel","Test":"TestRequestDebugCaptureUsesReplayedBodyAndHonorsRawSetting/raw_enabled","Output":"--- PASS: TestRequestDebugCaptureUsesReplayedBodyAndHonorsRawSetting/raw_enabled (0.00s)\n"}
{"Time":"2026-09-11T04:04:13.69906+08:00","Action":"pass","Package":"github.com/QuantumNous/new-api/relay/channel","Test":"TestRequestDebugCaptureUsesReplayedBodyAndHonorsRawSetting/raw_enabled","Elapsed":0}
{"Time":"2026-09-11T04:04:13.69906+08:00","Action":"run","Package":"github.com/QuantumNous/new-api/relay/channel","Test":"TestRequestDebugCaptureUsesReplayedBodyAndHonorsRawSetting/raw_disabled"}
{"Time":"2026-09-11T04:04:13.69906+08:00","Action":"output","Package":"github.com/QuantumNous/new-api/relay/channel","Test":"TestRequestDebugCaptureUsesReplayedBodyAndHonorsRawSetting/raw_disabled","Output":"=== RUN   TestRequestDebugCaptureUsesReplayedBodyAndHonorsRawSetting/raw_disabled\n"}
{"Time":"2026-09-11T04:04:13.69906+08:00","Action":"output","Package":"github.com/QuantumNous/new-api/relay/channel","Test":"TestRequestDebugCaptureUsesReplayedBodyAndHonorsRawSetting/raw_disabled","Output":"[GIN-debug] [WARNING] Running in \"debug\" mode. Switch to \"release\" mode in production.\n"}
{"Time":"2026-09-11T04:04:13.69906+08:00","Action":"output","Package":"github.com/QuantumNous/new-api/relay/channel","Test":"TestRequestDebugCaptureUsesReplayedBodyAndHonorsRawSetting/raw_disabled","Output":" - using env:\texport GIN_MODE=release\n"}
{"Time":"2026-09-11T04:04:13.69906+08:00","Action":"output","Package":"github.com/QuantumNous/new-api/relay/channel","Test":"TestRequestDebugCaptureUsesReplayedBodyAndHonorsRawSetting/raw_disabled","Output":" - using code:\tgin.SetMode(gin.ReleaseMode)\n"}
{"Time":"2026-09-11T04:04:13.69906+08:00","Action":"output","Package":"github.com/QuantumNous/new-api/relay/channel","Test":"TestRequestDebugCaptureUsesReplayedBodyAndHonorsRawSetting/raw_disabled","Output":"\n"}
{"Time":"2026-09-11T04:04:13.69906+08:00","Action":"output","Package":"github.com/QuantumNous/new-api/relay/channel","Test":"TestRequestDebugCaptureUsesReplayedBodyAndHonorsRawSetting/raw_disabled","Output":"--- PASS: TestRequestDebugCaptureUsesReplayedBodyAndHonorsRawSetting/raw_disabled (0.00s)\n"}
{"Time":"2026-09-11T04:04:13.69906+08:00","Action":"pass","Package":"github.com/QuantumNous/new-api/relay/channel","Test":"TestRequestDebugCaptureUsesReplayedBodyAndHonorsRawSetting/raw_disabled","Elapsed":0}
{"Time":"2026-09-11T04:04:13.69906+08:00","Action":"output","Package":"github.com/QuantumNous/new-api/relay/channel","Test":"TestRequestDebugCaptureUsesReplayedBodyAndHonorsRawSetting","Output":"--- PASS: TestRequestDebugCaptureUsesReplayedBodyAndHonorsRawSetting (0.00s)\n"}
{"Time":"2026-09-11T04:04:13.69906+08:00","Action":"pass","Package":"github.com/QuantumNous/new-api/relay/channel","Test":"TestRequestDebugCaptureUsesReplayedBodyAndHonorsRawSetting","Elapsed":0}
{"Time":"2026-09-11T04:04:13.69906+08:00","Action":"run","Package":"github.com/QuantumNous/new-api/relay/channel","Test":"TestApplyUpstreamBodyMetadataSetsReplayableMetadata"}
{"Time":"2026-09-11T04:04:13.69906+08:00","Action":"output","Package":"github.com/QuantumNous/new-api/relay/channel","Test":"TestApplyUpstreamBodyMetadataSetsReplayableMetadata","Output":"=== RUN   TestApplyUpstreamBodyMetadataSetsReplayableMetadata\n"}
{"Time":"2026-09-11T04:04:13.69906+08:00","Action":"output","Package":"github.com/QuantumNous/new-api/relay/channel","Test":"TestApplyUpstreamBodyMetadataSetsReplayableMetadata","Output":"=== PAUSE TestApplyUpstreamBodyMetadataSetsReplayableMetadata\n"}
{"Time":"2026-09-11T04:04:13.69906+08:00","Action":"pause","Package":"github.com/QuantumNous/new-api/relay/channel","Test":"TestApplyUpstreamBodyMetadataSetsReplayableMetadata"}
{"Time":"2026-09-11T04:04:13.69906+08:00","Action":"run","Package":"github.com/QuantumNous/new-api/relay/channel","Test":"TestApplyUpstreamBodyMetadataHidesRawBodyStorageCloser"}
{"Time":"2026-09-11T04:04:13.69906+08:00","Action":"output","Package":"github.com/QuantumNous/new-api/relay/channel","Test":"TestApplyUpstreamBodyMetadataHidesRawBodyStorageCloser","Output":"=== RUN   TestApplyUpstreamBodyMetadataHidesRawBodyStorageCloser\n"}
{"Time":"2026-09-11T04:04:13.69906+08:00","Action":"output","Package":"github.com/QuantumNous/new-api/relay/channel","Test":"TestApplyUpstreamBodyMetadataHidesRawBodyStorageCloser","Output":"=== PAUSE TestApplyUpstreamBodyMetadataHidesRawBodyStorageCloser\n"}
{"Time":"2026-09-11T04:04:13.69906+08:00","Action":"pause","Package":"github.com/QuantumNous/new-api/relay/channel","Test":"TestApplyUpstreamBodyMetadataHidesRawBodyStorageCloser"}
{"Time":"2026-09-11T04:04:13.69906+08:00","Action":"run","Package":"github.com/QuantumNous/new-api/relay/channel","Test":"TestApplyUpstreamBodyMetadataKeepsNativeMetadataForNonReplayableBody"}
{"Time":"2026-09-11T04:04:13.69906+08:00","Action":"output","Package":"github.com/QuantumNous/new-api/relay/channel","Test":"TestApplyUpstreamBodyMetadataKeepsNativeMetadataForNonReplayableBody","Output":"=== RUN   TestApplyUpstreamBodyMetadataKeepsNativeMetadataForNonReplayableBody\n"}
{"Time":"2026-09-11T04:04:13.69906+08:00","Action":"run","Package":"github.com/QuantumNous/new-api/relay/channel","Test":"TestApplyUpstreamBodyMetadataKeepsNativeMetadataForNonReplayableBody/bytes_reader"}
{"Time":"2026-09-11T04:04:13.69906+08:00","Action":"output","Package":"github.com/QuantumNous/new-api/relay/channel","Test":"TestApplyUpstreamBodyMetadataKeepsNativeMetadataForNonReplayableBody/bytes_reader","Output":"=== RUN   TestApplyUpstreamBodyMetadataKeepsNativeMetadataForNonReplayableBody/bytes_reader\n"}
{"Time":"2026-09-11T04:04:13.69906+08:00","Action":"output","Package":"github.com/QuantumNous/new-api/relay/channel","Test":"TestApplyUpstreamBodyMetadataKeepsNativeMetadataForNonReplayableBody/bytes_reader","Output":"=== PAUSE TestApplyUpstreamBodyMetadataKeepsNativeMetadataForNonReplayableBody/bytes_reader\n"}
{"Time":"2026-09-11T04:04:13.69906+08:00","Action":"pause","Package":"github.com/QuantumNous/new-api/relay/channel","Test":"TestApplyUpstreamBodyMetadataKeepsNativeMetadataForNonReplayableBody/bytes_reader"}
{"Time":"2026-09-11T04:04:13.69906+08:00","Action":"run","Package":"github.com/QuantumNous/new-api/relay/channel","Test":"TestApplyUpstreamBodyMetadataKeepsNativeMetadataForNonReplayableBody/bytes_buffer"}
{"Time":"2026-09-11T04:04:13.69906+08:00","Action":"output","Package":"github.com/QuantumNous/new-api/relay/channel","Test":"TestApplyUpstreamBodyMetadataKeepsNativeMetadataForNonReplayableBody/bytes_buffer","Output":"=== RUN   TestApplyUpstreamBodyMetadataKeepsNativeMetadataForNonReplayableBody/bytes_buffer\n"}
{"Time":"2026-09-11T04:04:13.69906+08:00","Action":"output","Package":"github.com/QuantumNous/new-api/relay/channel","Test":"TestApplyUpstreamBodyMetadataKeepsNativeMetadataForNonReplayableBody/bytes_buffer","Output":"=== PAUSE TestApplyUpstreamBodyMetadataKeepsNativeMetadataForNonReplayableBody/bytes_buffer\n"}
{"Time":"2026-09-11T04:04:13.69906+08:00","Action":"pause","Package":"github.com/QuantumNous/new-api/relay/channel","Test":"TestApplyUpstreamBodyMetadataKeepsNativeMetadataForNonReplayableBody/bytes_buffer"}
{"Time":"2026-09-11T04:04:13.69906+08:00","Action":"run","Package":"github.com/QuantumNous/new-api/relay/channel","Test":"TestApplyUpstreamBodyMetadataKeepsNativeMetadataForNonReplayableBody/strings_reader"}
{"Time":"2026-09-11T04:04:13.69906+08:00","Action":"output","Package":"github.com/QuantumNous/new-api/relay/channel","Test":"TestApplyUpstreamBodyMetadataKeepsNativeMetadataForNonReplayableBody/strings_reader","Output":"=== RUN   TestApplyUpstreamBodyMetadataKeepsNativeMetadataForNonReplayableBody/strings_reader\n"}
{"Time":"2026-09-11T04:04:13.69906+08:00","Action":"output","Package":"github.com/QuantumNous/new-api/relay/channel","Test":"TestApplyUpstreamBodyMetadataKeepsNativeMetadataForNonReplayableBody/strings_reader","Output":"=== PAUSE TestApplyUpstreamBodyMetadataKeepsNativeMetadataForNonReplayableBody/strings_reader\n"}
{"Time":"2026-09-11T04:04:13.69906+08:00","Action":"pause","Package":"github.com/QuantumNous/new-api/relay/channel","Test":"TestApplyUpstreamBodyMetadataKeepsNativeMetadataForNonReplayableBody/strings_reader"}
{"Time":"2026-09-11T04:04:13.69906+08:00","Action":"cont","Package":"github.com/QuantumNous/new-api/relay/channel","Test":"TestApplyUpstreamBodyMetadataKeepsNativeMetadataForNonReplayableBody/bytes_reader"}
{"Time":"2026-09-11T04:04:13.69906+08:00","Action":"output","Package":"github.com/QuantumNous/new-api/relay/channel","Test":"TestApplyUpstreamBodyMetadataKeepsNativeMetadataForNonReplayableBody/bytes_reader","Output":"=== CONT  TestApplyUpstreamBodyMetadataKeepsNativeMetadataForNonReplayableBody/bytes_reader\n"}
{"Time":"2026-09-11T04:04:13.69906+08:00","Action":"cont","Package":"github.com/QuantumNous/new-api/relay/channel","Test":"TestApplyUpstreamBodyMetadataKeepsNativeMetadataForNonReplayableBody/strings_reader"}
{"Time":"2026-09-11T04:04:13.69906+08:00","Action":"output","Package":"github.com/QuantumNous/new-api/relay/channel","Test":"TestApplyUpstreamBodyMetadataKeepsNativeMetadataForNonReplayableBody/strings_reader","Output":"=== CONT  TestApplyUpstreamBodyMetadataKeepsNativeMetadataForNonReplayableBody/strings_reader\n"}
{"Time":"2026-09-11T04:04:13.69906+08:00","Action":"output","Package":"github.com/QuantumNous/new-api/relay/channel","Test":"TestApplyUpstreamBodyMetadataKeepsNativeMetadataForNonReplayableBody/bytes_reader","Output":"--- PASS: TestApplyUpstreamBodyMetadataKeepsNativeMetadataForNonReplayableBody/bytes_reader (0.00s)\n"}
{"Time":"2026-09-11T04:04:13.69906+08:00","Action":"pass","Package":"github.com/QuantumNous/new-api/relay/channel","Test":"TestApplyUpstreamBodyMetadataKeepsNativeMetadataForNonReplayableBody/bytes_reader","Elapsed":0}
{"Time":"2026-09-11T04:04:13.69906+08:00","Action":"cont","Package":"github.com/QuantumNous/new-api/relay/channel","Test":"TestApplyUpstreamBodyMetadataKeepsNativeMetadataForNonReplayableBody/bytes_buffer"}
{"Time":"2026-09-11T04:04:13.69906+08:00","Action":"output","Package":"github.com/QuantumNous/new-api/relay/channel","Test":"TestApplyUpstreamBodyMetadataKeepsNativeMetadataForNonReplayableBody/bytes_buffer","Output":"=== CONT  TestApplyUpstreamBodyMetadataKeepsNativeMetadataForNonReplayableBody/bytes_buffer\n"}
{"Time":"2026-09-11T04:04:13.69906+08:00","Action":"output","Package":"github.com/QuantumNous/new-api/relay/channel","Test":"TestApplyUpstreamBodyMetadataKeepsNativeMetadataForNonReplayableBody/strings_reader","Output":"--- PASS: TestApplyUpstreamBodyMetadataKeepsNativeMetadataForNonReplayableBody/strings_reader (0.00s)\n"}
{"Time":"2026-09-11T04:04:13.69906+08:00","Action":"pass","Package":"github.com/QuantumNous/new-api/relay/channel","Test":"TestApplyUpstreamBodyMetadataKeepsNativeMetadataForNonReplayableBody/strings_reader","Elapsed":0}
{"Time":"2026-09-11T04:04:13.69906+08:00","Action":"output","Package":"github.com/QuantumNous/new-api/relay/channel","Test":"TestApplyUpstreamBodyMetadataKeepsNativeMetadataForNonReplayableBody/bytes_buffer","Output":"--- PASS: TestApplyUpstreamBodyMetadataKeepsNativeMetadataForNonReplayableBody/bytes_buffer (0.00s)\n"}
{"Time":"2026-09-11T04:04:13.69906+08:00","Action":"pass","Package":"github.com/QuantumNous/new-api/relay/channel","Test":"TestApplyUpstreamBodyMetadataKeepsNativeMetadataForNonReplayableBody/bytes_buffer","Elapsed":0}
{"Time":"2026-09-11T04:04:13.69906+08:00","Action":"output","Package":"github.com/QuantumNous/new-api/relay/channel","Test":"TestApplyUpstreamBodyMetadataKeepsNativeMetadataForNonReplayableBody","Output":"--- PASS: TestApplyUpstreamBodyMetadataKeepsNativeMetadataForNonReplayableBody (0.00s)\n"}
{"Time":"2026-09-11T04:04:13.69906+08:00","Action":"pass","Package":"github.com/QuantumNous/new-api/relay/channel","Test":"TestApplyUpstreamBodyMetadataKeepsNativeMetadataForNonReplayableBody","Elapsed":0}
{"Time":"2026-09-11T04:04:13.69906+08:00","Action":"run","Package":"github.com/QuantumNous/new-api/relay/channel","Test":"TestApplyUpstreamBodyMetadataKeepsExistingGetBody"}
{"Time":"2026-09-11T04:04:13.69906+08:00","Action":"output","Package":"github.com/QuantumNous/new-api/relay/channel","Test":"TestApplyUpstreamBodyMetadataKeepsExistingGetBody","Output":"=== RUN   TestApplyUpstreamBodyMetadataKeepsExistingGetBody\n"}
{"Time":"2026-09-11T04:04:13.69906+08:00","Action":"output","Package":"github.com/QuantumNous/new-api/relay/channel","Test":"TestApplyUpstreamBodyMetadataKeepsExistingGetBody","Output":"=== PAUSE TestApplyUpstreamBodyMetadataKeepsExistingGetBody\n"}
{"Time":"2026-09-11T04:04:13.69906+08:00","Action":"pause","Package":"github.com/QuantumNous/new-api/relay/channel","Test":"TestApplyUpstreamBodyMetadataKeepsExistingGetBody"}
{"Time":"2026-09-11T04:04:13.69906+08:00","Action":"run","Package":"github.com/QuantumNous/new-api/relay/channel","Test":"TestApplyUpstreamBodyMetadataEmptyStorageRemainsReplayable"}
{"Time":"2026-09-11T04:04:13.69906+08:00","Action":"output","Package":"github.com/QuantumNous/new-api/relay/channel","Test":"TestApplyUpstreamBodyMetadataEmptyStorageRemainsReplayable","Output":"=== RUN   TestApplyUpstreamBodyMetadataEmptyStorageRemainsReplayable\n"}
{"Time":"2026-09-11T04:04:13.69906+08:00","Action":"output","Package":"github.com/QuantumNous/new-api/relay/channel","Test":"TestApplyUpstreamBodyMetadataEmptyStorageRemainsReplayable","Output":"=== PAUSE TestApplyUpstreamBodyMetadataEmptyStorageRemainsReplayable\n"}
{"Time":"2026-09-11T04:04:13.69906+08:00","Action":"pause","Package":"github.com/QuantumNous/new-api/relay/channel","Test":"TestApplyUpstreamBodyMetadataEmptyStorageRemainsReplayable"}
{"Time":"2026-09-11T04:04:13.69906+08:00","Action":"run","Package":"github.com/QuantumNous/new-api/relay/channel","Test":"TestDoTaskApiRequest_KeepsReplayableGetBody"}
{"Time":"2026-09-11T04:04:13.69906+08:00","Action":"output","Package":"github.com/QuantumNous/new-api/relay/channel","Test":"TestDoTaskApiRequest_KeepsReplayableGetBody","Output":"=== RUN   TestDoTaskApiRequest_KeepsReplayableGetBody\n"}
{"Time":"2026-09-11T04:04:13.69906+08:00","Action":"run","Package":"github.com/QuantumNous/new-api/relay/channel/task/sora","Test":"TestSoraBuildRequestBodyReturnsReplayablePassThroughBody"}
{"Time":"2026-09-11T04:04:13.69906+08:00","Action":"output","Package":"github.com/QuantumNous/new-api/relay/channel/task/sora","Test":"TestSoraBuildRequestBodyReturnsReplayablePassThroughBody","Output":"=== RUN   TestSoraBuildRequestBodyReturnsReplayablePassThroughBody\n"}
{"Time":"2026-09-11T04:04:13.69906+08:00","Action":"output","Package":"github.com/QuantumNous/new-api/relay/channel/task/sora","Test":"TestSoraBuildRequestBodyReturnsReplayablePassThroughBody","Output":"[GIN-debug] [WARNING] Running in \"debug\" mode. Switch to \"release\" mode in production.\n"}
{"Time":"2026-09-11T04:04:13.69906+08:00","Action":"output","Package":"github.com/QuantumNous/new-api/relay/channel/task/sora","Test":"TestSoraBuildRequestBodyReturnsReplayablePassThroughBody","Output":" - using env:\texport GIN_MODE=release\n"}
{"Time":"2026-09-11T04:04:13.6995722+08:00","Action":"output","Package":"github.com/QuantumNous/new-api/relay/channel/task/sora","Test":"TestSoraBuildRequestBodyReturnsReplayablePassThroughBody","Output":" - using code:\tgin.SetMode(gin.ReleaseMode)\n"}
{"Time":"2026-09-11T04:04:13.6995722+08:00","Action":"output","Package":"github.com/QuantumNous/new-api/relay/channel/task/sora","Test":"TestSoraBuildRequestBodyReturnsReplayablePassThroughBody","Output":"\n"}
{"Time":"2026-09-11T04:04:13.6995722+08:00","Action":"output","Package":"github.com/QuantumNous/new-api/relay/channel/task/sora","Test":"TestSoraBuildRequestBodyReturnsReplayablePassThroughBody","Output":"--- PASS: TestSoraBuildRequestBodyReturnsReplayablePassThroughBody (0.00s)\n"}
{"Time":"2026-09-11T04:04:13.6995722+08:00","Action":"pass","Package":"github.com/QuantumNous/new-api/relay/channel/task/sora","Test":"TestSoraBuildRequestBodyReturnsReplayablePassThroughBody","Elapsed":0}
{"Time":"2026-09-11T04:04:13.6995722+08:00","Action":"output","Package":"github.com/QuantumNous/new-api/relay/channel/task/sora","Output":"PASS\n"}
{"Time":"2026-09-11T04:04:13.7016708+08:00","Action":"output","Package":"github.com/QuantumNous/new-api/relay/channel","Test":"TestDoTaskApiRequest_KeepsReplayableGetBody","Output":"--- PASS: TestDoTaskApiRequest_KeepsReplayableGetBody (0.00s)\n"}
{"Time":"2026-09-11T04:04:13.7016708+08:00","Action":"pass","Package":"github.com/QuantumNous/new-api/relay/channel","Test":"TestDoTaskApiRequest_KeepsReplayableGetBody","Elapsed":0}
{"Time":"2026-09-11T04:04:13.7016708+08:00","Action":"run","Package":"github.com/QuantumNous/new-api/relay/channel","Test":"TestUpstreamGetBody_HTTP2RetryAfterUpstreamStreamReset"}
{"Time":"2026-09-11T04:04:13.7016708+08:00","Action":"output","Package":"github.com/QuantumNous/new-api/relay/channel","Test":"TestUpstreamGetBody_HTTP2RetryAfterUpstreamStreamReset","Output":"=== RUN   TestUpstreamGetBody_HTTP2RetryAfterUpstreamStreamReset\n"}
{"Time":"2026-09-11T04:04:13.702728+08:00","Action":"output","Package":"github.com/QuantumNous/new-api/relay/channel","Test":"TestUpstreamGetBody_HTTP2RetryAfterUpstreamStreamReset","Output":"--- PASS: TestUpstreamGetBody_HTTP2RetryAfterUpstreamStreamReset (0.00s)\n"}
{"Time":"2026-09-11T04:04:13.702728+08:00","Action":"pass","Package":"github.com/QuantumNous/new-api/relay/channel","Test":"TestUpstreamGetBody_HTTP2RetryAfterUpstreamStreamReset","Elapsed":0}
{"Time":"2026-09-11T04:04:13.702728+08:00","Action":"run","Package":"github.com/QuantumNous/new-api/relay/channel","Test":"TestUpstreamGetBody_HTTP2RetryAfterUpstreamStreamReset_PassThrough"}
{"Time":"2026-09-11T04:04:13.702728+08:00","Action":"output","Package":"github.com/QuantumNous/new-api/relay/channel","Test":"TestUpstreamGetBody_HTTP2RetryAfterUpstreamStreamReset_PassThrough","Output":"=== RUN   TestUpstreamGetBody_HTTP2RetryAfterUpstreamStreamReset_PassThrough\n"}
{"Time":"2026-09-11T04:04:13.702728+08:00","Action":"output","Package":"github.com/QuantumNous/new-api/relay/channel/task/sora","Output":"ok  \tgithub.com/QuantumNous/new-api/relay/channel/task/sora\t0.539s\n"}
{"Time":"2026-09-11T04:04:13.702728+08:00","Action":"pass","Package":"github.com/QuantumNous/new-api/relay/channel/task/sora","Elapsed":0.54}
{"Time":"2026-09-11T04:04:13.7032544+08:00","Action":"output","Package":"github.com/QuantumNous/new-api/relay/channel","Test":"TestUpstreamGetBody_HTTP2RetryAfterUpstreamStreamReset_PassThrough","Output":"--- PASS: TestUpstreamGetBody_HTTP2RetryAfterUpstreamStreamReset_PassThrough (0.00s)\n"}
{"Time":"2026-09-11T04:04:13.7032544+08:00","Action":"pass","Package":"github.com/QuantumNous/new-api/relay/channel","Test":"TestUpstreamGetBody_HTTP2RetryAfterUpstreamStreamReset_PassThrough","Elapsed":0}
{"Time":"2026-09-11T04:04:13.7032544+08:00","Action":"run","Package":"github.com/QuantumNous/new-api/relay/channel","Test":"TestUpstreamGetBody_HTTP2RetryAfterGracefulGoAway_PassThrough"}
{"Time":"2026-09-11T04:04:13.7032544+08:00","Action":"output","Package":"github.com/QuantumNous/new-api/relay/channel","Test":"TestUpstreamGetBody_HTTP2RetryAfterGracefulGoAway_PassThrough","Output":"=== RUN   TestUpstreamGetBody_HTTP2RetryAfterGracefulGoAway_PassThrough\n"}
{"Time":"2026-09-11T04:04:13.7037848+08:00","Action":"run","Package":"github.com/QuantumNous/new-api/relay/channel/aws","Test":"TestDoAwsClientRequest_AppliesRuntimeHeaderOverrideToAnthropicBeta"}
{"Time":"2026-09-11T04:04:13.7037848+08:00","Action":"output","Package":"github.com/QuantumNous/new-api/relay/channel/aws","Test":"TestDoAwsClientRequest_AppliesRuntimeHeaderOverrideToAnthropicBeta","Output":"=== RUN   TestDoAwsClientRequest_AppliesRuntimeHeaderOverrideToAnthropicBeta\n"}
{"Time":"2026-09-11T04:04:13.7037848+08:00","Action":"output","Package":"github.com/QuantumNous/new-api/relay/channel/aws","Test":"TestDoAwsClientRequest_AppliesRuntimeHeaderOverrideToAnthropicBeta","Output":"=== PAUSE TestDoAwsClientRequest_AppliesRuntimeHeaderOverrideToAnthropicBeta\n"}
{"Time":"2026-09-11T04:04:13.7037848+08:00","Action":"pause","Package":"github.com/QuantumNous/new-api/relay/channel/aws","Test":"TestDoAwsClientRequest_AppliesRuntimeHeaderOverrideToAnthropicBeta"}
{"Time":"2026-09-11T04:04:13.7037848+08:00","Action":"run","Package":"github.com/QuantumNous/new-api/relay/channel/aws","Test":"TestNewAwsInvokeContextInheritsParent"}
{"Time":"2026-09-11T04:04:13.7037848+08:00","Action":"output","Package":"github.com/QuantumNous/new-api/relay/channel/aws","Test":"TestNewAwsInvokeContextInheritsParent","Output":"=== RUN   TestNewAwsInvokeContextInheritsParent\n"}
{"Time":"2026-09-11T04:04:13.7037848+08:00","Action":"run","Package":"github.com/QuantumNous/new-api/relay/channel/aws","Test":"TestNewAwsInvokeContextInheritsParent/without_relay_timeout"}
{"Time":"2026-09-11T04:04:13.7037848+08:00","Action":"output","Package":"github.com/QuantumNous/new-api/relay/channel/aws","Test":"TestNewAwsInvokeContextInheritsParent/without_relay_timeout","Output":"=== RUN   TestNewAwsInvokeContextInheritsParent/without_relay_timeout\n"}
{"Time":"2026-09-11T04:04:13.7037848+08:00","Action":"output","Package":"github.com/QuantumNous/new-api/relay/channel/aws","Test":"TestNewAwsInvokeContextInheritsParent/without_relay_timeout","Output":"--- PASS: TestNewAwsInvokeContextInheritsParent/without_relay_timeout (0.00s)\n"}
{"Time":"2026-09-11T04:04:13.7037848+08:00","Action":"pass","Package":"github.com/QuantumNous/new-api/relay/channel/aws","Test":"TestNewAwsInvokeContextInheritsParent/without_relay_timeout","Elapsed":0}
{"Time":"2026-09-11T04:04:13.7037848+08:00","Action":"run","Package":"github.com/QuantumNous/new-api/relay/channel/aws","Test":"TestNewAwsInvokeContextInheritsParent/with_relay_timeout"}
{"Time":"2026-09-11T04:04:13.7037848+08:00","Action":"output","Package":"github.com/QuantumNous/new-api/relay/channel/aws","Test":"TestNewAwsInvokeContextInheritsParent/with_relay_timeout","Output":"=== RUN   TestNewAwsInvokeContextInheritsParent/with_relay_timeout\n"}
{"Time":"2026-09-11T04:04:13.7037848+08:00","Action":"output","Package":"github.com/QuantumNous/new-api/relay/channel/aws","Test":"TestNewAwsInvokeContextInheritsParent/with_relay_timeout","Output":"--- PASS: TestNewAwsInvokeContextInheritsParent/with_relay_timeout (0.00s)\n"}
{"Time":"2026-09-11T04:04:13.7037848+08:00","Action":"pass","Package":"github.com/QuantumNous/new-api/relay/channel/aws","Test":"TestNewAwsInvokeContextInheritsParent/with_relay_timeout","Elapsed":0}
{"Time":"2026-09-11T04:04:13.7037848+08:00","Action":"output","Package":"github.com/QuantumNous/new-api/relay/channel/aws","Test":"TestNewAwsInvokeContextInheritsParent","Output":"--- PASS: TestNewAwsInvokeContextInheritsParent (0.00s)\n"}
{"Time":"2026-09-11T04:04:13.7037848+08:00","Action":"pass","Package":"github.com/QuantumNous/new-api/relay/channel/aws","Test":"TestNewAwsInvokeContextInheritsParent","Elapsed":0}
{"Time":"2026-09-11T04:04:13.7037848+08:00","Action":"run","Package":"github.com/QuantumNous/new-api/relay/channel/aws","Test":"TestNewAwsInvokeErrorSkipsRetryOnlyForClientCancellation"}
{"Time":"2026-09-11T04:04:13.7037848+08:00","Action":"output","Package":"github.com/QuantumNous/new-api/relay/channel/aws","Test":"TestNewAwsInvokeErrorSkipsRetryOnlyForClientCancellation","Output":"=== RUN   TestNewAwsInvokeErrorSkipsRetryOnlyForClientCancellation\n"}
{"Time":"2026-09-11T04:04:13.7037848+08:00","Action":"run","Package":"github.com/QuantumNous/new-api/relay/channel/aws","Test":"TestNewAwsInvokeErrorSkipsRetryOnlyForClientCancellation/client_context_canceled"}
{"Time":"2026-09-11T04:04:13.7037848+08:00","Action":"output","Package":"github.com/QuantumNous/new-api/relay/channel/aws","Test":"TestNewAwsInvokeErrorSkipsRetryOnlyForClientCancellation/client_context_canceled","Output":"=== RUN   TestNewAwsInvokeErrorSkipsRetryOnlyForClientCancellation/client_context_canceled\n"}
{"Time":"2026-09-11T04:04:13.7037848+08:00","Action":"output","Package":"github.com/QuantumNous/new-api/relay/channel/aws","Test":"TestNewAwsInvokeErrorSkipsRetryOnlyForClientCancellation/client_context_canceled","Output":"--- PASS: TestNewAwsInvokeErrorSkipsRetryOnlyForClientCancellation/client_context_canceled (0.00s)\n"}
{"Time":"2026-09-11T04:04:13.7037848+08:00","Action":"pass","Package":"github.com/QuantumNous/new-api/relay/channel/aws","Test":"TestNewAwsInvokeErrorSkipsRetryOnlyForClientCancellation/client_context_canceled","Elapsed":0}
{"Time":"2026-09-11T04:04:13.7037848+08:00","Action":"run","Package":"github.com/QuantumNous/new-api/relay/channel/aws","Test":"TestNewAwsInvokeErrorSkipsRetryOnlyForClientCancellation/relay_timeout_with_live_client_context"}
{"Time":"2026-09-11T04:04:13.7043043+08:00","Action":"output","Package":"github.com/QuantumNous/new-api/relay/channel/aws","Test":"TestNewAwsInvokeErrorSkipsRetryOnlyForClientCancellation/relay_timeout_with_live_client_context","Output":"=== RUN   TestNewAwsInvokeErrorSkipsRetryOnlyForClientCancellation/relay_timeout_with_live_client_context\n"}
{"Time":"2026-09-11T04:04:13.7043043+08:00","Action":"output","Package":"github.com/QuantumNous/new-api/relay/channel/aws","Test":"TestNewAwsInvokeErrorSkipsRetryOnlyForClientCancellation/relay_timeout_with_live_client_context","Output":"--- PASS: TestNewAwsInvokeErrorSkipsRetryOnlyForClientCancellation/relay_timeout_with_live_client_context (0.00s)\n"}
{"Time":"2026-09-11T04:04:13.7043043+08:00","Action":"pass","Package":"github.com/QuantumNous/new-api/relay/channel/aws","Test":"TestNewAwsInvokeErrorSkipsRetryOnlyForClientCancellation/relay_timeout_with_live_client_context","Elapsed":0}
{"Time":"2026-09-11T04:04:13.7043043+08:00","Action":"run","Package":"github.com/QuantumNous/new-api/relay/channel/aws","Test":"TestNewAwsInvokeErrorSkipsRetryOnlyForClientCancellation/upstream_error_with_live_client_context"}
{"Time":"2026-09-11T04:04:13.7043043+08:00","Action":"output","Package":"github.com/QuantumNous/new-api/relay/channel/aws","Test":"TestNewAwsInvokeErrorSkipsRetryOnlyForClientCancellation/upstream_error_with_live_client_context","Output":"=== RUN   TestNewAwsInvokeErrorSkipsRetryOnlyForClientCancellation/upstream_error_with_live_client_context\n"}
{"Time":"2026-09-11T04:04:13.7043043+08:00","Action":"output","Package":"github.com/QuantumNous/new-api/relay/channel/aws","Test":"TestNewAwsInvokeErrorSkipsRetryOnlyForClientCancellation/upstream_error_with_live_client_context","Output":"--- PASS: TestNewAwsInvokeErrorSkipsRetryOnlyForClientCancellation/upstream_error_with_live_client_context (0.00s)\n"}
{"Time":"2026-09-11T04:04:13.7043043+08:00","Action":"pass","Package":"github.com/QuantumNous/new-api/relay/channel/aws","Test":"TestNewAwsInvokeErrorSkipsRetryOnlyForClientCancellation/upstream_error_with_live_client_context","Elapsed":0}
{"Time":"2026-09-11T04:04:13.7043043+08:00","Action":"output","Package":"github.com/QuantumNous/new-api/relay/channel/aws","Test":"TestNewAwsInvokeErrorSkipsRetryOnlyForClientCancellation","Output":"--- PASS: TestNewAwsInvokeErrorSkipsRetryOnlyForClientCancellation (0.00s)\n"}
{"Time":"2026-09-11T04:04:13.7043043+08:00","Action":"pass","Package":"github.com/QuantumNous/new-api/relay/channel/aws","Test":"TestNewAwsInvokeErrorSkipsRetryOnlyForClientCancellation","Elapsed":0}
{"Time":"2026-09-11T04:04:13.7043043+08:00","Action":"run","Package":"github.com/QuantumNous/new-api/relay/channel/aws","Test":"TestAwsHandlersCancelSdkRequestAndSkipRetry"}
{"Time":"2026-09-11T04:04:13.7043043+08:00","Action":"output","Package":"github.com/QuantumNous/new-api/relay/channel/aws","Test":"TestAwsHandlersCancelSdkRequestAndSkipRetry","Output":"=== RUN   TestAwsHandlersCancelSdkRequestAndSkipRetry\n"}
{"Time":"2026-09-11T04:04:13.7043043+08:00","Action":"run","Package":"github.com/QuantumNous/new-api/relay/channel/aws","Test":"TestAwsHandlersCancelSdkRequestAndSkipRetry/non-stream"}
{"Time":"2026-09-11T04:04:13.7043043+08:00","Action":"output","Package":"github.com/QuantumNous/new-api/relay/channel/aws","Test":"TestAwsHandlersCancelSdkRequestAndSkipRetry/non-stream","Output":"=== RUN   TestAwsHandlersCancelSdkRequestAndSkipRetry/non-stream\n"}
{"Time":"2026-09-11T04:04:13.7043043+08:00","Action":"output","Package":"github.com/QuantumNous/new-api/relay/channel/aws","Test":"TestAwsHandlersCancelSdkRequestAndSkipRetry/non-stream","Output":"[GIN-debug] [WARNING] Running in \"debug\" mode. Switch to \"release\" mode in production.\n"}
{"Time":"2026-09-11T04:04:13.7043043+08:00","Action":"output","Package":"github.com/QuantumNous/new-api/relay/channel/aws","Test":"TestAwsHandlersCancelSdkRequestAndSkipRetry/non-stream","Output":" - using env:\texport GIN_MODE=release\n"}
{"Time":"2026-09-11T04:04:13.7043043+08:00","Action":"output","Package":"github.com/QuantumNous/new-api/relay/channel/aws","Test":"TestAwsHandlersCancelSdkRequestAndSkipRetry/non-stream","Output":" - using code:\tgin.SetMode(gin.ReleaseMode)\n"}
{"Time":"2026-09-11T04:04:13.7043043+08:00","Action":"output","Package":"github.com/QuantumNous/new-api/relay/channel/aws","Test":"TestAwsHandlersCancelSdkRequestAndSkipRetry/non-stream","Output":"\n"}
{"Time":"2026-09-11T04:04:13.7043043+08:00","Action":"output","Package":"github.com/QuantumNous/new-api/relay/channel","Test":"TestUpstreamGetBody_HTTP2RetryAfterGracefulGoAway_PassThrough","Output":"--- PASS: TestUpstreamGetBody_HTTP2RetryAfterGracefulGoAway_PassThrough (0.00s)\n"}
{"Time":"2026-09-11T04:04:13.7043043+08:00","Action":"pass","Package":"github.com/QuantumNous/new-api/relay/channel","Test":"TestUpstreamGetBody_HTTP2RetryAfterGracefulGoAway_PassThrough","Elapsed":0}
{"Time":"2026-09-11T04:04:13.7043043+08:00","Action":"run","Package":"github.com/QuantumNous/new-api/relay/channel","Test":"TestUpstreamGetBody_HTTP2CannotRetryWithoutGetBody"}
{"Time":"2026-09-11T04:04:13.7043043+08:00","Action":"output","Package":"github.com/QuantumNous/new-api/relay/channel","Test":"TestUpstreamGetBody_HTTP2CannotRetryWithoutGetBody","Output":"=== RUN   TestUpstreamGetBody_HTTP2CannotRetryWithoutGetBody\n"}
{"Time":"2026-09-11T04:04:13.7048288+08:00","Action":"output","Package":"github.com/QuantumNous/new-api/relay/channel/aws","Test":"TestAwsHandlersCancelSdkRequestAndSkipRetry/non-stream","Output":"--- PASS: TestAwsHandlersCancelSdkRequestAndSkipRetry/non-stream (0.00s)\n"}
{"Time":"2026-09-11T04:04:13.7048288+08:00","Action":"pass","Package":"github.com/QuantumNous/new-api/relay/channel/aws","Test":"TestAwsHandlersCancelSdkRequestAndSkipRetry/non-stream","Elapsed":0}
{"Time":"2026-09-11T04:04:13.7048288+08:00","Action":"run","Package":"github.com/QuantumNous/new-api/relay/channel/aws","Test":"TestAwsHandlersCancelSdkRequestAndSkipRetry/stream"}
{"Time":"2026-09-11T04:04:13.7048288+08:00","Action":"output","Package":"github.com/QuantumNous/new-api/relay/channel/aws","Test":"TestAwsHandlersCancelSdkRequestAndSkipRetry/stream","Output":"=== RUN   TestAwsHandlersCancelSdkRequestAndSkipRetry/stream\n"}
{"Time":"2026-09-11T04:04:13.7048288+08:00","Action":"output","Package":"github.com/QuantumNous/new-api/relay/channel/aws","Test":"TestAwsHandlersCancelSdkRequestAndSkipRetry/stream","Output":"[GIN-debug] [WARNING] Running in \"debug\" mode. Switch to \"release\" mode in production.\n"}
{"Time":"2026-09-11T04:04:13.7048288+08:00","Action":"output","Package":"github.com/QuantumNous/new-api/relay/channel/aws","Test":"TestAwsHandlersCancelSdkRequestAndSkipRetry/stream","Output":" - using env:\texport GIN_MODE=release\n"}
{"Time":"2026-09-11T04:04:13.7048288+08:00","Action":"output","Package":"github.com/QuantumNous/new-api/relay/channel/aws","Test":"TestAwsHandlersCancelSdkRequestAndSkipRetry/stream","Output":" - using code:\tgin.SetMode(gin.ReleaseMode)\n"}
{"Time":"2026-09-11T04:04:13.7048288+08:00","Action":"output","Package":"github.com/QuantumNous/new-api/relay/channel","Test":"TestUpstreamGetBody_HTTP2CannotRetryWithoutGetBody","Output":"--- PASS: TestUpstreamGetBody_HTTP2CannotRetryWithoutGetBody (0.00s)\n"}
{"Time":"2026-09-11T04:04:13.7048288+08:00","Action":"pass","Package":"github.com/QuantumNous/new-api/relay/channel","Test":"TestUpstreamGetBody_HTTP2CannotRetryWithoutGetBody","Elapsed":0}
{"Time":"2026-09-11T04:04:13.7048288+08:00","Action":"run","Package":"github.com/QuantumNous/new-api/relay/channel","Test":"TestDoRequestReturnsUpstreamRedirectWithoutFollowing"}
{"Time":"2026-09-11T04:04:13.7048288+08:00","Action":"output","Package":"github.com/QuantumNous/new-api/relay/channel","Test":"TestDoRequestReturnsUpstreamRedirectWithoutFollowing","Output":"=== RUN   TestDoRequestReturnsUpstreamRedirectWithoutFollowing\n"}
{"Time":"2026-09-11T04:04:13.7048288+08:00","Action":"output","Package":"github.com/QuantumNous/new-api/relay/channel/aws","Test":"TestAwsHandlersCancelSdkRequestAndSkipRetry/stream","Output":"\n"}
{"Time":"2026-09-11T04:04:13.7048288+08:00","Action":"output","Package":"github.com/QuantumNous/new-api/relay/channel/aws","Test":"TestAwsHandlersCancelSdkRequestAndSkipRetry/stream","Output":"--- PASS: TestAwsHandlersCancelSdkRequestAndSkipRetry/stream (0.00s)\n"}
{"Time":"2026-09-11T04:04:13.7048288+08:00","Action":"pass","Package":"github.com/QuantumNous/new-api/relay/channel/aws","Test":"TestAwsHandlersCancelSdkRequestAndSkipRetry/stream","Elapsed":0}
{"Time":"2026-09-11T04:04:13.7048288+08:00","Action":"run","Package":"github.com/QuantumNous/new-api/relay/channel","Test":"TestDoRequestReturnsUpstreamRedirectWithoutFollowing/Moved_Permanently"}
{"Time":"2026-09-11T04:04:13.7048288+08:00","Action":"output","Package":"github.com/QuantumNous/new-api/relay/channel","Test":"TestDoRequestReturnsUpstreamRedirectWithoutFollowing/Moved_Permanently","Output":"=== RUN   TestDoRequestReturnsUpstreamRedirectWithoutFollowing/Moved_Permanently\n"}
{"Time":"2026-09-11T04:04:13.7048288+08:00","Action":"run","Package":"github.com/QuantumNous/new-api/relay/channel/aws","Test":"TestAwsHandlersCancelSdkRequestAndSkipRetry/nova"}
{"Time":"2026-09-11T04:04:13.7048288+08:00","Action":"output","Package":"github.com/QuantumNous/new-api/relay/channel/aws","Test":"TestAwsHandlersCancelSdkRequestAndSkipRetry/nova","Output":"=== RUN   TestAwsHandlersCancelSdkRequestAndSkipRetry/nova\n"}
{"Time":"2026-09-11T04:04:13.7048288+08:00","Action":"output","Package":"github.com/QuantumNous/new-api/relay/channel/aws","Test":"TestAwsHandlersCancelSdkRequestAndSkipRetry/nova","Output":"[GIN-debug] [WARNING] Running in \"debug\" mode. Switch to \"release\" mode in production.\n"}
{"Time":"2026-09-11T04:04:13.7048288+08:00","Action":"output","Package":"github.com/QuantumNous/new-api/relay/channel/aws","Test":"TestAwsHandlersCancelSdkRequestAndSkipRetry/nova","Output":" - using env:\texport GIN_MODE=release\n"}
{"Time":"2026-09-11T04:04:13.7048288+08:00","Action":"output","Package":"github.com/QuantumNous/new-api/relay/channel/aws","Test":"TestAwsHandlersCancelSdkRequestAndSkipRetry/nova","Output":" - using code:\tgin.SetMode(gin.ReleaseMode)\n"}
{"Time":"2026-09-11T04:04:13.7048288+08:00","Action":"output","Package":"github.com/QuantumNous/new-api/relay/channel/aws","Test":"TestAwsHandlersCancelSdkRequestAndSkipRetry/nova","Output":"\n"}
{"Time":"2026-09-11T04:04:13.7048288+08:00","Action":"output","Package":"github.com/QuantumNous/new-api/relay/channel/aws","Test":"TestAwsHandlersCancelSdkRequestAndSkipRetry/nova","Output":"--- PASS: TestAwsHandlersCancelSdkRequestAndSkipRetry/nova (0.00s)\n"}
{"Time":"2026-09-11T04:04:13.7048288+08:00","Action":"pass","Package":"github.com/QuantumNous/new-api/relay/channel/aws","Test":"TestAwsHandlersCancelSdkRequestAndSkipRetry/nova","Elapsed":0}
{"Time":"2026-09-11T04:04:13.7048288+08:00","Action":"output","Package":"github.com/QuantumNous/new-api/relay/channel/aws","Test":"TestAwsHandlersCancelSdkRequestAndSkipRetry","Output":"--- PASS: TestAwsHandlersCancelSdkRequestAndSkipRetry (0.00s)\n"}
{"Time":"2026-09-11T04:04:13.7048288+08:00","Action":"pass","Package":"github.com/QuantumNous/new-api/relay/channel/aws","Test":"TestAwsHandlersCancelSdkRequestAndSkipRetry","Elapsed":0}
{"Time":"2026-09-11T04:04:13.7048288+08:00","Action":"run","Package":"github.com/QuantumNous/new-api/relay/channel/aws","Test":"TestAwsStreamHandlerUsesFinalUpstreamUsage"}
{"Time":"2026-09-11T04:04:13.7048288+08:00","Action":"output","Package":"github.com/QuantumNous/new-api/relay/channel/aws","Test":"TestAwsStreamHandlerUsesFinalUpstreamUsage","Output":"=== RUN   TestAwsStreamHandlerUsesFinalUpstreamUsage\n"}
{"Time":"2026-09-11T04:04:13.7048288+08:00","Action":"output","Package":"github.com/QuantumNous/new-api/relay/channel/aws","Test":"TestAwsStreamHandlerUsesFinalUpstreamUsage","Output":"[GIN-debug] [WARNING] Running in \"debug\" mode. Switch to \"release\" mode in production.\n"}
{"Time":"2026-09-11T04:04:13.7048288+08:00","Action":"output","Package":"github.com/QuantumNous/new-api/relay/channel/aws","Test":"TestAwsStreamHandlerUsesFinalUpstreamUsage","Output":" - using env:\texport GIN_MODE=release\n"}
{"Time":"2026-09-11T04:04:13.7048288+08:00","Action":"output","Package":"github.com/QuantumNous/new-api/relay/channel/aws","Test":"TestAwsStreamHandlerUsesFinalUpstreamUsage","Output":" - using code:\tgin.SetMode(gin.ReleaseMode)\n"}
{"Time":"2026-09-11T04:04:13.7048288+08:00","Action":"output","Package":"github.com/QuantumNous/new-api/relay/channel/aws","Test":"TestAwsStreamHandlerUsesFinalUpstreamUsage","Output":"\n"}
{"Time":"2026-09-11T04:04:13.7053961+08:00","Action":"output","Package":"github.com/QuantumNous/new-api/relay/channel","Test":"TestDoRequestReturnsUpstreamRedirectWithoutFollowing/Moved_Permanently","Output":"--- PASS: TestDoRequestReturnsUpstreamRedirectWithoutFollowing/Moved_Permanently (0.00s)\n"}
{"Time":"2026-09-11T04:04:13.7053961+08:00","Action":"pass","Package":"github.com/QuantumNous/new-api/relay/channel","Test":"TestDoRequestReturnsUpstreamRedirectWithoutFollowing/Moved_Permanently","Elapsed":0}
{"Time":"2026-09-11T04:04:13.7053961+08:00","Action":"run","Package":"github.com/QuantumNous/new-api/relay/channel","Test":"TestDoRequestReturnsUpstreamRedirectWithoutFollowing/Found"}
{"Time":"2026-09-11T04:04:13.7053961+08:00","Action":"output","Package":"github.com/QuantumNous/new-api/relay/channel","Test":"TestDoRequestReturnsUpstreamRedirectWithoutFollowing/Found","Output":"=== RUN   TestDoRequestReturnsUpstreamRedirectWithoutFollowing/Found\n"}
{"Time":"2026-09-11T04:04:13.7053961+08:00","Action":"output","Package":"github.com/QuantumNous/new-api/relay/channel/aws","Test":"TestAwsStreamHandlerUsesFinalUpstreamUsage","Output":"--- PASS: TestAwsStreamHandlerUsesFinalUpstreamUsage (0.00s)\n"}
{"Time":"2026-09-11T04:04:13.7053961+08:00","Action":"pass","Package":"github.com/QuantumNous/new-api/relay/channel/aws","Test":"TestAwsStreamHandlerUsesFinalUpstreamUsage","Elapsed":0}
{"Time":"2026-09-11T04:04:13.7053961+08:00","Action":"run","Package":"github.com/QuantumNous/new-api/relay/channel/aws","Test":"TestAwsStreamHandlerStopsAtClientCancellationAndKeepsPartialBillingUsage"}
{"Time":"2026-09-11T04:04:13.7053961+08:00","Action":"output","Package":"github.com/QuantumNous/new-api/relay/channel/aws","Test":"TestAwsStreamHandlerStopsAtClientCancellationAndKeepsPartialBillingUsage","Output":"=== RUN   TestAwsStreamHandlerStopsAtClientCancellationAndKeepsPartialBillingUsage\n"}
{"Time":"2026-09-11T04:04:13.7053961+08:00","Action":"output","Package":"github.com/QuantumNous/new-api/relay/channel/aws","Test":"TestAwsStreamHandlerStopsAtClientCancellationAndKeepsPartialBillingUsage","Output":"[GIN-debug] [WARNING] Running in \"debug\" mode. Switch to \"release\" mode in production.\n"}
{"Time":"2026-09-11T04:04:13.7053961+08:00","Action":"output","Package":"github.com/QuantumNous/new-api/relay/channel/aws","Test":"TestAwsStreamHandlerStopsAtClientCancellationAndKeepsPartialBillingUsage","Output":" - using env:\texport GIN_MODE=release\n"}
{"Time":"2026-09-11T04:04:13.7053961+08:00","Action":"output","Package":"github.com/QuantumNous/new-api/relay/channel/aws","Test":"TestAwsStreamHandlerStopsAtClientCancellationAndKeepsPartialBillingUsage","Output":" - using code:\tgin.SetMode(gin.ReleaseMode)\n"}
{"Time":"2026-09-11T04:04:13.7053961+08:00","Action":"output","Package":"github.com/QuantumNous/new-api/relay/channel/aws","Test":"TestAwsStreamHandlerStopsAtClientCancellationAndKeepsPartialBillingUsage","Output":"\n"}
{"Time":"2026-09-11T04:04:13.705918+08:00","Action":"output","Package":"github.com/QuantumNous/new-api/relay/channel","Test":"TestDoRequestReturnsUpstreamRedirectWithoutFollowing/Found","Output":"--- PASS: TestDoRequestReturnsUpstreamRedirectWithoutFollowing/Found (0.00s)\n"}
{"Time":"2026-09-11T04:04:13.705918+08:00","Action":"pass","Package":"github.com/QuantumNous/new-api/relay/channel","Test":"TestDoRequestReturnsUpstreamRedirectWithoutFollowing/Found","Elapsed":0}
{"Time":"2026-09-11T04:04:13.705918+08:00","Action":"run","Package":"github.com/QuantumNous/new-api/relay/channel","Test":"TestDoRequestReturnsUpstreamRedirectWithoutFollowing/See_Other"}
{"Time":"2026-09-11T04:04:13.705918+08:00","Action":"output","Package":"github.com/QuantumNous/new-api/relay/channel","Test":"TestDoRequestReturnsUpstreamRedirectWithoutFollowing/See_Other","Output":"=== RUN   TestDoRequestReturnsUpstreamRedirectWithoutFollowing/See_Other\n"}
{"Time":"2026-09-11T04:04:13.7064418+08:00","Action":"output","Package":"github.com/QuantumNous/new-api/relay/channel","Test":"TestDoRequestReturnsUpstreamRedirectWithoutFollowing/See_Other","Output":"--- PASS: TestDoRequestReturnsUpstreamRedirectWithoutFollowing/See_Other (0.00s)\n"}
{"Time":"2026-09-11T04:04:13.7064418+08:00","Action":"pass","Package":"github.com/QuantumNous/new-api/relay/channel","Test":"TestDoRequestReturnsUpstreamRedirectWithoutFollowing/See_Other","Elapsed":0}
{"Time":"2026-09-11T04:04:13.7064418+08:00","Action":"run","Package":"github.com/QuantumNous/new-api/relay/channel","Test":"TestDoRequestReturnsUpstreamRedirectWithoutFollowing/Temporary_Redirect"}
{"Time":"2026-09-11T04:04:13.7064418+08:00","Action":"output","Package":"github.com/QuantumNous/new-api/relay/channel","Test":"TestDoRequestReturnsUpstreamRedirectWithoutFollowing/Temporary_Redirect","Output":"=== RUN   TestDoRequestReturnsUpstreamRedirectWithoutFollowing/Temporary_Redirect\n"}
{"Time":"2026-09-11T04:04:13.7069668+08:00","Action":"output","Package":"github.com/QuantumNous/new-api/relay/channel","Test":"TestDoRequestReturnsUpstreamRedirectWithoutFollowing/Temporary_Redirect","Output":"--- PASS: TestDoRequestReturnsUpstreamRedirectWithoutFollowing/Temporary_Redirect (0.00s)\n"}
{"Time":"2026-09-11T04:04:13.7069668+08:00","Action":"pass","Package":"github.com/QuantumNous/new-api/relay/channel","Test":"TestDoRequestReturnsUpstreamRedirectWithoutFollowing/Temporary_Redirect","Elapsed":0}
{"Time":"2026-09-11T04:04:13.7069668+08:00","Action":"run","Package":"github.com/QuantumNous/new-api/relay/channel","Test":"TestDoRequestReturnsUpstreamRedirectWithoutFollowing/Permanent_Redirect"}
{"Time":"2026-09-11T04:04:13.7069668+08:00","Action":"output","Package":"github.com/QuantumNous/new-api/relay/channel","Test":"TestDoRequestReturnsUpstreamRedirectWithoutFollowing/Permanent_Redirect","Output":"=== RUN   TestDoRequestReturnsUpstreamRedirectWithoutFollowing/Permanent_Redirect\n"}
{"Time":"2026-09-11T04:04:13.7074849+08:00","Action":"output","Package":"github.com/QuantumNous/new-api/relay/channel","Test":"TestDoRequestReturnsUpstreamRedirectWithoutFollowing/Permanent_Redirect","Output":"--- PASS: TestDoRequestReturnsUpstreamRedirectWithoutFollowing/Permanent_Redirect (0.00s)\n"}
{"Time":"2026-09-11T04:04:13.7074849+08:00","Action":"pass","Package":"github.com/QuantumNous/new-api/relay/channel","Test":"TestDoRequestReturnsUpstreamRedirectWithoutFollowing/Permanent_Redirect","Elapsed":0}
{"Time":"2026-09-11T04:04:13.7074849+08:00","Action":"output","Package":"github.com/QuantumNous/new-api/relay/channel","Test":"TestDoRequestReturnsUpstreamRedirectWithoutFollowing","Output":"--- PASS: TestDoRequestReturnsUpstreamRedirectWithoutFollowing (0.00s)\n"}
{"Time":"2026-09-11T04:04:13.7074849+08:00","Action":"pass","Package":"github.com/QuantumNous/new-api/relay/channel","Test":"TestDoRequestReturnsUpstreamRedirectWithoutFollowing","Elapsed":0}
{"Time":"2026-09-11T04:04:13.7074849+08:00","Action":"run","Package":"github.com/QuantumNous/new-api/relay/channel","Test":"TestProcessHeaderOverride_ChannelTestSkipsPassthroughRules"}
{"Time":"2026-09-11T04:04:13.7074849+08:00","Action":"output","Package":"github.com/QuantumNous/new-api/relay/channel","Test":"TestProcessHeaderOverride_ChannelTestSkipsPassthroughRules","Output":"=== RUN   TestProcessHeaderOverride_ChannelTestSkipsPassthroughRules\n"}
{"Time":"2026-09-11T04:04:13.7074849+08:00","Action":"output","Package":"github.com/QuantumNous/new-api/relay/channel","Test":"TestProcessHeaderOverride_ChannelTestSkipsPassthroughRules","Output":"=== PAUSE TestProcessHeaderOverride_ChannelTestSkipsPassthroughRules\n"}
{"Time":"2026-09-11T04:04:13.7074849+08:00","Action":"pause","Package":"github.com/QuantumNous/new-api/relay/channel","Test":"TestProcessHeaderOverride_ChannelTestSkipsPassthroughRules"}
{"Time":"2026-09-11T04:04:13.7074849+08:00","Action":"run","Package":"github.com/QuantumNous/new-api/relay/channel","Test":"TestProcessHeaderOverride_ChannelTestAppliesClientHeaderPlaceholder"}
{"Time":"2026-09-11T04:04:13.7074849+08:00","Action":"output","Package":"github.com/QuantumNous/new-api/relay/channel","Test":"TestProcessHeaderOverride_ChannelTestAppliesClientHeaderPlaceholder","Output":"=== RUN   TestProcessHeaderOverride_ChannelTestAppliesClientHeaderPlaceholder\n"}
{"Time":"2026-09-11T04:04:13.7074849+08:00","Action":"output","Package":"github.com/QuantumNous/new-api/relay/channel","Test":"TestProcessHeaderOverride_ChannelTestAppliesClientHeaderPlaceholder","Output":"=== PAUSE TestProcessHeaderOverride_ChannelTestAppliesClientHeaderPlaceholder\n"}
{"Time":"2026-09-11T04:04:13.7074849+08:00","Action":"pause","Package":"github.com/QuantumNous/new-api/relay/channel","Test":"TestProcessHeaderOverride_ChannelTestAppliesClientHeaderPlaceholder"}
{"Time":"2026-09-11T04:04:13.7074849+08:00","Action":"run","Package":"github.com/QuantumNous/new-api/relay/channel","Test":"TestProcessHeaderOverride_NonTestKeepsClientHeaderPlaceholder"}
{"Time":"2026-09-11T04:04:13.7074849+08:00","Action":"output","Package":"github.com/QuantumNous/new-api/relay/channel","Test":"TestProcessHeaderOverride_NonTestKeepsClientHeaderPlaceholder","Output":"=== RUN   TestProcessHeaderOverride_NonTestKeepsClientHeaderPlaceholder\n"}
{"Time":"2026-09-11T04:04:13.7074849+08:00","Action":"output","Package":"github.com/QuantumNous/new-api/relay/channel","Test":"TestProcessHeaderOverride_NonTestKeepsClientHeaderPlaceholder","Output":"=== PAUSE TestProcessHeaderOverride_NonTestKeepsClientHeaderPlaceholder\n"}
{"Time":"2026-09-11T04:04:13.7074849+08:00","Action":"pause","Package":"github.com/QuantumNous/new-api/relay/channel","Test":"TestProcessHeaderOverride_NonTestKeepsClientHeaderPlaceholder"}
{"Time":"2026-09-11T04:04:13.7074849+08:00","Action":"run","Package":"github.com/QuantumNous/new-api/relay/channel","Test":"TestProcessHeaderOverride_RuntimeOverrideIsFinalHeaderMap"}
{"Time":"2026-09-11T04:04:13.7074849+08:00","Action":"output","Package":"github.com/QuantumNous/new-api/relay/channel","Test":"TestProcessHeaderOverride_RuntimeOverrideIsFinalHeaderMap","Output":"=== RUN   TestProcessHeaderOverride_RuntimeOverrideIsFinalHeaderMap\n"}
{"Time":"2026-09-11T04:04:13.7074849+08:00","Action":"output","Package":"github.com/QuantumNous/new-api/relay/channel","Test":"TestProcessHeaderOverride_RuntimeOverrideIsFinalHeaderMap","Output":"=== PAUSE TestProcessHeaderOverride_RuntimeOverrideIsFinalHeaderMap\n"}
{"Time":"2026-09-11T04:04:13.7074849+08:00","Action":"pause","Package":"github.com/QuantumNous/new-api/relay/channel","Test":"TestProcessHeaderOverride_RuntimeOverrideIsFinalHeaderMap"}
{"Time":"2026-09-11T04:04:13.7074849+08:00","Action":"run","Package":"github.com/QuantumNous/new-api/relay/channel","Test":"TestInitChannelMetaClearsInheritedRuntimeHeadersForActiveClaudeCode"}
{"Time":"2026-09-11T04:04:13.7074849+08:00","Action":"output","Package":"github.com/QuantumNous/new-api/relay/channel","Test":"TestInitChannelMetaClearsInheritedRuntimeHeadersForActiveClaudeCode","Output":"=== RUN   TestInitChannelMetaClearsInheritedRuntimeHeadersForActiveClaudeCode\n"}
{"Time":"2026-09-11T04:04:13.7080019+08:00","Action":"output","Package":"github.com/QuantumNous/new-api/relay/channel","Test":"TestInitChannelMetaClearsInheritedRuntimeHeadersForActiveClaudeCode","Output":"--- PASS: TestInitChannelMetaClearsInheritedRuntimeHeadersForActiveClaudeCode (0.00s)\n"}
{"Time":"2026-09-11T04:04:13.7080019+08:00","Action":"pass","Package":"github.com/QuantumNous/new-api/relay/channel","Test":"TestInitChannelMetaClearsInheritedRuntimeHeadersForActiveClaudeCode","Elapsed":0}
{"Time":"2026-09-11T04:04:13.7080019+08:00","Action":"run","Package":"github.com/QuantumNous/new-api/relay/channel","Test":"TestProcessHeaderOverride_PassthroughSkipsAcceptEncoding"}
{"Time":"2026-09-11T04:04:13.7080019+08:00","Action":"output","Package":"github.com/QuantumNous/new-api/relay/channel","Test":"TestProcessHeaderOverride_PassthroughSkipsAcceptEncoding","Output":"=== RUN   TestProcessHeaderOverride_PassthroughSkipsAcceptEncoding\n"}
{"Time":"2026-09-11T04:04:13.7080019+08:00","Action":"output","Package":"github.com/QuantumNous/new-api/relay/channel","Test":"TestProcessHeaderOverride_PassthroughSkipsAcceptEncoding","Output":"=== PAUSE TestProcessHeaderOverride_PassthroughSkipsAcceptEncoding\n"}
{"Time":"2026-09-11T04:04:13.7080019+08:00","Action":"pause","Package":"github.com/QuantumNous/new-api/relay/channel","Test":"TestProcessHeaderOverride_PassthroughSkipsAcceptEncoding"}
{"Time":"2026-09-11T04:04:13.7080019+08:00","Action":"run","Package":"github.com/QuantumNous/new-api/relay/channel","Test":"TestProcessHeaderOverride_PassHeadersTemplateSetsRuntimeHeaders"}
{"Time":"2026-09-11T04:04:13.7080019+08:00","Action":"output","Package":"github.com/QuantumNous/new-api/relay/channel","Test":"TestProcessHeaderOverride_PassHeadersTemplateSetsRuntimeHeaders","Output":"=== RUN   TestProcessHeaderOverride_PassHeadersTemplateSetsRuntimeHeaders\n"}
{"Time":"2026-09-11T04:04:13.7080019+08:00","Action":"output","Package":"github.com/QuantumNous/new-api/relay/channel","Test":"TestProcessHeaderOverride_PassHeadersTemplateSetsRuntimeHeaders","Output":"=== PAUSE TestProcessHeaderOverride_PassHeadersTemplateSetsRuntimeHeaders\n"}
{"Time":"2026-09-11T04:04:13.7080019+08:00","Action":"pause","Package":"github.com/QuantumNous/new-api/relay/channel","Test":"TestProcessHeaderOverride_PassHeadersTemplateSetsRuntimeHeaders"}
{"Time":"2026-09-11T04:04:13.7080019+08:00","Action":"run","Package":"github.com/QuantumNous/new-api/relay/channel","Test":"TestProcessHeaderOverride_ClaudeCodeAllowsIdentityOverrides"}
{"Time":"2026-09-11T04:04:13.7080019+08:00","Action":"output","Package":"github.com/QuantumNous/new-api/relay/channel","Test":"TestProcessHeaderOverride_ClaudeCodeAllowsIdentityOverrides","Output":"=== RUN   TestProcessHeaderOverride_ClaudeCodeAllowsIdentityOverrides\n"}
{"Time":"2026-09-11T04:04:13.7080019+08:00","Action":"output","Package":"github.com/QuantumNous/new-api/relay/channel","Test":"TestProcessHeaderOverride_ClaudeCodeAllowsIdentityOverrides","Output":"--- PASS: TestProcessHeaderOverride_ClaudeCodeAllowsIdentityOverrides (0.00s)\n"}
{"Time":"2026-09-11T04:04:13.7080019+08:00","Action":"pass","Package":"github.com/QuantumNous/new-api/relay/channel","Test":"TestProcessHeaderOverride_ClaudeCodeAllowsIdentityOverrides","Elapsed":0}
{"Time":"2026-09-11T04:04:13.7080019+08:00","Action":"run","Package":"github.com/QuantumNous/new-api/relay/channel","Test":"TestProcessHeaderOverride_ClaudeCodeChannelTestAllowsAllExplicitHeaders"}
{"Time":"2026-09-11T04:04:13.7080019+08:00","Action":"output","Package":"github.com/QuantumNous/new-api/relay/channel","Test":"TestProcessHeaderOverride_ClaudeCodeChannelTestAllowsAllExplicitHeaders","Output":"=== RUN   TestProcessHeaderOverride_ClaudeCodeChannelTestAllowsAllExplicitHeaders\n"}
{"Time":"2026-09-11T04:04:13.7080019+08:00","Action":"run","Package":"github.com/QuantumNous/new-api/relay/channel","Test":"TestProcessHeaderOverride_ClaudeCodeChannelTestAllowsAllExplicitHeaders/wildcard"}
{"Time":"2026-09-11T04:04:13.7080019+08:00","Action":"output","Package":"github.com/QuantumNous/new-api/relay/channel","Test":"TestProcessHeaderOverride_ClaudeCodeChannelTestAllowsAllExplicitHeaders/wildcard","Output":"=== RUN   TestProcessHeaderOverride_ClaudeCodeChannelTestAllowsAllExplicitHeaders/wildcard\n"}
{"Time":"2026-09-11T04:04:13.7080019+08:00","Action":"output","Package":"github.com/QuantumNous/new-api/relay/channel","Test":"TestProcessHeaderOverride_ClaudeCodeChannelTestAllowsAllExplicitHeaders/wildcard","Output":"--- PASS: TestProcessHeaderOverride_ClaudeCodeChannelTestAllowsAllExplicitHeaders/wildcard (0.00s)\n"}
{"Time":"2026-09-11T04:04:13.7080019+08:00","Action":"pass","Package":"github.com/QuantumNous/new-api/relay/channel","Test":"TestProcessHeaderOverride_ClaudeCodeChannelTestAllowsAllExplicitHeaders/wildcard","Elapsed":0}
{"Time":"2026-09-11T04:04:13.7080019+08:00","Action":"run","Package":"github.com/QuantumNous/new-api/relay/channel","Test":"TestProcessHeaderOverride_ClaudeCodeChannelTestAllowsAllExplicitHeaders/regex"}
{"Time":"2026-09-11T04:04:13.7080019+08:00","Action":"output","Package":"github.com/QuantumNous/new-api/relay/channel","Test":"TestProcessHeaderOverride_ClaudeCodeChannelTestAllowsAllExplicitHeaders/regex","Output":"=== RUN   TestProcessHeaderOverride_ClaudeCodeChannelTestAllowsAllExplicitHeaders/regex\n"}
{"Time":"2026-09-11T04:04:13.7080019+08:00","Action":"output","Package":"github.com/QuantumNous/new-api/relay/channel","Test":"TestProcessHeaderOverride_ClaudeCodeChannelTestAllowsAllExplicitHeaders/regex","Output":"--- PASS: TestProcessHeaderOverride_ClaudeCodeChannelTestAllowsAllExplicitHeaders/regex (0.00s)\n"}
{"Time":"2026-09-11T04:04:13.7080019+08:00","Action":"pass","Package":"github.com/QuantumNous/new-api/relay/channel","Test":"TestProcessHeaderOverride_ClaudeCodeChannelTestAllowsAllExplicitHeaders/regex","Elapsed":0}
{"Time":"2026-09-11T04:04:13.7080019+08:00","Action":"run","Package":"github.com/QuantumNous/new-api/relay/channel","Test":"TestProcessHeaderOverride_ClaudeCodeChannelTestAllowsAllExplicitHeaders/regex_v2"}
{"Time":"2026-09-11T04:04:13.7080019+08:00","Action":"output","Package":"github.com/QuantumNous/new-api/relay/channel","Test":"TestProcessHeaderOverride_ClaudeCodeChannelTestAllowsAllExplicitHeaders/regex_v2","Output":"=== RUN   TestProcessHeaderOverride_ClaudeCodeChannelTestAllowsAllExplicitHeaders/regex_v2\n"}
{"Time":"2026-09-11T04:04:13.7080019+08:00","Action":"output","Package":"github.com/QuantumNous/new-api/relay/channel","Test":"TestProcessHeaderOverride_ClaudeCodeChannelTestAllowsAllExplicitHeaders/regex_v2","Output":"--- PASS: TestProcessHeaderOverride_ClaudeCodeChannelTestAllowsAllExplicitHeaders/regex_v2 (0.00s)\n"}
{"Time":"2026-09-11T04:04:13.7080019+08:00","Action":"pass","Package":"github.com/QuantumNous/new-api/relay/channel","Test":"TestProcessHeaderOverride_ClaudeCodeChannelTestAllowsAllExplicitHeaders/regex_v2","Elapsed":0}
{"Time":"2026-09-11T04:04:13.7080019+08:00","Action":"run","Package":"github.com/QuantumNous/new-api/relay/channel","Test":"TestProcessHeaderOverride_ClaudeCodeChannelTestAllowsAllExplicitHeaders/client_header_placeholder"}
{"Time":"2026-09-11T04:04:13.7080019+08:00","Action":"output","Package":"github.com/QuantumNous/new-api/relay/channel","Test":"TestProcessHeaderOverride_ClaudeCodeChannelTestAllowsAllExplicitHeaders/client_header_placeholder","Output":"=== RUN   TestProcessHeaderOverride_ClaudeCodeChannelTestAllowsAllExplicitHeaders/client_header_placeholder\n"}
{"Time":"2026-09-11T04:04:13.7080019+08:00","Action":"output","Package":"github.com/QuantumNous/new-api/relay/channel","Test":"TestProcessHeaderOverride_ClaudeCodeChannelTestAllowsAllExplicitHeaders/client_header_placeholder","Output":"--- PASS: TestProcessHeaderOverride_ClaudeCodeChannelTestAllowsAllExplicitHeaders/client_header_placeholder (0.00s)\n"}
{"Time":"2026-09-11T04:04:13.7080019+08:00","Action":"pass","Package":"github.com/QuantumNous/new-api/relay/channel","Test":"TestProcessHeaderOverride_ClaudeCodeChannelTestAllowsAllExplicitHeaders/client_header_placeholder","Elapsed":0}
{"Time":"2026-09-11T04:04:13.7080019+08:00","Action":"run","Package":"github.com/QuantumNous/new-api/relay/channel","Test":"TestProcessHeaderOverride_ClaudeCodeChannelTestAllowsAllExplicitHeaders/reserved_header"}
{"Time":"2026-09-11T04:04:13.7080019+08:00","Action":"output","Package":"github.com/QuantumNous/new-api/relay/channel","Test":"TestProcessHeaderOverride_ClaudeCodeChannelTestAllowsAllExplicitHeaders/reserved_header","Output":"=== RUN   TestProcessHeaderOverride_ClaudeCodeChannelTestAllowsAllExplicitHeaders/reserved_header\n"}
{"Time":"2026-09-11T04:04:13.7080019+08:00","Action":"output","Package":"github.com/QuantumNous/new-api/relay/channel","Test":"TestProcessHeaderOverride_ClaudeCodeChannelTestAllowsAllExplicitHeaders/reserved_header","Output":"--- PASS: TestProcessHeaderOverride_ClaudeCodeChannelTestAllowsAllExplicitHeaders/reserved_header (0.00s)\n"}
{"Time":"2026-09-11T04:04:13.7080019+08:00","Action":"pass","Package":"github.com/QuantumNous/new-api/relay/channel","Test":"TestProcessHeaderOverride_ClaudeCodeChannelTestAllowsAllExplicitHeaders/reserved_header","Elapsed":0}
{"Time":"2026-09-11T04:04:13.7080019+08:00","Action":"output","Package":"github.com/QuantumNous/new-api/relay/channel","Test":"TestProcessHeaderOverride_ClaudeCodeChannelTestAllowsAllExplicitHeaders","Output":"--- PASS: TestProcessHeaderOverride_ClaudeCodeChannelTestAllowsAllExplicitHeaders (0.00s)\n"}
{"Time":"2026-09-11T04:04:13.7080019+08:00","Action":"pass","Package":"github.com/QuantumNous/new-api/relay/channel","Test":"TestProcessHeaderOverride_ClaudeCodeChannelTestAllowsAllExplicitHeaders","Elapsed":0}
{"Time":"2026-09-11T04:04:13.7080019+08:00","Action":"run","Package":"github.com/QuantumNous/new-api/relay/channel","Test":"TestDoApiRequestHeaderOverrideWinsOverCompatibilityDefaults"}
{"Time":"2026-09-11T04:04:13.7080019+08:00","Action":"output","Package":"github.com/QuantumNous/new-api/relay/channel","Test":"TestDoApiRequestHeaderOverrideWinsOverCompatibilityDefaults","Output":"=== RUN   TestDoApiRequestHeaderOverrideWinsOverCompatibilityDefaults\n"}
{"Time":"2026-09-11T04:04:13.7080019+08:00","Action":"run","Package":"github.com/QuantumNous/new-api/relay/channel","Test":"TestDoApiRequestHeaderOverrideWinsOverCompatibilityDefaults/ordinary"}
{"Time":"2026-09-11T04:04:13.7080019+08:00","Action":"output","Package":"github.com/QuantumNous/new-api/relay/channel","Test":"TestDoApiRequestHeaderOverrideWinsOverCompatibilityDefaults/ordinary","Output":"=== RUN   TestDoApiRequestHeaderOverrideWinsOverCompatibilityDefaults/ordinary\n"}
{"Time":"2026-09-11T04:04:13.7085206+08:00","Action":"output","Package":"github.com/QuantumNous/new-api/relay/channel","Test":"TestDoApiRequestHeaderOverrideWinsOverCompatibilityDefaults/ordinary","Output":"--- PASS: TestDoApiRequestHeaderOverrideWinsOverCompatibilityDefaults/ordinary (0.00s)\n"}
{"Time":"2026-09-11T04:04:13.7085206+08:00","Action":"pass","Package":"github.com/QuantumNous/new-api/relay/channel","Test":"TestDoApiRequestHeaderOverrideWinsOverCompatibilityDefaults/ordinary","Elapsed":0}
{"Time":"2026-09-11T04:04:13.7085206+08:00","Action":"run","Package":"github.com/QuantumNous/new-api/relay/channel","Test":"TestDoApiRequestHeaderOverrideWinsOverCompatibilityDefaults/codex"}
{"Time":"2026-09-11T04:04:13.7085206+08:00","Action":"output","Package":"github.com/QuantumNous/new-api/relay/channel","Test":"TestDoApiRequestHeaderOverrideWinsOverCompatibilityDefaults/codex","Output":"=== RUN   TestDoApiRequestHeaderOverrideWinsOverCompatibilityDefaults/codex\n"}
{"Time":"2026-09-11T04:04:13.7090824+08:00","Action":"output","Package":"github.com/QuantumNous/new-api/relay/channel","Test":"TestDoApiRequestHeaderOverrideWinsOverCompatibilityDefaults/codex","Output":"--- PASS: TestDoApiRequestHeaderOverrideWinsOverCompatibilityDefaults/codex (0.00s)\n"}
{"Time":"2026-09-11T04:04:13.7096073+08:00","Action":"pass","Package":"github.com/QuantumNous/new-api/relay/channel","Test":"TestDoApiRequestHeaderOverrideWinsOverCompatibilityDefaults/codex","Elapsed":0}
{"Time":"2026-09-11T04:04:13.7096073+08:00","Action":"run","Package":"github.com/QuantumNous/new-api/relay/channel","Test":"TestDoApiRequestHeaderOverrideWinsOverCompatibilityDefaults/codex_compatibility"}
{"Time":"2026-09-11T04:04:13.7096073+08:00","Action":"output","Package":"github.com/QuantumNous/new-api/relay/channel","Test":"TestDoApiRequestHeaderOverrideWinsOverCompatibilityDefaults/codex_compatibility","Output":"=== RUN   TestDoApiRequestHeaderOverrideWinsOverCompatibilityDefaults/codex_compatibility\n"}
{"Time":"2026-09-11T04:04:13.7096073+08:00","Action":"output","Package":"github.com/QuantumNous/new-api/relay/channel","Test":"TestDoApiRequestHeaderOverrideWinsOverCompatibilityDefaults/codex_compatibility","Output":"--- PASS: TestDoApiRequestHeaderOverrideWinsOverCompatibilityDefaults/codex_compatibility (0.00s)\n"}
{"Time":"2026-09-11T04:04:13.7101278+08:00","Action":"pass","Package":"github.com/QuantumNous/new-api/relay/channel","Test":"TestDoApiRequestHeaderOverrideWinsOverCompatibilityDefaults/codex_compatibility","Elapsed":0}
{"Time":"2026-09-11T04:04:13.7101278+08:00","Action":"run","Package":"github.com/QuantumNous/new-api/relay/channel","Test":"TestDoApiRequestHeaderOverrideWinsOverCompatibilityDefaults/claude_code"}
{"Time":"2026-09-11T04:04:13.7101278+08:00","Action":"output","Package":"github.com/QuantumNous/new-api/relay/channel","Test":"TestDoApiRequestHeaderOverrideWinsOverCompatibilityDefaults/claude_code","Output":"=== RUN   TestDoApiRequestHeaderOverrideWinsOverCompatibilityDefaults/claude_code\n"}
{"Time":"2026-09-11T04:04:13.7101278+08:00","Action":"output","Package":"github.com/QuantumNous/new-api/relay/channel","Test":"TestDoApiRequestHeaderOverrideWinsOverCompatibilityDefaults/claude_code","Output":"--- PASS: TestDoApiRequestHeaderOverrideWinsOverCompatibilityDefaults/claude_code (0.00s)\n"}
{"Time":"2026-09-11T04:04:13.7106468+08:00","Action":"pass","Package":"github.com/QuantumNous/new-api/relay/channel","Test":"TestDoApiRequestHeaderOverrideWinsOverCompatibilityDefaults/claude_code","Elapsed":0}
{"Time":"2026-09-11T04:04:13.7106468+08:00","Action":"run","Package":"github.com/QuantumNous/new-api/relay/channel","Test":"TestDoApiRequestHeaderOverrideWinsOverCompatibilityDefaults/codebuddy"}
{"Time":"2026-09-11T04:04:13.7106468+08:00","Action":"output","Package":"github.com/QuantumNous/new-api/relay/channel","Test":"TestDoApiRequestHeaderOverrideWinsOverCompatibilityDefaults/codebuddy","Output":"=== RUN   TestDoApiRequestHeaderOverrideWinsOverCompatibilityDefaults/codebuddy\n"}
{"Time":"2026-09-11T04:04:13.7111661+08:00","Action":"output","Package":"github.com/QuantumNous/new-api/relay/channel","Test":"TestDoApiRequestHeaderOverrideWinsOverCompatibilityDefaults/codebuddy","Output":"--- PASS: TestDoApiRequestHeaderOverrideWinsOverCompatibilityDefaults/codebuddy (0.00s)\n"}
{"Time":"2026-09-11T04:04:13.7111661+08:00","Action":"pass","Package":"github.com/QuantumNous/new-api/relay/channel","Test":"TestDoApiRequestHeaderOverrideWinsOverCompatibilityDefaults/codebuddy","Elapsed":0}
{"Time":"2026-09-11T04:04:13.7111661+08:00","Action":"output","Package":"github.com/QuantumNous/new-api/relay/channel","Test":"TestDoApiRequestHeaderOverrideWinsOverCompatibilityDefaults","Output":"--- PASS: TestDoApiRequestHeaderOverrideWinsOverCompatibilityDefaults (0.00s)\n"}
{"Time":"2026-09-11T04:04:13.7111661+08:00","Action":"pass","Package":"github.com/QuantumNous/new-api/relay/channel","Test":"TestDoApiRequestHeaderOverrideWinsOverCompatibilityDefaults","Elapsed":0}
{"Time":"2026-09-11T04:04:13.7111661+08:00","Action":"run","Package":"github.com/QuantumNous/new-api/relay/channel","Test":"TestDoFormRequestAppliesHeaderOverrideAfterContentType"}
{"Time":"2026-09-11T04:04:13.7111661+08:00","Action":"output","Package":"github.com/QuantumNous/new-api/relay/channel","Test":"TestDoFormRequestAppliesHeaderOverrideAfterContentType","Output":"=== RUN   TestDoFormRequestAppliesHeaderOverrideAfterContentType\n"}
{"Time":"2026-09-11T04:04:13.7116863+08:00","Action":"output","Package":"github.com/QuantumNous/new-api/relay/channel","Test":"TestDoFormRequestAppliesHeaderOverrideAfterContentType","Output":"--- PASS: TestDoFormRequestAppliesHeaderOverrideAfterContentType (0.00s)\n"}
{"Time":"2026-09-11T04:04:13.7116863+08:00","Action":"pass","Package":"github.com/QuantumNous/new-api/relay/channel","Test":"TestDoFormRequestAppliesHeaderOverrideAfterContentType","Elapsed":0}
{"Time":"2026-09-11T04:04:13.7116863+08:00","Action":"run","Package":"github.com/QuantumNous/new-api/relay/channel","Test":"TestDoWssRequestAppliesHeaderOverrideAfterProtocolDefaults"}
{"Time":"2026-09-11T04:04:13.7116863+08:00","Action":"output","Package":"github.com/QuantumNous/new-api/relay/channel","Test":"TestDoWssRequestAppliesHeaderOverrideAfterProtocolDefaults","Output":"=== RUN   TestDoWssRequestAppliesHeaderOverrideAfterProtocolDefaults\n"}
{"Time":"2026-09-11T04:04:13.7122061+08:00","Action":"output","Package":"github.com/QuantumNous/new-api/relay/channel","Test":"TestDoWssRequestAppliesHeaderOverrideAfterProtocolDefaults","Output":"--- PASS: TestDoWssRequestAppliesHeaderOverrideAfterProtocolDefaults (0.00s)\n"}
{"Time":"2026-09-11T04:04:13.7122061+08:00","Action":"pass","Package":"github.com/QuantumNous/new-api/relay/channel","Test":"TestDoWssRequestAppliesHeaderOverrideAfterProtocolDefaults","Elapsed":0}
{"Time":"2026-09-11T04:04:13.7122061+08:00","Action":"run","Package":"github.com/QuantumNous/new-api/relay/channel","Test":"TestProcessHeaderOverride_ClaudeCodeProfileAllowsSafeStaticHeaders"}
{"Time":"2026-09-11T04:04:13.7122061+08:00","Action":"output","Package":"github.com/QuantumNous/new-api/relay/channel","Test":"TestProcessHeaderOverride_ClaudeCodeProfileAllowsSafeStaticHeaders","Output":"=== RUN   TestProcessHeaderOverride_ClaudeCodeProfileAllowsSafeStaticHeaders\n"}
{"Time":"2026-09-11T04:04:13.7122061+08:00","Action":"output","Package":"github.com/QuantumNous/new-api/relay/channel","Test":"TestProcessHeaderOverride_ClaudeCodeProfileAllowsSafeStaticHeaders","Output":"--- PASS: TestProcessHeaderOverride_ClaudeCodeProfileAllowsSafeStaticHeaders (0.00s)\n"}
{"Time":"2026-09-11T04:04:13.7122061+08:00","Action":"pass","Package":"github.com/QuantumNous/new-api/relay/channel","Test":"TestProcessHeaderOverride_ClaudeCodeProfileAllowsSafeStaticHeaders","Elapsed":0}
{"Time":"2026-09-11T04:04:13.7122061+08:00","Action":"run","Package":"github.com/QuantumNous/new-api/relay/channel","Test":"TestProcessHeaderOverride_NonClaudeCodePreservesExistingBehavior"}
{"Time":"2026-09-11T04:04:13.7122061+08:00","Action":"output","Package":"github.com/QuantumNous/new-api/relay/channel","Test":"TestProcessHeaderOverride_NonClaudeCodePreservesExistingBehavior","Output":"=== RUN   TestProcessHeaderOverride_NonClaudeCodePreservesExistingBehavior\n"}
{"Time":"2026-09-11T04:04:13.7122061+08:00","Action":"output","Package":"github.com/QuantumNous/new-api/relay/channel","Test":"TestProcessHeaderOverride_NonClaudeCodePreservesExistingBehavior","Output":"--- PASS: TestProcessHeaderOverride_NonClaudeCodePreservesExistingBehavior (0.00s)\n"}
{"Time":"2026-09-11T04:04:13.7122061+08:00","Action":"pass","Package":"github.com/QuantumNous/new-api/relay/channel","Test":"TestProcessHeaderOverride_NonClaudeCodePreservesExistingBehavior","Elapsed":0}
{"Time":"2026-09-11T04:04:13.7122061+08:00","Action":"run","Package":"github.com/QuantumNous/new-api/relay/channel","Test":"TestCleanupCodexForbiddenPhraseInMessages"}
{"Time":"2026-09-11T04:04:13.7122061+08:00","Action":"output","Package":"github.com/QuantumNous/new-api/relay/channel","Test":"TestCleanupCodexForbiddenPhraseInMessages","Output":"=== RUN   TestCleanupCodexForbiddenPhraseInMessages\n"}
{"Time":"2026-09-11T04:04:13.7122061+08:00","Action":"run","Package":"github.com/QuantumNous/new-api/relay/channel","Test":"TestCleanupCodexForbiddenPhraseInMessages/string_content_rewritten"}
{"Time":"2026-09-11T04:04:13.7122061+08:00","Action":"output","Package":"github.com/QuantumNous/new-api/relay/channel","Test":"TestCleanupCodexForbiddenPhraseInMessages/string_content_rewritten","Output":"=== RUN   TestCleanupCodexForbiddenPhraseInMessages/string_content_rewritten\n"}
{"Time":"2026-09-11T04:04:13.7122061+08:00","Action":"output","Package":"github.com/QuantumNous/new-api/relay/channel","Test":"TestCleanupCodexForbiddenPhraseInMessages/string_content_rewritten","Output":"--- PASS: TestCleanupCodexForbiddenPhraseInMessages/string_content_rewritten (0.00s)\n"}
{"Time":"2026-09-11T04:04:13.7122061+08:00","Action":"pass","Package":"github.com/QuantumNous/new-api/relay/channel","Test":"TestCleanupCodexForbiddenPhraseInMessages/string_content_rewritten","Elapsed":0}
{"Time":"2026-09-11T04:04:13.7122061+08:00","Action":"run","Package":"github.com/QuantumNous/new-api/relay/channel","Test":"TestCleanupCodexForbiddenPhraseInMessages/media_content_blocks_rewritten"}
{"Time":"2026-09-11T04:04:13.7122061+08:00","Action":"output","Package":"github.com/QuantumNous/new-api/relay/channel","Test":"TestCleanupCodexForbiddenPhraseInMessages/media_content_blocks_rewritten","Output":"=== RUN   TestCleanupCodexForbiddenPhraseInMessages/media_content_blocks_rewritten\n"}
{"Time":"2026-09-11T04:04:13.7122061+08:00","Action":"output","Package":"github.com/QuantumNous/new-api/relay/channel","Test":"TestCleanupCodexForbiddenPhraseInMessages/media_content_blocks_rewritten","Output":"--- PASS: TestCleanupCodexForbiddenPhraseInMessages/media_content_blocks_rewritten (0.00s)\n"}
{"Time":"2026-09-11T04:04:13.7122061+08:00","Action":"pass","Package":"github.com/QuantumNous/new-api/relay/channel","Test":"TestCleanupCodexForbiddenPhraseInMessages/media_content_blocks_rewritten","Elapsed":0}
{"Time":"2026-09-11T04:04:13.7122061+08:00","Action":"run","Package":"github.com/QuantumNous/new-api/relay/channel","Test":"TestCleanupCodexForbiddenPhraseInMessages/allowed_variants_untouched"}
{"Time":"2026-09-11T04:04:13.7122061+08:00","Action":"output","Package":"github.com/QuantumNous/new-api/relay/channel","Test":"TestCleanupCodexForbiddenPhraseInMessages/allowed_variants_untouched","Output":"=== RUN   TestCleanupCodexForbiddenPhraseInMessages/allowed_variants_untouched\n"}
{"Time":"2026-09-11T04:04:13.7122061+08:00","Action":"output","Package":"github.com/QuantumNous/new-api/relay/channel","Test":"TestCleanupCodexForbiddenPhraseInMessages/allowed_variants_untouched","Output":"--- PASS: TestCleanupCodexForbiddenPhraseInMessages/allowed_variants_untouched (0.00s)\n"}
{"Time":"2026-09-11T04:04:13.7122061+08:00","Action":"pass","Package":"github.com/QuantumNous/new-api/relay/channel","Test":"TestCleanupCodexForbiddenPhraseInMessages/allowed_variants_untouched","Elapsed":0}
{"Time":"2026-09-11T04:04:13.7122061+08:00","Action":"run","Package":"github.com/QuantumNous/new-api/relay/channel","Test":"TestCleanupCodexForbiddenPhraseInMessages/system_marker_not_clobbered"}
{"Time":"2026-09-11T04:04:13.7122061+08:00","Action":"output","Package":"github.com/QuantumNous/new-api/relay/channel","Test":"TestCleanupCodexForbiddenPhraseInMessages/system_marker_not_clobbered","Output":"=== RUN   TestCleanupCodexForbiddenPhraseInMessages/system_marker_not_clobbered\n"}
{"Time":"2026-09-11T04:04:13.7122061+08:00","Action":"output","Package":"github.com/QuantumNous/new-api/relay/channel","Test":"TestCleanupCodexForbiddenPhraseInMessages/system_marker_not_clobbered","Output":"--- PASS: TestCleanupCodexForbiddenPhraseInMessages/system_marker_not_clobbered (0.00s)\n"}
{"Time":"2026-09-11T04:04:13.7122061+08:00","Action":"pass","Package":"github.com/QuantumNous/new-api/relay/channel","Test":"TestCleanupCodexForbiddenPhraseInMessages/system_marker_not_clobbered","Elapsed":0}
{"Time":"2026-09-11T04:04:13.7122061+08:00","Action":"output","Package":"github.com/QuantumNous/new-api/relay/channel","Test":"TestCleanupCodexForbiddenPhraseInMessages","Output":"--- PASS: TestCleanupCodexForbiddenPhraseInMessages (0.00s)\n"}
{"Time":"2026-09-11T04:04:13.7122061+08:00","Action":"pass","Package":"github.com/QuantumNous/new-api/relay/channel","Test":"TestCleanupCodexForbiddenPhraseInMessages","Elapsed":0}
{"Time":"2026-09-11T04:04:13.7122061+08:00","Action":"run","Package":"github.com/QuantumNous/new-api/relay/channel","Test":"TestApplyCodeBuddyRequestProfileCleansForbiddenPhrase"}
{"Time":"2026-09-11T04:04:13.7122061+08:00","Action":"output","Package":"github.com/QuantumNous/new-api/relay/channel","Test":"TestApplyCodeBuddyRequestProfileCleansForbiddenPhrase","Output":"=== RUN   TestApplyCodeBuddyRequestProfileCleansForbiddenPhrase\n"}
{"Time":"2026-09-11T04:04:13.7122061+08:00","Action":"output","Package":"github.com/QuantumNous/new-api/relay/channel","Test":"TestApplyCodeBuddyRequestProfileCleansForbiddenPhrase","Output":"--- PASS: TestApplyCodeBuddyRequestProfileCleansForbiddenPhrase (0.00s)\n"}
{"Time":"2026-09-11T04:04:13.7122061+08:00","Action":"pass","Package":"github.com/QuantumNous/new-api/relay/channel","Test":"TestApplyCodeBuddyRequestProfileCleansForbiddenPhrase","Elapsed":0}
{"Time":"2026-09-11T04:04:13.7122061+08:00","Action":"run","Package":"github.com/QuantumNous/new-api/relay/channel","Test":"TestApplyCompatibilityHeaders"}
{"Time":"2026-09-11T04:04:13.7122061+08:00","Action":"output","Package":"github.com/QuantumNous/new-api/relay/channel","Test":"TestApplyCompatibilityHeaders","Output":"=== RUN   TestApplyCompatibilityHeaders\n"}
{"Time":"2026-09-11T04:04:13.7122061+08:00","Action":"run","Package":"github.com/QuantumNous/new-api/relay/channel","Test":"TestApplyCompatibilityHeaders/Codex"}
{"Time":"2026-09-11T04:04:13.7122061+08:00","Action":"output","Package":"github.com/QuantumNous/new-api/relay/channel","Test":"TestApplyCompatibilityHeaders/Codex","Output":"=== RUN   TestApplyCompatibilityHeaders/Codex\n"}
{"Time":"2026-09-11T04:04:13.7122061+08:00","Action":"output","Package":"github.com/QuantumNous/new-api/relay/channel","Test":"TestApplyCompatibilityHeaders/Codex","Output":"--- PASS: TestApplyCompatibilityHeaders/Codex (0.00s)\n"}
{"Time":"2026-09-11T04:04:13.7122061+08:00","Action":"pass","Package":"github.com/QuantumNous/new-api/relay/channel","Test":"TestApplyCompatibilityHeaders/Codex","Elapsed":0}
{"Time":"2026-09-11T04:04:13.7122061+08:00","Action":"output","Package":"github.com/QuantumNous/new-api/relay/channel","Test":"TestApplyCompatibilityHeaders","Output":"--- PASS: TestApplyCompatibilityHeaders (0.00s)\n"}
{"Time":"2026-09-11T04:04:13.7122061+08:00","Action":"pass","Package":"github.com/QuantumNous/new-api/relay/channel","Test":"TestApplyCompatibilityHeaders","Elapsed":0}
{"Time":"2026-09-11T04:04:13.7122061+08:00","Action":"run","Package":"github.com/QuantumNous/new-api/relay/channel","Test":"TestApplyLightweightClientIdentityUsesOnlyVerifiedFields"}
{"Time":"2026-09-11T04:04:13.7122061+08:00","Action":"output","Package":"github.com/QuantumNous/new-api/relay/channel","Test":"TestApplyLightweightClientIdentityUsesOnlyVerifiedFields","Output":"=== RUN   TestApplyLightweightClientIdentityUsesOnlyVerifiedFields\n"}
{"Time":"2026-09-11T04:04:13.7122061+08:00","Action":"run","Package":"github.com/QuantumNous/new-api/relay/channel","Test":"TestApplyLightweightClientIdentityUsesOnlyVerifiedFields/Codex_CLI"}
{"Time":"2026-09-11T04:04:13.7122061+08:00","Action":"output","Package":"github.com/QuantumNous/new-api/relay/channel","Test":"TestApplyLightweightClientIdentityUsesOnlyVerifiedFields/Codex_CLI","Output":"=== RUN   TestApplyLightweightClientIdentityUsesOnlyVerifiedFields/Codex_CLI\n"}
{"Time":"2026-09-11T04:04:13.7122061+08:00","Action":"output","Package":"github.com/QuantumNous/new-api/relay/channel","Test":"TestApplyLightweightClientIdentityUsesOnlyVerifiedFields/Codex_CLI","Output":"--- PASS: TestApplyLightweightClientIdentityUsesOnlyVerifiedFields/Codex_CLI (0.00s)\n"}
{"Time":"2026-09-11T04:04:13.7122061+08:00","Action":"pass","Package":"github.com/QuantumNous/new-api/relay/channel","Test":"TestApplyLightweightClientIdentityUsesOnlyVerifiedFields/Codex_CLI","Elapsed":0}
{"Time":"2026-09-11T04:04:13.7122061+08:00","Action":"run","Package":"github.com/QuantumNous/new-api/relay/channel","Test":"TestApplyLightweightClientIdentityUsesOnlyVerifiedFields/Claude_CLI"}
{"Time":"2026-09-11T04:04:13.7122061+08:00","Action":"output","Package":"github.com/QuantumNous/new-api/relay/channel","Test":"TestApplyLightweightClientIdentityUsesOnlyVerifiedFields/Claude_CLI","Output":"=== RUN   TestApplyLightweightClientIdentityUsesOnlyVerifiedFields/Claude_CLI\n"}
{"Time":"2026-09-11T04:04:13.7122061+08:00","Action":"output","Package":"github.com/QuantumNous/new-api/relay/channel","Test":"TestApplyLightweightClientIdentityUsesOnlyVerifiedFields/Claude_CLI","Output":"--- PASS: TestApplyLightweightClientIdentityUsesOnlyVerifiedFields/Claude_CLI (0.00s)\n"}
{"Time":"2026-09-11T04:04:13.7122061+08:00","Action":"pass","Package":"github.com/QuantumNous/new-api/relay/channel","Test":"TestApplyLightweightClientIdentityUsesOnlyVerifiedFields/Claude_CLI","Elapsed":0}
{"Time":"2026-09-11T04:04:13.7122061+08:00","Action":"run","Package":"github.com/QuantumNous/new-api/relay/channel","Test":"TestApplyLightweightClientIdentityUsesOnlyVerifiedFields/CodeBuddy_CLI"}
{"Time":"2026-09-11T04:04:13.7122061+08:00","Action":"output","Package":"github.com/QuantumNous/new-api/relay/channel","Test":"TestApplyLightweightClientIdentityUsesOnlyVerifiedFields/CodeBuddy_CLI","Output":"=== RUN   TestApplyLightweightClientIdentityUsesOnlyVerifiedFields/CodeBuddy_CLI\n"}
{"Time":"2026-09-11T04:04:13.7122061+08:00","Action":"output","Package":"github.com/QuantumNous/new-api/relay/channel","Test":"TestApplyLightweightClientIdentityUsesOnlyVerifiedFields/CodeBuddy_CLI","Output":"--- PASS: TestApplyLightweightClientIdentityUsesOnlyVerifiedFields/CodeBuddy_CLI (0.00s)\n"}
{"Time":"2026-09-11T04:04:13.7122061+08:00","Action":"pass","Package":"github.com/QuantumNous/new-api/relay/channel","Test":"TestApplyLightweightClientIdentityUsesOnlyVerifiedFields/CodeBuddy_CLI","Elapsed":0}
{"Time":"2026-09-11T04:04:13.7122061+08:00","Action":"run","Package":"github.com/QuantumNous/new-api/relay/channel","Test":"TestApplyLightweightClientIdentityUsesOnlyVerifiedFields/WorkBuddy_Desktop_leaves_unknown_identity_empty"}
{"Time":"2026-09-11T04:04:13.7122061+08:00","Action":"output","Package":"github.com/QuantumNous/new-api/relay/channel","Test":"TestApplyLightweightClientIdentityUsesOnlyVerifiedFields/WorkBuddy_Desktop_leaves_unknown_identity_empty","Output":"=== RUN   TestApplyLightweightClientIdentityUsesOnlyVerifiedFields/WorkBuddy_Desktop_leaves_unknown_identity_empty\n"}
{"Time":"2026-09-11T04:04:13.7122061+08:00","Action":"output","Package":"github.com/QuantumNous/new-api/relay/channel","Test":"TestApplyLightweightClientIdentityUsesOnlyVerifiedFields/WorkBuddy_Desktop_leaves_unknown_identity_empty","Output":"--- PASS: TestApplyLightweightClientIdentityUsesOnlyVerifiedFields/WorkBuddy_Desktop_leaves_unknown_identity_empty (0.00s)\n"}
{"Time":"2026-09-11T04:04:13.7122061+08:00","Action":"pass","Package":"github.com/QuantumNous/new-api/relay/channel","Test":"TestApplyLightweightClientIdentityUsesOnlyVerifiedFields/WorkBuddy_Desktop_leaves_unknown_identity_empty","Elapsed":0}
{"Time":"2026-09-11T04:04:13.7122061+08:00","Action":"output","Package":"github.com/QuantumNous/new-api/relay/channel","Test":"TestApplyLightweightClientIdentityUsesOnlyVerifiedFields","Output":"--- PASS: TestApplyLightweightClientIdentityUsesOnlyVerifiedFields (0.00s)\n"}
{"Time":"2026-09-11T04:04:13.7122061+08:00","Action":"pass","Package":"github.com/QuantumNous/new-api/relay/channel","Test":"TestApplyLightweightClientIdentityUsesOnlyVerifiedFields","Elapsed":0}
{"Time":"2026-09-11T04:04:13.7122061+08:00","Action":"run","Package":"github.com/QuantumNous/new-api/relay/channel","Test":"TestApplyClaudeCodeCompatibilityHeaders"}
{"Time":"2026-09-11T04:04:13.7122061+08:00","Action":"output","Package":"github.com/QuantumNous/new-api/relay/channel","Test":"TestApplyClaudeCodeCompatibilityHeaders","Output":"=== RUN   TestApplyClaudeCodeCompatibilityHeaders\n"}
{"Time":"2026-09-11T04:04:13.7122061+08:00","Action":"run","Package":"github.com/QuantumNous/new-api/relay/channel","Test":"TestApplyClaudeCodeCompatibilityHeaders/stream"}
{"Time":"2026-09-11T04:04:13.7122061+08:00","Action":"output","Package":"github.com/QuantumNous/new-api/relay/channel","Test":"TestApplyClaudeCodeCompatibilityHeaders/stream","Output":"=== RUN   TestApplyClaudeCodeCompatibilityHeaders/stream\n"}
{"Time":"2026-09-11T04:04:13.7122061+08:00","Action":"output","Package":"github.com/QuantumNous/new-api/relay/channel","Test":"TestApplyClaudeCodeCompatibilityHeaders/stream","Output":"--- PASS: TestApplyClaudeCodeCompatibilityHeaders/stream (0.00s)\n"}
{"Time":"2026-09-11T04:04:13.7122061+08:00","Action":"pass","Package":"github.com/QuantumNous/new-api/relay/channel","Test":"TestApplyClaudeCodeCompatibilityHeaders/stream","Elapsed":0}
{"Time":"2026-09-11T04:04:13.7122061+08:00","Action":"run","Package":"github.com/QuantumNous/new-api/relay/channel","Test":"TestApplyClaudeCodeCompatibilityHeaders/non-stream"}
{"Time":"2026-09-11T04:04:13.7122061+08:00","Action":"output","Package":"github.com/QuantumNous/new-api/relay/channel","Test":"TestApplyClaudeCodeCompatibilityHeaders/non-stream","Output":"=== RUN   TestApplyClaudeCodeCompatibilityHeaders/non-stream\n"}
{"Time":"2026-09-11T04:04:13.7122061+08:00","Action":"output","Package":"github.com/QuantumNous/new-api/relay/channel","Test":"TestApplyClaudeCodeCompatibilityHeaders/non-stream","Output":"--- PASS: TestApplyClaudeCodeCompatibilityHeaders/non-stream (0.00s)\n"}
{"Time":"2026-09-11T04:04:13.7127266+08:00","Action":"pass","Package":"github.com/QuantumNous/new-api/relay/channel","Test":"TestApplyClaudeCodeCompatibilityHeaders/non-stream","Elapsed":0}
{"Time":"2026-09-11T04:04:13.7127266+08:00","Action":"output","Package":"github.com/QuantumNous/new-api/relay/channel","Test":"TestApplyClaudeCodeCompatibilityHeaders","Output":"--- PASS: TestApplyClaudeCodeCompatibilityHeaders (0.00s)\n"}
{"Time":"2026-09-11T04:04:13.7127266+08:00","Action":"pass","Package":"github.com/QuantumNous/new-api/relay/channel","Test":"TestApplyClaudeCodeCompatibilityHeaders","Elapsed":0}
{"Time":"2026-09-11T04:04:13.7127266+08:00","Action":"run","Package":"github.com/QuantumNous/new-api/relay/channel","Test":"TestApplyClaudeCodeCompatibilityHeadersFetchModelsSingleCredential"}
{"Time":"2026-09-11T04:04:13.7127266+08:00","Action":"output","Package":"github.com/QuantumNous/new-api/relay/channel","Test":"TestApplyClaudeCodeCompatibilityHeadersFetchModelsSingleCredential","Output":"=== RUN   TestApplyClaudeCodeCompatibilityHeadersFetchModelsSingleCredential\n"}
{"Time":"2026-09-11T04:04:13.7127266+08:00","Action":"output","Package":"github.com/QuantumNous/new-api/relay/channel","Test":"TestApplyClaudeCodeCompatibilityHeadersFetchModelsSingleCredential","Output":"--- PASS: TestApplyClaudeCodeCompatibilityHeadersFetchModelsSingleCredential (0.00s)\n"}
{"Time":"2026-09-11T04:04:13.7127266+08:00","Action":"pass","Package":"github.com/QuantumNous/new-api/relay/channel","Test":"TestApplyClaudeCodeCompatibilityHeadersFetchModelsSingleCredential","Elapsed":0}
{"Time":"2026-09-11T04:04:13.7127266+08:00","Action":"run","Package":"github.com/QuantumNous/new-api/relay/channel","Test":"TestApplyClaudeCodeCompatibilityHeadersContext1MBetaToken"}
{"Time":"2026-09-11T04:04:13.7127266+08:00","Action":"output","Package":"github.com/QuantumNous/new-api/relay/channel","Test":"TestApplyClaudeCodeCompatibilityHeadersContext1MBetaToken","Output":"=== RUN   TestApplyClaudeCodeCompatibilityHeadersContext1MBetaToken\n"}
{"Time":"2026-09-11T04:04:13.7127266+08:00","Action":"run","Package":"github.com/QuantumNous/new-api/relay/channel","Test":"TestApplyClaudeCodeCompatibilityHeadersContext1MBetaToken/enabled_adds_token"}
{"Time":"2026-09-11T04:04:13.7127266+08:00","Action":"output","Package":"github.com/QuantumNous/new-api/relay/channel","Test":"TestApplyClaudeCodeCompatibilityHeadersContext1MBetaToken/enabled_adds_token","Output":"=== RUN   TestApplyClaudeCodeCompatibilityHeadersContext1MBetaToken/enabled_adds_token\n"}
{"Time":"2026-09-11T04:04:13.7127266+08:00","Action":"output","Package":"github.com/QuantumNous/new-api/relay/channel","Test":"TestApplyClaudeCodeCompatibilityHeadersContext1MBetaToken/enabled_adds_token","Output":"--- PASS: TestApplyClaudeCodeCompatibilityHeadersContext1MBetaToken/enabled_adds_token (0.00s)\n"}
{"Time":"2026-09-11T04:04:13.7127266+08:00","Action":"pass","Package":"github.com/QuantumNous/new-api/relay/channel","Test":"TestApplyClaudeCodeCompatibilityHeadersContext1MBetaToken/enabled_adds_token","Elapsed":0}
{"Time":"2026-09-11T04:04:13.7127266+08:00","Action":"run","Package":"github.com/QuantumNous/new-api/relay/channel","Test":"TestApplyClaudeCodeCompatibilityHeadersContext1MBetaToken/enabled_preserves_existing_tokens_and_removes_duplicates"}
{"Time":"2026-09-11T04:04:13.7127266+08:00","Action":"output","Package":"github.com/QuantumNous/new-api/relay/channel","Test":"TestApplyClaudeCodeCompatibilityHeadersContext1MBetaToken/enabled_preserves_existing_tokens_and_removes_duplicates","Output":"=== RUN   TestApplyClaudeCodeCompatibilityHeadersContext1MBetaToken/enabled_preserves_existing_tokens_and_removes_duplicates\n"}
{"Time":"2026-09-11T04:04:13.7127266+08:00","Action":"output","Package":"github.com/QuantumNous/new-api/relay/channel","Test":"TestApplyClaudeCodeCompatibilityHeadersContext1MBetaToken/enabled_preserves_existing_tokens_and_removes_duplicates","Output":"--- PASS: TestApplyClaudeCodeCompatibilityHeadersContext1MBetaToken/enabled_preserves_existing_tokens_and_removes_duplicates (0.00s)\n"}
{"Time":"2026-09-11T04:04:13.7127266+08:00","Action":"pass","Package":"github.com/QuantumNous/new-api/relay/channel","Test":"TestApplyClaudeCodeCompatibilityHeadersContext1MBetaToken/enabled_preserves_existing_tokens_and_removes_duplicates","Elapsed":0}
{"Time":"2026-09-11T04:04:13.7127266+08:00","Action":"run","Package":"github.com/QuantumNous/new-api/relay/channel","Test":"TestApplyClaudeCodeCompatibilityHeadersContext1MBetaToken/disabled_does_not_add_token"}
{"Time":"2026-09-11T04:04:13.7127266+08:00","Action":"output","Package":"github.com/QuantumNous/new-api/relay/channel","Test":"TestApplyClaudeCodeCompatibilityHeadersContext1MBetaToken/disabled_does_not_add_token","Output":"=== RUN   TestApplyClaudeCodeCompatibilityHeadersContext1MBetaToken/disabled_does_not_add_token\n"}
{"Time":"2026-09-11T04:04:13.7127266+08:00","Action":"output","Package":"github.com/QuantumNous/new-api/relay/channel","Test":"TestApplyClaudeCodeCompatibilityHeadersContext1MBetaToken/disabled_does_not_add_token","Output":"--- PASS: TestApplyClaudeCodeCompatibilityHeadersContext1MBetaToken/disabled_does_not_add_token (0.00s)\n"}
{"Time":"2026-09-11T04:04:13.7127266+08:00","Action":"pass","Package":"github.com/QuantumNous/new-api/relay/channel","Test":"TestApplyClaudeCodeCompatibilityHeadersContext1MBetaToken/disabled_does_not_add_token","Elapsed":0}
{"Time":"2026-09-11T04:04:13.7127266+08:00","Action":"output","Package":"github.com/QuantumNous/new-api/relay/channel","Test":"TestApplyClaudeCodeCompatibilityHeadersContext1MBetaToken","Output":"--- PASS: TestApplyClaudeCodeCompatibilityHeadersContext1MBetaToken (0.00s)\n"}
{"Time":"2026-09-11T04:04:13.7127266+08:00","Action":"pass","Package":"github.com/QuantumNous/new-api/relay/channel","Test":"TestApplyClaudeCodeCompatibilityHeadersContext1MBetaToken","Elapsed":0}
{"Time":"2026-09-11T04:04:13.7127266+08:00","Action":"run","Package":"github.com/QuantumNous/new-api/relay/channel","Test":"TestCodeBuddyCompatibilityBuildsWorkBuddyProfile"}
{"Time":"2026-09-11T04:04:13.7127266+08:00","Action":"output","Package":"github.com/QuantumNous/new-api/relay/channel","Test":"TestCodeBuddyCompatibilityBuildsWorkBuddyProfile","Output":"=== RUN   TestCodeBuddyCompatibilityBuildsWorkBuddyProfile\n"}
{"Time":"2026-09-11T04:04:13.7127266+08:00","Action":"output","Package":"github.com/QuantumNous/new-api/relay/channel","Test":"TestCodeBuddyCompatibilityBuildsWorkBuddyProfile","Output":"--- PASS: TestCodeBuddyCompatibilityBuildsWorkBuddyProfile (0.00s)\n"}
{"Time":"2026-09-11T04:04:13.7127266+08:00","Action":"pass","Package":"github.com/QuantumNous/new-api/relay/channel","Test":"TestCodeBuddyCompatibilityBuildsWorkBuddyProfile","Elapsed":0}
{"Time":"2026-09-11T04:04:13.7127266+08:00","Action":"run","Package":"github.com/QuantumNous/new-api/relay/channel","Test":"TestApplyCodeBuddyRequestProfile"}
{"Time":"2026-09-11T04:04:13.7127266+08:00","Action":"output","Package":"github.com/QuantumNous/new-api/relay/channel","Test":"TestApplyCodeBuddyRequestProfile","Output":"=== RUN   TestApplyCodeBuddyRequestProfile\n"}
{"Time":"2026-09-11T04:04:13.7132471+08:00","Action":"output","Package":"github.com/QuantumNous/new-api/relay/channel","Test":"TestApplyCodeBuddyRequestProfile","Output":"--- PASS: TestApplyCodeBuddyRequestProfile (0.00s)\n"}
{"Time":"2026-09-11T04:04:13.7132471+08:00","Action":"pass","Package":"github.com/QuantumNous/new-api/relay/channel","Test":"TestApplyCodeBuddyRequestProfile","Elapsed":0}
{"Time":"2026-09-11T04:04:13.7132471+08:00","Action":"run","Package":"github.com/QuantumNous/new-api/relay/channel","Test":"TestApplyCodeBuddyRequestProfileDefaults"}
{"Time":"2026-09-11T04:04:13.7132471+08:00","Action":"output","Package":"github.com/QuantumNous/new-api/relay/channel","Test":"TestApplyCodeBuddyRequestProfileDefaults","Output":"=== RUN   TestApplyCodeBuddyRequestProfileDefaults\n"}
{"Time":"2026-09-11T04:04:13.7132471+08:00","Action":"output","Package":"github.com/QuantumNous/new-api/relay/channel","Test":"TestApplyCodeBuddyRequestProfileDefaults","Output":"--- PASS: TestApplyCodeBuddyRequestProfileDefaults (0.00s)\n"}
{"Time":"2026-09-11T04:04:13.7132471+08:00","Action":"pass","Package":"github.com/QuantumNous/new-api/relay/channel","Test":"TestApplyCodeBuddyRequestProfileDefaults","Elapsed":0}
{"Time":"2026-09-11T04:04:13.7132471+08:00","Action":"run","Package":"github.com/QuantumNous/new-api/relay/channel","Test":"TestApplyCodeBuddyRequestProfileMergesClientSystem"}
{"Time":"2026-09-11T04:04:13.7132471+08:00","Action":"output","Package":"github.com/QuantumNous/new-api/relay/channel","Test":"TestApplyCodeBuddyRequestProfileMergesClientSystem","Output":"=== RUN   TestApplyCodeBuddyRequestProfileMergesClientSystem\n"}
{"Time":"2026-09-11T04:04:13.7132471+08:00","Action":"output","Package":"github.com/QuantumNous/new-api/relay/channel","Test":"TestApplyCodeBuddyRequestProfileMergesClientSystem","Output":"--- PASS: TestApplyCodeBuddyRequestProfileMergesClientSystem (0.00s)\n"}
{"Time":"2026-09-11T04:04:13.7132471+08:00","Action":"pass","Package":"github.com/QuantumNous/new-api/relay/channel","Test":"TestApplyCodeBuddyRequestProfileMergesClientSystem","Elapsed":0}
{"Time":"2026-09-11T04:04:13.7132471+08:00","Action":"run","Package":"github.com/QuantumNous/new-api/relay/channel","Test":"TestApplyCodeBuddyRequestProfilePrependsPureStringMarkerForArrayContent"}
{"Time":"2026-09-11T04:04:13.7132471+08:00","Action":"output","Package":"github.com/QuantumNous/new-api/relay/channel","Test":"TestApplyCodeBuddyRequestProfilePrependsPureStringMarkerForArrayContent","Output":"=== RUN   TestApplyCodeBuddyRequestProfilePrependsPureStringMarkerForArrayContent\n"}
{"Time":"2026-09-11T04:04:13.7132471+08:00","Action":"output","Package":"github.com/QuantumNous/new-api/relay/channel","Test":"TestApplyCodeBuddyRequestProfilePrependsPureStringMarkerForArrayContent","Output":"--- PASS: TestApplyCodeBuddyRequestProfilePrependsPureStringMarkerForArrayContent (0.00s)\n"}
{"Time":"2026-09-11T04:04:13.7132471+08:00","Action":"pass","Package":"github.com/QuantumNous/new-api/relay/channel","Test":"TestApplyCodeBuddyRequestProfilePrependsPureStringMarkerForArrayContent","Elapsed":0}
{"Time":"2026-09-11T04:04:13.7132471+08:00","Action":"run","Package":"github.com/QuantumNous/new-api/relay/channel","Test":"TestCodeBuddyConversationIdentityIsStableAcrossTurns"}
{"Time":"2026-09-11T04:04:13.7132471+08:00","Action":"output","Package":"github.com/QuantumNous/new-api/relay/channel","Test":"TestCodeBuddyConversationIdentityIsStableAcrossTurns","Output":"=== RUN   TestCodeBuddyConversationIdentityIsStableAcrossTurns\n"}
{"Time":"2026-09-11T04:04:13.7132471+08:00","Action":"output","Package":"github.com/QuantumNous/new-api/relay/channel","Test":"TestCodeBuddyConversationIdentityIsStableAcrossTurns","Output":"--- PASS: TestCodeBuddyConversationIdentityIsStableAcrossTurns (0.00s)\n"}
{"Time":"2026-09-11T04:04:13.7132471+08:00","Action":"pass","Package":"github.com/QuantumNous/new-api/relay/channel","Test":"TestCodeBuddyConversationIdentityIsStableAcrossTurns","Elapsed":0}
{"Time":"2026-09-11T04:04:13.7132471+08:00","Action":"run","Package":"github.com/QuantumNous/new-api/relay/channel","Test":"TestConfiguredClientIdentityAppliesVersionAndPlatformWithoutReplacingCredentials"}
{"Time":"2026-09-11T04:04:13.7132471+08:00","Action":"output","Package":"github.com/QuantumNous/new-api/relay/channel","Test":"TestConfiguredClientIdentityAppliesVersionAndPlatformWithoutReplacingCredentials","Output":"=== RUN   TestConfiguredClientIdentityAppliesVersionAndPlatformWithoutReplacingCredentials\n"}
{"Time":"2026-09-11T04:04:13.7132471+08:00","Action":"run","Package":"github.com/QuantumNous/new-api/relay/channel","Test":"TestConfiguredClientIdentityAppliesVersionAndPlatformWithoutReplacingCredentials/codex_compatibility_profile"}
{"Time":"2026-09-11T04:04:13.7132471+08:00","Action":"output","Package":"github.com/QuantumNous/new-api/relay/channel","Test":"TestConfiguredClientIdentityAppliesVersionAndPlatformWithoutReplacingCredentials/codex_compatibility_profile","Output":"=== RUN   TestConfiguredClientIdentityAppliesVersionAndPlatformWithoutReplacingCredentials/codex_compatibility_profile\n"}
{"Time":"2026-09-11T04:04:13.7132471+08:00","Action":"output","Package":"github.com/QuantumNous/new-api/relay/channel","Test":"TestConfiguredClientIdentityAppliesVersionAndPlatformWithoutReplacingCredentials/codex_compatibility_profile","Output":"--- PASS: TestConfiguredClientIdentityAppliesVersionAndPlatformWithoutReplacingCredentials/codex_compatibility_profile (0.00s)\n"}
{"Time":"2026-09-11T04:04:13.7132471+08:00","Action":"pass","Package":"github.com/QuantumNous/new-api/relay/channel","Test":"TestConfiguredClientIdentityAppliesVersionAndPlatformWithoutReplacingCredentials/codex_compatibility_profile","Elapsed":0}
{"Time":"2026-09-11T04:04:13.7132471+08:00","Action":"run","Package":"github.com/QuantumNous/new-api/relay/channel","Test":"TestConfiguredClientIdentityAppliesVersionAndPlatformWithoutReplacingCredentials/claude_code_profile"}
{"Time":"2026-09-11T04:04:13.7132471+08:00","Action":"output","Package":"github.com/QuantumNous/new-api/relay/channel","Test":"TestConfiguredClientIdentityAppliesVersionAndPlatformWithoutReplacingCredentials/claude_code_profile","Output":"=== RUN   TestConfiguredClientIdentityAppliesVersionAndPlatformWithoutReplacingCredentials/claude_code_profile\n"}
{"Time":"2026-09-11T04:04:13.7132471+08:00","Action":"output","Package":"github.com/QuantumNous/new-api/relay/channel","Test":"TestConfiguredClientIdentityAppliesVersionAndPlatformWithoutReplacingCredentials/claude_code_profile","Output":"--- PASS: TestConfiguredClientIdentityAppliesVersionAndPlatformWithoutReplacingCredentials/claude_code_profile (0.00s)\n"}
{"Time":"2026-09-11T04:04:13.7132471+08:00","Action":"pass","Package":"github.com/QuantumNous/new-api/relay/channel","Test":"TestConfiguredClientIdentityAppliesVersionAndPlatformWithoutReplacingCredentials/claude_code_profile","Elapsed":0}
{"Time":"2026-09-11T04:04:13.7132471+08:00","Action":"run","Package":"github.com/QuantumNous/new-api/relay/channel","Test":"TestConfiguredClientIdentityAppliesVersionAndPlatformWithoutReplacingCredentials/codebuddy_product_profile"}
{"Time":"2026-09-11T04:04:13.7132471+08:00","Action":"output","Package":"github.com/QuantumNous/new-api/relay/channel","Test":"TestConfiguredClientIdentityAppliesVersionAndPlatformWithoutReplacingCredentials/codebuddy_product_profile","Output":"=== RUN   TestConfiguredClientIdentityAppliesVersionAndPlatformWithoutReplacingCredentials/codebuddy_product_profile\n"}
{"Time":"2026-09-11T04:04:13.7132471+08:00","Action":"output","Package":"github.com/QuantumNous/new-api/relay/channel","Test":"TestConfiguredClientIdentityAppliesVersionAndPlatformWithoutReplacingCredentials/codebuddy_product_profile","Output":"--- PASS: TestConfiguredClientIdentityAppliesVersionAndPlatformWithoutReplacingCredentials/codebuddy_product_profile (0.00s)\n"}
{"Time":"2026-09-11T04:04:13.7132471+08:00","Action":"pass","Package":"github.com/QuantumNous/new-api/relay/channel","Test":"TestConfiguredClientIdentityAppliesVersionAndPlatformWithoutReplacingCredentials/codebuddy_product_profile","Elapsed":0}
{"Time":"2026-09-11T04:04:13.7132471+08:00","Action":"output","Package":"github.com/QuantumNous/new-api/relay/channel","Test":"TestConfiguredClientIdentityAppliesVersionAndPlatformWithoutReplacingCredentials","Output":"--- PASS: TestConfiguredClientIdentityAppliesVersionAndPlatformWithoutReplacingCredentials (0.00s)\n"}
{"Time":"2026-09-11T04:04:13.7132471+08:00","Action":"pass","Package":"github.com/QuantumNous/new-api/relay/channel","Test":"TestConfiguredClientIdentityAppliesVersionAndPlatformWithoutReplacingCredentials","Elapsed":0}
{"Time":"2026-09-11T04:04:13.7132471+08:00","Action":"run","Package":"github.com/QuantumNous/new-api/relay/channel","Test":"TestConfiguredClientIdentityDefaultsDoNotReplaceHeaderOverride"}
{"Time":"2026-09-11T04:04:13.7132471+08:00","Action":"output","Package":"github.com/QuantumNous/new-api/relay/channel","Test":"TestConfiguredClientIdentityDefaultsDoNotReplaceHeaderOverride","Output":"=== RUN   TestConfiguredClientIdentityDefaultsDoNotReplaceHeaderOverride\n"}
{"Time":"2026-09-11T04:04:13.7132471+08:00","Action":"output","Package":"github.com/QuantumNous/new-api/relay/channel","Test":"TestConfiguredClientIdentityDefaultsDoNotReplaceHeaderOverride","Output":"--- PASS: TestConfiguredClientIdentityDefaultsDoNotReplaceHeaderOverride (0.00s)\n"}
{"Time":"2026-09-11T04:04:13.7132471+08:00","Action":"pass","Package":"github.com/QuantumNous/new-api/relay/channel","Test":"TestConfiguredClientIdentityDefaultsDoNotReplaceHeaderOverride","Elapsed":0}
{"Time":"2026-09-11T04:04:13.7132471+08:00","Action":"run","Package":"github.com/QuantumNous/new-api/relay/channel","Test":"TestResolveCodeBuddyConversationIDPrefersIncomingHeader"}
{"Time":"2026-09-11T04:04:13.7132471+08:00","Action":"output","Package":"github.com/QuantumNous/new-api/relay/channel","Test":"TestResolveCodeBuddyConversationIDPrefersIncomingHeader","Output":"=== RUN   TestResolveCodeBuddyConversationIDPrefersIncomingHeader\n"}
{"Time":"2026-09-11T04:04:13.7132471+08:00","Action":"output","Package":"github.com/QuantumNous/new-api/relay/channel","Test":"TestResolveCodeBuddyConversationIDPrefersIncomingHeader","Output":"--- PASS: TestResolveCodeBuddyConversationIDPrefersIncomingHeader (0.00s)\n"}
{"Time":"2026-09-11T04:04:13.7132471+08:00","Action":"pass","Package":"github.com/QuantumNous/new-api/relay/channel","Test":"TestResolveCodeBuddyConversationIDPrefersIncomingHeader","Elapsed":0}
{"Time":"2026-09-11T04:04:13.7132471+08:00","Action":"cont","Package":"github.com/QuantumNous/new-api/relay/channel","Test":"TestApplyUpstreamBodyMetadataSetsReplayableMetadata"}
{"Time":"2026-09-11T04:04:13.7132471+08:00","Action":"output","Package":"github.com/QuantumNous/new-api/relay/channel","Test":"TestApplyUpstreamBodyMetadataSetsReplayableMetadata","Output":"=== CONT  TestApplyUpstreamBodyMetadataSetsReplayableMetadata\n"}
{"Time":"2026-09-11T04:04:13.7132471+08:00","Action":"cont","Package":"github.com/QuantumNous/new-api/relay/channel","Test":"TestProcessHeaderOverride_ChannelTestAppliesClientHeaderPlaceholder"}
{"Time":"2026-09-11T04:04:13.7132471+08:00","Action":"output","Package":"github.com/QuantumNous/new-api/relay/channel","Test":"TestProcessHeaderOverride_ChannelTestAppliesClientHeaderPlaceholder","Output":"=== CONT  TestProcessHeaderOverride_ChannelTestAppliesClientHeaderPlaceholder\n"}
{"Time":"2026-09-11T04:04:13.7132471+08:00","Action":"output","Package":"github.com/QuantumNous/new-api/relay/channel","Test":"TestApplyUpstreamBodyMetadataSetsReplayableMetadata","Output":"--- PASS: TestApplyUpstreamBodyMetadataSetsReplayableMetadata (0.00s)\n"}
{"Time":"2026-09-11T04:04:13.7132471+08:00","Action":"pass","Package":"github.com/QuantumNous/new-api/relay/channel","Test":"TestApplyUpstreamBodyMetadataSetsReplayableMetadata","Elapsed":0}
{"Time":"2026-09-11T04:04:13.7132471+08:00","Action":"cont","Package":"github.com/QuantumNous/new-api/relay/channel","Test":"TestProcessHeaderOverride_ChannelTestSkipsPassthroughRules"}
{"Time":"2026-09-11T04:04:13.7132471+08:00","Action":"output","Package":"github.com/QuantumNous/new-api/relay/channel","Test":"TestProcessHeaderOverride_ChannelTestSkipsPassthroughRules","Output":"=== CONT  TestProcessHeaderOverride_ChannelTestSkipsPassthroughRules\n"}
{"Time":"2026-09-11T04:04:13.7132471+08:00","Action":"cont","Package":"github.com/QuantumNous/new-api/relay/channel","Test":"TestProcessHeaderOverride_PassHeadersTemplateSetsRuntimeHeaders"}
{"Time":"2026-09-11T04:04:13.7132471+08:00","Action":"output","Package":"github.com/QuantumNous/new-api/relay/channel","Test":"TestProcessHeaderOverride_PassHeadersTemplateSetsRuntimeHeaders","Output":"=== CONT  TestProcessHeaderOverride_PassHeadersTemplateSetsRuntimeHeaders\n"}
{"Time":"2026-09-11T04:04:13.7132471+08:00","Action":"cont","Package":"github.com/QuantumNous/new-api/relay/channel","Test":"TestProcessHeaderOverride_RuntimeOverrideIsFinalHeaderMap"}
{"Time":"2026-09-11T04:04:13.7132471+08:00","Action":"output","Package":"github.com/QuantumNous/new-api/relay/channel","Test":"TestProcessHeaderOverride_RuntimeOverrideIsFinalHeaderMap","Output":"=== CONT  TestProcessHeaderOverride_RuntimeOverrideIsFinalHeaderMap\n"}
{"Time":"2026-09-11T04:04:13.7132471+08:00","Action":"cont","Package":"github.com/QuantumNous/new-api/relay/channel","Test":"TestProcessHeaderOverride_PassthroughSkipsAcceptEncoding"}
{"Time":"2026-09-11T04:04:13.7132471+08:00","Action":"output","Package":"github.com/QuantumNous/new-api/relay/channel","Test":"TestProcessHeaderOverride_PassthroughSkipsAcceptEncoding","Output":"=== CONT  TestProcessHeaderOverride_PassthroughSkipsAcceptEncoding\n"}
{"Time":"2026-09-11T04:04:13.7132471+08:00","Action":"cont","Package":"github.com/QuantumNous/new-api/relay/channel","Test":"TestApplyUpstreamBodyMetadataKeepsExistingGetBody"}
{"Time":"2026-09-11T04:04:13.7132471+08:00","Action":"output","Package":"github.com/QuantumNous/new-api/relay/channel","Test":"TestApplyUpstreamBodyMetadataKeepsExistingGetBody","Output":"=== CONT  TestApplyUpstreamBodyMetadataKeepsExistingGetBody\n"}
{"Time":"2026-09-11T04:04:13.7132471+08:00","Action":"cont","Package":"github.com/QuantumNous/new-api/relay/channel","Test":"TestApplyUpstreamBodyMetadataEmptyStorageRemainsReplayable"}
{"Time":"2026-09-11T04:04:13.7132471+08:00","Action":"output","Package":"github.com/QuantumNous/new-api/relay/channel","Test":"TestApplyUpstreamBodyMetadataEmptyStorageRemainsReplayable","Output":"=== CONT  TestApplyUpstreamBodyMetadataEmptyStorageRemainsReplayable\n"}
{"Time":"2026-09-11T04:04:13.7132471+08:00","Action":"output","Package":"github.com/QuantumNous/new-api/relay/channel","Test":"TestProcessHeaderOverride_ChannelTestAppliesClientHeaderPlaceholder","Output":"--- PASS: TestProcessHeaderOverride_ChannelTestAppliesClientHeaderPlaceholder (0.00s)\n"}
{"Time":"2026-09-11T04:04:13.7132471+08:00","Action":"pass","Package":"github.com/QuantumNous/new-api/relay/channel","Test":"TestProcessHeaderOverride_ChannelTestAppliesClientHeaderPlaceholder","Elapsed":0}
{"Time":"2026-09-11T04:04:13.7132471+08:00","Action":"output","Package":"github.com/QuantumNous/new-api/relay/channel","Test":"TestProcessHeaderOverride_ChannelTestSkipsPassthroughRules","Output":"--- PASS: TestProcessHeaderOverride_ChannelTestSkipsPassthroughRules (0.00s)\n"}
{"Time":"2026-09-11T04:04:13.7132471+08:00","Action":"pass","Package":"github.com/QuantumNous/new-api/relay/channel","Test":"TestProcessHeaderOverride_ChannelTestSkipsPassthroughRules","Elapsed":0}
{"Time":"2026-09-11T04:04:13.7132471+08:00","Action":"output","Package":"github.com/QuantumNous/new-api/relay/channel","Test":"TestProcessHeaderOverride_RuntimeOverrideIsFinalHeaderMap","Output":"--- PASS: TestProcessHeaderOverride_RuntimeOverrideIsFinalHeaderMap (0.00s)\n"}
{"Time":"2026-09-11T04:04:13.7137659+08:00","Action":"pass","Package":"github.com/QuantumNous/new-api/relay/channel","Test":"TestProcessHeaderOverride_RuntimeOverrideIsFinalHeaderMap","Elapsed":0}
{"Time":"2026-09-11T04:04:13.7137659+08:00","Action":"cont","Package":"github.com/QuantumNous/new-api/relay/channel","Test":"TestProcessHeaderOverride_NonTestKeepsClientHeaderPlaceholder"}
{"Time":"2026-09-11T04:04:13.7137659+08:00","Action":"output","Package":"github.com/QuantumNous/new-api/relay/channel","Test":"TestProcessHeaderOverride_NonTestKeepsClientHeaderPlaceholder","Output":"=== CONT  TestProcessHeaderOverride_NonTestKeepsClientHeaderPlaceholder\n"}
{"Time":"2026-09-11T04:04:13.7137659+08:00","Action":"output","Package":"github.com/QuantumNous/new-api/relay/channel","Test":"TestProcessHeaderOverride_PassthroughSkipsAcceptEncoding","Output":"--- PASS: TestProcessHeaderOverride_PassthroughSkipsAcceptEncoding (0.00s)\n"}
{"Time":"2026-09-11T04:04:13.7137659+08:00","Action":"pass","Package":"github.com/QuantumNous/new-api/relay/channel","Test":"TestProcessHeaderOverride_PassthroughSkipsAcceptEncoding","Elapsed":0}
{"Time":"2026-09-11T04:04:13.7137659+08:00","Action":"output","Package":"github.com/QuantumNous/new-api/relay/channel","Test":"TestApplyUpstreamBodyMetadataKeepsExistingGetBody","Output":"--- PASS: TestApplyUpstreamBodyMetadataKeepsExistingGetBody (0.00s)\n"}
{"Time":"2026-09-11T04:04:13.7137659+08:00","Action":"pass","Package":"github.com/QuantumNous/new-api/relay/channel","Test":"TestApplyUpstreamBodyMetadataKeepsExistingGetBody","Elapsed":0}
{"Time":"2026-09-11T04:04:13.7137659+08:00","Action":"output","Package":"github.com/QuantumNous/new-api/relay/channel","Test":"TestApplyUpstreamBodyMetadataEmptyStorageRemainsReplayable","Output":"--- PASS: TestApplyUpstreamBodyMetadataEmptyStorageRemainsReplayable (0.00s)\n"}
{"Time":"2026-09-11T04:04:13.7137659+08:00","Action":"pass","Package":"github.com/QuantumNous/new-api/relay/channel","Test":"TestApplyUpstreamBodyMetadataEmptyStorageRemainsReplayable","Elapsed":0}
{"Time":"2026-09-11T04:04:13.7137659+08:00","Action":"cont","Package":"github.com/QuantumNous/new-api/relay/channel","Test":"TestApplyUpstreamBodyMetadataHidesRawBodyStorageCloser"}
{"Time":"2026-09-11T04:04:13.7137659+08:00","Action":"output","Package":"github.com/QuantumNous/new-api/relay/channel","Test":"TestApplyUpstreamBodyMetadataHidesRawBodyStorageCloser","Output":"=== CONT  TestApplyUpstreamBodyMetadataHidesRawBodyStorageCloser\n"}
{"Time":"2026-09-11T04:04:13.7137659+08:00","Action":"output","Package":"github.com/QuantumNous/new-api/relay/channel","Test":"TestProcessHeaderOverride_NonTestKeepsClientHeaderPlaceholder","Output":"--- PASS: TestProcessHeaderOverride_NonTestKeepsClientHeaderPlaceholder (0.00s)\n"}
{"Time":"2026-09-11T04:04:13.7137659+08:00","Action":"pass","Package":"github.com/QuantumNous/new-api/relay/channel","Test":"TestProcessHeaderOverride_NonTestKeepsClientHeaderPlaceholder","Elapsed":0}
{"Time":"2026-09-11T04:04:13.7137659+08:00","Action":"output","Package":"github.com/QuantumNous/new-api/relay/channel","Test":"TestApplyUpstreamBodyMetadataHidesRawBodyStorageCloser","Output":"--- PASS: TestApplyUpstreamBodyMetadataHidesRawBodyStorageCloser (0.00s)\n"}
{"Time":"2026-09-11T04:04:13.7137659+08:00","Action":"pass","Package":"github.com/QuantumNous/new-api/relay/channel","Test":"TestApplyUpstreamBodyMetadataHidesRawBodyStorageCloser","Elapsed":0}
{"Time":"2026-09-11T04:04:13.7137659+08:00","Action":"output","Package":"github.com/QuantumNous/new-api/relay/channel","Test":"TestProcessHeaderOverride_PassHeadersTemplateSetsRuntimeHeaders","Output":"--- PASS: TestProcessHeaderOverride_PassHeadersTemplateSetsRuntimeHeaders (0.00s)\n"}
{"Time":"2026-09-11T04:04:13.7137659+08:00","Action":"pass","Package":"github.com/QuantumNous/new-api/relay/channel","Test":"TestProcessHeaderOverride_PassHeadersTemplateSetsRuntimeHeaders","Elapsed":0}
{"Time":"2026-09-11T04:04:13.7137659+08:00","Action":"output","Package":"github.com/QuantumNous/new-api/relay/channel","Output":"PASS\n"}
{"Time":"2026-09-11T04:04:13.7168898+08:00","Action":"output","Package":"github.com/QuantumNous/new-api/relay/channel","Output":"ok  \tgithub.com/QuantumNous/new-api/relay/channel\t0.558s\n"}
{"Time":"2026-09-11T04:04:13.7168898+08:00","Action":"pass","Package":"github.com/QuantumNous/new-api/relay/channel","Elapsed":0.558}
{"Time":"2026-09-11T04:04:13.7468932+08:00","Action":"output","Package":"github.com/QuantumNous/new-api/relay/channel/aws","Test":"TestAwsStreamHandlerStopsAtClientCancellationAndKeepsPartialBillingUsage","Output":"[SYS] 2026/09/11 - 04:04:13 | send final response failed: request context done: context canceled \n"}
{"Time":"2026-09-11T04:04:13.7468932+08:00","Action":"output","Package":"github.com/QuantumNous/new-api/relay/channel/aws","Test":"TestAwsStreamHandlerStopsAtClientCancellationAndKeepsPartialBillingUsage","Output":"--- PASS: TestAwsStreamHandlerStopsAtClientCancellationAndKeepsPartialBillingUsage (0.04s)\n"}
{"Time":"2026-09-11T04:04:13.7468932+08:00","Action":"pass","Package":"github.com/QuantumNous/new-api/relay/channel/aws","Test":"TestAwsStreamHandlerStopsAtClientCancellationAndKeepsPartialBillingUsage","Elapsed":0.04}
{"Time":"2026-09-11T04:04:13.7468932+08:00","Action":"cont","Package":"github.com/QuantumNous/new-api/relay/channel/aws","Test":"TestDoAwsClientRequest_AppliesRuntimeHeaderOverrideToAnthropicBeta"}
{"Time":"2026-09-11T04:04:13.7468932+08:00","Action":"output","Package":"github.com/QuantumNous/new-api/relay/channel/aws","Test":"TestDoAwsClientRequest_AppliesRuntimeHeaderOverrideToAnthropicBeta","Output":"=== CONT  TestDoAwsClientRequest_AppliesRuntimeHeaderOverrideToAnthropicBeta\n"}
{"Time":"2026-09-11T04:04:13.7468932+08:00","Action":"output","Package":"github.com/QuantumNous/new-api/relay/channel/aws","Test":"TestDoAwsClientRequest_AppliesRuntimeHeaderOverrideToAnthropicBeta","Output":"--- PASS: TestDoAwsClientRequest_AppliesRuntimeHeaderOverrideToAnthropicBeta (0.00s)\n"}
{"Time":"2026-09-11T04:04:13.7468932+08:00","Action":"pass","Package":"github.com/QuantumNous/new-api/relay/channel/aws","Test":"TestDoAwsClientRequest_AppliesRuntimeHeaderOverrideToAnthropicBeta","Elapsed":0}
{"Time":"2026-09-11T04:04:13.7468932+08:00","Action":"output","Package":"github.com/QuantumNous/new-api/relay/channel/aws","Output":"PASS\n"}
{"Time":"2026-09-11T04:04:13.7509641+08:00","Action":"output","Package":"github.com/QuantumNous/new-api/relay/channel/aws","Output":"ok  \tgithub.com/QuantumNous/new-api/relay/channel/aws\t0.588s\n"}
{"Time":"2026-09-11T04:04:13.7509641+08:00","Action":"pass","Package":"github.com/QuantumNous/new-api/relay/channel/aws","Elapsed":0.588}
