{"Time":"2026-09-11T02:47:42.2791462+08:00","Action":"start","Package":"github.com/QuantumNous/new-api/model"}
{"Time":"2026-09-11T02:47:42.8789864+08:00","Action":"run","Package":"github.com/QuantumNous/new-api/model","Test":"TestMigrateConsoleSettingAnnouncementsToBannersIsIdempotentAndPreservesSource"}
{"Time":"2026-09-11T02:47:42.8789864+08:00","Action":"output","Package":"github.com/QuantumNous/new-api/model","Test":"TestMigrateConsoleSettingAnnouncementsToBannersIsIdempotentAndPreservesSource","Output":"=== RUN   TestMigrateConsoleSettingAnnouncementsToBannersIsIdempotentAndPreservesSource\n"}
{"Time":"2026-09-11T02:47:42.928793+08:00","Action":"output","Package":"github.com/QuantumNous/new-api/model","Test":"TestMigrateConsoleSettingAnnouncementsToBannersIsIdempotentAndPreservesSource","Output":"\r\n"}
{"Time":"2026-09-11T02:47:42.9293037+08:00","Action":"output","Package":"github.com/QuantumNous/new-api/model","Test":"TestMigrateConsoleSettingAnnouncementsToBannersIsIdempotentAndPreservesSource","Output":"2026/09/11 02:47:42 \u001b[31;1mD:/10178/Projects/new-api-upstream-sync/model/banner_migration.go:30 \u001b[35;1mrecord not found\n"}
{"Time":"2026-09-11T02:47:42.9293037+08:00","Action":"output","Package":"github.com/QuantumNous/new-api/model","Test":"TestMigrateConsoleSettingAnnouncementsToBannersIsIdempotentAndPreservesSource","Output":"\u001b[0m\u001b[33m[0.000ms] \u001b[34;1m[rows:0]\u001b[0m SELECT * FROM `options` WHERE `options`.`key` = \"migration.banners_from_console_setting.announcements.v1\" ORDER BY `options`.`key` LIMIT 1\n"}
{"Time":"2026-09-11T02:47:42.9293037+08:00","Action":"output","Package":"github.com/QuantumNous/new-api/model","Test":"TestMigrateConsoleSettingAnnouncementsToBannersIsIdempotentAndPreservesSource","Output":"\r\n"}
{"Time":"2026-09-11T02:47:42.9293037+08:00","Action":"output","Package":"github.com/QuantumNous/new-api/model","Test":"TestMigrateConsoleSettingAnnouncementsToBannersIsIdempotentAndPreservesSource","Output":"2026/09/11 02:47:42 \u001b[31;1mD:/10178/Projects/new-api-upstream-sync/model/banner_migration.go:67 \u001b[35;1mrecord not found\n"}
{"Time":"2026-09-11T02:47:42.9293037+08:00","Action":"output","Package":"github.com/QuantumNous/new-api/model","Test":"TestMigrateConsoleSettingAnnouncementsToBannersIsIdempotentAndPreservesSource","Output":"\u001b[0m\u001b[33m[0.000ms] \u001b[34;1m[rows:0]\u001b[0m SELECT * FROM `banners` WHERE `banners`.`id` = 42 ORDER BY `banners`.`id` LIMIT 1\n"}
{"Time":"2026-09-11T02:47:42.9298192+08:00","Action":"output","Package":"github.com/QuantumNous/new-api/model","Test":"TestMigrateConsoleSettingAnnouncementsToBannersIsIdempotentAndPreservesSource","Output":"--- PASS: TestMigrateConsoleSettingAnnouncementsToBannersIsIdempotentAndPreservesSource (0.05s)\n"}
{"Time":"2026-09-11T02:47:42.9298192+08:00","Action":"pass","Package":"github.com/QuantumNous/new-api/model","Test":"TestMigrateConsoleSettingAnnouncementsToBannersIsIdempotentAndPreservesSource","Elapsed":0.05}
{"Time":"2026-09-11T02:47:42.9298192+08:00","Action":"run","Package":"github.com/QuantumNous/new-api/model","Test":"TestDatabaseUpgradePreservesDownstreamData"}
{"Time":"2026-09-11T02:47:42.9298192+08:00","Action":"output","Package":"github.com/QuantumNous/new-api/model","Test":"TestDatabaseUpgradePreservesDownstreamData","Output":"=== RUN   TestDatabaseUpgradePreservesDownstreamData\n"}
{"Time":"2026-09-11T02:47:42.9303308+08:00","Action":"output","Package":"github.com/QuantumNous/new-api/model","Test":"TestDatabaseUpgradePreservesDownstreamData","Output":"[SYS] 2026/09/11 - 02:47:42 | SQL_DSN not set, using SQLite as database \n"}
{"Time":"2026-09-11T02:47:42.9365865+08:00","Action":"output","Package":"github.com/QuantumNous/new-api/model","Test":"TestDatabaseUpgradePreservesDownstreamData","Output":"    database_upgrade_test.go:42: TEST_UPGRADE_DSN: 3.50.4\n"}
{"Time":"2026-09-11T02:47:42.9365865+08:00","Action":"output","Package":"github.com/QuantumNous/new-api/model","Test":"TestDatabaseUpgradePreservesDownstreamData","Output":"[SYS] 2026/09/11 - 02:47:42 | SQL_DSN not set, using SQLite as database \n"}
{"Time":"2026-09-11T02:47:42.9428232+08:00","Action":"output","Package":"github.com/QuantumNous/new-api/model","Test":"TestDatabaseUpgradePreservesDownstreamData","Output":"    database_upgrade_test.go:43: TEST_UPGRADE_LOG_DSN: 3.50.4\n"}
{"Time":"2026-09-11T02:47:43.2783802+08:00","Action":"run","Package":"github.com/QuantumNous/new-api/model","Test":"TestDatabaseUpgradePreservesDownstreamData/task_state_noop_keeps_only_a_valid_lease"}
{"Time":"2026-09-11T02:47:43.2783802+08:00","Action":"output","Package":"github.com/QuantumNous/new-api/model","Test":"TestDatabaseUpgradePreservesDownstreamData/task_state_noop_keeps_only_a_valid_lease","Output":"=== RUN   TestDatabaseUpgradePreservesDownstreamData/task_state_noop_keeps_only_a_valid_lease\n"}
{"Time":"2026-09-11T02:47:43.2840496+08:00","Action":"output","Package":"github.com/QuantumNous/new-api/model","Test":"TestDatabaseUpgradePreservesDownstreamData/task_state_noop_keeps_only_a_valid_lease","Output":"\r\n"}
{"Time":"2026-09-11T02:47:43.2840496+08:00","Action":"output","Package":"github.com/QuantumNous/new-api/model","Test":"TestDatabaseUpgradePreservesDownstreamData/task_state_noop_keeps_only_a_valid_lease","Output":"2026/09/11 02:47:43 \u001b[34;1mD:/10178/Projects/new-api-upstream-sync/model/database_upgrade_test.go:255\n"}
{"Time":"2026-09-11T02:47:43.2840496+08:00","Action":"output","Package":"github.com/QuantumNous/new-api/model","Test":"TestDatabaseUpgradePreservesDownstreamData/task_state_noop_keeps_only_a_valid_lease","Output":"\u001b[0m\u001b[35m[warn] \u001b[0mremoving callback `fixture:unchanged_task_state:result` from D:/10178/Projects/new-api-upstream-sync/model/database_upgrade_test.go:255\n"}
{"Time":"2026-09-11T02:47:43.2840496+08:00","Action":"output","Package":"github.com/QuantumNous/new-api/model","Test":"TestDatabaseUpgradePreservesDownstreamData/task_state_noop_keeps_only_a_valid_lease","Output":"\r\n"}
{"Time":"2026-09-11T02:47:43.2840496+08:00","Action":"output","Package":"github.com/QuantumNous/new-api/model","Test":"TestDatabaseUpgradePreservesDownstreamData/task_state_noop_keeps_only_a_valid_lease","Output":"2026/09/11 02:47:43 \u001b[34;1mD:/10178/Projects/new-api-upstream-sync/model/database_upgrade_test.go:247\n"}
{"Time":"2026-09-11T02:47:43.2840496+08:00","Action":"output","Package":"github.com/QuantumNous/new-api/model","Test":"TestDatabaseUpgradePreservesDownstreamData/task_state_noop_keeps_only_a_valid_lease","Output":"\u001b[0m\u001b[35m[warn] \u001b[0mremoving callback `fixture:unchanged_task_state` from D:/10178/Projects/new-api-upstream-sync/model/database_upgrade_test.go:247\n"}
{"Time":"2026-09-11T02:47:43.2861306+08:00","Action":"output","Package":"github.com/QuantumNous/new-api/model","Test":"TestDatabaseUpgradePreservesDownstreamData/task_state_noop_keeps_only_a_valid_lease","Output":"--- PASS: TestDatabaseUpgradePreservesDownstreamData/task_state_noop_keeps_only_a_valid_lease (0.01s)\n"}
{"Time":"2026-09-11T02:47:43.2861306+08:00","Action":"pass","Package":"github.com/QuantumNous/new-api/model","Test":"TestDatabaseUpgradePreservesDownstreamData/task_state_noop_keeps_only_a_valid_lease","Elapsed":0.01}
{"Time":"2026-09-11T02:47:43.2960379+08:00","Action":"output","Package":"github.com/QuantumNous/new-api/model","Test":"TestDatabaseUpgradePreservesDownstreamData","Output":"--- PASS: TestDatabaseUpgradePreservesDownstreamData (0.37s)\n"}
{"Time":"2026-09-11T02:47:43.2960379+08:00","Action":"pass","Package":"github.com/QuantumNous/new-api/model","Test":"TestDatabaseUpgradePreservesDownstreamData","Elapsed":0.37}
{"Time":"2026-09-11T02:47:43.2960379+08:00","Action":"run","Package":"github.com/QuantumNous/new-api/model","Test":"TestMigrateRetiredFrontendOptionsMigratesValidValuesIdempotently"}
{"Time":"2026-09-11T02:47:43.2960379+08:00","Action":"output","Package":"github.com/QuantumNous/new-api/model","Test":"TestMigrateRetiredFrontendOptionsMigratesValidValuesIdempotently","Output":"=== RUN   TestMigrateRetiredFrontendOptionsMigratesValidValuesIdempotently\n"}
{"Time":"2026-09-11T02:47:43.2965577+08:00","Action":"output","Package":"github.com/QuantumNous/new-api/model","Test":"TestMigrateRetiredFrontendOptionsMigratesValidValuesIdempotently","Output":"\r\n"}
{"Time":"2026-09-11T02:47:43.2965577+08:00","Action":"output","Package":"github.com/QuantumNous/new-api/model","Test":"TestMigrateRetiredFrontendOptionsMigratesValidValuesIdempotently","Output":"2026/09/11 02:47:43 \u001b[31;1mD:/10178/Projects/new-api-upstream-sync/model/frontend_option_migration.go:78 \u001b[35;1mrecord not found\n"}
{"Time":"2026-09-11T02:47:43.2965577+08:00","Action":"output","Package":"github.com/QuantumNous/new-api/model","Test":"TestMigrateRetiredFrontendOptionsMigratesValidValuesIdempotently","Output":"\u001b[0m\u001b[33m[0.000ms] \u001b[34;1m[rows:0]\u001b[0m SELECT * FROM `options` WHERE `options`.`key` = \"console_setting.api_info\" ORDER BY `options`.`key` LIMIT 1\n"}
{"Time":"2026-09-11T02:47:43.2965577+08:00","Action":"output","Package":"github.com/QuantumNous/new-api/model","Test":"TestMigrateRetiredFrontendOptionsMigratesValidValuesIdempotently","Output":"\r\n"}
{"Time":"2026-09-11T02:47:43.2965577+08:00","Action":"output","Package":"github.com/QuantumNous/new-api/model","Test":"TestMigrateRetiredFrontendOptionsMigratesValidValuesIdempotently","Output":"2026/09/11 02:47:43 \u001b[31;1mD:/10178/Projects/new-api-upstream-sync/model/frontend_option_migration.go:78 \u001b[35;1mrecord not found\n"}
{"Time":"2026-09-11T02:47:43.2965577+08:00","Action":"output","Package":"github.com/QuantumNous/new-api/model","Test":"TestMigrateRetiredFrontendOptionsMigratesValidValuesIdempotently","Output":"\u001b[0m\u001b[33m[0.000ms] \u001b[34;1m[rows:0]\u001b[0m SELECT * FROM `options` WHERE `options`.`key` = \"console_setting.announcements\" ORDER BY `options`.`key` LIMIT 1\n"}
{"Time":"2026-09-11T02:47:43.2965577+08:00","Action":"output","Package":"github.com/QuantumNous/new-api/model","Test":"TestMigrateRetiredFrontendOptionsMigratesValidValuesIdempotently","Output":"\r\n"}
{"Time":"2026-09-11T02:47:43.2965577+08:00","Action":"output","Package":"github.com/QuantumNous/new-api/model","Test":"TestMigrateRetiredFrontendOptionsMigratesValidValuesIdempotently","Output":"2026/09/11 02:47:43 \u001b[31;1mD:/10178/Projects/new-api-upstream-sync/model/frontend_option_migration.go:78 \u001b[35;1mrecord not found\n"}
{"Time":"2026-09-11T02:47:43.2965577+08:00","Action":"output","Package":"github.com/QuantumNous/new-api/model","Test":"TestMigrateRetiredFrontendOptionsMigratesValidValuesIdempotently","Output":"\u001b[0m\u001b[33m[0.000ms] \u001b[34;1m[rows:0]\u001b[0m SELECT * FROM `options` WHERE `options`.`key` = \"console_setting.faq\" ORDER BY `options`.`key` LIMIT 1\n"}
{"Time":"2026-09-11T02:47:43.2965577+08:00","Action":"output","Package":"github.com/QuantumNous/new-api/model","Test":"TestMigrateRetiredFrontendOptionsMigratesValidValuesIdempotently","Output":"\r\n"}
{"Time":"2026-09-11T02:47:43.2965577+08:00","Action":"output","Package":"github.com/QuantumNous/new-api/model","Test":"TestMigrateRetiredFrontendOptionsMigratesValidValuesIdempotently","Output":"2026/09/11 02:47:43 \u001b[31;1mD:/10178/Projects/new-api-upstream-sync/model/frontend_option_migration.go:191 \u001b[35;1mrecord not found\n"}
{"Time":"2026-09-11T02:47:43.2965577+08:00","Action":"output","Package":"github.com/QuantumNous/new-api/model","Test":"TestMigrateRetiredFrontendOptionsMigratesValidValuesIdempotently","Output":"\u001b[0m\u001b[33m[0.000ms] \u001b[34;1m[rows:0]\u001b[0m SELECT * FROM `options` WHERE `options`.`key` = \"console_setting.uptime_kuma_groups\" ORDER BY `options`.`key` LIMIT 1\n"}
{"Time":"2026-09-11T02:47:43.2970777+08:00","Action":"output","Package":"github.com/QuantumNous/new-api/model","Test":"TestMigrateRetiredFrontendOptionsMigratesValidValuesIdempotently","Output":"\r\n"}
{"Time":"2026-09-11T02:47:43.2970777+08:00","Action":"output","Package":"github.com/QuantumNous/new-api/model","Test":"TestMigrateRetiredFrontendOptionsMigratesValidValuesIdempotently","Output":"2026/09/11 02:47:43 \u001b[31;1mD:/10178/Projects/new-api-upstream-sync/model/frontend_option_migration_test.go:40 \u001b[35;1mrecord not found\n"}
{"Time":"2026-09-11T02:47:43.2970777+08:00","Action":"output","Package":"github.com/QuantumNous/new-api/model","Test":"TestMigrateRetiredFrontendOptionsMigratesValidValuesIdempotently","Output":"\u001b[0m\u001b[33m[0.000ms] \u001b[34;1m[rows:0]\u001b[0m SELECT * FROM `options` WHERE `options`.`key` = \"ApiInfo\" ORDER BY `options`.`key` LIMIT 1\n"}
{"Time":"2026-09-11T02:47:43.2970777+08:00","Action":"output","Package":"github.com/QuantumNous/new-api/model","Test":"TestMigrateRetiredFrontendOptionsMigratesValidValuesIdempotently","Output":"\r\n"}
{"Time":"2026-09-11T02:47:43.2970777+08:00","Action":"output","Package":"github.com/QuantumNous/new-api/model","Test":"TestMigrateRetiredFrontendOptionsMigratesValidValuesIdempotently","Output":"2026/09/11 02:47:43 \u001b[31;1mD:/10178/Projects/new-api-upstream-sync/model/frontend_option_migration_test.go:40 \u001b[35;1mrecord not found\n"}
{"Time":"2026-09-11T02:47:43.2970777+08:00","Action":"output","Package":"github.com/QuantumNous/new-api/model","Test":"TestMigrateRetiredFrontendOptionsMigratesValidValuesIdempotently","Output":"\u001b[0m\u001b[33m[0.000ms] \u001b[34;1m[rows:0]\u001b[0m SELECT * FROM `options` WHERE `options`.`key` = \"Announcements\" ORDER BY `options`.`key` LIMIT 1\n"}
{"Time":"2026-09-11T02:47:43.2970777+08:00","Action":"output","Package":"github.com/QuantumNous/new-api/model","Test":"TestMigrateRetiredFrontendOptionsMigratesValidValuesIdempotently","Output":"\r\n"}
{"Time":"2026-09-11T02:47:43.2970777+08:00","Action":"output","Package":"github.com/QuantumNous/new-api/model","Test":"TestMigrateRetiredFrontendOptionsMigratesValidValuesIdempotently","Output":"2026/09/11 02:47:43 \u001b[31;1mD:/10178/Projects/new-api-upstream-sync/model/frontend_option_migration_test.go:40 \u001b[35;1mrecord not found\n"}
{"Time":"2026-09-11T02:47:43.2970777+08:00","Action":"output","Package":"github.com/QuantumNous/new-api/model","Test":"TestMigrateRetiredFrontendOptionsMigratesValidValuesIdempotently","Output":"\u001b[0m\u001b[33m[0.000ms] \u001b[34;1m[rows:0]\u001b[0m SELECT * FROM `options` WHERE `options`.`key` = \"FAQ\" ORDER BY `options`.`key` LIMIT 1\n"}
{"Time":"2026-09-11T02:47:43.2970777+08:00","Action":"output","Package":"github.com/QuantumNous/new-api/model","Test":"TestMigrateRetiredFrontendOptionsMigratesValidValuesIdempotently","Output":"\r\n"}
{"Time":"2026-09-11T02:47:43.2970777+08:00","Action":"output","Package":"github.com/QuantumNous/new-api/model","Test":"TestMigrateRetiredFrontendOptionsMigratesValidValuesIdempotently","Output":"2026/09/11 02:47:43 \u001b[31;1mD:/10178/Projects/new-api-upstream-sync/model/frontend_option_migration_test.go:40 \u001b[35;1mrecord not found\n"}
{"Time":"2026-09-11T02:47:43.2970777+08:00","Action":"output","Package":"github.com/QuantumNous/new-api/model","Test":"TestMigrateRetiredFrontendOptionsMigratesValidValuesIdempotently","Output":"\u001b[0m\u001b[33m[0.000ms] \u001b[34;1m[rows:0]\u001b[0m SELECT * FROM `options` WHERE `options`.`key` = \"UptimeKumaUrl\" ORDER BY `options`.`key` LIMIT 1\n"}
{"Time":"2026-09-11T02:47:43.2970777+08:00","Action":"output","Package":"github.com/QuantumNous/new-api/model","Test":"TestMigrateRetiredFrontendOptionsMigratesValidValuesIdempotently","Output":"\r\n"}
{"Time":"2026-09-11T02:47:43.2970777+08:00","Action":"output","Package":"github.com/QuantumNous/new-api/model","Test":"TestMigrateRetiredFrontendOptionsMigratesValidValuesIdempotently","Output":"2026/09/11 02:47:43 \u001b[31;1mD:/10178/Projects/new-api-upstream-sync/model/frontend_option_migration_test.go:40 \u001b[35;1mrecord not found\n"}
{"Time":"2026-09-11T02:47:43.2970777+08:00","Action":"output","Package":"github.com/QuantumNous/new-api/model","Test":"TestMigrateRetiredFrontendOptionsMigratesValidValuesIdempotently","Output":"\u001b[0m\u001b[33m[0.000ms] \u001b[34;1m[rows:0]\u001b[0m SELECT * FROM `options` WHERE `options`.`key` = \"UptimeKumaSlug\" ORDER BY `options`.`key` LIMIT 1\n"}
{"Time":"2026-09-11T02:47:43.2970777+08:00","Action":"output","Package":"github.com/QuantumNous/new-api/model","Test":"TestMigrateRetiredFrontendOptionsMigratesValidValuesIdempotently","Output":"\r\n"}
{"Time":"2026-09-11T02:47:43.2970777+08:00","Action":"output","Package":"github.com/QuantumNous/new-api/model","Test":"TestMigrateRetiredFrontendOptionsMigratesValidValuesIdempotently","Output":"2026/09/11 02:47:43 \u001b[31;1mD:/10178/Projects/new-api-upstream-sync/model/frontend_option_migration.go:70 \u001b[35;1mrecord not found\n"}
{"Time":"2026-09-11T02:47:43.2970777+08:00","Action":"output","Package":"github.com/QuantumNous/new-api/model","Test":"TestMigrateRetiredFrontendOptionsMigratesValidValuesIdempotently","Output":"\u001b[0m\u001b[33m[0.000ms] \u001b[34;1m[rows:0]\u001b[0m SELECT * FROM `options` WHERE `options`.`key` = \"ApiInfo\" ORDER BY `options`.`key` LIMIT 1\n"}
{"Time":"2026-09-11T02:47:43.2970777+08:00","Action":"output","Package":"github.com/QuantumNous/new-api/model","Test":"TestMigrateRetiredFrontendOptionsMigratesValidValuesIdempotently","Output":"\r\n"}
{"Time":"2026-09-11T02:47:43.2970777+08:00","Action":"output","Package":"github.com/QuantumNous/new-api/model","Test":"TestMigrateRetiredFrontendOptionsMigratesValidValuesIdempotently","Output":"2026/09/11 02:47:43 \u001b[31;1mD:/10178/Projects/new-api-upstream-sync/model/frontend_option_migration.go:70 \u001b[35;1mrecord not found\n"}
{"Time":"2026-09-11T02:47:43.2970777+08:00","Action":"output","Package":"github.com/QuantumNous/new-api/model","Test":"TestMigrateRetiredFrontendOptionsMigratesValidValuesIdempotently","Output":"\u001b[0m\u001b[33m[0.000ms] \u001b[34;1m[rows:0]\u001b[0m SELECT * FROM `options` WHERE `options`.`key` = \"Announcements\" ORDER BY `options`.`key` LIMIT 1\n"}
{"Time":"2026-09-11T02:47:43.2970777+08:00","Action":"output","Package":"github.com/QuantumNous/new-api/model","Test":"TestMigrateRetiredFrontendOptionsMigratesValidValuesIdempotently","Output":"\r\n"}
{"Time":"2026-09-11T02:47:43.2970777+08:00","Action":"output","Package":"github.com/QuantumNous/new-api/model","Test":"TestMigrateRetiredFrontendOptionsMigratesValidValuesIdempotently","Output":"2026/09/11 02:47:43 \u001b[31;1mD:/10178/Projects/new-api-upstream-sync/model/frontend_option_migration.go:70 \u001b[35;1mrecord not found\n"}
{"Time":"2026-09-11T02:47:43.2970777+08:00","Action":"output","Package":"github.com/QuantumNous/new-api/model","Test":"TestMigrateRetiredFrontendOptionsMigratesValidValuesIdempotently","Output":"\u001b[0m\u001b[33m[0.000ms] \u001b[34;1m[rows:0]\u001b[0m SELECT * FROM `options` WHERE `options`.`key` = \"FAQ\" ORDER BY `options`.`key` LIMIT 1\n"}
{"Time":"2026-09-11T02:47:43.2970777+08:00","Action":"output","Package":"github.com/QuantumNous/new-api/model","Test":"TestMigrateRetiredFrontendOptionsMigratesValidValuesIdempotently","Output":"\r\n"}
{"Time":"2026-09-11T02:47:43.2970777+08:00","Action":"output","Package":"github.com/QuantumNous/new-api/model","Test":"TestMigrateRetiredFrontendOptionsMigratesValidValuesIdempotently","Output":"2026/09/11 02:47:43 \u001b[31;1mD:/10178/Projects/new-api-upstream-sync/model/frontend_option_migration.go:177 \u001b[35;1mrecord not found\n"}
{"Time":"2026-09-11T02:47:43.2970777+08:00","Action":"output","Package":"github.com/QuantumNous/new-api/model","Test":"TestMigrateRetiredFrontendOptionsMigratesValidValuesIdempotently","Output":"\u001b[0m\u001b[33m[0.000ms] \u001b[34;1m[rows:0]\u001b[0m SELECT * FROM `options` WHERE `options`.`key` = \"UptimeKumaUrl\" ORDER BY `options`.`key` LIMIT 1\n"}
{"Time":"2026-09-11T02:47:43.2970777+08:00","Action":"output","Package":"github.com/QuantumNous/new-api/model","Test":"TestMigrateRetiredFrontendOptionsMigratesValidValuesIdempotently","Output":"\r\n"}
{"Time":"2026-09-11T02:47:43.2970777+08:00","Action":"output","Package":"github.com/QuantumNous/new-api/model","Test":"TestMigrateRetiredFrontendOptionsMigratesValidValuesIdempotently","Output":"2026/09/11 02:47:43 \u001b[31;1mD:/10178/Projects/new-api-upstream-sync/model/frontend_option_migration.go:182 \u001b[35;1mrecord not found\n"}
{"Time":"2026-09-11T02:47:43.2970777+08:00","Action":"output","Package":"github.com/QuantumNous/new-api/model","Test":"TestMigrateRetiredFrontendOptionsMigratesValidValuesIdempotently","Output":"\u001b[0m\u001b[33m[0.000ms] \u001b[34;1m[rows:0]\u001b[0m SELECT * FROM `options` WHERE `options`.`key` = \"UptimeKumaSlug\" ORDER BY `options`.`key` LIMIT 1\n"}
{"Time":"2026-09-11T02:47:43.2970777+08:00","Action":"output","Package":"github.com/QuantumNous/new-api/model","Test":"TestMigrateRetiredFrontendOptionsMigratesValidValuesIdempotently","Output":"--- PASS: TestMigrateRetiredFrontendOptionsMigratesValidValuesIdempotently (0.00s)\n"}
{"Time":"2026-09-11T02:47:43.2970777+08:00","Action":"pass","Package":"github.com/QuantumNous/new-api/model","Test":"TestMigrateRetiredFrontendOptionsMigratesValidValuesIdempotently","Elapsed":0}
{"Time":"2026-09-11T02:47:43.2970777+08:00","Action":"run","Package":"github.com/QuantumNous/new-api/model","Test":"TestLegacyConsoleListMigrationCapsAPIInfoAndFAQ"}
{"Time":"2026-09-11T02:47:43.2970777+08:00","Action":"output","Package":"github.com/QuantumNous/new-api/model","Test":"TestLegacyConsoleListMigrationCapsAPIInfoAndFAQ","Output":"=== RUN   TestLegacyConsoleListMigrationCapsAPIInfoAndFAQ\n"}
{"Time":"2026-09-11T02:47:43.297604+08:00","Action":"output","Package":"github.com/QuantumNous/new-api/model","Test":"TestLegacyConsoleListMigrationCapsAPIInfoAndFAQ","Output":"--- PASS: TestLegacyConsoleListMigrationCapsAPIInfoAndFAQ (0.00s)\n"}
{"Time":"2026-09-11T02:47:43.297604+08:00","Action":"pass","Package":"github.com/QuantumNous/new-api/model","Test":"TestLegacyConsoleListMigrationCapsAPIInfoAndFAQ","Elapsed":0}
{"Time":"2026-09-11T02:47:43.297604+08:00","Action":"run","Package":"github.com/QuantumNous/new-api/model","Test":"TestMigrateRetiredFrontendOptionsPreservesMalformedValuesAndContinues"}
{"Time":"2026-09-11T02:47:43.297604+08:00","Action":"output","Package":"github.com/QuantumNous/new-api/model","Test":"TestMigrateRetiredFrontendOptionsPreservesMalformedValuesAndContinues","Output":"=== RUN   TestMigrateRetiredFrontendOptionsPreservesMalformedValuesAndContinues\n"}
{"Time":"2026-09-11T02:47:43.2981325+08:00","Action":"output","Package":"github.com/QuantumNous/new-api/model","Test":"TestMigrateRetiredFrontendOptionsPreservesMalformedValuesAndContinues","Output":"\r\n"}
{"Time":"2026-09-11T02:47:43.2981325+08:00","Action":"output","Package":"github.com/QuantumNous/new-api/model","Test":"TestMigrateRetiredFrontendOptionsPreservesMalformedValuesAndContinues","Output":"2026/09/11 02:47:43 \u001b[31;1mD:/10178/Projects/new-api-upstream-sync/model/frontend_option_migration.go:53 \u001b[35;1mrecord not found\n"}
{"Time":"2026-09-11T02:47:43.2981325+08:00","Action":"output","Package":"github.com/QuantumNous/new-api/model","Test":"TestMigrateRetiredFrontendOptionsPreservesMalformedValuesAndContinues","Output":"\u001b[0m\u001b[33m[0.000ms] \u001b[34;1m[rows:0]\u001b[0m SELECT * FROM `options` WHERE `options`.`key` = \"theme.frontend\" ORDER BY `options`.`key` LIMIT 1\n"}
{"Time":"2026-09-11T02:47:43.2981325+08:00","Action":"output","Package":"github.com/QuantumNous/new-api/model","Test":"TestMigrateRetiredFrontendOptionsPreservesMalformedValuesAndContinues","Output":"\r\n"}
{"Time":"2026-09-11T02:47:43.2981325+08:00","Action":"output","Package":"github.com/QuantumNous/new-api/model","Test":"TestMigrateRetiredFrontendOptionsPreservesMalformedValuesAndContinues","Output":"2026/09/11 02:47:43 \u001b[31;1mD:/10178/Projects/new-api-upstream-sync/model/frontend_option_migration.go:78 \u001b[35;1mrecord not found\n"}
{"Time":"2026-09-11T02:47:43.2981325+08:00","Action":"output","Package":"github.com/QuantumNous/new-api/model","Test":"TestMigrateRetiredFrontendOptionsPreservesMalformedValuesAndContinues","Output":"\u001b[0m\u001b[33m[0.000ms] \u001b[34;1m[rows:0]\u001b[0m SELECT * FROM `options` WHERE `options`.`key` = \"console_setting.api_info\" ORDER BY `options`.`key` LIMIT 1\n"}
{"Time":"2026-09-11T02:47:43.2981325+08:00","Action":"output","Package":"github.com/QuantumNous/new-api/model","Test":"TestMigrateRetiredFrontendOptionsPreservesMalformedValuesAndContinues","Output":"[SYS] 2026/09/11 - 02:47:43 | legacy option ApiInfo was not migrated: invalid character 'i' looking for beginning of object key string \n"}
{"Time":"2026-09-11T02:47:43.2981325+08:00","Action":"output","Package":"github.com/QuantumNous/new-api/model","Test":"TestMigrateRetiredFrontendOptionsPreservesMalformedValuesAndContinues","Output":"\r\n"}
{"Time":"2026-09-11T02:47:43.2981325+08:00","Action":"output","Package":"github.com/QuantumNous/new-api/model","Test":"TestMigrateRetiredFrontendOptionsPreservesMalformedValuesAndContinues","Output":"2026/09/11 02:47:43 \u001b[31;1mD:/10178/Projects/new-api-upstream-sync/model/frontend_option_migration.go:70 \u001b[35;1mrecord not found\n"}
{"Time":"2026-09-11T02:47:43.2981325+08:00","Action":"output","Package":"github.com/QuantumNous/new-api/model","Test":"TestMigrateRetiredFrontendOptionsPreservesMalformedValuesAndContinues","Output":"\u001b[0m\u001b[33m[0.000ms] \u001b[34;1m[rows:0]\u001b[0m SELECT * FROM `options` WHERE `options`.`key` = \"Announcements\" ORDER BY `options`.`key` LIMIT 1\n"}
{"Time":"2026-09-11T02:47:43.2981325+08:00","Action":"output","Package":"github.com/QuantumNous/new-api/model","Test":"TestMigrateRetiredFrontendOptionsPreservesMalformedValuesAndContinues","Output":"\r\n"}
{"Time":"2026-09-11T02:47:43.2981325+08:00","Action":"output","Package":"github.com/QuantumNous/new-api/model","Test":"TestMigrateRetiredFrontendOptionsPreservesMalformedValuesAndContinues","Output":"2026/09/11 02:47:43 \u001b[31;1mD:/10178/Projects/new-api-upstream-sync/model/frontend_option_migration.go:78 \u001b[35;1mrecord not found\n"}
{"Time":"2026-09-11T02:47:43.2981325+08:00","Action":"output","Package":"github.com/QuantumNous/new-api/model","Test":"TestMigrateRetiredFrontendOptionsPreservesMalformedValuesAndContinues","Output":"\u001b[0m\u001b[33m[0.000ms] \u001b[34;1m[rows:0]\u001b[0m SELECT * FROM `options` WHERE `options`.`key` = \"console_setting.faq\" ORDER BY `options`.`key` LIMIT 1\n"}
{"Time":"2026-09-11T02:47:43.2981325+08:00","Action":"output","Package":"github.com/QuantumNous/new-api/model","Test":"TestMigrateRetiredFrontendOptionsPreservesMalformedValuesAndContinues","Output":"\r\n"}
{"Time":"2026-09-11T02:47:43.2981325+08:00","Action":"output","Package":"github.com/QuantumNous/new-api/model","Test":"TestMigrateRetiredFrontendOptionsPreservesMalformedValuesAndContinues","Output":"2026/09/11 02:47:43 \u001b[31;1mD:/10178/Projects/new-api-upstream-sync/model/frontend_option_migration.go:182 \u001b[35;1mrecord not found\n"}
{"Time":"2026-09-11T02:47:43.2981325+08:00","Action":"output","Package":"github.com/QuantumNous/new-api/model","Test":"TestMigrateRetiredFrontendOptionsPreservesMalformedValuesAndContinues","Output":"\u001b[0m\u001b[33m[0.000ms] \u001b[34;1m[rows:0]\u001b[0m SELECT * FROM `options` WHERE `options`.`key` = \"UptimeKumaSlug\" ORDER BY `options`.`key` LIMIT 1\n"}
{"Time":"2026-09-11T02:47:43.2981325+08:00","Action":"output","Package":"github.com/QuantumNous/new-api/model","Test":"TestMigrateRetiredFrontendOptionsPreservesMalformedValuesAndContinues","Output":"\r\n"}
{"Time":"2026-09-11T02:47:43.2981325+08:00","Action":"output","Package":"github.com/QuantumNous/new-api/model","Test":"TestMigrateRetiredFrontendOptionsPreservesMalformedValuesAndContinues","Output":"2026/09/11 02:47:43 \u001b[31;1mD:/10178/Projects/new-api-upstream-sync/model/frontend_option_migration.go:191 \u001b[35;1mrecord not found\n"}
{"Time":"2026-09-11T02:47:43.2981325+08:00","Action":"output","Package":"github.com/QuantumNous/new-api/model","Test":"TestMigrateRetiredFrontendOptionsPreservesMalformedValuesAndContinues","Output":"\u001b[0m\u001b[33m[0.000ms] \u001b[34;1m[rows:0]\u001b[0m SELECT * FROM `options` WHERE `options`.`key` = \"console_setting.uptime_kuma_groups\" ORDER BY `options`.`key` LIMIT 1\n"}
{"Time":"2026-09-11T02:47:43.2981325+08:00","Action":"output","Package":"github.com/QuantumNous/new-api/model","Test":"TestMigrateRetiredFrontendOptionsPreservesMalformedValuesAndContinues","Output":"[SYS] 2026/09/11 - 02:47:43 | legacy Uptime Kuma options were not migrated: both URL and slug are required \n"}
{"Time":"2026-09-11T02:47:43.2981325+08:00","Action":"output","Package":"github.com/QuantumNous/new-api/model","Test":"TestMigrateRetiredFrontendOptionsPreservesMalformedValuesAndContinues","Output":"\r\n"}
{"Time":"2026-09-11T02:47:43.2981325+08:00","Action":"output","Package":"github.com/QuantumNous/new-api/model","Test":"TestMigrateRetiredFrontendOptionsPreservesMalformedValuesAndContinues","Output":"2026/09/11 02:47:43 \u001b[31;1mD:/10178/Projects/new-api-upstream-sync/model/frontend_option_migration_test.go:40 \u001b[35;1mrecord not found\n"}
{"Time":"2026-09-11T02:47:43.2981325+08:00","Action":"output","Package":"github.com/QuantumNous/new-api/model","Test":"TestMigrateRetiredFrontendOptionsPreservesMalformedValuesAndContinues","Output":"\u001b[0m\u001b[33m[0.000ms] \u001b[34;1m[rows:0]\u001b[0m SELECT * FROM `options` WHERE `options`.`key` = \"console_setting.api_info\" ORDER BY `options`.`key` LIMIT 1\n"}
{"Time":"2026-09-11T02:47:43.2981325+08:00","Action":"output","Package":"github.com/QuantumNous/new-api/model","Test":"TestMigrateRetiredFrontendOptionsPreservesMalformedValuesAndContinues","Output":"\r\n"}
{"Time":"2026-09-11T02:47:43.2981325+08:00","Action":"output","Package":"github.com/QuantumNous/new-api/model","Test":"TestMigrateRetiredFrontendOptionsPreservesMalformedValuesAndContinues","Output":"2026/09/11 02:47:43 \u001b[31;1mD:/10178/Projects/new-api-upstream-sync/model/frontend_option_migration_test.go:40 \u001b[35;1mrecord not found\n"}
{"Time":"2026-09-11T02:47:43.2981325+08:00","Action":"output","Package":"github.com/QuantumNous/new-api/model","Test":"TestMigrateRetiredFrontendOptionsPreservesMalformedValuesAndContinues","Output":"\u001b[0m\u001b[33m[0.000ms] \u001b[34;1m[rows:0]\u001b[0m SELECT * FROM `options` WHERE `options`.`key` = \"FAQ\" ORDER BY `options`.`key` LIMIT 1\n"}
{"Time":"2026-09-11T02:47:43.2981325+08:00","Action":"output","Package":"github.com/QuantumNous/new-api/model","Test":"TestMigrateRetiredFrontendOptionsPreservesMalformedValuesAndContinues","Output":"\r\n"}
{"Time":"2026-09-11T02:47:43.2981325+08:00","Action":"output","Package":"github.com/QuantumNous/new-api/model","Test":"TestMigrateRetiredFrontendOptionsPreservesMalformedValuesAndContinues","Output":"2026/09/11 02:47:43 \u001b[31;1mD:/10178/Projects/new-api-upstream-sync/model/frontend_option_migration_test.go:40 \u001b[35;1mrecord not found\n"}
{"Time":"2026-09-11T02:47:43.2981325+08:00","Action":"output","Package":"github.com/QuantumNous/new-api/model","Test":"TestMigrateRetiredFrontendOptionsPreservesMalformedValuesAndContinues","Output":"\u001b[0m\u001b[33m[0.000ms] \u001b[34;1m[rows:0]\u001b[0m SELECT * FROM `options` WHERE `options`.`key` = \"console_setting.uptime_kuma_groups\" ORDER BY `options`.`key` LIMIT 1\n"}
{"Time":"2026-09-11T02:47:43.2981325+08:00","Action":"output","Package":"github.com/QuantumNous/new-api/model","Test":"TestMigrateRetiredFrontendOptionsPreservesMalformedValuesAndContinues","Output":"--- PASS: TestMigrateRetiredFrontendOptionsPreservesMalformedValuesAndContinues (0.00s)\n"}
{"Time":"2026-09-11T02:47:43.2981325+08:00","Action":"pass","Package":"github.com/QuantumNous/new-api/model","Test":"TestMigrateRetiredFrontendOptionsPreservesMalformedValuesAndContinues","Elapsed":0}
{"Time":"2026-09-11T02:47:43.2981325+08:00","Action":"run","Package":"github.com/QuantumNous/new-api/model","Test":"TestMigrateRetiredFrontendOptionsPreservesMixedInvalidFAQ"}
{"Time":"2026-09-11T02:47:43.2981325+08:00","Action":"output","Package":"github.com/QuantumNous/new-api/model","Test":"TestMigrateRetiredFrontendOptionsPreservesMixedInvalidFAQ","Output":"=== RUN   TestMigrateRetiredFrontendOptionsPreservesMixedInvalidFAQ\n"}
{"Time":"2026-09-11T02:47:43.2986582+08:00","Action":"output","Package":"github.com/QuantumNous/new-api/model","Test":"TestMigrateRetiredFrontendOptionsPreservesMixedInvalidFAQ","Output":"\r\n"}
{"Time":"2026-09-11T02:47:43.2986582+08:00","Action":"output","Package":"github.com/QuantumNous/new-api/model","Test":"TestMigrateRetiredFrontendOptionsPreservesMixedInvalidFAQ","Output":"2026/09/11 02:47:43 \u001b[31;1mD:/10178/Projects/new-api-upstream-sync/model/frontend_option_migration.go:53 \u001b[35;1mrecord not found\n"}
{"Time":"2026-09-11T02:47:43.2986582+08:00","Action":"output","Package":"github.com/QuantumNous/new-api/model","Test":"TestMigrateRetiredFrontendOptionsPreservesMixedInvalidFAQ","Output":"\u001b[0m\u001b[33m[0.000ms] \u001b[34;1m[rows:0]\u001b[0m SELECT * FROM `options` WHERE `options`.`key` = \"theme.frontend\" ORDER BY `options`.`key` LIMIT 1\n"}
{"Time":"2026-09-11T02:47:43.2986582+08:00","Action":"output","Package":"github.com/QuantumNous/new-api/model","Test":"TestMigrateRetiredFrontendOptionsPreservesMixedInvalidFAQ","Output":"\r\n"}
{"Time":"2026-09-11T02:47:43.2986582+08:00","Action":"output","Package":"github.com/QuantumNous/new-api/model","Test":"TestMigrateRetiredFrontendOptionsPreservesMixedInvalidFAQ","Output":"2026/09/11 02:47:43 \u001b[31;1mD:/10178/Projects/new-api-upstream-sync/model/frontend_option_migration.go:70 \u001b[35;1mrecord not found\n"}
{"Time":"2026-09-11T02:47:43.2986582+08:00","Action":"output","Package":"github.com/QuantumNous/new-api/model","Test":"TestMigrateRetiredFrontendOptionsPreservesMixedInvalidFAQ","Output":"\u001b[0m\u001b[33m[0.000ms] \u001b[34;1m[rows:0]\u001b[0m SELECT * FROM `options` WHERE `options`.`key` = \"ApiInfo\" ORDER BY `options`.`key` LIMIT 1\n"}
{"Time":"2026-09-11T02:47:43.2986582+08:00","Action":"output","Package":"github.com/QuantumNous/new-api/model","Test":"TestMigrateRetiredFrontendOptionsPreservesMixedInvalidFAQ","Output":"\r\n"}
{"Time":"2026-09-11T02:47:43.2986582+08:00","Action":"output","Package":"github.com/QuantumNous/new-api/model","Test":"TestMigrateRetiredFrontendOptionsPreservesMixedInvalidFAQ","Output":"2026/09/11 02:47:43 \u001b[31;1mD:/10178/Projects/new-api-upstream-sync/model/frontend_option_migration.go:70 \u001b[35;1mrecord not found\n"}
{"Time":"2026-09-11T02:47:43.2986582+08:00","Action":"output","Package":"github.com/QuantumNous/new-api/model","Test":"TestMigrateRetiredFrontendOptionsPreservesMixedInvalidFAQ","Output":"\u001b[0m\u001b[33m[0.000ms] \u001b[34;1m[rows:0]\u001b[0m SELECT * FROM `options` WHERE `options`.`key` = \"Announcements\" ORDER BY `options`.`key` LIMIT 1\n"}
{"Time":"2026-09-11T02:47:43.2986582+08:00","Action":"output","Package":"github.com/QuantumNous/new-api/model","Test":"TestMigrateRetiredFrontendOptionsPreservesMixedInvalidFAQ","Output":"\r\n"}
{"Time":"2026-09-11T02:47:43.2986582+08:00","Action":"output","Package":"github.com/QuantumNous/new-api/model","Test":"TestMigrateRetiredFrontendOptionsPreservesMixedInvalidFAQ","Output":"2026/09/11 02:47:43 \u001b[31;1mD:/10178/Projects/new-api-upstream-sync/model/frontend_option_migration.go:78 \u001b[35;1mrecord not found\n"}
{"Time":"2026-09-11T02:47:43.2986582+08:00","Action":"output","Package":"github.com/QuantumNous/new-api/model","Test":"TestMigrateRetiredFrontendOptionsPreservesMixedInvalidFAQ","Output":"\u001b[0m\u001b[33m[0.000ms] \u001b[34;1m[rows:0]\u001b[0m SELECT * FROM `options` WHERE `options`.`key` = \"console_setting.faq\" ORDER BY `options`.`key` LIMIT 1\n"}
{"Time":"2026-09-11T02:47:43.2986582+08:00","Action":"output","Package":"github.com/QuantumNous/new-api/model","Test":"TestMigrateRetiredFrontendOptionsPreservesMixedInvalidFAQ","Output":"[SYS] 2026/09/11 - 02:47:43 | legacy option FAQ was not migrated: FAQ entry 1 is missing a question or answer \n"}
{"Time":"2026-09-11T02:47:43.2986582+08:00","Action":"output","Package":"github.com/QuantumNous/new-api/model","Test":"TestMigrateRetiredFrontendOptionsPreservesMixedInvalidFAQ","Output":"\r\n"}
{"Time":"2026-09-11T02:47:43.2986582+08:00","Action":"output","Package":"github.com/QuantumNous/new-api/model","Test":"TestMigrateRetiredFrontendOptionsPreservesMixedInvalidFAQ","Output":"2026/09/11 02:47:43 \u001b[31;1mD:/10178/Projects/new-api-upstream-sync/model/frontend_option_migration.go:177 \u001b[35;1mrecord not found\n"}
{"Time":"2026-09-11T02:47:43.2986582+08:00","Action":"output","Package":"github.com/QuantumNous/new-api/model","Test":"TestMigrateRetiredFrontendOptionsPreservesMixedInvalidFAQ","Output":"\u001b[0m\u001b[33m[0.000ms] \u001b[34;1m[rows:0]\u001b[0m SELECT * FROM `options` WHERE `options`.`key` = \"UptimeKumaUrl\" ORDER BY `options`.`key` LIMIT 1\n"}
{"Time":"2026-09-11T02:47:43.2986582+08:00","Action":"output","Package":"github.com/QuantumNous/new-api/model","Test":"TestMigrateRetiredFrontendOptionsPreservesMixedInvalidFAQ","Output":"\r\n"}
{"Time":"2026-09-11T02:47:43.2986582+08:00","Action":"output","Package":"github.com/QuantumNous/new-api/model","Test":"TestMigrateRetiredFrontendOptionsPreservesMixedInvalidFAQ","Output":"2026/09/11 02:47:43 \u001b[31;1mD:/10178/Projects/new-api-upstream-sync/model/frontend_option_migration.go:182 \u001b[35;1mrecord not found\n"}
{"Time":"2026-09-11T02:47:43.2986582+08:00","Action":"output","Package":"github.com/QuantumNous/new-api/model","Test":"TestMigrateRetiredFrontendOptionsPreservesMixedInvalidFAQ","Output":"\u001b[0m\u001b[33m[0.000ms] \u001b[34;1m[rows:0]\u001b[0m SELECT * FROM `options` WHERE `options`.`key` = \"UptimeKumaSlug\" ORDER BY `options`.`key` LIMIT 1\n"}
{"Time":"2026-09-11T02:47:43.2986582+08:00","Action":"output","Package":"github.com/QuantumNous/new-api/model","Test":"TestMigrateRetiredFrontendOptionsPreservesMixedInvalidFAQ","Output":"\r\n"}
{"Time":"2026-09-11T02:47:43.2986582+08:00","Action":"output","Package":"github.com/QuantumNous/new-api/model","Test":"TestMigrateRetiredFrontendOptionsPreservesMixedInvalidFAQ","Output":"2026/09/11 02:47:43 \u001b[31;1mD:/10178/Projects/new-api-upstream-sync/model/frontend_option_migration_test.go:40 \u001b[35;1mrecord not found\n"}
{"Time":"2026-09-11T02:47:43.2986582+08:00","Action":"output","Package":"github.com/QuantumNous/new-api/model","Test":"TestMigrateRetiredFrontendOptionsPreservesMixedInvalidFAQ","Output":"\u001b[0m\u001b[33m[0.000ms] \u001b[34;1m[rows:0]\u001b[0m SELECT * FROM `options` WHERE `options`.`key` = \"console_setting.faq\" ORDER BY `options`.`key` LIMIT 1\n"}
{"Time":"2026-09-11T02:47:43.2986582+08:00","Action":"output","Package":"github.com/QuantumNous/new-api/model","Test":"TestMigrateRetiredFrontendOptionsPreservesMixedInvalidFAQ","Output":"--- PASS: TestMigrateRetiredFrontendOptionsPreservesMixedInvalidFAQ (0.00s)\n"}
{"Time":"2026-09-11T02:47:43.2986582+08:00","Action":"pass","Package":"github.com/QuantumNous/new-api/model","Test":"TestMigrateRetiredFrontendOptionsPreservesMixedInvalidFAQ","Elapsed":0}
{"Time":"2026-09-11T02:47:43.2986582+08:00","Action":"run","Package":"github.com/QuantumNous/new-api/model","Test":"TestMigrateRetiredFrontendOptionsKeepsAuthoritativeTargets"}
{"Time":"2026-09-11T02:47:43.2986582+08:00","Action":"output","Package":"github.com/QuantumNous/new-api/model","Test":"TestMigrateRetiredFrontendOptionsKeepsAuthoritativeTargets","Output":"=== RUN   TestMigrateRetiredFrontendOptionsKeepsAuthoritativeTargets\n"}
{"Time":"2026-09-11T02:47:43.2991844+08:00","Action":"output","Package":"github.com/QuantumNous/new-api/model","Test":"TestMigrateRetiredFrontendOptionsKeepsAuthoritativeTargets","Output":"\r\n"}
{"Time":"2026-09-11T02:47:43.2991844+08:00","Action":"output","Package":"github.com/QuantumNous/new-api/model","Test":"TestMigrateRetiredFrontendOptionsKeepsAuthoritativeTargets","Output":"2026/09/11 02:47:43 \u001b[31;1mD:/10178/Projects/new-api-upstream-sync/model/frontend_option_migration.go:53 \u001b[35;1mrecord not found\n"}
{"Time":"2026-09-11T02:47:43.2991844+08:00","Action":"output","Package":"github.com/QuantumNous/new-api/model","Test":"TestMigrateRetiredFrontendOptionsKeepsAuthoritativeTargets","Output":"\u001b[0m\u001b[33m[0.000ms] \u001b[34;1m[rows:0]\u001b[0m SELECT * FROM `options` WHERE `options`.`key` = \"theme.frontend\" ORDER BY `options`.`key` LIMIT 1\n"}
{"Time":"2026-09-11T02:47:43.2991844+08:00","Action":"output","Package":"github.com/QuantumNous/new-api/model","Test":"TestMigrateRetiredFrontendOptionsKeepsAuthoritativeTargets","Output":"\r\n"}
{"Time":"2026-09-11T02:47:43.2991844+08:00","Action":"output","Package":"github.com/QuantumNous/new-api/model","Test":"TestMigrateRetiredFrontendOptionsKeepsAuthoritativeTargets","Output":"2026/09/11 02:47:43 \u001b[31;1mD:/10178/Projects/new-api-upstream-sync/model/frontend_option_migration.go:70 \u001b[35;1mrecord not found\n"}
{"Time":"2026-09-11T02:47:43.2991844+08:00","Action":"output","Package":"github.com/QuantumNous/new-api/model","Test":"TestMigrateRetiredFrontendOptionsKeepsAuthoritativeTargets","Output":"\u001b[0m\u001b[33m[0.000ms] \u001b[34;1m[rows:0]\u001b[0m SELECT * FROM `options` WHERE `options`.`key` = \"Announcements\" ORDER BY `options`.`key` LIMIT 1\n"}
{"Time":"2026-09-11T02:47:43.2991844+08:00","Action":"output","Package":"github.com/QuantumNous/new-api/model","Test":"TestMigrateRetiredFrontendOptionsKeepsAuthoritativeTargets","Output":"\r\n"}
{"Time":"2026-09-11T02:47:43.2991844+08:00","Action":"output","Package":"github.com/QuantumNous/new-api/model","Test":"TestMigrateRetiredFrontendOptionsKeepsAuthoritativeTargets","Output":"2026/09/11 02:47:43 \u001b[31;1mD:/10178/Projects/new-api-upstream-sync/model/frontend_option_migration.go:70 \u001b[35;1mrecord not found\n"}
{"Time":"2026-09-11T02:47:43.2991844+08:00","Action":"output","Package":"github.com/QuantumNous/new-api/model","Test":"TestMigrateRetiredFrontendOptionsKeepsAuthoritativeTargets","Output":"\u001b[0m\u001b[33m[0.000ms] \u001b[34;1m[rows:0]\u001b[0m SELECT * FROM `options` WHERE `options`.`key` = \"FAQ\" ORDER BY `options`.`key` LIMIT 1\n"}
{"Time":"2026-09-11T02:47:43.2991844+08:00","Action":"output","Package":"github.com/QuantumNous/new-api/model","Test":"TestMigrateRetiredFrontendOptionsKeepsAuthoritativeTargets","Output":"\r\n"}
{"Time":"2026-09-11T02:47:43.2991844+08:00","Action":"output","Package":"github.com/QuantumNous/new-api/model","Test":"TestMigrateRetiredFrontendOptionsKeepsAuthoritativeTargets","Output":"2026/09/11 02:47:43 \u001b[31;1mD:/10178/Projects/new-api-upstream-sync/model/frontend_option_migration_test.go:40 \u001b[35;1mrecord not found\n"}
{"Time":"2026-09-11T02:47:43.2991844+08:00","Action":"output","Package":"github.com/QuantumNous/new-api/model","Test":"TestMigrateRetiredFrontendOptionsKeepsAuthoritativeTargets","Output":"\u001b[0m\u001b[33m[0.000ms] \u001b[34;1m[rows:0]\u001b[0m SELECT * FROM `options` WHERE `options`.`key` = \"ApiInfo\" ORDER BY `options`.`key` LIMIT 1\n"}
{"Time":"2026-09-11T02:47:43.2991844+08:00","Action":"output","Package":"github.com/QuantumNous/new-api/model","Test":"TestMigrateRetiredFrontendOptionsKeepsAuthoritativeTargets","Output":"\r\n"}
{"Time":"2026-09-11T02:47:43.2991844+08:00","Action":"output","Package":"github.com/QuantumNous/new-api/model","Test":"TestMigrateRetiredFrontendOptionsKeepsAuthoritativeTargets","Output":"2026/09/11 02:47:43 \u001b[31;1mD:/10178/Projects/new-api-upstream-sync/model/frontend_option_migration_test.go:40 \u001b[35;1mrecord not found\n"}
{"Time":"2026-09-11T02:47:43.2991844+08:00","Action":"output","Package":"github.com/QuantumNous/new-api/model","Test":"TestMigrateRetiredFrontendOptionsKeepsAuthoritativeTargets","Output":"\u001b[0m\u001b[33m[0.000ms] \u001b[34;1m[rows:0]\u001b[0m SELECT * FROM `options` WHERE `options`.`key` = \"UptimeKumaUrl\" ORDER BY `options`.`key` LIMIT 1\n"}
{"Time":"2026-09-11T02:47:43.2991844+08:00","Action":"output","Package":"github.com/QuantumNous/new-api/model","Test":"TestMigrateRetiredFrontendOptionsKeepsAuthoritativeTargets","Output":"\r\n"}
{"Time":"2026-09-11T02:47:43.2991844+08:00","Action":"output","Package":"github.com/QuantumNous/new-api/model","Test":"TestMigrateRetiredFrontendOptionsKeepsAuthoritativeTargets","Output":"2026/09/11 02:47:43 \u001b[31;1mD:/10178/Projects/new-api-upstream-sync/model/frontend_option_migration_test.go:40 \u001b[35;1mrecord not found\n"}
{"Time":"2026-09-11T02:47:43.2991844+08:00","Action":"output","Package":"github.com/QuantumNous/new-api/model","Test":"TestMigrateRetiredFrontendOptionsKeepsAuthoritativeTargets","Output":"\u001b[0m\u001b[33m[0.000ms] \u001b[34;1m[rows:0]\u001b[0m SELECT * FROM `options` WHERE `options`.`key` = \"UptimeKumaSlug\" ORDER BY `options`.`key` LIMIT 1\n"}
{"Time":"2026-09-11T02:47:43.2991844+08:00","Action":"output","Package":"github.com/QuantumNous/new-api/model","Test":"TestMigrateRetiredFrontendOptionsKeepsAuthoritativeTargets","Output":"--- PASS: TestMigrateRetiredFrontendOptionsKeepsAuthoritativeTargets (0.00s)\n"}
{"Time":"2026-09-11T02:47:43.2991844+08:00","Action":"pass","Package":"github.com/QuantumNous/new-api/model","Test":"TestMigrateRetiredFrontendOptionsKeepsAuthoritativeTargets","Elapsed":0}
{"Time":"2026-09-11T02:47:43.299704+08:00","Action":"run","Package":"github.com/QuantumNous/new-api/model","Test":"TestMigrateRetiredFrontendOptionsKeepsEmptyAuthoritativeTargets"}
{"Time":"2026-09-11T02:47:43.299704+08:00","Action":"output","Package":"github.com/QuantumNous/new-api/model","Test":"TestMigrateRetiredFrontendOptionsKeepsEmptyAuthoritativeTargets","Output":"=== RUN   TestMigrateRetiredFrontendOptionsKeepsEmptyAuthoritativeTargets\n"}
{"Time":"2026-09-11T02:47:43.299704+08:00","Action":"output","Package":"github.com/QuantumNous/new-api/model","Test":"TestMigrateRetiredFrontendOptionsKeepsEmptyAuthoritativeTargets","Output":"\r\n"}
{"Time":"2026-09-11T02:47:43.299704+08:00","Action":"output","Package":"github.com/QuantumNous/new-api/model","Test":"TestMigrateRetiredFrontendOptionsKeepsEmptyAuthoritativeTargets","Output":"2026/09/11 02:47:43 \u001b[31;1mD:/10178/Projects/new-api-upstream-sync/model/frontend_option_migration.go:53 \u001b[35;1mrecord not found\n"}
{"Time":"2026-09-11T02:47:43.299704+08:00","Action":"output","Package":"github.com/QuantumNous/new-api/model","Test":"TestMigrateRetiredFrontendOptionsKeepsEmptyAuthoritativeTargets","Output":"\u001b[0m\u001b[33m[0.000ms] \u001b[34;1m[rows:0]\u001b[0m SELECT * FROM `options` WHERE `options`.`key` = \"theme.frontend\" ORDER BY `options`.`key` LIMIT 1\n"}
{"Time":"2026-09-11T02:47:43.299704+08:00","Action":"output","Package":"github.com/QuantumNous/new-api/model","Test":"TestMigrateRetiredFrontendOptionsKeepsEmptyAuthoritativeTargets","Output":"\r\n"}
{"Time":"2026-09-11T02:47:43.299704+08:00","Action":"output","Package":"github.com/QuantumNous/new-api/model","Test":"TestMigrateRetiredFrontendOptionsKeepsEmptyAuthoritativeTargets","Output":"2026/09/11 02:47:43 \u001b[31;1mD:/10178/Projects/new-api-upstream-sync/model/frontend_option_migration.go:70 \u001b[35;1mrecord not found\n"}
{"Time":"2026-09-11T02:47:43.299704+08:00","Action":"output","Package":"github.com/QuantumNous/new-api/model","Test":"TestMigrateRetiredFrontendOptionsKeepsEmptyAuthoritativeTargets","Output":"\u001b[0m\u001b[33m[0.000ms] \u001b[34;1m[rows:0]\u001b[0m SELECT * FROM `options` WHERE `options`.`key` = \"Announcements\" ORDER BY `options`.`key` LIMIT 1\n"}
{"Time":"2026-09-11T02:47:43.299704+08:00","Action":"output","Package":"github.com/QuantumNous/new-api/model","Test":"TestMigrateRetiredFrontendOptionsKeepsEmptyAuthoritativeTargets","Output":"\r\n"}
{"Time":"2026-09-11T02:47:43.299704+08:00","Action":"output","Package":"github.com/QuantumNous/new-api/model","Test":"TestMigrateRetiredFrontendOptionsKeepsEmptyAuthoritativeTargets","Output":"2026/09/11 02:47:43 \u001b[31;1mD:/10178/Projects/new-api-upstream-sync/model/frontend_option_migration.go:70 \u001b[35;1mrecord not found\n"}
{"Time":"2026-09-11T02:47:43.299704+08:00","Action":"output","Package":"github.com/QuantumNous/new-api/model","Test":"TestMigrateRetiredFrontendOptionsKeepsEmptyAuthoritativeTargets","Output":"\u001b[0m\u001b[33m[0.000ms] \u001b[34;1m[rows:0]\u001b[0m SELECT * FROM `options` WHERE `options`.`key` = \"FAQ\" ORDER BY `options`.`key` LIMIT 1\n"}
{"Time":"2026-09-11T02:47:43.299704+08:00","Action":"output","Package":"github.com/QuantumNous/new-api/model","Test":"TestMigrateRetiredFrontendOptionsKeepsEmptyAuthoritativeTargets","Output":"\r\n"}
{"Time":"2026-09-11T02:47:43.299704+08:00","Action":"output","Package":"github.com/QuantumNous/new-api/model","Test":"TestMigrateRetiredFrontendOptionsKeepsEmptyAuthoritativeTargets","Output":"2026/09/11 02:47:43 \u001b[31;1mD:/10178/Projects/new-api-upstream-sync/model/frontend_option_migration_test.go:40 \u001b[35;1mrecord not found\n"}
{"Time":"2026-09-11T02:47:43.299704+08:00","Action":"output","Package":"github.com/QuantumNous/new-api/model","Test":"TestMigrateRetiredFrontendOptionsKeepsEmptyAuthoritativeTargets","Output":"\u001b[0m\u001b[33m[0.000ms] \u001b[34;1m[rows:0]\u001b[0m SELECT * FROM `options` WHERE `options`.`key` = \"ApiInfo\" ORDER BY `options`.`key` LIMIT 1\n"}
{"Time":"2026-09-11T02:47:43.299704+08:00","Action":"output","Package":"github.com/QuantumNous/new-api/model","Test":"TestMigrateRetiredFrontendOptionsKeepsEmptyAuthoritativeTargets","Output":"\r\n"}
{"Time":"2026-09-11T02:47:43.299704+08:00","Action":"output","Package":"github.com/QuantumNous/new-api/model","Test":"TestMigrateRetiredFrontendOptionsKeepsEmptyAuthoritativeTargets","Output":"2026/09/11 02:47:43 \u001b[31;1mD:/10178/Projects/new-api-upstream-sync/model/frontend_option_migration_test.go:40 \u001b[35;1mrecord not found\n"}
{"Time":"2026-09-11T02:47:43.299704+08:00","Action":"output","Package":"github.com/QuantumNous/new-api/model","Test":"TestMigrateRetiredFrontendOptionsKeepsEmptyAuthoritativeTargets","Output":"\u001b[0m\u001b[33m[0.000ms] \u001b[34;1m[rows:0]\u001b[0m SELECT * FROM `options` WHERE `options`.`key` = \"UptimeKumaUrl\" ORDER BY `options`.`key` LIMIT 1\n"}
{"Time":"2026-09-11T02:47:43.299704+08:00","Action":"output","Package":"github.com/QuantumNous/new-api/model","Test":"TestMigrateRetiredFrontendOptionsKeepsEmptyAuthoritativeTargets","Output":"\r\n"}
{"Time":"2026-09-11T02:47:43.299704+08:00","Action":"output","Package":"github.com/QuantumNous/new-api/model","Test":"TestMigrateRetiredFrontendOptionsKeepsEmptyAuthoritativeTargets","Output":"2026/09/11 02:47:43 \u001b[31;1mD:/10178/Projects/new-api-upstream-sync/model/frontend_option_migration_test.go:40 \u001b[35;1mrecord not found\n"}
{"Time":"2026-09-11T02:47:43.299704+08:00","Action":"output","Package":"github.com/QuantumNous/new-api/model","Test":"TestMigrateRetiredFrontendOptionsKeepsEmptyAuthoritativeTargets","Output":"\u001b[0m\u001b[33m[0.000ms] \u001b[34;1m[rows:0]\u001b[0m SELECT * FROM `options` WHERE `options`.`key` = \"UptimeKumaSlug\" ORDER BY `options`.`key` LIMIT 1\n"}
{"Time":"2026-09-11T02:47:43.299704+08:00","Action":"output","Package":"github.com/QuantumNous/new-api/model","Test":"TestMigrateRetiredFrontendOptionsKeepsEmptyAuthoritativeTargets","Output":"--- PASS: TestMigrateRetiredFrontendOptionsKeepsEmptyAuthoritativeTargets (0.00s)\n"}
{"Time":"2026-09-11T02:47:43.299704+08:00","Action":"pass","Package":"github.com/QuantumNous/new-api/model","Test":"TestMigrateRetiredFrontendOptionsKeepsEmptyAuthoritativeTargets","Elapsed":0}
{"Time":"2026-09-11T02:47:43.299704+08:00","Action":"run","Package":"github.com/QuantumNous/new-api/model","Test":"TestJSONColumnValuersReturnString"}
{"Time":"2026-09-11T02:47:43.299704+08:00","Action":"output","Package":"github.com/QuantumNous/new-api/model","Test":"TestJSONColumnValuersReturnString","Output":"=== RUN   TestJSONColumnValuersReturnString\n"}
{"Time":"2026-09-11T02:47:43.299704+08:00","Action":"run","Package":"github.com/QuantumNous/new-api/model","Test":"TestJSONColumnValuersReturnString/ChannelInfo"}
{"Time":"2026-09-11T02:47:43.299704+08:00","Action":"output","Package":"github.com/QuantumNous/new-api/model","Test":"TestJSONColumnValuersReturnString/ChannelInfo","Output":"=== RUN   TestJSONColumnValuersReturnString/ChannelInfo\n"}
{"Time":"2026-09-11T02:47:43.299704+08:00","Action":"output","Package":"github.com/QuantumNous/new-api/model","Test":"TestJSONColumnValuersReturnString/ChannelInfo","Output":"--- PASS: TestJSONColumnValuersReturnString/ChannelInfo (0.00s)\n"}
{"Time":"2026-09-11T02:47:43.299704+08:00","Action":"pass","Package":"github.com/QuantumNous/new-api/model","Test":"TestJSONColumnValuersReturnString/ChannelInfo","Elapsed":0}
{"Time":"2026-09-11T02:47:43.299704+08:00","Action":"run","Package":"github.com/QuantumNous/new-api/model","Test":"TestJSONColumnValuersReturnString/Properties"}
{"Time":"2026-09-11T02:47:43.299704+08:00","Action":"output","Package":"github.com/QuantumNous/new-api/model","Test":"TestJSONColumnValuersReturnString/Properties","Output":"=== RUN   TestJSONColumnValuersReturnString/Properties\n"}
{"Time":"2026-09-11T02:47:43.3002295+08:00","Action":"output","Package":"github.com/QuantumNous/new-api/model","Test":"TestJSONColumnValuersReturnString/Properties","Output":"--- PASS: TestJSONColumnValuersReturnString/Properties (0.00s)\n"}
{"Time":"2026-09-11T02:47:43.3002295+08:00","Action":"pass","Package":"github.com/QuantumNous/new-api/model","Test":"TestJSONColumnValuersReturnString/Properties","Elapsed":0}
{"Time":"2026-09-11T02:47:43.3002295+08:00","Action":"run","Package":"github.com/QuantumNous/new-api/model","Test":"TestJSONColumnValuersReturnString/TaskPrivateData"}
{"Time":"2026-09-11T02:47:43.3002295+08:00","Action":"output","Package":"github.com/QuantumNous/new-api/model","Test":"TestJSONColumnValuersReturnString/TaskPrivateData","Output":"=== RUN   TestJSONColumnValuersReturnString/TaskPrivateData\n"}
{"Time":"2026-09-11T02:47:43.3002295+08:00","Action":"output","Package":"github.com/QuantumNous/new-api/model","Test":"TestJSONColumnValuersReturnString/TaskPrivateData","Output":"--- PASS: TestJSONColumnValuersReturnString/TaskPrivateData (0.00s)\n"}
{"Time":"2026-09-11T02:47:43.3002295+08:00","Action":"pass","Package":"github.com/QuantumNous/new-api/model","Test":"TestJSONColumnValuersReturnString/TaskPrivateData","Elapsed":0}
{"Time":"2026-09-11T02:47:43.3002295+08:00","Action":"run","Package":"github.com/QuantumNous/new-api/model","Test":"TestJSONColumnValuersReturnString/JSONValue"}
{"Time":"2026-09-11T02:47:43.3002295+08:00","Action":"output","Package":"github.com/QuantumNous/new-api/model","Test":"TestJSONColumnValuersReturnString/JSONValue","Output":"=== RUN   TestJSONColumnValuersReturnString/JSONValue\n"}
{"Time":"2026-09-11T02:47:43.3002295+08:00","Action":"output","Package":"github.com/QuantumNous/new-api/model","Test":"TestJSONColumnValuersReturnString/JSONValue","Output":"--- PASS: TestJSONColumnValuersReturnString/JSONValue (0.00s)\n"}
{"Time":"2026-09-11T02:47:43.3002295+08:00","Action":"pass","Package":"github.com/QuantumNous/new-api/model","Test":"TestJSONColumnValuersReturnString/JSONValue","Elapsed":0}
{"Time":"2026-09-11T02:47:43.3002295+08:00","Action":"output","Package":"github.com/QuantumNous/new-api/model","Test":"TestJSONColumnValuersReturnString","Output":"--- PASS: TestJSONColumnValuersReturnString (0.00s)\n"}
{"Time":"2026-09-11T02:47:43.3002295+08:00","Action":"pass","Package":"github.com/QuantumNous/new-api/model","Test":"TestJSONColumnValuersReturnString","Elapsed":0}
{"Time":"2026-09-11T02:47:43.3002295+08:00","Action":"run","Package":"github.com/QuantumNous/new-api/model","Test":"TestJSONColumnValuersZeroValueIsNil"}
{"Time":"2026-09-11T02:47:43.3002295+08:00","Action":"output","Package":"github.com/QuantumNous/new-api/model","Test":"TestJSONColumnValuersZeroValueIsNil","Output":"=== RUN   TestJSONColumnValuersZeroValueIsNil\n"}
{"Time":"2026-09-11T02:47:43.3002295+08:00","Action":"run","Package":"github.com/QuantumNous/new-api/model","Test":"TestJSONColumnValuersZeroValueIsNil/Properties"}
{"Time":"2026-09-11T02:47:43.3002295+08:00","Action":"output","Package":"github.com/QuantumNous/new-api/model","Test":"TestJSONColumnValuersZeroValueIsNil/Properties","Output":"=== RUN   TestJSONColumnValuersZeroValueIsNil/Properties\n"}
{"Time":"2026-09-11T02:47:43.3002295+08:00","Action":"output","Package":"github.com/QuantumNous/new-api/model","Test":"TestJSONColumnValuersZeroValueIsNil/Properties","Output":"--- PASS: TestJSONColumnValuersZeroValueIsNil/Properties (0.00s)\n"}
{"Time":"2026-09-11T02:47:43.3002295+08:00","Action":"pass","Package":"github.com/QuantumNous/new-api/model","Test":"TestJSONColumnValuersZeroValueIsNil/Properties","Elapsed":0}
{"Time":"2026-09-11T02:47:43.3002295+08:00","Action":"run","Package":"github.com/QuantumNous/new-api/model","Test":"TestJSONColumnValuersZeroValueIsNil/TaskPrivateData"}
{"Time":"2026-09-11T02:47:43.3002295+08:00","Action":"output","Package":"github.com/QuantumNous/new-api/model","Test":"TestJSONColumnValuersZeroValueIsNil/TaskPrivateData","Output":"=== RUN   TestJSONColumnValuersZeroValueIsNil/TaskPrivateData\n"}
{"Time":"2026-09-11T02:47:43.3002295+08:00","Action":"output","Package":"github.com/QuantumNous/new-api/model","Test":"TestJSONColumnValuersZeroValueIsNil/TaskPrivateData","Output":"--- PASS: TestJSONColumnValuersZeroValueIsNil/TaskPrivateData (0.00s)\n"}
{"Time":"2026-09-11T02:47:43.3002295+08:00","Action":"pass","Package":"github.com/QuantumNous/new-api/model","Test":"TestJSONColumnValuersZeroValueIsNil/TaskPrivateData","Elapsed":0}
{"Time":"2026-09-11T02:47:43.3002295+08:00","Action":"run","Package":"github.com/QuantumNous/new-api/model","Test":"TestJSONColumnValuersZeroValueIsNil/JSONValue"}
{"Time":"2026-09-11T02:47:43.3002295+08:00","Action":"output","Package":"github.com/QuantumNous/new-api/model","Test":"TestJSONColumnValuersZeroValueIsNil/JSONValue","Output":"=== RUN   TestJSONColumnValuersZeroValueIsNil/JSONValue\n"}
{"Time":"2026-09-11T02:47:43.3002295+08:00","Action":"output","Package":"github.com/QuantumNous/new-api/model","Test":"TestJSONColumnValuersZeroValueIsNil/JSONValue","Output":"--- PASS: TestJSONColumnValuersZeroValueIsNil/JSONValue (0.00s)\n"}
{"Time":"2026-09-11T02:47:43.3002295+08:00","Action":"pass","Package":"github.com/QuantumNous/new-api/model","Test":"TestJSONColumnValuersZeroValueIsNil/JSONValue","Elapsed":0}
{"Time":"2026-09-11T02:47:43.3002295+08:00","Action":"output","Package":"github.com/QuantumNous/new-api/model","Test":"TestJSONColumnValuersZeroValueIsNil","Output":"--- PASS: TestJSONColumnValuersZeroValueIsNil (0.00s)\n"}
{"Time":"2026-09-11T02:47:43.3002295+08:00","Action":"pass","Package":"github.com/QuantumNous/new-api/model","Test":"TestJSONColumnValuersZeroValueIsNil","Elapsed":0}
{"Time":"2026-09-11T02:47:43.3002295+08:00","Action":"run","Package":"github.com/QuantumNous/new-api/model","Test":"TestJSONColumnScannersAcceptStringAndBytes"}
{"Time":"2026-09-11T02:47:43.3002295+08:00","Action":"output","Package":"github.com/QuantumNous/new-api/model","Test":"TestJSONColumnScannersAcceptStringAndBytes","Output":"=== RUN   TestJSONColumnScannersAcceptStringAndBytes\n"}
{"Time":"2026-09-11T02:47:43.3002295+08:00","Action":"run","Package":"github.com/QuantumNous/new-api/model","Test":"TestJSONColumnScannersAcceptStringAndBytes/bytes"}
{"Time":"2026-09-11T02:47:43.3002295+08:00","Action":"output","Package":"github.com/QuantumNous/new-api/model","Test":"TestJSONColumnScannersAcceptStringAndBytes/bytes","Output":"=== RUN   TestJSONColumnScannersAcceptStringAndBytes/bytes\n"}
{"Time":"2026-09-11T02:47:43.3002295+08:00","Action":"output","Package":"github.com/QuantumNous/new-api/model","Test":"TestJSONColumnScannersAcceptStringAndBytes/bytes","Output":"--- PASS: TestJSONColumnScannersAcceptStringAndBytes/bytes (0.00s)\n"}
{"Time":"2026-09-11T02:47:43.3002295+08:00","Action":"pass","Package":"github.com/QuantumNous/new-api/model","Test":"TestJSONColumnScannersAcceptStringAndBytes/bytes","Elapsed":0}
{"Time":"2026-09-11T02:47:43.3002295+08:00","Action":"run","Package":"github.com/QuantumNous/new-api/model","Test":"TestJSONColumnScannersAcceptStringAndBytes/string"}
{"Time":"2026-09-11T02:47:43.3002295+08:00","Action":"output","Package":"github.com/QuantumNous/new-api/model","Test":"TestJSONColumnScannersAcceptStringAndBytes/string","Output":"=== RUN   TestJSONColumnScannersAcceptStringAndBytes/string\n"}
{"Time":"2026-09-11T02:47:43.3002295+08:00","Action":"output","Package":"github.com/QuantumNous/new-api/model","Test":"TestJSONColumnScannersAcceptStringAndBytes/string","Output":"--- PASS: TestJSONColumnScannersAcceptStringAndBytes/string (0.00s)\n"}
{"Time":"2026-09-11T02:47:43.3002295+08:00","Action":"pass","Package":"github.com/QuantumNous/new-api/model","Test":"TestJSONColumnScannersAcceptStringAndBytes/string","Elapsed":0}
{"Time":"2026-09-11T02:47:43.3002295+08:00","Action":"output","Package":"github.com/QuantumNous/new-api/model","Test":"TestJSONColumnScannersAcceptStringAndBytes","Output":"--- PASS: TestJSONColumnScannersAcceptStringAndBytes (0.00s)\n"}
{"Time":"2026-09-11T02:47:43.3002295+08:00","Action":"pass","Package":"github.com/QuantumNous/new-api/model","Test":"TestJSONColumnScannersAcceptStringAndBytes","Elapsed":0}
{"Time":"2026-09-11T02:47:43.3002295+08:00","Action":"run","Package":"github.com/QuantumNous/new-api/model","Test":"TestMigrationSchemaStability"}
{"Time":"2026-09-11T02:47:43.3002295+08:00","Action":"output","Package":"github.com/QuantumNous/new-api/model","Test":"TestMigrationSchemaStability","Output":"=== RUN   TestMigrationSchemaStability\n"}
{"Time":"2026-09-11T02:47:43.3002295+08:00","Action":"run","Package":"github.com/QuantumNous/new-api/model","Test":"TestMigrationSchemaStability/sqlite"}
{"Time":"2026-09-11T02:47:43.3002295+08:00","Action":"output","Package":"github.com/QuantumNous/new-api/model","Test":"TestMigrationSchemaStability/sqlite","Output":"=== RUN   TestMigrationSchemaStability/sqlite\n"}
{"Time":"2026-09-11T02:47:43.3007547+08:00","Action":"output","Package":"github.com/QuantumNous/new-api/model","Test":"TestMigrationSchemaStability/sqlite","Output":"[SYS] 2026/09/11 - 02:47:43 | SQL_DSN not set, using SQLite as database \n"}
{"Time":"2026-09-11T02:47:43.3012774+08:00","Action":"run","Package":"github.com/QuantumNous/new-api/model","Test":"TestMigrationSchemaStability/sqlite/identity_and_indexes"}
{"Time":"2026-09-11T02:47:43.3012774+08:00","Action":"output","Package":"github.com/QuantumNous/new-api/model","Test":"TestMigrationSchemaStability/sqlite/identity_and_indexes","Output":"=== RUN   TestMigrationSchemaStability/sqlite/identity_and_indexes\n"}
{"Time":"2026-09-11T02:47:43.3415705+08:00","Action":"output","Package":"github.com/QuantumNous/new-api/model","Test":"TestMigrationSchemaStability/sqlite/identity_and_indexes","Output":"--- PASS: TestMigrationSchemaStability/sqlite/identity_and_indexes (0.04s)\n"}
{"Time":"2026-09-11T02:47:43.3415705+08:00","Action":"pass","Package":"github.com/QuantumNous/new-api/model","Test":"TestMigrationSchemaStability/sqlite/identity_and_indexes","Elapsed":0.04}
{"Time":"2026-09-11T02:47:43.3415705+08:00","Action":"run","Package":"github.com/QuantumNous/new-api/model","Test":"TestMigrationSchemaStability/sqlite/unique_constraint_changes"}
{"Time":"2026-09-11T02:47:43.3415705+08:00","Action":"output","Package":"github.com/QuantumNous/new-api/model","Test":"TestMigrationSchemaStability/sqlite/unique_constraint_changes","Output":"=== RUN   TestMigrationSchemaStability/sqlite/unique_constraint_changes\n"}
{"Time":"2026-09-11T02:47:43.3674116+08:00","Action":"output","Package":"github.com/QuantumNous/new-api/model","Test":"TestMigrationSchemaStability/sqlite/unique_constraint_changes","Output":"--- PASS: TestMigrationSchemaStability/sqlite/unique_constraint_changes (0.03s)\n"}
{"Time":"2026-09-11T02:47:43.3674116+08:00","Action":"pass","Package":"github.com/QuantumNous/new-api/model","Test":"TestMigrationSchemaStability/sqlite/unique_constraint_changes","Elapsed":0.03}
{"Time":"2026-09-11T02:47:43.3684453+08:00","Action":"output","Package":"github.com/QuantumNous/new-api/model","Test":"TestMigrationSchemaStability/sqlite","Output":"--- PASS: TestMigrationSchemaStability/sqlite (0.07s)\n"}
{"Time":"2026-09-11T02:47:43.3684453+08:00","Action":"pass","Package":"github.com/QuantumNous/new-api/model","Test":"TestMigrationSchemaStability/sqlite","Elapsed":0.07}
{"Time":"2026-09-11T02:47:43.3684453+08:00","Action":"run","Package":"github.com/QuantumNous/new-api/model","Test":"TestMigrationSchemaStability/mysql"}
{"Time":"2026-09-11T02:47:43.3684453+08:00","Action":"output","Package":"github.com/QuantumNous/new-api/model","Test":"TestMigrationSchemaStability/mysql","Output":"=== RUN   TestMigrationSchemaStability/mysql\n"}
{"Time":"2026-09-11T02:47:43.3684453+08:00","Action":"output","Package":"github.com/QuantumNous/new-api/model","Test":"TestMigrationSchemaStability/mysql","Output":"[SYS] 2026/09/11 - 02:47:43 | using MySQL as database \n"}
{"Time":"2026-09-11T02:47:43.3773621+08:00","Action":"run","Package":"github.com/QuantumNous/new-api/model","Test":"TestMigrationSchemaStability/mysql/identity_and_indexes"}
{"Time":"2026-09-11T02:47:43.3773621+08:00","Action":"output","Package":"github.com/QuantumNous/new-api/model","Test":"TestMigrationSchemaStability/mysql/identity_and_indexes","Output":"=== RUN   TestMigrationSchemaStability/mysql/identity_and_indexes\n"}
{"Time":"2026-09-11T02:47:43.706832+08:00","Action":"output","Package":"github.com/QuantumNous/new-api/model","Test":"TestMigrationSchemaStability/mysql/identity_and_indexes","Output":"--- PASS: TestMigrationSchemaStability/mysql/identity_and_indexes (0.33s)\n"}
{"Time":"2026-09-11T02:47:43.7073365+08:00","Action":"pass","Package":"github.com/QuantumNous/new-api/model","Test":"TestMigrationSchemaStability/mysql/identity_and_indexes","Elapsed":0.33}
{"Time":"2026-09-11T02:47:43.7073365+08:00","Action":"run","Package":"github.com/QuantumNous/new-api/model","Test":"TestMigrationSchemaStability/mysql/unique_constraint_changes"}
{"Time":"2026-09-11T02:47:43.7073365+08:00","Action":"output","Package":"github.com/QuantumNous/new-api/model","Test":"TestMigrationSchemaStability/mysql/unique_constraint_changes","Output":"=== RUN   TestMigrationSchemaStability/mysql/unique_constraint_changes\n"}
{"Time":"2026-09-11T02:47:43.9277459+08:00","Action":"output","Package":"github.com/QuantumNous/new-api/model","Test":"TestMigrationSchemaStability/mysql/unique_constraint_changes","Output":"--- PASS: TestMigrationSchemaStability/mysql/unique_constraint_changes (0.22s)\n"}
{"Time":"2026-09-11T02:47:43.9282482+08:00","Action":"pass","Package":"github.com/QuantumNous/new-api/model","Test":"TestMigrationSchemaStability/mysql/unique_constraint_changes","Elapsed":0.22}
{"Time":"2026-09-11T02:47:43.9282482+08:00","Action":"run","Package":"github.com/QuantumNous/new-api/model","Test":"TestMigrationSchemaStability/mysql/json_alias_retains_validation"}
{"Time":"2026-09-11T02:47:43.9282482+08:00","Action":"output","Package":"github.com/QuantumNous/new-api/model","Test":"TestMigrationSchemaStability/mysql/json_alias_retains_validation","Output":"=== RUN   TestMigrationSchemaStability/mysql/json_alias_retains_validation\n"}
{"Time":"2026-09-11T02:47:44.132706+08:00","Action":"output","Package":"github.com/QuantumNous/new-api/model","Test":"TestMigrationSchemaStability/mysql/json_alias_retains_validation","Output":"--- PASS: TestMigrationSchemaStability/mysql/json_alias_retains_validation (0.20s)\n"}
{"Time":"2026-09-11T02:47:44.1332101+08:00","Action":"pass","Package":"github.com/QuantumNous/new-api/model","Test":"TestMigrationSchemaStability/mysql/json_alias_retains_validation","Elapsed":0.2}
{"Time":"2026-09-11T02:47:44.1332101+08:00","Action":"run","Package":"github.com/QuantumNous/new-api/model","Test":"TestMigrationSchemaStability/mysql/decimal_default_and_real_changes"}
{"Time":"2026-09-11T02:47:44.1332101+08:00","Action":"output","Package":"github.com/QuantumNous/new-api/model","Test":"TestMigrationSchemaStability/mysql/decimal_default_and_real_changes","Output":"=== RUN   TestMigrationSchemaStability/mysql/decimal_default_and_real_changes\n"}
{"Time":"2026-09-11T02:47:44.3077091+08:00","Action":"output","Package":"github.com/QuantumNous/new-api/model","Test":"TestMigrationSchemaStability/mysql/decimal_default_and_real_changes","Output":"--- PASS: TestMigrationSchemaStability/mysql/decimal_default_and_real_changes (0.17s)\n"}
{"Time":"2026-09-11T02:47:44.3077091+08:00","Action":"pass","Package":"github.com/QuantumNous/new-api/model","Test":"TestMigrationSchemaStability/mysql/decimal_default_and_real_changes","Elapsed":0.17}
{"Time":"2026-09-11T02:47:44.3082132+08:00","Action":"output","Package":"github.com/QuantumNous/new-api/model","Test":"TestMigrationSchemaStability/mysql","Output":"--- PASS: TestMigrationSchemaStability/mysql (0.94s)\n"}
{"Time":"2026-09-11T02:47:44.3082132+08:00","Action":"pass","Package":"github.com/QuantumNous/new-api/model","Test":"TestMigrationSchemaStability/mysql","Elapsed":0.94}
{"Time":"2026-09-11T02:47:44.3082132+08:00","Action":"run","Package":"github.com/QuantumNous/new-api/model","Test":"TestMigrationSchemaStability/postgres"}
{"Time":"2026-09-11T02:47:44.3082132+08:00","Action":"output","Package":"github.com/QuantumNous/new-api/model","Test":"TestMigrationSchemaStability/postgres","Output":"=== RUN   TestMigrationSchemaStability/postgres\n"}
{"Time":"2026-09-11T02:47:44.3082132+08:00","Action":"output","Package":"github.com/QuantumNous/new-api/model","Test":"TestMigrationSchemaStability/postgres","Output":"[SYS] 2026/09/11 - 02:47:44 | using PostgreSQL as database \n"}
{"Time":"2026-09-11T02:47:44.3197112+08:00","Action":"run","Package":"github.com/QuantumNous/new-api/model","Test":"TestMigrationSchemaStability/postgres/identity_and_indexes"}
{"Time":"2026-09-11T02:47:44.3197112+08:00","Action":"output","Package":"github.com/QuantumNous/new-api/model","Test":"TestMigrationSchemaStability/postgres/identity_and_indexes","Output":"=== RUN   TestMigrationSchemaStability/postgres/identity_and_indexes\n"}
{"Time":"2026-09-11T02:47:44.5005313+08:00","Action":"output","Package":"github.com/QuantumNous/new-api/model","Test":"TestMigrationSchemaStability/postgres/identity_and_indexes","Output":"--- PASS: TestMigrationSchemaStability/postgres/identity_and_indexes (0.18s)\n"}
{"Time":"2026-09-11T02:47:44.5005313+08:00","Action":"pass","Package":"github.com/QuantumNous/new-api/model","Test":"TestMigrationSchemaStability/postgres/identity_and_indexes","Elapsed":0.18}
{"Time":"2026-09-11T02:47:44.5005313+08:00","Action":"run","Package":"github.com/QuantumNous/new-api/model","Test":"TestMigrationSchemaStability/postgres/unique_constraint_changes"}
{"Time":"2026-09-11T02:47:44.5005313+08:00","Action":"output","Package":"github.com/QuantumNous/new-api/model","Test":"TestMigrationSchemaStability/postgres/unique_constraint_changes","Output":"=== RUN   TestMigrationSchemaStability/postgres/unique_constraint_changes\n"}
{"Time":"2026-09-11T02:47:44.5563865+08:00","Action":"output","Package":"github.com/QuantumNous/new-api/model","Test":"TestMigrationSchemaStability/postgres/unique_constraint_changes","Output":"--- PASS: TestMigrationSchemaStability/postgres/unique_constraint_changes (0.06s)\n"}
{"Time":"2026-09-11T02:47:44.5563865+08:00","Action":"pass","Package":"github.com/QuantumNous/new-api/model","Test":"TestMigrationSchemaStability/postgres/unique_constraint_changes","Elapsed":0.06}
{"Time":"2026-09-11T02:47:44.5563865+08:00","Action":"output","Package":"github.com/QuantumNous/new-api/model","Test":"TestMigrationSchemaStability/postgres","Output":"--- PASS: TestMigrationSchemaStability/postgres (0.25s)\n"}
{"Time":"2026-09-11T02:47:44.5563865+08:00","Action":"pass","Package":"github.com/QuantumNous/new-api/model","Test":"TestMigrationSchemaStability/postgres","Elapsed":0.25}
{"Time":"2026-09-11T02:47:44.5563865+08:00","Action":"output","Package":"github.com/QuantumNous/new-api/model","Test":"TestMigrationSchemaStability","Output":"--- PASS: TestMigrationSchemaStability (1.26s)\n"}
{"Time":"2026-09-11T02:47:44.5563865+08:00","Action":"pass","Package":"github.com/QuantumNous/new-api/model","Test":"TestMigrationSchemaStability","Elapsed":1.26}
{"Time":"2026-09-11T02:47:44.5563865+08:00","Action":"run","Package":"github.com/QuantumNous/new-api/model","Test":"TestMigrateModelVendorActiveNamesRejectsDuplicateActiveNames"}
{"Time":"2026-09-11T02:47:44.5563865+08:00","Action":"output","Package":"github.com/QuantumNous/new-api/model","Test":"TestMigrateModelVendorActiveNamesRejectsDuplicateActiveNames","Output":"=== RUN   TestMigrateModelVendorActiveNamesRejectsDuplicateActiveNames\n"}
{"Time":"2026-09-11T02:47:44.5574192+08:00","Action":"output","Package":"github.com/QuantumNous/new-api/model","Test":"TestMigrateModelVendorActiveNamesRejectsDuplicateActiveNames","Output":"--- PASS: TestMigrateModelVendorActiveNamesRejectsDuplicateActiveNames (0.00s)\n"}
{"Time":"2026-09-11T02:47:44.5574192+08:00","Action":"pass","Package":"github.com/QuantumNous/new-api/model","Test":"TestMigrateModelVendorActiveNamesRejectsDuplicateActiveNames","Elapsed":0}
{"Time":"2026-09-11T02:47:44.5574192+08:00","Action":"run","Package":"github.com/QuantumNous/new-api/model","Test":"TestMigrateModelVendorActiveNamesBackfillsThenCreatesIndexes"}
{"Time":"2026-09-11T02:47:44.5574192+08:00","Action":"output","Package":"github.com/QuantumNous/new-api/model","Test":"TestMigrateModelVendorActiveNamesBackfillsThenCreatesIndexes","Output":"=== RUN   TestMigrateModelVendorActiveNamesBackfillsThenCreatesIndexes\n"}
{"Time":"2026-09-11T02:47:44.5595112+08:00","Action":"output","Package":"github.com/QuantumNous/new-api/model","Test":"TestMigrateModelVendorActiveNamesBackfillsThenCreatesIndexes","Output":"--- PASS: TestMigrateModelVendorActiveNamesBackfillsThenCreatesIndexes (0.00s)\n"}
{"Time":"2026-09-11T02:47:44.5595112+08:00","Action":"pass","Package":"github.com/QuantumNous/new-api/model","Test":"TestMigrateModelVendorActiveNamesBackfillsThenCreatesIndexes","Elapsed":0}
{"Time":"2026-09-11T02:47:44.5595112+08:00","Action":"run","Package":"github.com/QuantumNous/new-api/model","Test":"TestMigrateModelVendorActiveNamesAllowsMultipleSoftDeletedNames"}
{"Time":"2026-09-11T02:47:44.5595112+08:00","Action":"output","Package":"github.com/QuantumNous/new-api/model","Test":"TestMigrateModelVendorActiveNamesAllowsMultipleSoftDeletedNames","Output":"=== RUN   TestMigrateModelVendorActiveNamesAllowsMultipleSoftDeletedNames\n"}
{"Time":"2026-09-11T02:47:44.5605598+08:00","Action":"output","Package":"github.com/QuantumNous/new-api/model","Test":"TestMigrateModelVendorActiveNamesAllowsMultipleSoftDeletedNames","Output":"--- PASS: TestMigrateModelVendorActiveNamesAllowsMultipleSoftDeletedNames (0.00s)\n"}
{"Time":"2026-09-11T02:47:44.5605598+08:00","Action":"pass","Package":"github.com/QuantumNous/new-api/model","Test":"TestMigrateModelVendorActiveNamesAllowsMultipleSoftDeletedNames","Elapsed":0}
{"Time":"2026-09-11T02:47:44.5605598+08:00","Action":"run","Package":"github.com/QuantumNous/new-api/model","Test":"TestMigratePasskeyCredentialIndexesPreservesLegacyDataAndAllowsMultipleDevices"}
{"Time":"2026-09-11T02:47:44.5605598+08:00","Action":"output","Package":"github.com/QuantumNous/new-api/model","Test":"TestMigratePasskeyCredentialIndexesPreservesLegacyDataAndAllowsMultipleDevices","Output":"=== RUN   TestMigratePasskeyCredentialIndexesPreservesLegacyDataAndAllowsMultipleDevices\n"}
{"Time":"2026-09-11T02:47:44.5616208+08:00","Action":"output","Package":"github.com/QuantumNous/new-api/model","Test":"TestMigratePasskeyCredentialIndexesPreservesLegacyDataAndAllowsMultipleDevices","Output":"\r\n"}
{"Time":"2026-09-11T02:47:44.5616208+08:00","Action":"output","Package":"github.com/QuantumNous/new-api/model","Test":"TestMigratePasskeyCredentialIndexesPreservesLegacyDataAndAllowsMultipleDevices","Output":"2026/09/11 02:47:44 \u001b[32mC:/Users/10178/go/pkg/mod/github.com/glebarez/sqlite@v1.11.0/migrator.go:342\n"}
{"Time":"2026-09-11T02:47:44.5621459+08:00","Action":"output","Package":"github.com/QuantumNous/new-api/model","Test":"TestMigratePasskeyCredentialIndexesPreservesLegacyDataAndAllowsMultipleDevices","Output":"\u001b[0m\u001b[33m[0.000ms] \u001b[34;1m[rows:3]\u001b[0m SELECT * FROM PRAGMA_index_list(\"passkey_credentials\")\n"}
{"Time":"2026-09-11T02:47:44.5621459+08:00","Action":"output","Package":"github.com/QuantumNous/new-api/model","Test":"TestMigratePasskeyCredentialIndexesPreservesLegacyDataAndAllowsMultipleDevices","Output":"\r\n"}
{"Time":"2026-09-11T02:47:44.5621459+08:00","Action":"output","Package":"github.com/QuantumNous/new-api/model","Test":"TestMigratePasskeyCredentialIndexesPreservesLegacyDataAndAllowsMultipleDevices","Output":"2026/09/11 02:47:44 \u001b[32mC:/Users/10178/go/pkg/mod/github.com/glebarez/sqlite@v1.11.0/migrator.go:342\n"}
{"Time":"2026-09-11T02:47:44.5621459+08:00","Action":"output","Package":"github.com/QuantumNous/new-api/model","Test":"TestMigratePasskeyCredentialIndexesPreservesLegacyDataAndAllowsMultipleDevices","Output":"\u001b[0m\u001b[33m[0.000ms] \u001b[34;1m[rows:2]\u001b[0m SELECT * FROM PRAGMA_index_list(\"passkey_credentials\")\n"}
{"Time":"2026-09-11T02:47:44.5621459+08:00","Action":"output","Package":"github.com/QuantumNous/new-api/model","Test":"TestMigratePasskeyCredentialIndexesPreservesLegacyDataAndAllowsMultipleDevices","Output":"--- PASS: TestMigratePasskeyCredentialIndexesPreservesLegacyDataAndAllowsMultipleDevices (0.00s)\n"}
{"Time":"2026-09-11T02:47:44.5621459+08:00","Action":"pass","Package":"github.com/QuantumNous/new-api/model","Test":"TestMigratePasskeyCredentialIndexesPreservesLegacyDataAndAllowsMultipleDevices","Elapsed":0}
{"Time":"2026-09-11T02:47:44.5621459+08:00","Action":"run","Package":"github.com/QuantumNous/new-api/model","Test":"TestMigratePrefillGroupUniquenessSQLite"}
{"Time":"2026-09-11T02:47:44.5621459+08:00","Action":"output","Package":"github.com/QuantumNous/new-api/model","Test":"TestMigratePrefillGroupUniquenessSQLite","Output":"=== RUN   TestMigratePrefillGroupUniquenessSQLite\n"}
{"Time":"2026-09-11T02:47:44.5631932+08:00","Action":"output","Package":"github.com/QuantumNous/new-api/model","Test":"TestMigratePrefillGroupUniquenessSQLite","Output":"--- PASS: TestMigratePrefillGroupUniquenessSQLite (0.00s)\n"}
{"Time":"2026-09-11T02:47:44.5631932+08:00","Action":"pass","Package":"github.com/QuantumNous/new-api/model","Test":"TestMigratePrefillGroupUniquenessSQLite","Elapsed":0}
{"Time":"2026-09-11T02:47:44.5631932+08:00","Action":"run","Package":"github.com/QuantumNous/new-api/model","Test":"TestMigratePrefillGroupUniquenessMySQL"}
{"Time":"2026-09-11T02:47:44.5631932+08:00","Action":"output","Package":"github.com/QuantumNous/new-api/model","Test":"TestMigratePrefillGroupUniquenessMySQL","Output":"=== RUN   TestMigratePrefillGroupUniquenessMySQL\n"}
{"Time":"2026-09-11T02:47:46.5387756+08:00","Action":"output","Package":"github.com/QuantumNous/new-api/model","Test":"TestMigratePrefillGroupUniquenessMySQL","Output":"--- PASS: TestMigratePrefillGroupUniquenessMySQL (1.98s)\n"}
{"Time":"2026-09-11T02:47:46.5387756+08:00","Action":"pass","Package":"github.com/QuantumNous/new-api/model","Test":"TestMigratePrefillGroupUniquenessMySQL","Elapsed":1.98}
{"Time":"2026-09-11T02:47:46.5387756+08:00","Action":"run","Package":"github.com/QuantumNous/new-api/model","Test":"TestMigratePrefillGroupUniquenessPostgreSQL"}
{"Time":"2026-09-11T02:47:46.5387756+08:00","Action":"output","Package":"github.com/QuantumNous/new-api/model","Test":"TestMigratePrefillGroupUniquenessPostgreSQL","Output":"=== RUN   TestMigratePrefillGroupUniquenessPostgreSQL\n"}
{"Time":"2026-09-11T02:47:46.5450882+08:00","Action":"run","Package":"github.com/QuantumNous/new-api/model","Test":"TestMigratePrefillGroupUniquenessPostgreSQL/fresh"}
{"Time":"2026-09-11T02:47:46.5450882+08:00","Action":"output","Package":"github.com/QuantumNous/new-api/model","Test":"TestMigratePrefillGroupUniquenessPostgreSQL/fresh","Output":"=== RUN   TestMigratePrefillGroupUniquenessPostgreSQL/fresh\n"}
{"Time":"2026-09-11T02:47:46.6163846+08:00","Action":"output","Package":"github.com/QuantumNous/new-api/model","Test":"TestMigratePrefillGroupUniquenessPostgreSQL/fresh","Output":"\r\n"}
{"Time":"2026-09-11T02:47:46.6163846+08:00","Action":"output","Package":"github.com/QuantumNous/new-api/model","Test":"TestMigratePrefillGroupUniquenessPostgreSQL/fresh","Output":"2026/09/11 02:47:46 \u001b[31;1mD:/10178/Projects/new-api-upstream-sync/model/prefill_group_migration_test.go:283 \u001b[35;1mERROR: duplicate key value violates unique constraint \"uk_prefill_name\" (SQLSTATE 23505)\n"}
{"Time":"2026-09-11T02:47:46.6163846+08:00","Action":"output","Package":"github.com/QuantumNous/new-api/model","Test":"TestMigratePrefillGroupUniquenessPostgreSQL/fresh","Output":"\u001b[0m\u001b[33m[1.076ms] \u001b[34;1m[rows:0]\u001b[0m INSERT INTO \"prefill_groups\" (\"name\",\"type\",\"items\",\"description\",\"created_time\",\"updated_time\",\"deleted_at\") VALUES ('shared-name','model','[]','',0,0,NULL) RETURNING \"id\"\n"}
{"Time":"2026-09-11T02:47:46.6189853+08:00","Action":"output","Package":"github.com/QuantumNous/new-api/model","Test":"TestMigratePrefillGroupUniquenessPostgreSQL/fresh","Output":"--- PASS: TestMigratePrefillGroupUniquenessPostgreSQL/fresh (0.07s)\n"}
{"Time":"2026-09-11T02:47:46.6189853+08:00","Action":"pass","Package":"github.com/QuantumNous/new-api/model","Test":"TestMigratePrefillGroupUniquenessPostgreSQL/fresh","Elapsed":0.07}
{"Time":"2026-09-11T02:47:46.6189853+08:00","Action":"run","Package":"github.com/QuantumNous/new-api/model","Test":"TestMigratePrefillGroupUniquenessPostgreSQL/legacy_constraint"}
{"Time":"2026-09-11T02:47:46.6189853+08:00","Action":"output","Package":"github.com/QuantumNous/new-api/model","Test":"TestMigratePrefillGroupUniquenessPostgreSQL/legacy_constraint","Output":"=== RUN   TestMigratePrefillGroupUniquenessPostgreSQL/legacy_constraint\n"}
{"Time":"2026-09-11T02:47:46.6936573+08:00","Action":"output","Package":"github.com/QuantumNous/new-api/model","Test":"TestMigratePrefillGroupUniquenessPostgreSQL/legacy_constraint","Output":"\r\n"}
{"Time":"2026-09-11T02:47:46.6936573+08:00","Action":"output","Package":"github.com/QuantumNous/new-api/model","Test":"TestMigratePrefillGroupUniquenessPostgreSQL/legacy_constraint","Output":"2026/09/11 02:47:46 \u001b[31;1mD:/10178/Projects/new-api-upstream-sync/model/prefill_group_migration_test.go:283 \u001b[35;1mERROR: duplicate key value violates unique constraint \"uk_prefill_name\" (SQLSTATE 23505)\n"}
{"Time":"2026-09-11T02:47:46.6936573+08:00","Action":"output","Package":"github.com/QuantumNous/new-api/model","Test":"TestMigratePrefillGroupUniquenessPostgreSQL/legacy_constraint","Output":"\u001b[0m\u001b[33m[0.962ms] \u001b[34;1m[rows:0]\u001b[0m INSERT INTO \"prefill_groups\" (\"name\",\"type\",\"items\",\"description\",\"created_time\",\"updated_time\",\"deleted_at\") VALUES ('shared-name','model','[]','',0,0,NULL) RETURNING \"id\"\n"}
{"Time":"2026-09-11T02:47:46.696442+08:00","Action":"output","Package":"github.com/QuantumNous/new-api/model","Test":"TestMigratePrefillGroupUniquenessPostgreSQL/legacy_constraint","Output":"--- PASS: TestMigratePrefillGroupUniquenessPostgreSQL/legacy_constraint (0.08s)\n"}
{"Time":"2026-09-11T02:47:46.696442+08:00","Action":"pass","Package":"github.com/QuantumNous/new-api/model","Test":"TestMigratePrefillGroupUniquenessPostgreSQL/legacy_constraint","Elapsed":0.08}
{"Time":"2026-09-11T02:47:46.696442+08:00","Action":"run","Package":"github.com/QuantumNous/new-api/model","Test":"TestMigratePrefillGroupUniquenessPostgreSQL/legacy_standalone_index"}
{"Time":"2026-09-11T02:47:46.696442+08:00","Action":"output","Package":"github.com/QuantumNous/new-api/model","Test":"TestMigratePrefillGroupUniquenessPostgreSQL/legacy_standalone_index","Output":"=== RUN   TestMigratePrefillGroupUniquenessPostgreSQL/legacy_standalone_index\n"}
{"Time":"2026-09-11T02:47:46.7738255+08:00","Action":"output","Package":"github.com/QuantumNous/new-api/model","Test":"TestMigratePrefillGroupUniquenessPostgreSQL/legacy_standalone_index","Output":"\r\n"}
{"Time":"2026-09-11T02:47:46.7738255+08:00","Action":"output","Package":"github.com/QuantumNous/new-api/model","Test":"TestMigratePrefillGroupUniquenessPostgreSQL/legacy_standalone_index","Output":"2026/09/11 02:47:46 \u001b[31;1mD:/10178/Projects/new-api-upstream-sync/model/prefill_group_migration_test.go:283 \u001b[35;1mERROR: duplicate key value violates unique constraint \"uk_prefill_name\" (SQLSTATE 23505)\n"}
{"Time":"2026-09-11T02:47:46.7738255+08:00","Action":"output","Package":"github.com/QuantumNous/new-api/model","Test":"TestMigratePrefillGroupUniquenessPostgreSQL/legacy_standalone_index","Output":"\u001b[0m\u001b[33m[0.636ms] \u001b[34;1m[rows:0]\u001b[0m INSERT INTO \"prefill_groups\" (\"name\",\"type\",\"items\",\"description\",\"created_time\",\"updated_time\",\"deleted_at\") VALUES ('shared-name','model','[]','',0,0,NULL) RETURNING \"id\"\n"}
{"Time":"2026-09-11T02:47:46.7764245+08:00","Action":"output","Package":"github.com/QuantumNous/new-api/model","Test":"TestMigratePrefillGroupUniquenessPostgreSQL/legacy_standalone_index","Output":"--- PASS: TestMigratePrefillGroupUniquenessPostgreSQL/legacy_standalone_index (0.08s)\n"}
{"Time":"2026-09-11T02:47:46.7764245+08:00","Action":"pass","Package":"github.com/QuantumNous/new-api/model","Test":"TestMigratePrefillGroupUniquenessPostgreSQL/legacy_standalone_index","Elapsed":0.08}
{"Time":"2026-09-11T02:47:46.7764245+08:00","Action":"run","Package":"github.com/QuantumNous/new-api/model","Test":"TestMigratePrefillGroupUniquenessPostgreSQL/arbitrary_constraint_name"}
{"Time":"2026-09-11T02:47:46.7764245+08:00","Action":"output","Package":"github.com/QuantumNous/new-api/model","Test":"TestMigratePrefillGroupUniquenessPostgreSQL/arbitrary_constraint_name","Output":"=== RUN   TestMigratePrefillGroupUniquenessPostgreSQL/arbitrary_constraint_name\n"}
{"Time":"2026-09-11T02:47:46.8040884+08:00","Action":"output","Package":"github.com/QuantumNous/new-api/model","Test":"TestMigratePrefillGroupUniquenessPostgreSQL/arbitrary_constraint_name","Output":"--- PASS: TestMigratePrefillGroupUniquenessPostgreSQL/arbitrary_constraint_name (0.03s)\n"}
{"Time":"2026-09-11T02:47:46.8040884+08:00","Action":"pass","Package":"github.com/QuantumNous/new-api/model","Test":"TestMigratePrefillGroupUniquenessPostgreSQL/arbitrary_constraint_name","Elapsed":0.03}
{"Time":"2026-09-11T02:47:46.8040884+08:00","Action":"run","Package":"github.com/QuantumNous/new-api/model","Test":"TestMigratePrefillGroupUniquenessPostgreSQL/arbitrary_index_name"}
{"Time":"2026-09-11T02:47:46.8040884+08:00","Action":"output","Package":"github.com/QuantumNous/new-api/model","Test":"TestMigratePrefillGroupUniquenessPostgreSQL/arbitrary_index_name","Output":"=== RUN   TestMigratePrefillGroupUniquenessPostgreSQL/arbitrary_index_name\n"}
{"Time":"2026-09-11T02:47:46.8301386+08:00","Action":"output","Package":"github.com/QuantumNous/new-api/model","Test":"TestMigratePrefillGroupUniquenessPostgreSQL/arbitrary_index_name","Output":"--- PASS: TestMigratePrefillGroupUniquenessPostgreSQL/arbitrary_index_name (0.03s)\n"}
{"Time":"2026-09-11T02:47:46.8301386+08:00","Action":"pass","Package":"github.com/QuantumNous/new-api/model","Test":"TestMigratePrefillGroupUniquenessPostgreSQL/arbitrary_index_name","Elapsed":0.03}
{"Time":"2026-09-11T02:47:46.8301386+08:00","Action":"run","Package":"github.com/QuantumNous/new-api/model","Test":"TestMigratePrefillGroupUniquenessPostgreSQL/non_conflicting_indexes_are_preserved"}
{"Time":"2026-09-11T02:47:46.8301386+08:00","Action":"output","Package":"github.com/QuantumNous/new-api/model","Test":"TestMigratePrefillGroupUniquenessPostgreSQL/non_conflicting_indexes_are_preserved","Output":"=== RUN   TestMigratePrefillGroupUniquenessPostgreSQL/non_conflicting_indexes_are_preserved\n"}
{"Time":"2026-09-11T02:47:46.9143294+08:00","Action":"output","Package":"github.com/QuantumNous/new-api/model","Test":"TestMigratePrefillGroupUniquenessPostgreSQL/non_conflicting_indexes_are_preserved","Output":"\r\n"}
{"Time":"2026-09-11T02:47:46.9143294+08:00","Action":"output","Package":"github.com/QuantumNous/new-api/model","Test":"TestMigratePrefillGroupUniquenessPostgreSQL/non_conflicting_indexes_are_preserved","Output":"2026/09/11 02:47:46 \u001b[31;1mD:/10178/Projects/new-api-upstream-sync/model/prefill_group_migration_test.go:283 \u001b[35;1mERROR: duplicate key value violates unique constraint \"uk_prefill_name\" (SQLSTATE 23505)\n"}
{"Time":"2026-09-11T02:47:46.9143294+08:00","Action":"output","Package":"github.com/QuantumNous/new-api/model","Test":"TestMigratePrefillGroupUniquenessPostgreSQL/non_conflicting_indexes_are_preserved","Output":"\u001b[0m\u001b[33m[0.593ms] \u001b[34;1m[rows:0]\u001b[0m INSERT INTO \"prefill_groups\" (\"name\",\"type\",\"items\",\"description\",\"created_time\",\"updated_time\",\"deleted_at\") VALUES ('shared-name','model','[]','',0,0,NULL) RETURNING \"id\"\n"}
{"Time":"2026-09-11T02:47:46.9169279+08:00","Action":"output","Package":"github.com/QuantumNous/new-api/model","Test":"TestMigratePrefillGroupUniquenessPostgreSQL/non_conflicting_indexes_are_preserved","Output":"--- PASS: TestMigratePrefillGroupUniquenessPostgreSQL/non_conflicting_indexes_are_preserved (0.09s)\n"}
{"Time":"2026-09-11T02:47:46.9169279+08:00","Action":"pass","Package":"github.com/QuantumNous/new-api/model","Test":"TestMigratePrefillGroupUniquenessPostgreSQL/non_conflicting_indexes_are_preserved","Elapsed":0.09}
{"Time":"2026-09-11T02:47:46.917436+08:00","Action":"output","Package":"github.com/QuantumNous/new-api/model","Test":"TestMigratePrefillGroupUniquenessPostgreSQL","Output":"--- PASS: TestMigratePrefillGroupUniquenessPostgreSQL (0.38s)\n"}
{"Time":"2026-09-11T02:47:46.917436+08:00","Action":"pass","Package":"github.com/QuantumNous/new-api/model","Test":"TestMigratePrefillGroupUniquenessPostgreSQL","Elapsed":0.38}
{"Time":"2026-09-11T02:47:46.917436+08:00","Action":"run","Package":"github.com/QuantumNous/new-api/model","Test":"TestMigrateTokenKeyUniquenessSQLite"}
{"Time":"2026-09-11T02:47:46.917436+08:00","Action":"output","Package":"github.com/QuantumNous/new-api/model","Test":"TestMigrateTokenKeyUniquenessSQLite","Output":"=== RUN   TestMigrateTokenKeyUniquenessSQLite\n"}
{"Time":"2026-09-11T02:47:46.9200576+08:00","Action":"output","Package":"github.com/QuantumNous/new-api/model","Test":"TestMigrateTokenKeyUniquenessSQLite","Output":"--- PASS: TestMigrateTokenKeyUniquenessSQLite (0.00s)\n"}
{"Time":"2026-09-11T02:47:46.9200576+08:00","Action":"pass","Package":"github.com/QuantumNous/new-api/model","Test":"TestMigrateTokenKeyUniquenessSQLite","Elapsed":0}
{"Time":"2026-09-11T02:47:46.9200576+08:00","Action":"run","Package":"github.com/QuantumNous/new-api/model","Test":"TestMigrateTokenKeyUniquenessMySQL"}
{"Time":"2026-09-11T02:47:46.9200576+08:00","Action":"output","Package":"github.com/QuantumNous/new-api/model","Test":"TestMigrateTokenKeyUniquenessMySQL","Output":"=== RUN   TestMigrateTokenKeyUniquenessMySQL\n"}
{"Time":"2026-09-11T02:47:49.0662525+08:00","Action":"output","Package":"github.com/QuantumNous/new-api/model","Test":"TestMigrateTokenKeyUniquenessMySQL","Output":"--- PASS: TestMigrateTokenKeyUniquenessMySQL (2.15s)\n"}
{"Time":"2026-09-11T02:47:49.0662525+08:00","Action":"pass","Package":"github.com/QuantumNous/new-api/model","Test":"TestMigrateTokenKeyUniquenessMySQL","Elapsed":2.15}
{"Time":"2026-09-11T02:47:49.0662525+08:00","Action":"run","Package":"github.com/QuantumNous/new-api/model","Test":"TestMigrateTokenKeyUniquenessPostgreSQL"}
{"Time":"2026-09-11T02:47:49.0662525+08:00","Action":"output","Package":"github.com/QuantumNous/new-api/model","Test":"TestMigrateTokenKeyUniquenessPostgreSQL","Output":"=== RUN   TestMigrateTokenKeyUniquenessPostgreSQL\n"}
{"Time":"2026-09-11T02:47:49.0710126+08:00","Action":"run","Package":"github.com/QuantumNous/new-api/model","Test":"TestMigrateTokenKeyUniquenessPostgreSQL/fresh"}
{"Time":"2026-09-11T02:47:49.0710126+08:00","Action":"output","Package":"github.com/QuantumNous/new-api/model","Test":"TestMigrateTokenKeyUniquenessPostgreSQL/fresh","Output":"=== RUN   TestMigrateTokenKeyUniquenessPostgreSQL/fresh\n"}
{"Time":"2026-09-11T02:47:49.1630047+08:00","Action":"output","Package":"github.com/QuantumNous/new-api/model","Test":"TestMigrateTokenKeyUniquenessPostgreSQL/fresh","Output":"\r\n"}
{"Time":"2026-09-11T02:47:49.1630047+08:00","Action":"output","Package":"github.com/QuantumNous/new-api/model","Test":"TestMigrateTokenKeyUniquenessPostgreSQL/fresh","Output":"2026/09/11 02:47:49 \u001b[31;1mD:/10178/Projects/new-api-upstream-sync/model/token_migration_test.go:286 \u001b[35;1mERROR: duplicate key value violates unique constraint \"idx_tokens_key\" (SQLSTATE 23505)\n"}
{"Time":"2026-09-11T02:47:49.1630047+08:00","Action":"output","Package":"github.com/QuantumNous/new-api/model","Test":"TestMigrateTokenKeyUniquenessPostgreSQL/fresh","Output":"\u001b[0m\u001b[33m[1.204ms] \u001b[34;1m[rows:0]\u001b[0m INSERT INTO \"tokens\" (\"user_id\",\"key\",\"status\",\"name\",\"created_time\",\"accessed_time\",\"expired_time\",\"remain_quota\",\"unlimited_quota\",\"model_limits_enabled\",\"model_limits\",\"allow_ips\",\"used_quota\",\"group\",\"cross_group_retry\",\"deleted_at\") VALUES (2,'preserved-key',1,'',0,0,-1,0,false,false,'','',0,'',false,NULL) RETURNING \"id\"\n"}
{"Time":"2026-09-11T02:47:49.1651193+08:00","Action":"output","Package":"github.com/QuantumNous/new-api/model","Test":"TestMigrateTokenKeyUniquenessPostgreSQL/fresh","Output":"--- PASS: TestMigrateTokenKeyUniquenessPostgreSQL/fresh (0.09s)\n"}
{"Time":"2026-09-11T02:47:49.1651193+08:00","Action":"pass","Package":"github.com/QuantumNous/new-api/model","Test":"TestMigrateTokenKeyUniquenessPostgreSQL/fresh","Elapsed":0.09}
{"Time":"2026-09-11T02:47:49.1651193+08:00","Action":"run","Package":"github.com/QuantumNous/new-api/model","Test":"TestMigrateTokenKeyUniquenessPostgreSQL/legacy_idx_constraint"}
{"Time":"2026-09-11T02:47:49.1651193+08:00","Action":"output","Package":"github.com/QuantumNous/new-api/model","Test":"TestMigrateTokenKeyUniquenessPostgreSQL/legacy_idx_constraint","Output":"=== RUN   TestMigrateTokenKeyUniquenessPostgreSQL/legacy_idx_constraint\n"}
{"Time":"2026-09-11T02:47:49.262827+08:00","Action":"output","Package":"github.com/QuantumNous/new-api/model","Test":"TestMigrateTokenKeyUniquenessPostgreSQL/legacy_idx_constraint","Output":"\r\n"}
{"Time":"2026-09-11T02:47:49.262827+08:00","Action":"output","Package":"github.com/QuantumNous/new-api/model","Test":"TestMigrateTokenKeyUniquenessPostgreSQL/legacy_idx_constraint","Output":"2026/09/11 02:47:49 \u001b[31;1mD:/10178/Projects/new-api-upstream-sync/model/token_migration_test.go:286 \u001b[35;1mERROR: duplicate key value violates unique constraint \"idx_tokens_key\" (SQLSTATE 23505)\n"}
{"Time":"2026-09-11T02:47:49.262827+08:00","Action":"output","Package":"github.com/QuantumNous/new-api/model","Test":"TestMigrateTokenKeyUniquenessPostgreSQL/legacy_idx_constraint","Output":"\u001b[0m\u001b[33m[1.084ms] \u001b[34;1m[rows:0]\u001b[0m INSERT INTO \"tokens\" (\"user_id\",\"key\",\"status\",\"name\",\"created_time\",\"accessed_time\",\"expired_time\",\"remain_quota\",\"unlimited_quota\",\"model_limits_enabled\",\"model_limits\",\"allow_ips\",\"used_quota\",\"group\",\"cross_group_retry\",\"deleted_at\") VALUES (2,'preserved-key',1,'',0,0,-1,0,false,false,'','',0,'',false,NULL) RETURNING \"id\"\n"}
{"Time":"2026-09-11T02:47:49.2643804+08:00","Action":"output","Package":"github.com/QuantumNous/new-api/model","Test":"TestMigrateTokenKeyUniquenessPostgreSQL/legacy_idx_constraint","Output":"--- PASS: TestMigrateTokenKeyUniquenessPostgreSQL/legacy_idx_constraint (0.10s)\n"}
{"Time":"2026-09-11T02:47:49.2643804+08:00","Action":"pass","Package":"github.com/QuantumNous/new-api/model","Test":"TestMigrateTokenKeyUniquenessPostgreSQL/legacy_idx_constraint","Elapsed":0.1}
{"Time":"2026-09-11T02:47:49.2643804+08:00","Action":"run","Package":"github.com/QuantumNous/new-api/model","Test":"TestMigrateTokenKeyUniquenessPostgreSQL/gorm_generated_constraint"}
{"Time":"2026-09-11T02:47:49.2643804+08:00","Action":"output","Package":"github.com/QuantumNous/new-api/model","Test":"TestMigrateTokenKeyUniquenessPostgreSQL/gorm_generated_constraint","Output":"=== RUN   TestMigrateTokenKeyUniquenessPostgreSQL/gorm_generated_constraint\n"}
{"Time":"2026-09-11T02:47:49.3579426+08:00","Action":"output","Package":"github.com/QuantumNous/new-api/model","Test":"TestMigrateTokenKeyUniquenessPostgreSQL/gorm_generated_constraint","Output":"\r\n"}
{"Time":"2026-09-11T02:47:49.3584626+08:00","Action":"output","Package":"github.com/QuantumNous/new-api/model","Test":"TestMigrateTokenKeyUniquenessPostgreSQL/gorm_generated_constraint","Output":"2026/09/11 02:47:49 \u001b[31;1mD:/10178/Projects/new-api-upstream-sync/model/token_migration_test.go:286 \u001b[35;1mERROR: duplicate key value violates unique constraint \"idx_tokens_key\" (SQLSTATE 23505)\n"}
{"Time":"2026-09-11T02:47:49.3584626+08:00","Action":"output","Package":"github.com/QuantumNous/new-api/model","Test":"TestMigrateTokenKeyUniquenessPostgreSQL/gorm_generated_constraint","Output":"\u001b[0m\u001b[33m[0.524ms] \u001b[34;1m[rows:0]\u001b[0m INSERT INTO \"tokens\" (\"user_id\",\"key\",\"status\",\"name\",\"created_time\",\"accessed_time\",\"expired_time\",\"remain_quota\",\"unlimited_quota\",\"model_limits_enabled\",\"model_limits\",\"allow_ips\",\"used_quota\",\"group\",\"cross_group_retry\",\"deleted_at\") VALUES (2,'preserved-key',1,'',0,0,-1,0,false,false,'','',0,'',false,NULL) RETURNING \"id\"\n"}
{"Time":"2026-09-11T02:47:49.3600515+08:00","Action":"output","Package":"github.com/QuantumNous/new-api/model","Test":"TestMigrateTokenKeyUniquenessPostgreSQL/gorm_generated_constraint","Output":"--- PASS: TestMigrateTokenKeyUniquenessPostgreSQL/gorm_generated_constraint (0.10s)\n"}
{"Time":"2026-09-11T02:47:49.3600515+08:00","Action":"pass","Package":"github.com/QuantumNous/new-api/model","Test":"TestMigrateTokenKeyUniquenessPostgreSQL/gorm_generated_constraint","Elapsed":0.1}
{"Time":"2026-09-11T02:47:49.3600515+08:00","Action":"run","Package":"github.com/QuantumNous/new-api/model","Test":"TestMigrateTokenKeyUniquenessPostgreSQL/postgres_default_constraint_without_target_index"}
{"Time":"2026-09-11T02:47:49.3600515+08:00","Action":"output","Package":"github.com/QuantumNous/new-api/model","Test":"TestMigrateTokenKeyUniquenessPostgreSQL/postgres_default_constraint_without_target_index","Output":"=== RUN   TestMigrateTokenKeyUniquenessPostgreSQL/postgres_default_constraint_without_target_index\n"}
{"Time":"2026-09-11T02:47:49.4591833+08:00","Action":"output","Package":"github.com/QuantumNous/new-api/model","Test":"TestMigrateTokenKeyUniquenessPostgreSQL/postgres_default_constraint_without_target_index","Output":"\r\n"}
{"Time":"2026-09-11T02:47:49.4591833+08:00","Action":"output","Package":"github.com/QuantumNous/new-api/model","Test":"TestMigrateTokenKeyUniquenessPostgreSQL/postgres_default_constraint_without_target_index","Output":"2026/09/11 02:47:49 \u001b[31;1mD:/10178/Projects/new-api-upstream-sync/model/token_migration_test.go:286 \u001b[35;1mERROR: duplicate key value violates unique constraint \"idx_tokens_key\" (SQLSTATE 23505)\n"}
{"Time":"2026-09-11T02:47:49.4591833+08:00","Action":"output","Package":"github.com/QuantumNous/new-api/model","Test":"TestMigrateTokenKeyUniquenessPostgreSQL/postgres_default_constraint_without_target_index","Output":"\u001b[0m\u001b[33m[1.036ms] \u001b[34;1m[rows:0]\u001b[0m INSERT INTO \"tokens\" (\"user_id\",\"key\",\"status\",\"name\",\"created_time\",\"accessed_time\",\"expired_time\",\"remain_quota\",\"unlimited_quota\",\"model_limits_enabled\",\"model_limits\",\"allow_ips\",\"used_quota\",\"group\",\"cross_group_retry\",\"deleted_at\") VALUES (2,'preserved-key',1,'',0,0,-1,0,false,false,'','',0,'',false,NULL) RETURNING \"id\"\n"}
{"Time":"2026-09-11T02:47:49.4607514+08:00","Action":"output","Package":"github.com/QuantumNous/new-api/model","Test":"TestMigrateTokenKeyUniquenessPostgreSQL/postgres_default_constraint_without_target_index","Output":"--- PASS: TestMigrateTokenKeyUniquenessPostgreSQL/postgres_default_constraint_without_target_index (0.10s)\n"}
{"Time":"2026-09-11T02:47:49.4612591+08:00","Action":"pass","Package":"github.com/QuantumNous/new-api/model","Test":"TestMigrateTokenKeyUniquenessPostgreSQL/postgres_default_constraint_without_target_index","Elapsed":0.1}
{"Time":"2026-09-11T02:47:49.4612591+08:00","Action":"run","Package":"github.com/QuantumNous/new-api/model","Test":"TestMigrateTokenKeyUniquenessPostgreSQL/non_conflicting_uniqueness_is_preserved"}
{"Time":"2026-09-11T02:47:49.4612591+08:00","Action":"output","Package":"github.com/QuantumNous/new-api/model","Test":"TestMigrateTokenKeyUniquenessPostgreSQL/non_conflicting_uniqueness_is_preserved","Output":"=== RUN   TestMigrateTokenKeyUniquenessPostgreSQL/non_conflicting_uniqueness_is_preserved\n"}
{"Time":"2026-09-11T02:47:49.5681247+08:00","Action":"output","Package":"github.com/QuantumNous/new-api/model","Test":"TestMigrateTokenKeyUniquenessPostgreSQL/non_conflicting_uniqueness_is_preserved","Output":"\r\n"}
{"Time":"2026-09-11T02:47:49.5681247+08:00","Action":"output","Package":"github.com/QuantumNous/new-api/model","Test":"TestMigrateTokenKeyUniquenessPostgreSQL/non_conflicting_uniqueness_is_preserved","Output":"2026/09/11 02:47:49 \u001b[31;1mD:/10178/Projects/new-api-upstream-sync/model/token_migration_test.go:286 \u001b[35;1mERROR: duplicate key value violates unique constraint \"idx_tokens_key\" (SQLSTATE 23505)\n"}
{"Time":"2026-09-11T02:47:49.5681247+08:00","Action":"output","Package":"github.com/QuantumNous/new-api/model","Test":"TestMigrateTokenKeyUniquenessPostgreSQL/non_conflicting_uniqueness_is_preserved","Output":"\u001b[0m\u001b[33m[0.524ms] \u001b[34;1m[rows:0]\u001b[0m INSERT INTO \"tokens\" (\"user_id\",\"key\",\"status\",\"name\",\"created_time\",\"accessed_time\",\"expired_time\",\"remain_quota\",\"unlimited_quota\",\"model_limits_enabled\",\"model_limits\",\"allow_ips\",\"used_quota\",\"group\",\"cross_group_retry\",\"deleted_at\") VALUES (2,'preserved-key',1,'',0,0,-1,0,false,false,'','',0,'',false,NULL) RETURNING \"id\"\n"}
{"Time":"2026-09-11T02:47:49.5704087+08:00","Action":"output","Package":"github.com/QuantumNous/new-api/model","Test":"TestMigrateTokenKeyUniquenessPostgreSQL/non_conflicting_uniqueness_is_preserved","Output":"--- PASS: TestMigrateTokenKeyUniquenessPostgreSQL/non_conflicting_uniqueness_is_preserved (0.11s)\n"}
{"Time":"2026-09-11T02:47:49.5704087+08:00","Action":"pass","Package":"github.com/QuantumNous/new-api/model","Test":"TestMigrateTokenKeyUniquenessPostgreSQL/non_conflicting_uniqueness_is_preserved","Elapsed":0.11}
{"Time":"2026-09-11T02:47:49.5704087+08:00","Action":"run","Package":"github.com/QuantumNous/new-api/model","Test":"TestMigrateTokenKeyUniquenessPostgreSQL/arbitrary_constraint_is_rejected"}
{"Time":"2026-09-11T02:47:49.5704087+08:00","Action":"output","Package":"github.com/QuantumNous/new-api/model","Test":"TestMigrateTokenKeyUniquenessPostgreSQL/arbitrary_constraint_is_rejected","Output":"=== RUN   TestMigrateTokenKeyUniquenessPostgreSQL/arbitrary_constraint_is_rejected\n"}
{"Time":"2026-09-11T02:47:49.5953512+08:00","Action":"output","Package":"github.com/QuantumNous/new-api/model","Test":"TestMigrateTokenKeyUniquenessPostgreSQL/arbitrary_constraint_is_rejected","Output":"--- PASS: TestMigrateTokenKeyUniquenessPostgreSQL/arbitrary_constraint_is_rejected (0.02s)\n"}
{"Time":"2026-09-11T02:47:49.5953512+08:00","Action":"pass","Package":"github.com/QuantumNous/new-api/model","Test":"TestMigrateTokenKeyUniquenessPostgreSQL/arbitrary_constraint_is_rejected","Elapsed":0.02}
{"Time":"2026-09-11T02:47:49.5953512+08:00","Action":"run","Package":"github.com/QuantumNous/new-api/model","Test":"TestMigrateTokenKeyUniquenessPostgreSQL/deferrable_constraint_is_rejected"}
{"Time":"2026-09-11T02:47:49.5953512+08:00","Action":"output","Package":"github.com/QuantumNous/new-api/model","Test":"TestMigrateTokenKeyUniquenessPostgreSQL/deferrable_constraint_is_rejected","Output":"=== RUN   TestMigrateTokenKeyUniquenessPostgreSQL/deferrable_constraint_is_rejected\n"}
{"Time":"2026-09-11T02:47:49.6230211+08:00","Action":"output","Package":"github.com/QuantumNous/new-api/model","Test":"TestMigrateTokenKeyUniquenessPostgreSQL/deferrable_constraint_is_rejected","Output":"--- PASS: TestMigrateTokenKeyUniquenessPostgreSQL/deferrable_constraint_is_rejected (0.03s)\n"}
{"Time":"2026-09-11T02:47:49.6230211+08:00","Action":"pass","Package":"github.com/QuantumNous/new-api/model","Test":"TestMigrateTokenKeyUniquenessPostgreSQL/deferrable_constraint_is_rejected","Elapsed":0.03}
{"Time":"2026-09-11T02:47:49.6230211+08:00","Action":"run","Package":"github.com/QuantumNous/new-api/model","Test":"TestMigrateTokenKeyUniquenessPostgreSQL/invalid_target_index_is_rejected"}
{"Time":"2026-09-11T02:47:49.6230211+08:00","Action":"output","Package":"github.com/QuantumNous/new-api/model","Test":"TestMigrateTokenKeyUniquenessPostgreSQL/invalid_target_index_is_rejected","Output":"=== RUN   TestMigrateTokenKeyUniquenessPostgreSQL/invalid_target_index_is_rejected\n"}
{"Time":"2026-09-11T02:47:49.6547385+08:00","Action":"output","Package":"github.com/QuantumNous/new-api/model","Test":"TestMigrateTokenKeyUniquenessPostgreSQL/invalid_target_index_is_rejected","Output":"--- PASS: TestMigrateTokenKeyUniquenessPostgreSQL/invalid_target_index_is_rejected (0.03s)\n"}
{"Time":"2026-09-11T02:47:49.6547385+08:00","Action":"pass","Package":"github.com/QuantumNous/new-api/model","Test":"TestMigrateTokenKeyUniquenessPostgreSQL/invalid_target_index_is_rejected","Elapsed":0.03}
{"Time":"2026-09-11T02:47:49.6547385+08:00","Action":"output","Package":"github.com/QuantumNous/new-api/model","Test":"TestMigrateTokenKeyUniquenessPostgreSQL","Output":"--- PASS: TestMigrateTokenKeyUniquenessPostgreSQL (0.59s)\n"}
{"Time":"2026-09-11T02:47:49.6547385+08:00","Action":"pass","Package":"github.com/QuantumNous/new-api/model","Test":"TestMigrateTokenKeyUniquenessPostgreSQL","Elapsed":0.59}
{"Time":"2026-09-11T02:47:49.6547385+08:00","Action":"run","Package":"github.com/QuantumNous/new-api/model","Test":"TestUserSessionPreviousRefreshHashMigrationSQLite"}
{"Time":"2026-09-11T02:47:49.6547385+08:00","Action":"output","Package":"github.com/QuantumNous/new-api/model","Test":"TestUserSessionPreviousRefreshHashMigrationSQLite","Output":"=== RUN   TestUserSessionPreviousRefreshHashMigrationSQLite\n"}
{"Time":"2026-09-11T02:47:49.6562944+08:00","Action":"output","Package":"github.com/QuantumNous/new-api/model","Test":"TestUserSessionPreviousRefreshHashMigrationSQLite","Output":"--- PASS: TestUserSessionPreviousRefreshHashMigrationSQLite (0.00s)\n"}
{"Time":"2026-09-11T02:47:49.6562944+08:00","Action":"pass","Package":"github.com/QuantumNous/new-api/model","Test":"TestUserSessionPreviousRefreshHashMigrationSQLite","Elapsed":0}
{"Time":"2026-09-11T02:47:49.6562944+08:00","Action":"run","Package":"github.com/QuantumNous/new-api/model","Test":"TestUserSessionPreviousRefreshHashMigrationConfiguredDatabases"}
{"Time":"2026-09-11T02:47:49.6562944+08:00","Action":"output","Package":"github.com/QuantumNous/new-api/model","Test":"TestUserSessionPreviousRefreshHashMigrationConfiguredDatabases","Output":"=== RUN   TestUserSessionPreviousRefreshHashMigrationConfiguredDatabases\n"}
{"Time":"2026-09-11T02:47:49.6562944+08:00","Action":"run","Package":"github.com/QuantumNous/new-api/model","Test":"TestUserSessionPreviousRefreshHashMigrationConfiguredDatabases/mysql"}
{"Time":"2026-09-11T02:47:49.6562944+08:00","Action":"output","Package":"github.com/QuantumNous/new-api/model","Test":"TestUserSessionPreviousRefreshHashMigrationConfiguredDatabases/mysql","Output":"=== RUN   TestUserSessionPreviousRefreshHashMigrationConfiguredDatabases/mysql\n"}
{"Time":"2026-09-11T02:47:50.5179188+08:00","Action":"output","Package":"github.com/QuantumNous/new-api/model","Test":"TestUserSessionPreviousRefreshHashMigrationConfiguredDatabases/mysql","Output":"--- PASS: TestUserSessionPreviousRefreshHashMigrationConfiguredDatabases/mysql (0.86s)\n"}
{"Time":"2026-09-11T02:47:50.5179188+08:00","Action":"pass","Package":"github.com/QuantumNous/new-api/model","Test":"TestUserSessionPreviousRefreshHashMigrationConfiguredDatabases/mysql","Elapsed":0.86}
{"Time":"2026-09-11T02:47:50.5179188+08:00","Action":"run","Package":"github.com/QuantumNous/new-api/model","Test":"TestUserSessionPreviousRefreshHashMigrationConfiguredDatabases/postgres"}
{"Time":"2026-09-11T02:47:50.5179188+08:00","Action":"output","Package":"github.com/QuantumNous/new-api/model","Test":"TestUserSessionPreviousRefreshHashMigrationConfiguredDatabases/postgres","Output":"=== RUN   TestUserSessionPreviousRefreshHashMigrationConfiguredDatabases/postgres\n"}
{"Time":"2026-09-11T02:47:50.5857749+08:00","Action":"output","Package":"github.com/QuantumNous/new-api/model","Test":"TestUserSessionPreviousRefreshHashMigrationConfiguredDatabases/postgres","Output":"--- PASS: TestUserSessionPreviousRefreshHashMigrationConfiguredDatabases/postgres (0.07s)\n"}
{"Time":"2026-09-11T02:47:50.5857749+08:00","Action":"pass","Package":"github.com/QuantumNous/new-api/model","Test":"TestUserSessionPreviousRefreshHashMigrationConfiguredDatabases/postgres","Elapsed":0.07}
{"Time":"2026-09-11T02:47:50.5857749+08:00","Action":"output","Package":"github.com/QuantumNous/new-api/model","Test":"TestUserSessionPreviousRefreshHashMigrationConfiguredDatabases","Output":"--- PASS: TestUserSessionPreviousRefreshHashMigrationConfiguredDatabases (0.93s)\n"}
{"Time":"2026-09-11T02:47:50.5857749+08:00","Action":"pass","Package":"github.com/QuantumNous/new-api/model","Test":"TestUserSessionPreviousRefreshHashMigrationConfiguredDatabases","Elapsed":0.93}
{"Time":"2026-09-11T02:47:50.5857749+08:00","Action":"output","Package":"github.com/QuantumNous/new-api/model","Output":"PASS\n"}
{"Time":"2026-09-11T02:47:50.5910794+08:00","Action":"output","Package":"github.com/QuantumNous/new-api/model","Output":"ok  \tgithub.com/QuantumNous/new-api/model\t8.312s\n"}
{"Time":"2026-09-11T02:47:50.5910794+08:00","Action":"pass","Package":"github.com/QuantumNous/new-api/model","Elapsed":8.312}
